file,class,type,cbo,cboModified,fanin,fanout,wmc,dit,noc,rfc,lcom,lcom*,tcc,lcc,totalMethodsQty,staticMethodsQty,publicMethodsQty,privateMethodsQty,protectedMethodsQty,defaultMethodsQty,visibleMethodsQty,abstractMethodsQty,finalMethodsQty,synchronizedMethodsQty,totalFieldsQty,staticFieldsQty,publicFieldsQty,privateFieldsQty,protectedFieldsQty,defaultFieldsQty,finalFieldsQty,synchronizedFieldsQty,nosi,loc,returnQty,loopQty,comparisonsQty,tryCatchQty,parenthesizedExpsQty,stringLiteralsQty,numbersQty,assignmentsQty,mathOperationsQty,variablesQty,maxNestedBlocksQty,anonymousClassesQty,innerClassesQty,lambdasQty,uniqueWordsQty,modifiers,logStatementsQty
C:\Users\user\Desktop\STUFF A LOT OF 'EM\er\Design_Pattern\argouml\org\argouml\ui\FindDialog.java,org.argouml.ui.PredicateMType,class,2,4,2,2,8,2,0,3,21,0.0,0.0,0.0,7,4,5,0,2,0,7,0,0,0,0,0,0,0,0,0,0,0,0,36,5,0,0,0,0,1,11,11,0,4,1,0,0,0,42,0,0
C:\Users\user\Desktop\STUFF A LOT OF 'EM\er\Design_Pattern\argouml\org\argouml\uml\ui\UMLModelElementOrderedListModel2.java,org.argouml.uml.ui.UMLModelElementOrderedListModel2,class,3,14,11,3,6,4,9,1,15,0.0,0.0,0.0,6,0,4,0,2,0,6,3,0,0,0,0,0,0,0,0,0,0,0,18,1,0,0,0,0,0,0,2,0,2,0,0,0,0,65,1025,0
C:\Users\user\Desktop\STUFF A LOT OF 'EM\er\Design_Pattern\argouml\org\argouml\uml\cognitive\critics\CrInterfaceWithoutComponent.java,org.argouml.uml.cognitive.critics.CrInterfaceWithoutComponent,class,10,12,2,10,13,3,0,17,10,0.0,0.0,0.0,5,0,5,0,0,0,5,0,0,0,0,0,0,0,0,0,0,0,0,45,7,1,3,0,4,0,0,15,0,14,3,0,0,0,88,1,0
C:\Users\user\Desktop\STUFF A LOT OF 'EM\er\Design_Pattern\argouml\org\argouml\uml\ui\foundation\core\UMLAssociationLinkListModel.java,org.argouml.uml.ui.foundation.core.UMLAssociationLinkListModel,class,1,2,1,1,4,4,0,6,3,0.0,0.0,0.0,3,0,1,0,2,0,3,0,0,0,0,0,0,0,0,0,0,0,0,13,1,0,1,0,0,1,0,0,0,0,1,0,0,0,22,1,0
C:\Users\user\Desktop\STUFF A LOT OF 'EM\er\Design_Pattern\argouml\org\argouml\uml\ui\UMLModelElementOrderedListModel2.java,org.argouml.uml.ui.MoveDownAction,class,2,3,1,2,4,3,0,2,0,0.0,0.0,0.0,3,0,3,0,0,0,3,0,0,0,2,0,0,2,0,0,0,0,0,15,1,0,0,0,0,1,2,2,2,2,0,0,0,0,31,0,0
C:\Users\user\Desktop\STUFF A LOT OF 'EM\er\Design_Pattern\argouml\org\argouml\uml\ui\behavior\state_machines\UMLStateMachineTransitionListModel.java,org.argouml.uml.ui.behavior.state_machines.UMLStateMachineTransitionListModel,class,1,2,1,1,3,4,0,5,3,0.0,0.0,0.0,3,0,1,0,2,0,3,0,0,0,0,0,0,0,0,0,0,0,0,11,1,0,0,0,0,1,0,0,0,0,0,0,0,0,22,1,0
C:\Users\user\Desktop\STUFF A LOT OF 'EM\er\Design_Pattern\argouml\org\argouml\uml\ui\behavior\use_cases\UMLUseCaseExtendListModel.java,org.argouml.uml.ui.behavior.use_cases.UMLUseCaseExtendListModel,class,1,2,1,1,3,4,0,5,3,0.0,0.0,0.0,3,0,1,0,2,0,3,0,0,0,0,0,0,0,0,0,0,0,0,11,1,0,0,0,0,1,0,0,0,0,0,0,0,0,30,1,0
C:\Users\user\Desktop\STUFF A LOT OF 'EM\er\Design_Pattern\argouml\org\argouml\uml\ui\behavior\use_cases\UMLIncludeBaseComboBoxModel.java,org.argouml.uml.ui.behavior.use_cases.UMLIncludeBaseComboBoxModel,class,1,2,1,1,7,3,0,15,6,0.0,0.0,0.0,4,0,1,0,3,0,4,0,0,0,0,0,0,0,0,0,0,0,0,26,4,0,3,0,0,2,0,3,0,3,1,0,0,0,28,1,0
C:\Users\user\Desktop\STUFF A LOT OF 'EM\er\Design_Pattern\argouml\org\argouml\uml\diagram\ui\ActionAddNote.java,org.argouml.uml.diagram.ui.ActionAddNote,class,7,11,4,7,19,2,0,37,3,0.6666667,0.0,0.0,3,0,2,1,0,0,2,0,0,0,1,1,0,1,0,0,1,0,0,65,3,3,3,0,6,2,7,24,6,14,6,0,0,0,64,1,0
C:\Users\user\Desktop\STUFF A LOT OF 'EM\er\Design_Pattern\argouml\org\argouml\ui\explorer\rules\GoCompositeStateToSubvertex.java,org.argouml.ui.explorer.rules.GoCompositeStateToSubvertex,class,2,3,1,2,5,2,0,5,3,0.0,0.0,0.0,3,0,3,0,0,0,3,0,0,0,0,0,0,0,0,0,0,0,1,19,5,0,0,0,0,1,0,1,0,1,1,0,0,0,19,1,0
C:\Users\user\Desktop\STUFF A LOT OF 'EM\er\Design_Pattern\argouml\org\argouml\uml\diagram\deployment\ui\SelectionNode.java,org.argouml.uml.diagram.deployment.ui.SelectionNode,class,12,14,2,12,25,4,0,37,34,0.8333334,0.0,0.0,9,0,4,0,5,0,9,0,0,0,2,2,0,2,0,0,1,0,0,125,10,0,5,0,0,7,29,57,30,33,1,0,0,0,83,1,1
C:\Users\user\Desktop\STUFF A LOT OF 'EM\er\Design_Pattern\argouml\org\argouml\uml\ui\behavior\common_behavior\UMLStimulusReceiverListModel.java,org.argouml.uml.ui.behavior.common_behavior.UMLStimulusReceiverListModel,class,1,2,1,1,4,4,0,5,3,0.0,0.0,0.0,3,0,1,0,2,0,3,0,0,0,0,0,0,0,0,0,0,0,0,12,1,0,1,0,0,1,0,0,0,0,0,0,0,0,25,1,0
C:\Users\user\Desktop\STUFF A LOT OF 'EM\er\Design_Pattern\argouml\org\argouml\uml\ui\behavior\common_behavior\PropPanelSignal.java,org.argouml.uml.ui.behavior.common_behavior.PropPanelSignal$ActionNewSignal,innerclass,1,1,0,1,4,2,0,13,1,0.0,0.0,0.0,2,0,2,0,0,0,2,0,0,0,0,0,0,0,0,0,0,0,0,18,0,0,1,0,0,2,0,3,0,3,2,0,0,0,21,2,0
C:\Users\user\Desktop\STUFF A LOT OF 'EM\er\Design_Pattern\argouml\org\argouml\cognitive\checklist\ChecklistStatus.java,org.argouml.cognitive.checklist.ChecklistStatus,class,2,5,3,2,11,1,0,12,6,0.6111111,0.0,0.0,9,0,9,0,0,0,9,0,0,1,2,1,0,2,0,0,0,0,0,43,5,2,0,0,0,4,1,9,2,7,1,0,0,0,64,1,0
C:\Users\user\Desktop\STUFF A LOT OF 'EM\er\Design_Pattern\argouml\org\argouml\application\ArgoVersion.java,org.argouml.application.ArgoVersion,class,0,11,11,0,2,1,0,0,1,0.5,NaN,NaN,2,1,1,1,0,0,1,0,0,0,1,1,0,1,0,0,1,0,0,8,1,0,0,0,0,1,0,1,0,1,0,0,0,0,34,17,0
C:\Users\user\Desktop\STUFF A LOT OF 'EM\er\Design_Pattern\argouml\org\argouml\application\helpers\DiagramHelper.java,org.argouml.application.helpers.DiagramHelper,class,4,5,1,4,9,3,0,2,36,0.8888889,0.0,0.0,9,0,9,0,0,0,9,0,0,0,2,1,1,1,0,0,1,0,1,30,7,0,0,0,0,3,0,3,0,2,0,0,0,0,55,1025,0
C:\Users\user\Desktop\STUFF A LOT OF 'EM\er\Design_Pattern\argouml\org\argouml\cognitive\ui\WizDescription.java,org.argouml.cognitive.ui.WizDescription,class,10,12,2,10,10,6,0,18,0,0.25,0.0,0.0,2,0,2,0,0,0,2,0,0,0,2,1,0,2,0,0,1,0,13,65,7,0,1,0,0,10,1,11,0,5,1,0,0,0,63,1,1
C:\Users\user\Desktop\STUFF A LOT OF 'EM\er\Design_Pattern\argouml\org\argouml\uml\ui\foundation\core\PropPanelComment.java,org.argouml.uml.ui.foundation.core.PropPanelComment,class,11,11,0,11,1,4,0,11,0,0.0,NaN,NaN,1,0,1,0,0,0,1,0,0,0,0,0,0,0,0,0,0,0,3,19,0,0,0,0,0,7,1,3,0,3,0,0,0,0,53,1,0
C:\Users\user\Desktop\STUFF A LOT OF 'EM\er\Design_Pattern\argouml\org\argouml\uml\ui\behavior\use_cases\PropPanelActor.java,org.argouml.uml.ui.behavior.use_cases.PropPanelActor,class,9,9,0,9,1,6,0,15,0,0.0,NaN,NaN,1,0,1,0,0,0,1,0,0,0,0,0,0,0,0,0,0,0,5,19,0,0,0,0,0,11,0,0,0,0,0,0,0,0,59,1,0
C:\Users\user\Desktop\STUFF A LOT OF 'EM\er\Design_Pattern\argouml\org\argouml\application\api\QuadrantPanel.java,org.argouml.application.api.QuadrantPanel,interface,0,4,4,0,1,1,0,0,0,1.0,NaN,NaN,1,0,0,0,0,1,1,0,0,0,8,0,0,0,0,8,0,0,0,11,0,0,0,0,0,0,4,8,4,8,0,0,0,0,45,1,0
C:\Users\user\Desktop\STUFF A LOT OF 'EM\er\Design_Pattern\argouml\org\argouml\uml\cognitive\critics\CrNameConfusion.java,org.argouml.uml.cognitive.critics.CrNameConfusion,class,8,10,2,8,37,3,0,38,55,0.0,0.0,0.0,11,0,11,0,0,0,11,0,0,0,0,0,0,0,0,0,0,0,4,93,18,3,10,0,3,8,8,28,3,28,3,0,0,0,141,1,0
C:\Users\user\Desktop\STUFF A LOT OF 'EM\er\Design_Pattern\argouml\org\argouml\ui\explorer\PerspectiveConfigurator.java,org.argouml.ui.explorer.PerspectiveConfigurator$MoveDownListener,innerclass,0,0,0,0,2,1,0,6,0,0.0,NaN,NaN,1,0,1,0,0,0,1,0,0,0,0,0,0,0,0,0,0,0,0,13,0,0,0,0,1,0,5,3,5,3,1,0,0,0,17,0,0
C:\Users\user\Desktop\STUFF A LOT OF 'EM\er\Design_Pattern\argouml\org\argouml\uml\diagram\ui\ModeCreateAssociation.java,org.argouml.uml.diagram.ui.ModeCreateAssociation,class,13,15,2,13,42,2,0,70,0,0.1875,0.0,0.0,4,0,2,1,1,0,3,0,0,0,4,0,0,4,0,0,0,0,0,206,8,0,21,0,4,5,18,49,12,38,4,0,0,0,160,1,0
C:\Users\user\Desktop\STUFF A LOT OF 'EM\er\Design_Pattern\argouml\org\argouml\uml\ui\UMLPlainTextDocument.java,org.argouml.uml.ui.UMLPlainTextDocument,class,6,18,12,6,26,3,7,21,137,0.87777776,0.0,0.0,18,0,12,3,3,0,15,2,5,0,5,1,0,5,0,0,1,0,0,94,4,0,2,1,1,2,4,12,1,7,2,0,0,0,110,1025,1
C:\Users\user\Desktop\STUFF A LOT OF 'EM\er\Design_Pattern\argouml\org\argouml\uml\ui\foundation\core\UMLModelElementVisibilityRadioButtonPanel.java,org.argouml.uml.ui.foundation.core.UMLModelElementVisibilityRadioButtonPanel,class,2,5,3,2,8,6,0,12,1,0.5,0.0,0.0,2,0,2,0,0,0,3,0,0,0,1,1,0,1,0,0,0,0,1,29,0,0,2,0,0,4,0,3,0,3,2,0,0,0,33,1,0
C:\Users\user\Desktop\STUFF A LOT OF 'EM\er\Design_Pattern\argouml\org\argouml\ui\explorer\ExplorerEventAdaptor.java,org.argouml.ui.explorer.ExplorerEventAdaptor,class,5,8,3,5,23,1,0,13,0,0.5625,0.0,0.0,8,1,7,1,0,0,7,0,0,0,2,1,0,2,0,0,0,0,3,72,9,0,7,0,0,4,0,2,0,2,2,0,0,0,96,17,0
C:\Users\user\Desktop\STUFF A LOT OF 'EM\er\Design_Pattern\argouml\org\argouml\language\java\cognitive\critics\CrMultipleInheritance.java,org.argouml.language.java.cognitive.critics.CrMultipleInheritance,class,5,5,0,5,8,2,0,8,6,0.0,0.0,0.0,4,0,4,0,0,0,4,0,0,0,0,0,0,0,0,0,0,0,0,35,4,0,1,0,1,12,1,3,5,3,1,0,0,0,87,1,0
C:\Users\user\Desktop\STUFF A LOT OF 'EM\er\Design_Pattern\argouml\org\argouml\ui\TabResults.java,org.argouml.ui.TabResults,class,10,13,3,10,43,6,0,44,177,0.88502663,0.0,0.0,22,0,20,2,0,0,20,0,0,0,17,3,0,17,0,0,2,0,9,176,5,2,7,0,0,8,14,42,2,33,3,0,0,0,128,1,2
C:\Users\user\Desktop\STUFF A LOT OF 'EM\er\Design_Pattern\argouml\org\argouml\uml\ui\foundation\core\UMLClassifierFeatureListModel.java,org.argouml.uml.ui.foundation.core.UMLClassifierFeatureListModel,class,3,6,3,3,5,5,0,11,6,0.0,0.0,0.0,4,0,2,0,2,0,4,0,0,0,0,0,0,0,0,0,0,0,0,27,1,0,1,0,0,1,0,5,0,5,1,0,0,0,32,1,0
C:\Users\user\Desktop\STUFF A LOT OF 'EM\er\Design_Pattern\argouml\org\argouml\uml\ui\behavior\activity_graphs\PropPanelObjectFlowState.java,org.argouml.uml.ui.behavior.activity_graphs.PropPanelObjectFlowState,class,5,6,1,5,4,2,0,11,3,0.6666667,0.0,0.0,3,0,2,0,1,0,3,0,0,0,2,0,0,2,0,0,0,0,0,23,1,0,1,0,0,8,0,2,0,2,1,0,0,0,39,1,0
C:\Users\user\Desktop\STUFF A LOT OF 'EM\er\Design_Pattern\argouml\org\argouml\uml\ui\behavior\collaborations\ActionSetAssociationRoleBase.java,org.argouml.uml.ui.behavior.collaborations.ActionSetAssociationRoleBase,class,3,4,1,3,6,2,0,10,3,0.6666667,0.0,0.0,3,1,2,0,1,0,3,0,0,0,1,1,0,1,0,0,1,0,0,20,1,0,0,0,0,1,0,4,0,3,2,0,0,0,32,1,0
C:\Users\user\Desktop\STUFF A LOT OF 'EM\er\Design_Pattern\argouml\org\argouml\util\SuffixFilter.java,org.argouml.util.SuffixFilter,class,1,3,2,1,12,2,0,9,3,0.5,0.0,0.0,6,2,6,0,0,0,6,0,0,0,2,0,0,2,0,0,2,0,2,32,10,0,2,0,0,2,3,4,3,4,1,0,0,0,33,1,0
C:\Users\user\Desktop\STUFF A LOT OF 'EM\er\Design_Pattern\argouml\org\argouml\uml\cognitive\critics\CrClassMustBeAbstract.java,org.argouml.uml.cognitive.critics.CrClassMustBeAbstract,class,2,3,1,2,6,3,0,10,1,0.0,0.0,0.0,2,0,2,0,0,0,2,0,0,0,0,0,0,0,0,0,0,0,0,17,4,1,0,0,1,0,0,1,0,1,2,0,0,0,44,1,0
C:\Users\user\Desktop\STUFF A LOT OF 'EM\er\Design_Pattern\argouml\org\argouml\moduleloader\ModuleLoader2.java,org.argouml.moduleloader.ModuleStatus,class,1,3,2,1,8,1,0,2,9,0.5714286,0.0,0.0,7,0,7,0,0,0,7,0,0,0,2,0,0,2,0,0,0,0,0,30,2,0,0,0,0,0,0,4,0,2,1,0,0,0,30,0,0
C:\Users\user\Desktop\STUFF A LOT OF 'EM\er\Design_Pattern\argouml\org\argouml\uml\generator\AbstractSection.java,org.argouml.uml.generator.AbstractSection,class,2,3,1,2,25,1,0,24,4,0.53333336,0.0,0.0,5,2,5,0,0,0,5,0,0,0,3,2,0,3,0,0,2,0,5,115,2,4,10,2,4,24,3,38,12,26,6,0,0,0,104,1025,3
C:\Users\user\Desktop\STUFF A LOT OF 'EM\er\Design_Pattern\argouml\org\argouml\cognitive\checklist\ui\TabChecklist.java,org.argouml.cognitive.checklist.ui.TabChecklist,class,10,13,3,10,17,6,0,27,54,0.8125,0.0,0.0,12,0,11,1,0,0,11,0,0,0,4,0,0,4,0,0,0,0,4,95,7,0,4,0,0,2,18,23,0,13,1,0,0,0,96,1,0
C:\Users\user\Desktop\STUFF A LOT OF 'EM\er\Design_Pattern\argouml\org\argouml\uml\ui\behavior\state_machines\PropPanelGuard.java,org.argouml.uml.ui.behavior.state_machines.PropPanelGuard,class,13,13,0,13,1,4,0,10,0,0.0,NaN,NaN,1,0,1,0,0,0,1,0,0,0,0,0,0,0,0,0,0,0,4,18,0,0,0,0,0,11,1,2,0,2,0,0,0,0,51,1,0
C:\Users\user\Desktop\STUFF A LOT OF 'EM\er\Design_Pattern\argouml\org\argouml\application\Main.java,org.argouml.application.PostLoad,class,2,4,2,2,6,1,0,6,1,0.5555556,0.0,0.0,3,0,3,0,0,0,3,0,0,0,3,1,0,3,0,0,1,0,2,30,0,1,0,2,0,2,3,8,0,6,2,0,0,0,24,0,2
C:\Users\user\Desktop\STUFF A LOT OF 'EM\er\Design_Pattern\argouml\org\argouml\uml\cognitive\critics\CrCrossNamespaceAssoc.java,org.argouml.uml.cognitive.critics.CrCrossNamespaceAssoc,class,2,3,1,2,6,3,0,11,1,0.0,0.0,0.0,2,0,2,0,0,0,2,0,0,0,0,0,0,0,0,0,0,0,0,24,4,1,2,0,0,0,0,3,0,3,2,0,0,0,153,1,0
C:\Users\user\Desktop\STUFF A LOT OF 'EM\er\Design_Pattern\argouml\org\argouml\ui\explorer\rules\GoSummaryToOutgoingDependency.java,org.argouml.ui.explorer.rules.GoSummaryToOutgoingDependency,class,3,4,1,3,7,2,0,10,3,0.0,0.0,0.0,3,0,3,0,0,0,3,0,0,0,0,0,0,0,0,0,0,0,1,25,5,1,0,0,2,1,0,4,0,4,3,0,0,0,36,1,0
C:\Users\user\Desktop\STUFF A LOT OF 'EM\er\Design_Pattern\argouml\org\argouml\model\uml\DataTypesFactoryImpl.java,org.argouml.model.uml.DataTypesFactoryImpl,class,15,16,1,15,15,2,0,5,105,0.93333334,0.0,0.0,15,0,14,0,0,1,15,0,0,0,1,0,0,1,0,0,0,0,0,79,14,0,0,0,0,0,0,16,0,16,0,0,0,0,105,1,0
C:\Users\user\Desktop\STUFF A LOT OF 'EM\er\Design_Pattern\argouml\org\argouml\uml\diagram\deployment\ui\DeploymentDiagramRenderer.java,org.argouml.uml.diagram.deployment.ui.DeploymentDiagramRenderer,class,24,26,2,24,19,2,0,32,0,0.25,0.0,0.0,2,0,2,0,0,0,2,0,0,0,2,2,0,1,0,1,2,0,0,100,18,0,1,0,4,2,5,26,0,26,2,0,0,0,77,1,2
C:\Users\user\Desktop\STUFF A LOT OF 'EM\er\Design_Pattern\argouml\org\argouml\uml\ui\behavior\common_behavior\PropPanelReception.java,org.argouml.uml.ui.behavior.common_behavior.PropPanelReception,class,15,15,0,15,1,4,0,12,0,0.0,NaN,NaN,1,0,1,0,0,0,1,0,0,0,0,0,0,0,0,0,0,0,4,24,0,0,0,0,0,10,3,3,0,3,0,0,0,0,44,1,0
C:\Users\user\Desktop\STUFF A LOT OF 'EM\er\Design_Pattern\argouml\org\argouml\uml\ui\behavior\common_behavior\UMLSignalContextListModel.java,org.argouml.uml.ui.behavior.common_behavior.UMLSignalContextListModel,class,1,2,1,1,4,4,0,6,3,0.0,0.0,0.0,3,0,1,0,2,0,3,0,0,0,0,0,0,0,0,0,0,0,0,13,1,0,1,0,0,1,0,0,0,0,1,0,0,0,28,1,0
C:\Users\user\Desktop\STUFF A LOT OF 'EM\er\Design_Pattern\argouml\org\argouml\uml\ui\behavior\state_machines\ActionNewPseudoState.java,org.argouml.uml.ui.behavior.state_machines.ActionNewPseudoState,class,1,2,1,1,4,2,0,9,1,0.33333334,0.0,0.0,3,0,3,0,0,0,3,0,0,0,1,0,0,1,0,0,0,0,0,20,0,0,1,0,0,1,0,3,0,3,1,0,0,0,29,1,0
C:\Users\user\Desktop\STUFF A LOT OF 'EM\er\Design_Pattern\argouml\org\argouml\uml\cognitive\critics\WizMEName.java,org.argouml.uml.cognitive.critics.WizMEName,class,4,17,13,4,17,3,1,13,12,0.75,0.0,0.0,8,0,7,0,1,0,8,0,0,0,6,1,0,6,0,0,1,0,0,58,6,0,3,1,0,4,2,13,1,9,2,0,0,0,99,1,2
C:\Users\user\Desktop\STUFF A LOT OF 'EM\er\Design_Pattern\argouml\org\argouml\uml\diagram\UMLMutableGraphSupport.java,org.argouml.uml.diagram.UMLMutableGraphSupport,class,7,17,10,7,51,2,6,55,186,0.8412699,0.0,0.0,21,0,19,0,2,0,21,1,0,0,3,1,0,3,0,0,1,0,0,190,32,1,7,1,5,23,1,36,7,30,2,0,0,0,179,1025,6
C:\Users\user\Desktop\STUFF A LOT OF 'EM\er\Design_Pattern\argouml\org\argouml\uml\ui\foundation\core\UMLAssociationEndTargetScopeCheckbox.java,org.argouml.uml.ui.foundation.core.UMLAssociationEndTargetScopeCheckbox,class,2,3,1,2,3,8,0,9,1,0.0,0.0,0.0,2,0,2,0,0,0,2,0,0,0,0,0,0,0,0,0,0,0,1,11,0,0,1,0,0,2,0,1,0,1,1,0,0,0,20,1,0
C:\Users\user\Desktop\STUFF A LOT OF 'EM\er\Design_Pattern\argouml\org\argouml\uml\ui\behavior\state_machines\PropPanelTimeEvent.java,org.argouml.uml.ui.behavior.state_machines.PropPanelTimeEvent,class,5,5,0,5,2,5,0,4,1,0.0,0.0,0.0,2,0,2,0,0,0,2,0,0,0,0,0,0,0,0,0,0,0,3,10,0,0,0,0,0,3,0,0,0,0,0,0,0,0,16,1,0
C:\Users\user\Desktop\STUFF A LOT OF 'EM\er\Design_Pattern\argouml\org\argouml\uml\ui\behavior\use_cases\UMLExtendExtensionComboBoxModel.java,org.argouml.uml.ui.behavior.use_cases.UMLExtendExtensionComboBoxModel,class,2,3,1,2,9,3,0,17,15,0.0,0.0,0.0,6,0,3,0,3,0,6,0,0,0,0,0,0,0,0,0,0,0,0,33,4,0,3,0,0,3,0,2,0,2,1,0,0,0,32,1,0
C:\Users\user\Desktop\STUFF A LOT OF 'EM\er\Design_Pattern\argouml\org\argouml\uml\ui\ActionNavigateTransition.java,org.argouml.uml.ui.ActionNavigateTransition,class,1,1,0,1,1,3,0,2,0,0.0,NaN,NaN,1,0,0,0,1,0,1,0,0,0,0,0,0,0,0,0,0,0,0,5,1,0,0,0,0,0,0,0,0,0,0,0,0,0,13,1,0
C:\Users\user\Desktop\STUFF A LOT OF 'EM\er\Design_Pattern\argouml\org\argouml\ui\explorer\rules\GoModelToNode.java,org.argouml.ui.explorer.rules.GoModelToNode,class,2,3,1,2,4,2,0,7,3,0.0,0.0,0.0,3,0,3,0,0,0,3,0,0,0,0,0,0,0,0,0,0,0,1,14,4,0,0,0,0,1,0,0,0,0,1,0,0,0,16,1,0
C:\Users\user\Desktop\STUFF A LOT OF 'EM\er\Design_Pattern\argouml\org\argouml\uml\ui\behavior\state_machines\UMLStateEntryListModel.java,org.argouml.uml.ui.behavior.state_machines.UMLStateEntryListModel,class,1,2,1,1,4,4,0,5,3,0.0,0.0,0.0,3,0,1,0,2,0,3,0,0,0,0,0,0,0,0,0,0,0,0,12,1,0,1,0,0,1,0,0,0,0,0,0,0,0,22,1,0
C:\Users\user\Desktop\STUFF A LOT OF 'EM\er\Design_Pattern\argouml\org\argouml\util\MyTokenizer.java,org.argouml.util.MyTokenizer,class,6,7,1,6,41,1,0,23,11,0.7357143,0.0,0.0,10,1,9,1,0,0,9,0,0,0,14,5,5,9,0,0,8,0,6,159,8,8,14,0,1,4,20,75,17,28,4,0,0,0,259,1,0
C:\Users\user\Desktop\STUFF A LOT OF 'EM\er\Design_Pattern\argouml\org\argouml\ui\SplashPanel.java,org.argouml.ui.SplashPanel,class,2,4,2,2,3,5,0,12,0,0.0,0.0,0.0,2,0,2,0,0,0,2,0,0,0,1,0,0,1,0,0,0,0,2,36,1,0,1,0,0,5,9,7,1,6,1,0,0,0,24,0,0
C:\Users\user\Desktop\STUFF A LOT OF 'EM\er\Design_Pattern\argouml\org\argouml\ui\explorer\PerspectiveConfigurator.java,org.argouml.ui.explorer.PerspectiveConfigurator$RulesListSelectionListener,innerclass,0,0,0,0,6,1,0,4,0,0.0,NaN,NaN,1,0,1,0,0,0,1,0,0,0,0,0,0,0,0,0,0,0,0,10,1,0,2,0,0,0,2,4,0,2,1,0,0,0,19,0,0
C:\Users\user\Desktop\STUFF A LOT OF 'EM\er\Design_Pattern\argouml\org\argouml\uml\diagram\deployment\DeploymentDiagramGraphModel.java,org.argouml.uml.diagram.deployment.DeploymentDiagramGraphModel,class,4,8,4,4,86,3,0,68,50,0.77777785,0.0,0.0,12,0,12,0,0,0,12,0,0,0,3,2,0,2,0,1,2,0,0,248,27,11,11,0,13,5,1,57,2,47,3,0,0,0,140,1,4
C:\Users\user\Desktop\STUFF A LOT OF 'EM\er\Design_Pattern\argouml\org\argouml\ui\LookAndFeelMgr.java,org.argouml.ui.LookAndFeelMgr,class,6,10,4,6,68,1,0,27,148,0.8783069,0.0,0.0,21,1,17,4,0,0,17,0,0,0,9,8,0,9,0,0,8,0,13,222,23,7,17,2,6,7,12,53,3,38,3,0,0,0,152,1,8
C:\Users\user\Desktop\STUFF A LOT OF 'EM\er\Design_Pattern\argouml\org\argouml\application\Main.java,org.argouml.application.Main$Anonymous1,anonymous,1,1,0,1,2,1,0,2,1,0.0,0.0,0.0,2,0,2,0,0,0,2,0,0,0,0,0,0,0,0,0,0,0,2,8,2,0,0,0,0,0,0,0,0,0,0,0,0,0,5,-1,0
C:\Users\user\Desktop\STUFF A LOT OF 'EM\er\Design_Pattern\argouml\org\argouml\uml\cognitive\critics\CrUnconventionalClassName.java,org.argouml.uml.cognitive.critics.CrUnconventionalClassName,class,6,8,2,6,15,2,0,22,15,0.0,0.0,0.0,6,0,6,0,0,0,6,0,0,0,0,0,0,0,0,0,0,0,1,50,9,0,4,0,4,5,6,9,2,8,1,0,0,0,68,1,0
C:\Users\user\Desktop\STUFF A LOT OF 'EM\er\Design_Pattern\argouml\org\argouml\ui\cmd\InitMenusLater.java,org.argouml.ui.cmd.InitMenusLater,class,5,6,1,5,2,1,0,6,0,0.0,0.0,0.0,2,0,2,0,0,0,2,0,0,0,1,0,0,1,0,0,0,0,47,77,0,0,0,0,0,19,10,49,0,49,0,0,0,0,113,0,0
C:\Users\user\Desktop\STUFF A LOT OF 'EM\er\Design_Pattern\argouml\org\argouml\util\MyTokenizer.java,org.argouml.util.QuotedStringSeparator,class,1,2,1,1,13,2,0,2,0,0.41666666,0.0,0.0,6,0,6,0,0,0,6,0,0,0,6,0,0,6,0,0,3,0,0,51,5,0,5,0,0,0,10,16,1,6,1,0,0,0,82,0,0
C:\Users\user\Desktop\STUFF A LOT OF 'EM\er\Design_Pattern\argouml\org\argouml\uml\diagram\state\ui\FigConcurrentRegion.java,org.argouml.uml.diagram.state.ui.FigConcurrentRegion,class,15,20,5,15,55,5,0,73,295,0.83870965,0.0,0.0,31,0,26,0,5,0,31,0,0,0,5,2,0,5,0,0,1,0,4,265,19,0,17,1,19,5,71,65,56,49,4,1,0,0,168,1,0
C:\Users\user\Desktop\STUFF A LOT OF 'EM\er\Design_Pattern\argouml\org\argouml\util\osdep\OsUtil.java,org.argouml.util.osdep.OsUtil,class,0,1,1,0,6,1,0,3,6,0.0,0.0,0.0,4,3,3,1,0,0,3,0,0,0,0,0,0,0,0,0,0,0,3,13,3,0,2,0,3,5,1,0,0,0,0,0,0,0,32,1,0
C:\Users\user\Desktop\STUFF A LOT OF 'EM\er\Design_Pattern\argouml\org\argouml\uml\reveng\FileImportSupport.java,org.argouml.uml.reveng.FileImportSupport$ImportFileChooser,innerclass,1,1,0,1,8,5,0,6,0,0.0,0.0,0.0,6,0,6,0,0,0,6,0,0,0,1,0,0,1,0,0,0,0,0,36,1,0,2,0,0,0,0,8,1,3,2,0,0,0,27,2,0
C:\Users\user\Desktop\STUFF A LOT OF 'EM\er\Design_Pattern\argouml\org\argouml\uml\ui\foundation\core\ActionSetStructuralFeatureType.java,org.argouml.uml.ui.foundation.core.ActionSetStructuralFeatureType,class,3,5,2,3,9,3,0,14,3,0.6666667,0.0,0.0,3,1,2,0,1,0,3,0,0,0,1,1,0,1,0,0,1,0,0,34,1,0,3,0,0,1,0,12,0,7,2,0,0,0,36,1,0
C:\Users\user\Desktop\STUFF A LOT OF 'EM\er\Design_Pattern\argouml\org\argouml\cognitive\Decision.java,org.argouml.cognitive.Decision,class,2,14,12,2,10,1,0,4,10,0.7083333,0.0,0.0,8,0,8,0,0,0,8,0,0,0,3,1,1,2,0,0,1,0,1,36,7,0,1,0,2,1,2,5,0,3,1,0,0,0,81,1,0
C:\Users\user\Desktop\STUFF A LOT OF 'EM\er\Design_Pattern\argouml\org\argouml\uml\util\namespace\NamespaceElement.java,org.argouml.uml.util.namespace.NamespaceElement,interface,0,3,3,0,1,1,0,0,0,0.0,NaN,NaN,1,0,0,0,0,1,1,0,0,0,0,0,0,0,0,0,0,0,0,3,0,0,0,0,0,0,0,0,0,0,0,0,0,0,23,1,0
C:\Users\user\Desktop\STUFF A LOT OF 'EM\er\Design_Pattern\argouml\org\argouml\uml\diagram\sequence\LinkPort.java,org.argouml.uml.diagram.sequence.LinkPort,interface,1,11,10,1,3,1,0,0,3,0.0,0.0,0.0,3,0,3,0,0,0,3,0,0,0,0,0,0,0,0,0,0,0,0,5,0,0,0,0,0,0,0,0,0,0,0,0,0,0,13,1,0
C:\Users\user\Desktop\STUFF A LOT OF 'EM\er\Design_Pattern\argouml\org\argouml\uml\diagram\ui\PropPanelUMLDeploymentDiagram.java,org.argouml.uml.diagram.ui.PropPanelUMLDeploymentDiagram,class,1,1,0,1,1,3,0,1,0,0.0,NaN,NaN,1,0,1,0,0,0,1,0,0,0,0,0,0,0,0,0,0,0,0,5,0,0,0,0,0,1,0,0,0,0,0,0,0,0,9,1,0
C:\Users\user\Desktop\STUFF A LOT OF 'EM\er\Design_Pattern\argouml\org\argouml\uml\ui\UMLChangeDispatch.java,org.argouml.uml.ui.UMLChangeDispatch,class,7,10,3,7,35,1,0,18,0,0.8630952,0.0,0.0,12,0,10,2,0,0,10,0,0,0,14,10,10,4,0,0,10,0,0,117,0,1,3,0,6,2,28,33,1,20,4,0,0,0,142,1,0
C:\Users\user\Desktop\STUFF A LOT OF 'EM\er\Design_Pattern\argouml\org\argouml\uml\diagram\static_structure\layout\ClassdiagramInheritanceEdge.java,org.argouml.uml.diagram.static_structure.layout.ClassdiagramInheritanceEdge,class,5,9,4,5,16,2,2,21,6,0.625,0.0,0.0,8,0,8,0,0,0,8,0,0,0,3,1,0,3,0,0,1,0,1,71,5,0,1,0,7,20,6,9,27,8,2,0,0,0,81,1025,12
C:\Users\user\Desktop\STUFF A LOT OF 'EM\er\Design_Pattern\argouml\org\argouml\uml\ui\behavior\common_behavior\ActionAddContextSignal.java,org.argouml.uml.ui.behavior.common_behavior.ActionAddContextSignal,class,1,2,1,1,6,2,0,12,10,0.0,0.0,0.0,5,0,1,0,4,0,5,0,0,0,0,0,0,0,0,0,0,0,0,24,3,0,1,0,0,1,0,3,0,3,1,0,0,0,28,1,0
C:\Users\user\Desktop\STUFF A LOT OF 'EM\er\Design_Pattern\argouml\org\argouml\cognitive\ui\ToDoPerspective.java,org.argouml.cognitive.ui.ToDoPerspective,class,4,12,8,4,19,4,6,16,0,0.5,0.0,0.0,8,0,8,0,0,0,8,0,0,0,3,1,0,3,0,0,1,0,0,48,8,1,4,0,1,1,1,6,0,5,1,0,0,0,74,1025,1
C:\Users\user\Desktop\STUFF A LOT OF 'EM\er\Design_Pattern\argouml\org\argouml\uml\cognitive\critics\WizTooMany.java,org.argouml.uml.cognitive.critics.WizTooMany,class,4,4,0,4,15,3,0,9,4,0.6,0.0,0.0,5,0,5,0,0,0,5,0,0,0,2,0,0,2,0,0,0,0,3,51,7,0,5,2,0,3,5,7,1,7,3,0,0,0,55,1,0
C:\Users\user\Desktop\STUFF A LOT OF 'EM\er\Design_Pattern\argouml\org\argouml\uml\ui\ActionNavigateNamespace.java,org.argouml.uml.ui.ActionNavigateNamespace,class,1,1,0,1,1,3,0,2,0,0.0,NaN,NaN,1,0,0,0,1,0,1,0,0,0,0,0,0,0,0,0,0,0,0,5,1,0,0,0,0,0,0,0,0,0,0,0,0,0,11,1,0
C:\Users\user\Desktop\STUFF A LOT OF 'EM\er\Design_Pattern\argouml\org\argouml\uml\ui\behavior\use_cases\UMLExtendBaseComboBoxModel.java,org.argouml.uml.ui.behavior.use_cases.UMLExtendBaseComboBoxModel,class,2,3,1,2,7,3,0,17,6,0.0,0.0,0.0,4,0,1,0,3,0,4,0,0,0,0,0,0,0,0,0,0,0,0,27,4,0,3,0,0,2,0,3,0,3,1,0,0,0,29,1,0
C:\Users\user\Desktop\STUFF A LOT OF 'EM\er\Design_Pattern\argouml\org\argouml\uml\diagram\ui\ActionDeleteFromDiagram.java,org.argouml.uml.diagram.ui.ActionDeleteFromDiagram,class,10,14,4,10,16,2,0,21,4,0.625,0.0,0.0,4,1,3,1,0,0,3,0,0,0,2,2,0,2,0,0,1,0,0,60,5,1,4,2,4,3,6,15,0,13,4,0,0,0,91,1,2
C:\Users\user\Desktop\STUFF A LOT OF 'EM\er\Design_Pattern\argouml\org\argouml\uml\diagram\static_structure\layout\ClassdiagramNote.java,org.argouml.uml.diagram.static_structure.layout.ClassdiagramNote,class,3,5,2,3,12,2,0,10,21,0.0,0.0,0.0,7,0,6,1,0,0,6,0,0,0,0,0,0,0,0,0,0,0,0,24,6,0,4,0,0,0,3,0,1,0,0,0,0,0,41,1,0
C:\Users\user\Desktop\STUFF A LOT OF 'EM\er\Design_Pattern\argouml\org\argouml\uml\PredicateNotInTrash.java,org.argouml.uml.PredicateNotInTrash,class,2,2,0,2,3,1,0,3,0,0.0,NaN,NaN,1,0,1,0,0,0,1,0,0,0,1,0,0,1,0,0,0,0,0,9,3,0,1,0,0,0,0,1,0,1,1,0,0,0,37,1,0
C:\Users\user\Desktop\STUFF A LOT OF 'EM\er\Design_Pattern\argouml\org\argouml\persistence\XMIParser.java,org.argouml.persistence.XMIParser,class,6,8,2,6,9,1,0,17,9,0.73333335,0.0,0.0,6,1,5,0,1,0,6,0,0,1,5,2,0,5,0,0,1,0,0,44,3,1,1,1,0,4,0,14,1,10,2,0,0,0,117,1,3
C:\Users\user\Desktop\STUFF A LOT OF 'EM\er\Design_Pattern\argouml\org\argouml\uml\diagram\ui\FigStereotype.java,org.argouml.uml.diagram.ui.FigStereotype,class,1,2,1,1,5,2,0,5,3,0.0,0.0,0.0,3,0,3,0,0,0,3,0,0,0,0,0,0,0,0,0,0,0,0,14,2,0,2,0,0,0,2,0,0,0,1,0,0,0,33,1,0
C:\Users\user\Desktop\STUFF A LOT OF 'EM\er\Design_Pattern\argouml\org\argouml\uml\ui\ActionBooleanTaggedValue.java,org.argouml.uml.ui.ActionBooleanTaggedValue,class,2,2,0,2,6,2,0,15,0,0.0,0.0,0.0,2,0,2,0,0,0,2,0,0,0,1,0,0,1,0,0,0,0,0,31,2,0,1,0,1,3,0,6,0,5,1,0,0,0,58,1,0
C:\Users\user\Desktop\STUFF A LOT OF 'EM\er\Design_Pattern\argouml\org\argouml\cognitive\critics\StandardCM.java,org.argouml.cognitive.critics.CompositeCM,class,1,4,3,1,2,1,2,1,0,0.0,0.0,0.0,2,0,1,0,1,0,2,0,0,0,1,0,0,1,0,0,0,0,0,9,1,0,0,0,0,0,0,1,0,1,0,0,0,0,13,1024,0
C:\Users\user\Desktop\STUFF A LOT OF 'EM\er\Design_Pattern\argouml\org\argouml\uml\ui\UMLTreeCellRenderer.java,org.argouml.uml.ui.UMLTreeCellRenderer,class,1,1,0,1,7,6,0,15,0,0.0,NaN,NaN,1,0,1,0,0,0,1,0,0,0,2,2,0,2,0,0,0,0,0,40,1,0,2,0,2,4,0,10,0,7,2,0,0,0,68,1,0
C:\Users\user\Desktop\STUFF A LOT OF 'EM\er\Design_Pattern\argouml\org\argouml\ui\targetmanager\TargetManager.java,org.argouml.ui.targetmanager.TargetManager$HistoryManager,innerclass,7,7,0,7,42,1,0,27,10,0.625,0.0,0.0,12,0,3,9,0,0,3,0,0,0,4,1,0,4,0,0,1,0,1,114,3,7,7,0,8,8,20,29,11,22,4,0,0,0,143,2,0
C:\Users\user\Desktop\STUFF A LOT OF 'EM\er\Design_Pattern\argouml\org\argouml\uml\diagram\state\ui\FigDeepHistoryState.java,org.argouml.uml.diagram.state.ui.FigDeepHistoryState,class,2,4,2,2,3,5,0,0,3,0.0,0.0,0.0,3,0,3,0,0,0,3,0,0,0,0,0,0,0,0,0,0,0,0,11,1,0,0,0,0,1,0,0,0,0,0,0,0,0,31,1,0
C:\Users\user\Desktop\STUFF A LOT OF 'EM\er\Design_Pattern\argouml\org\argouml\uml\ui\behavior\common_behavior\PropPanelLinkEnd.java,org.argouml.uml.ui.behavior.common_behavior.PropPanelLinkEnd,class,3,3,0,3,1,4,0,8,0,0.0,NaN,NaN,1,0,1,0,0,0,1,0,0,0,0,0,0,0,0,0,0,0,2,9,0,0,0,0,0,5,0,0,0,0,0,0,0,0,20,1,0
C:\Users\user\Desktop\STUFF A LOT OF 'EM\er\Design_Pattern\argouml\org\argouml\uml\ui\TabConstraints.java,org.argouml.uml.ui.TabConstraints$ConstraintModel$CR$Anonymous1,anonymous,2,2,0,2,2,1,0,1,0,0.0,NaN,NaN,1,0,1,0,0,0,1,0,0,0,1,0,0,1,0,0,0,0,0,12,0,0,1,0,0,1,2,1,1,1,1,0,0,0,11,-1,0
C:\Users\user\Desktop\STUFF A LOT OF 'EM\er\Design_Pattern\argouml\org\argouml\uml\ui\behavior\state_machines\UMLTransitionStatemachineListModel.java,org.argouml.uml.ui.behavior.state_machines.UMLTransitionStatemachineListModel,class,1,2,1,1,4,4,0,5,3,0.0,0.0,0.0,3,0,1,0,2,0,3,0,0,0,0,0,0,0,0,0,0,0,0,12,1,0,1,0,0,1,0,0,0,0,0,0,0,0,22,1,0
C:\Users\user\Desktop\STUFF A LOT OF 'EM\er\Design_Pattern\argouml\org\argouml\ui\EmailExpertDialog.java,org.argouml.ui.EmailExpertDialog,class,8,10,2,8,5,3,0,22,0,0.38888893,0.0,0.0,3,0,3,0,0,0,3,0,0,0,6,1,0,6,0,0,1,0,7,54,0,0,2,0,0,8,8,15,0,15,2,0,0,0,104,1,2
C:\Users\user\Desktop\STUFF A LOT OF 'EM\er\Design_Pattern\argouml\org\argouml\model\uml\ExplorerNSUMLEventAdaptor.java,org.argouml.model.uml.ExplorerNSUMLEventAdaptor,class,6,8,2,6,34,2,0,11,28,0.0,0.0,0.0,8,0,7,1,0,0,7,0,0,0,0,0,0,0,0,0,0,0,1,42,1,0,18,0,6,6,0,1,0,1,1,0,0,0,84,17,0
C:\Users\user\Desktop\STUFF A LOT OF 'EM\er\Design_Pattern\argouml\org\argouml\model\uml\StateMachinesHelperImpl.java,org.argouml.model.uml.StateMachinesHelperImpl,class,21,23,2,21,123,1,0,55,583,0.8857143,0.0,0.0,35,0,34,0,0,1,35,0,0,0,1,0,0,1,0,0,0,0,0,307,45,6,23,0,49,44,3,35,23,28,3,0,0,0,262,0,0
C:\Users\user\Desktop\STUFF A LOT OF 'EM\er\Design_Pattern\argouml\org\argouml\uml\ui\ActionGenerateAll.java,org.argouml.uml.ui.ActionGenerateAll,class,5,6,1,5,19,2,0,32,6,0.0,0.0,0.0,4,0,3,1,0,0,3,0,0,0,0,0,0,0,0,0,0,0,1,55,2,3,3,0,2,1,3,13,0,13,4,0,0,0,51,1,0
C:\Users\user\Desktop\STUFF A LOT OF 'EM\er\Design_Pattern\argouml\org\argouml\uml\diagram\layout\LayoutHelper.java,org.argouml.uml.diagram.layout.LayoutHelper,class,1,2,1,1,23,1,0,11,6,0.75,0.0,0.0,4,4,4,0,0,0,4,0,0,0,8,8,8,0,0,0,8,0,4,58,4,0,17,0,0,0,19,22,10,12,2,0,0,0,78,1,0
C:\Users\user\Desktop\STUFF A LOT OF 'EM\er\Design_Pattern\argouml\org\argouml\util\Tools.java,org.argouml.util.Tools,class,2,3,1,2,18,1,0,32,6,0.75,0.0,0.0,4,4,3,1,0,0,3,0,0,0,2,2,0,2,0,0,2,0,13,105,3,2,8,3,0,33,2,23,0,17,3,0,0,0,68,1,1
C:\Users\user\Desktop\STUFF A LOT OF 'EM\er\Design_Pattern\argouml\org\argouml\uml\ui\UMLComboBoxEntry.java,org.argouml.uml.ui.UMLComboBoxEntry,class,2,4,2,2,39,1,0,33,0,0.6111111,0.0,0.0,12,1,11,1,0,0,11,0,0,0,6,0,0,6,0,0,0,0,2,152,7,1,18,1,2,2,6,47,0,23,5,0,0,0,113,1,0
C:\Users\user\Desktop\STUFF A LOT OF 'EM\er\Design_Pattern\argouml\org\argouml\cognitive\critics\ui\CriticBrowserDialog.java,org.argouml.cognitive.critics.ui.TableModelCritics$Anonymous2,anonymous,0,0,0,0,1,1,0,1,0,0.0,NaN,NaN,1,0,1,0,0,0,1,0,0,0,0,0,0,0,0,0,0,0,0,5,0,0,0,0,0,0,0,0,0,0,0,0,0,0,5,-1,0
C:\Users\user\Desktop\STUFF A LOT OF 'EM\er\Design_Pattern\argouml\org\argouml\application\api\Argo.java,org.argouml.application.api.Argo,class,4,11,7,4,12,1,0,16,45,0.9941176,0.0,0.0,10,9,9,1,0,0,10,0,3,0,34,34,34,0,0,0,34,0,38,70,7,0,1,0,0,76,0,34,0,34,1,0,0,0,206,1,0
C:\Users\user\Desktop\STUFF A LOT OF 'EM\er\Design_Pattern\argouml\org\argouml\application\notation\NotationProviderFactory.java,org.argouml.application.notation.NotationProviderFactory,class,11,13,2,11,20,1,0,19,34,0.75,0.0,0.0,12,1,10,2,0,0,10,0,0,0,4,2,0,4,0,0,2,0,6,81,6,3,2,0,0,6,0,16,5,14,2,0,0,0,84,17,6
C:\Users\user\Desktop\STUFF A LOT OF 'EM\er\Design_Pattern\argouml\org\argouml\uml\ui\ActionNavigateOppositeAssocEnd.java,org.argouml.uml.ui.ActionNavigateOppositeAssocEnd,class,1,1,0,1,3,3,0,2,3,0.0,0.0,0.0,3,0,2,0,1,0,3,0,0,0,0,0,0,0,0,0,0,0,0,11,2,0,0,0,0,1,0,0,0,0,0,0,0,0,18,1,0
C:\Users\user\Desktop\STUFF A LOT OF 'EM\er\Design_Pattern\argouml\org\argouml\uml\ui\behavior\collaborations\UMLClassifierRoleMultiplicityComboBoxModel.java,org.argouml.uml.ui.behavior.collaborations.UMLClassifierRoleMultiplicityComboBoxModel,class,2,3,1,2,4,4,0,4,1,0.0,0.0,0.0,2,0,1,0,1,0,2,0,0,0,0,0,0,0,0,0,0,0,0,11,2,0,1,0,1,1,0,0,0,0,1,0,0,0,16,1,0
C:\Users\user\Desktop\STUFF A LOT OF 'EM\er\Design_Pattern\argouml\org\argouml\model\uml\ActivityGraphsFactoryImpl.java,org.argouml.model.uml.ActivityGraphsFactoryImpl,class,18,21,3,18,35,2,0,20,151,0.8888889,0.0,0.0,18,0,10,0,0,8,18,0,0,0,1,0,0,1,0,0,0,0,0,117,10,0,1,0,13,2,0,12,1,12,2,0,0,0,106,1,0
C:\Users\user\Desktop\STUFF A LOT OF 'EM\er\Design_Pattern\argouml\org\argouml\ui\ActionExportXMI.java,org.argouml.ui.ActionExportXMI,class,6,7,1,6,23,2,0,15,120,0.9375,0.0,0.0,16,1,15,1,0,0,15,0,0,0,2,2,0,2,0,0,1,0,4,85,16,0,2,0,2,14,3,7,1,6,3,1,0,0,75,17,3
C:\Users\user\Desktop\STUFF A LOT OF 'EM\er\Design_Pattern\argouml\org\argouml\uml\generator\ParserDisplay.java,org.argouml.uml.generator.ParserDisplay$Anonymous10,anonymous,0,0,0,0,4,1,0,5,0,0.0,NaN,NaN,1,0,1,0,0,0,1,0,0,0,0,0,0,0,0,0,0,0,0,11,0,0,1,0,0,1,0,2,0,1,1,0,0,0,9,-1,0
C:\Users\user\Desktop\STUFF A LOT OF 'EM\er\Design_Pattern\argouml\org\argouml\uml\ui\ActionLayout.java,org.argouml.uml.ui.ActionLayout,class,7,7,0,7,4,2,0,15,3,0.0,0.0,0.0,3,0,3,0,0,0,3,0,0,0,0,0,0,0,0,0,0,0,0,21,1,1,0,0,4,1,0,5,0,5,1,0,0,0,60,1,0
C:\Users\user\Desktop\STUFF A LOT OF 'EM\er\Design_Pattern\argouml\org\argouml\uml\ui\behavior\collaborations\UMLCollaborationRepresentedOperationListModel.java,org.argouml.uml.ui.behavior.collaborations.UMLCollaborationRepresentedOperationListModel,class,1,2,1,1,6,4,0,7,3,0.0,0.0,0.0,3,0,1,0,2,0,3,0,0,0,0,0,0,0,0,0,0,0,0,16,1,0,2,0,0,1,0,2,0,2,2,0,0,0,39,1,0
C:\Users\user\Desktop\STUFF A LOT OF 'EM\er\Design_Pattern\argouml\org\argouml\cognitive\ui\GoListToOffenderToItem.java,org.argouml.cognitive.ui.GoListToOffenderToItem,class,7,10,3,7,18,2,0,18,36,0.0,0.0,0.0,9,0,9,0,0,0,9,0,0,0,0,0,0,0,0,0,0,0,2,48,9,1,3,0,3,0,3,9,0,9,3,0,0,0,59,1,0
C:\Users\user\Desktop\STUFF A LOT OF 'EM\er\Design_Pattern\argouml\org\argouml\language\java\generator\ClassifierEndCodePiece.java,org.argouml.language.java.generator.ClassifierEndCodePiece,class,5,6,1,5,13,3,0,26,0,0.14285715,0.0,0.0,7,0,7,0,0,0,7,0,0,0,1,0,0,1,0,0,0,0,5,48,5,2,0,0,0,0,1,10,0,10,2,0,0,0,79,1,0
C:\Users\user\Desktop\STUFF A LOT OF 'EM\er\Design_Pattern\argouml\org\argouml\uml\ChildGenRelated.java,org.argouml.uml.ChildGenRelated,class,3,5,2,3,15,1,0,37,1,0.5,0.0,0.0,2,1,2,0,0,0,2,0,0,0,1,1,0,1,0,0,1,0,0,70,8,2,2,0,0,0,0,16,0,16,2,0,0,0,72,1,0
C:\Users\user\Desktop\STUFF A LOT OF 'EM\er\Design_Pattern\argouml\org\argouml\uml\diagram\ui\FigNodeAssociation.java,org.argouml.uml.diagram.ui.FigNodeAssociation,class,8,14,6,8,25,3,0,52,64,0.78431374,0.0,0.0,17,0,15,0,2,0,17,0,0,0,3,2,0,3,0,0,2,0,4,140,7,0,4,0,0,4,28,18,10,17,2,1,0,0,125,1,0
C:\Users\user\Desktop\STUFF A LOT OF 'EM\er\Design_Pattern\argouml\org\argouml\uml\diagram\ui\FigEdgeModelElement.java,org.argouml.uml.diagram.ui.FigEdgeModelElement,class,27,52,25,27,152,2,12,138,1177,0.9533333,0.0,0.0,50,2,40,1,9,0,50,0,0,0,9,4,0,8,1,0,4,0,3,479,34,11,45,0,26,13,41,116,26,93,3,0,0,0,333,1025,1
C:\Users\user\Desktop\STUFF A LOT OF 'EM\er\Design_Pattern\argouml\org\argouml\uml\ui\behavior\state_machines\UMLEventTransitionListModel.java,org.argouml.uml.ui.behavior.state_machines.UMLEventTransitionListModel,class,1,2,1,1,3,4,0,6,3,0.0,0.0,0.0,3,0,1,0,2,0,3,0,0,0,0,0,0,0,0,0,0,0,0,12,1,0,0,0,0,1,0,0,0,0,0,0,0,0,31,1,0
C:\Users\user\Desktop\STUFF A LOT OF 'EM\er\Design_Pattern\argouml\org\argouml\uml\cognitive\critics\CrObjectWithoutClassifier.java,org.argouml.uml.cognitive.critics.CrObjectWithoutClassifier,class,8,9,1,8,14,3,0,17,10,0.0,0.0,0.0,5,0,5,0,0,0,5,0,0,0,0,0,0,0,0,0,0,0,0,49,7,1,4,0,2,0,1,16,0,15,4,0,0,0,96,1,0
C:\Users\user\Desktop\STUFF A LOT OF 'EM\er\Design_Pattern\argouml\org\argouml\cognitive\Designer.java,org.argouml.cognitive.Designer$EmptyChildGenerator,innerclass,1,1,0,1,1,1,0,1,0,0.0,NaN,NaN,1,0,1,0,0,0,1,0,0,0,0,0,0,0,0,0,0,0,0,5,1,0,0,0,0,0,0,0,0,0,0,0,0,0,20,0,0
C:\Users\user\Desktop\STUFF A LOT OF 'EM\er\Design_Pattern\argouml\org\argouml\uml\ui\ActionActivityDiagram.java,org.argouml.uml.ui.ActionActivityDiagram,class,6,7,1,6,5,3,0,11,6,0.875,0.0,0.0,4,0,3,1,0,0,3,0,0,0,2,2,1,1,0,0,2,0,0,25,3,0,0,0,0,4,0,6,1,6,1,0,0,0,64,1,2
C:\Users\user\Desktop\STUFF A LOT OF 'EM\er\Design_Pattern\argouml\org\argouml\persistence\TodoParser.java,org.argouml.persistence.TodoParser,class,12,17,5,12,75,3,0,39,137,0.84868425,0.0,0.0,19,2,6,0,13,0,19,0,0,1,8,1,0,8,0,0,1,0,11,220,5,3,10,4,2,12,16,38,6,23,5,0,0,0,152,1,5
C:\Users\user\Desktop\STUFF A LOT OF 'EM\er\Design_Pattern\argouml\org\argouml\uml\ui\behavior\common_behavior\UMLReceptionSpecificationDocument.java,org.argouml.uml.ui.behavior.common_behavior.UMLReceptionSpecificationDocument,class,1,2,1,1,5,4,0,6,3,0.0,0.0,0.0,3,0,1,0,2,0,3,0,0,0,0,0,0,0,0,0,0,0,0,16,2,0,0,0,0,1,0,0,0,0,1,0,0,0,15,1,0
C:\Users\user\Desktop\STUFF A LOT OF 'EM\er\Design_Pattern\argouml\org\argouml\ui\explorer\PerspectiveConfigurator.java,org.argouml.ui.explorer.PerspectiveConfigurator$RuleListMouseListener,innerclass,1,1,0,1,7,2,0,6,0,0.0,NaN,NaN,1,0,1,0,0,0,1,0,0,0,0,0,0,0,0,0,0,0,0,14,1,0,4,0,0,0,1,1,0,1,1,0,0,0,31,0,0
C:\Users\user\Desktop\STUFF A LOT OF 'EM\er\Design_Pattern\argouml\org\argouml\uml\diagram\ui\ActionAddExtensionPoint.java,org.argouml.uml.diagram.ui.ActionAddExtensionPoint,class,2,5,3,2,6,2,0,9,6,0.75,0.0,0.0,4,1,4,0,0,0,4,0,0,0,1,1,0,1,0,0,0,0,0,25,3,0,1,0,2,1,0,4,0,4,1,0,0,0,83,17,0
C:\Users\user\Desktop\STUFF A LOT OF 'EM\er\Design_Pattern\argouml\org\argouml\uml\ui\ActionSetSourcePath.java,org.argouml.uml.ui.ActionSetSourcePath,class,3,4,1,3,18,2,0,24,3,0.0,0.0,0.0,3,0,2,0,1,0,3,0,0,0,0,0,0,0,0,0,0,0,0,58,3,0,9,0,2,8,1,22,2,12,3,0,0,0,40,1,0
C:\Users\user\Desktop\STUFF A LOT OF 'EM\er\Design_Pattern\argouml\org\argouml\uml\diagram\static_structure\layout\ClassdiagramLayouter.java,org.argouml.uml.diagram.static_structure.layout.ClassdiagramLayouter$NodeRow,innerclass,2,2,0,2,28,1,0,26,0,0.33333334,0.0,0.0,9,0,8,1,0,0,8,0,0,0,2,0,0,2,0,0,0,0,0,87,8,5,3,0,6,4,6,28,7,20,2,0,0,0,112,2,2
C:\Users\user\Desktop\STUFF A LOT OF 'EM\er\Design_Pattern\argouml\org\argouml\uml\diagram\state\StateDiagramGraphModel.java,org.argouml.uml.diagram.state.StateDiagramGraphModel,class,4,9,5,4,71,3,1,66,107,0.8333333,0.0,0.0,18,0,18,0,0,0,18,0,0,0,4,2,0,3,0,1,2,0,0,231,38,1,10,1,7,10,1,24,4,18,3,0,0,0,167,1,9
C:\Users\user\Desktop\STUFF A LOT OF 'EM\er\Design_Pattern\argouml\org\argouml\kernel\Project.java,org.argouml.kernel.Project$Vcl,innerclass,1,1,0,1,2,1,0,4,0,0.0,NaN,NaN,1,0,1,0,0,0,1,0,0,0,0,0,0,0,0,0,0,0,1,7,0,0,0,0,0,1,0,0,0,0,1,0,0,0,25,2,0
C:\Users\user\Desktop\STUFF A LOT OF 'EM\er\Design_Pattern\argouml\org\argouml\uml\ui\UMLScriptExpressionModel.java,org.argouml.uml.ui.UMLScriptExpressionModel,class,2,3,1,2,4,2,0,8,6,0.0,0.0,0.0,4,0,4,0,0,0,4,0,0,0,0,0,0,0,0,0,0,0,0,14,2,0,0,0,0,2,0,0,0,0,0,0,0,0,25,1,0
C:\Users\user\Desktop\STUFF A LOT OF 'EM\er\Design_Pattern\argouml\org\argouml\uml\diagram\ui\FigAssociation.java,org.argouml.uml.diagram.ui.FigAssociation,class,15,25,10,15,70,3,2,120,58,0.8,0.0,0.0,13,0,6,3,4,0,10,0,0,0,11,4,0,10,0,1,4,0,25,349,13,2,25,2,24,18,63,84,9,71,3,0,0,0,193,1,0
C:\Users\user\Desktop\STUFF A LOT OF 'EM\er\Design_Pattern\argouml\org\argouml\ui\explorer\rules\GoModelToCollaboration.java,org.argouml.ui.explorer.rules.GoModelToCollaboration,class,2,3,1,2,7,2,0,13,3,0.0,0.0,0.0,3,0,3,0,0,0,3,0,0,0,0,0,0,0,0,0,0,0,1,23,4,1,2,0,0,1,0,4,0,4,3,0,0,0,24,1,0
C:\Users\user\Desktop\STUFF A LOT OF 'EM\er\Design_Pattern\argouml\org\argouml\uml\cognitive\critics\CrClassWithoutComponent.java,org.argouml.uml.cognitive.critics.CrClassWithoutComponent,class,9,11,2,9,13,3,0,17,10,0.0,0.0,0.0,5,0,5,0,0,0,5,0,0,0,0,0,0,0,0,0,0,0,0,44,7,1,3,0,4,0,0,14,0,13,3,0,0,0,88,1,0
C:\Users\user\Desktop\STUFF A LOT OF 'EM\er\Design_Pattern\argouml\org\argouml\uml\ui\behavior\use_cases\UMLExtensionPointExtendListModel.java,org.argouml.uml.ui.behavior.use_cases.UMLExtensionPointExtendListModel,class,1,2,1,1,3,4,0,6,3,0.0,0.0,0.0,3,0,1,0,2,0,3,0,0,0,0,0,0,0,0,0,0,0,0,11,1,0,0,0,0,1,0,0,0,0,0,0,0,0,22,1,0
C:\Users\user\Desktop\STUFF A LOT OF 'EM\er\Design_Pattern\argouml\org\argouml\ui\explorer\rules\GoNamespaceToClassifierAndPackage.java,org.argouml.ui.explorer.rules.GoNamespaceToClassifierAndPackage,class,2,3,1,2,8,2,0,11,3,0.0,0.0,0.0,3,0,3,0,0,0,3,0,0,0,0,0,0,0,0,0,0,0,1,25,5,1,0,0,0,1,0,4,0,4,2,0,0,0,36,1,0
C:\Users\user\Desktop\STUFF A LOT OF 'EM\er\Design_Pattern\argouml\org\argouml\ui\explorer\rules\GoProjectToDiagram.java,org.argouml.ui.explorer.rules.GoProjectToDiagram,class,3,4,1,3,4,2,0,2,3,0.0,0.0,0.0,3,0,3,0,0,0,3,0,0,0,0,0,0,0,0,0,0,0,1,14,4,0,0,0,1,1,0,0,0,0,1,0,0,0,16,1,0
C:\Users\user\Desktop\STUFF A LOT OF 'EM\er\Design_Pattern\argouml\org\argouml\uml\diagram\activity\ui\ActivityDiagramRenderer.java,org.argouml.uml.diagram.activity.ui.ActivityDiagramRenderer,class,8,9,1,8,5,3,0,6,0,0.0,NaN,NaN,1,0,1,0,0,0,1,0,0,0,0,0,0,0,0,0,0,0,0,17,5,0,0,0,0,0,0,0,0,0,1,0,0,0,60,1,0
C:\Users\user\Desktop\STUFF A LOT OF 'EM\er\Design_Pattern\argouml\org\argouml\uml\ui\ActionCut.java,org.argouml.uml.ui.ActionCut,class,3,5,2,3,17,2,0,22,4,0.6666667,0.0,0.0,5,1,3,2,0,0,3,0,0,0,3,2,0,3,0,0,1,0,3,63,2,1,6,1,0,2,1,12,1,10,3,0,0,0,65,1,0
C:\Users\user\Desktop\STUFF A LOT OF 'EM\er\Design_Pattern\argouml\org\argouml\uml\ui\foundation\core\PropPanelFeature.java,org.argouml.uml.ui.foundation.core.PropPanelFeature,class,9,12,3,9,12,4,2,3,15,0.8333333,0.0,0.0,6,0,3,0,3,0,6,0,0,0,6,2,0,6,0,0,0,0,1,46,4,0,6,0,0,1,1,7,0,7,2,0,0,0,48,1025,0
C:\Users\user\Desktop\STUFF A LOT OF 'EM\er\Design_Pattern\argouml\org\argouml\uml\ui\behavior\common_behavior\PropPanelComponentInstance.java,org.argouml.uml.ui.behavior.common_behavior.PropPanelComponentInstance,class,14,15,1,14,1,5,0,17,0,0.0,NaN,NaN,1,0,1,0,0,0,1,0,0,0,0,0,0,0,0,0,0,0,4,22,0,0,0,0,0,11,0,4,0,4,0,0,0,0,45,1,0
C:\Users\user\Desktop\STUFF A LOT OF 'EM\er\Design_Pattern\argouml\org\argouml\uml\diagram\ui\SelectionMoveClarifiers.java,org.argouml.uml.diagram.ui.SelectionMoveClarifiers,class,3,4,1,3,2,2,0,2,1,0.0,0.0,0.0,2,0,2,0,0,0,2,0,0,0,0,0,0,0,0,0,0,0,0,9,0,0,0,0,1,0,0,0,0,0,0,0,0,0,29,1,0
C:\Users\user\Desktop\STUFF A LOT OF 'EM\er\Design_Pattern\argouml\org\argouml\uml\ui\UMLMultiplicityComboBoxModel.java,org.argouml.uml.ui.UMLMultiplicityComboBoxModel,class,2,8,6,2,12,3,3,18,8,0.6,0.0,0.0,5,0,3,0,2,0,6,0,0,0,1,1,0,1,0,0,0,0,0,37,2,0,1,0,0,0,0,2,0,2,1,0,0,0,44,1025,0
C:\Users\user\Desktop\STUFF A LOT OF 'EM\er\Design_Pattern\argouml\org\argouml\model\uml\UmlFactoryImpl.java,org.argouml.model.uml.UmlFactoryImpl$ObjectCreateInfo,innerclass,0,0,0,0,4,1,0,0,0,0.5,0.0,0.0,4,0,3,0,0,1,4,0,0,0,3,0,0,3,0,0,0,0,0,19,3,0,0,0,0,0,0,3,0,3,0,0,0,0,15,0,0
C:\Users\user\Desktop\STUFF A LOT OF 'EM\er\Design_Pattern\argouml\org\argouml\uml\cognitive\critics\CrTooManyStates.java,org.argouml.uml.cognitive.critics.CrTooManyStates,class,2,3,1,2,4,2,0,9,1,0.0,0.0,0.0,2,0,2,0,0,0,2,0,0,0,0,0,0,0,0,0,0,0,0,16,3,0,0,0,1,1,1,3,0,3,1,0,0,0,49,1,0
C:\Users\user\Desktop\STUFF A LOT OF 'EM\er\Design_Pattern\argouml\org\argouml\util\osdep\win32\Win32FileSystemView.java,org.argouml.util.osdep.win32.Win32FileSystemView,class,2,2,0,2,14,3,0,10,10,0.0,0.0,0.0,5,0,5,0,0,0,5,0,0,0,0,0,0,0,0,0,0,0,0,64,6,2,3,0,1,7,2,13,3,11,2,0,1,0,124,1,0
C:\Users\user\Desktop\STUFF A LOT OF 'EM\er\Design_Pattern\argouml\org\argouml\uml\ui\behavior\state_machines\UMLStateExitListModel.java,org.argouml.uml.ui.behavior.state_machines.UMLStateExitListModel,class,1,2,1,1,4,4,0,5,3,0.0,0.0,0.0,3,0,1,0,2,0,3,0,0,0,0,0,0,0,0,0,0,0,0,12,1,0,1,0,0,1,0,0,0,0,0,0,0,0,22,1,0
C:\Users\user\Desktop\STUFF A LOT OF 'EM\er\Design_Pattern\argouml\org\argouml\uml\ui\foundation\core\UMLOperationRaisedSignalsListModel.java,org.argouml.uml.ui.foundation.core.UMLOperationRaisedSignalsListModel,class,1,2,1,1,6,4,0,6,3,0.0,0.0,0.0,3,0,1,0,2,0,3,0,0,0,0,0,0,0,0,0,0,0,0,23,1,0,1,0,0,1,0,6,0,4,2,0,0,0,32,1,0
C:\Users\user\Desktop\STUFF A LOT OF 'EM\er\Design_Pattern\argouml\org\argouml\application\api\ConfigurationKey.java,org.argouml.application.api.ConfigurationKey,interface,0,11,11,0,2,1,0,0,1,0.0,0.0,0.0,2,0,0,0,0,2,2,0,0,0,0,0,0,0,0,0,0,0,0,4,0,0,0,0,0,0,0,0,0,0,0,0,0,0,40,1,0
C:\Users\user\Desktop\STUFF A LOT OF 'EM\er\Design_Pattern\argouml\org\argouml\cognitive\ui\ToDoByPoster.java,org.argouml.cognitive.ui.ToDoByPoster,class,14,16,2,14,18,5,0,17,4,0.4,0.0,0.0,5,0,5,0,0,0,5,0,0,0,1,1,0,1,0,0,1,0,6,88,0,7,6,0,0,4,19,48,0,36,3,0,0,0,56,1,3
C:\Users\user\Desktop\STUFF A LOT OF 'EM\er\Design_Pattern\argouml\org\argouml\ui\cmd\CmdSetPreferredSize.java,org.argouml.ui.cmd.CmdSetPreferredSize,class,8,10,2,8,17,2,0,17,11,0.72222227,0.0,0.0,6,1,5,1,0,0,5,0,0,0,3,2,2,1,0,0,2,0,2,52,5,1,4,0,4,11,5,11,3,10,2,0,0,0,80,1,0
C:\Users\user\Desktop\STUFF A LOT OF 'EM\er\Design_Pattern\argouml\org\argouml\ui\explorer\rules\GoInteractionToMessages.java,org.argouml.ui.explorer.rules.GoInteractionToMessages,class,2,3,1,2,5,2,0,5,3,0.0,0.0,0.0,3,0,3,0,0,0,3,0,0,0,0,0,0,0,0,0,0,0,1,19,5,0,0,0,0,1,0,1,0,1,1,0,0,0,18,1,0
C:\Users\user\Desktop\STUFF A LOT OF 'EM\er\Design_Pattern\argouml\org\argouml\uml\diagram\use_case\ui\FigActor.java,org.argouml.uml.diagram.use_case.ui.FigActor,class,8,11,3,8,29,3,0,51,93,0.7866667,0.0,0.0,15,0,13,0,2,0,15,0,0,0,5,5,0,5,0,0,5,0,6,157,11,1,7,0,10,4,54,39,45,31,1,0,0,0,176,1,0
C:\Users\user\Desktop\STUFF A LOT OF 'EM\er\Design_Pattern\argouml\org\argouml\uml\ui\UMLListCellRenderer.java,org.argouml.uml.ui.UMLListCellRenderer,class,0,0,0,0,6,6,0,8,0,0.0,NaN,NaN,1,0,1,0,0,0,1,0,0,0,0,0,0,0,0,0,0,0,0,27,4,0,2,0,3,5,1,5,1,3,1,0,0,0,37,1,0
C:\Users\user\Desktop\STUFF A LOT OF 'EM\er\Design_Pattern\argouml\org\argouml\model\uml\CommonBehaviorFactoryImpl.java,org.argouml.model.uml.CommonBehaviorFactoryImpl,class,31,34,3,31,91,2,0,61,1359,0.8333333,0.0,0.0,54,0,30,0,0,24,54,0,0,0,1,0,0,1,0,0,0,0,0,313,31,1,8,0,27,11,1,39,3,39,2,0,0,0,159,1,0
C:\Users\user\Desktop\STUFF A LOT OF 'EM\er\Design_Pattern\argouml\org\argouml\kernel\DelayedVChangeListener.java,org.argouml.kernel.DelayedVChangeListener,interface,0,1,1,0,1,1,0,0,0,0.0,NaN,NaN,1,0,1,0,0,0,1,0,0,0,0,0,0,0,0,0,0,0,0,3,0,0,0,0,0,0,0,0,0,0,0,0,0,0,24,1,0
C:\Users\user\Desktop\STUFF A LOT OF 'EM\er\Design_Pattern\argouml\org\argouml\uml\generator\Parser.java,org.argouml.uml.generator.Parser,class,0,1,1,0,5,1,1,0,10,0.0,0.0,0.0,5,0,5,0,0,0,5,5,0,0,0,0,0,0,0,0,0,0,0,7,0,0,0,0,0,0,0,0,0,0,0,0,0,0,57,1025,0
C:\Users\user\Desktop\STUFF A LOT OF 'EM\er\Design_Pattern\argouml\org\argouml\uml\cognitive\UMLDecision.java,org.argouml.uml.cognitive.UMLDecision,class,2,3,1,2,1,2,0,0,0,1.0,NaN,NaN,1,0,1,0,0,0,1,0,0,0,16,16,16,0,0,0,16,0,0,21,0,0,0,0,0,16,16,16,0,16,0,0,0,0,36,1,0
C:\Users\user\Desktop\STUFF A LOT OF 'EM\er\Design_Pattern\argouml\org\argouml\uml\generator\ParserDisplay.java,org.argouml.uml.generator.ParserDisplay$Anonymous1,anonymous,0,0,0,0,3,1,0,8,0,0.0,NaN,NaN,1,0,1,0,0,0,1,0,0,0,0,0,0,0,0,0,0,0,0,12,0,0,0,0,0,1,0,0,0,0,2,0,0,0,4,-1,0
C:\Users\user\Desktop\STUFF A LOT OF 'EM\er\Design_Pattern\argouml\org\argouml\uml\util\namespace\Namespace.java,org.argouml.uml.util.namespace.Namespace,interface,2,4,2,2,9,1,0,0,36,1.0,0.0,0.0,9,0,0,0,0,9,9,0,0,0,3,3,3,0,0,0,3,0,0,14,0,0,0,0,0,3,0,3,0,3,0,0,0,0,100,1,0
C:\Users\user\Desktop\STUFF A LOT OF 'EM\er\Design_Pattern\argouml\org\argouml\application\api\PluggableNotation.java,org.argouml.application.api.PluggableNotation,interface,1,2,1,1,0,1,0,0,0,0.0,-1.0,-1.0,0,0,0,0,0,0,0,0,0,0,0,0,0,0,0,0,0,0,0,2,0,0,0,0,0,0,0,0,0,0,0,0,0,0,24,1,0
C:\Users\user\Desktop\STUFF A LOT OF 'EM\er\Design_Pattern\argouml\org\argouml\uml\cognitive\critics\CrMultipleInitialStates.java,org.argouml.uml.cognitive.critics.CrMultipleInitialStates,class,7,9,2,7,17,3,0,22,8,0.6,0.0,0.0,5,0,4,0,1,0,5,0,0,0,1,1,0,1,0,0,1,0,0,66,10,2,2,0,1,4,2,18,0,18,2,0,0,0,80,1,2
C:\Users\user\Desktop\STUFF A LOT OF 'EM\er\Design_Pattern\argouml\org\argouml\uml\generator\ParserDisplay.java,org.argouml.uml.generator.ParserDisplay$Anonymous5,anonymous,0,0,0,0,4,1,0,8,0,0.0,NaN,NaN,1,0,1,0,0,0,1,0,0,0,0,0,0,0,0,0,0,0,0,11,0,0,1,0,0,1,0,2,0,1,1,0,0,0,6,-1,0
C:\Users\user\Desktop\STUFF A LOT OF 'EM\er\Design_Pattern\argouml\org\argouml\uml\ui\ActionFileOperations.java,org.argouml.uml.ui.ActionFileOperations,class,10,15,5,10,26,2,4,39,15,0.8333333,0.0,0.0,6,0,3,2,1,0,4,0,0,0,1,1,0,1,0,0,1,0,9,123,4,0,8,1,1,40,0,29,9,15,4,0,0,0,159,1025,7
C:\Users\user\Desktop\STUFF A LOT OF 'EM\er\Design_Pattern\argouml\org\argouml\uml\generator\ParserDisplay.java,org.argouml.uml.generator.ParserDisplay$Anonymous4,anonymous,0,0,0,0,4,1,0,8,0,0.0,NaN,NaN,1,0,1,0,0,0,1,0,0,0,0,0,0,0,0,0,0,0,0,11,0,0,1,0,0,1,0,2,0,1,1,0,0,0,6,-1,0
C:\Users\user\Desktop\STUFF A LOT OF 'EM\er\Design_Pattern\argouml\org\argouml\uml\generator\ParserDisplay.java,org.argouml.uml.generator.ParserDisplay$Anonymous3,anonymous,0,0,0,0,2,1,0,6,0,0.0,NaN,NaN,1,0,1,0,0,0,1,0,0,0,0,0,0,0,0,0,0,0,0,7,0,0,0,0,0,0,0,0,0,0,1,0,0,0,4,-1,0
C:\Users\user\Desktop\STUFF A LOT OF 'EM\er\Design_Pattern\argouml\org\argouml\uml\ui\UMLInitialValueComboBox.java,org.argouml.uml.ui.UMLInitialValueComboBox,class,4,8,4,4,27,5,0,20,39,0.8333333,0.0,0.0,10,0,9,1,0,0,9,0,0,0,3,0,0,3,0,0,0,0,0,102,4,1,7,0,0,9,1,16,0,14,3,1,0,0,154,1,0
C:\Users\user\Desktop\STUFF A LOT OF 'EM\er\Design_Pattern\argouml\org\argouml\language\java\generator\GeneratorJava.java,org.argouml.language.java.generator.GeneratorJava$1TagExtractor,innerclass,2,2,0,2,11,2,0,8,0,0.44444445,0.0,0.0,3,0,3,0,0,0,3,0,0,0,3,0,0,3,0,0,0,0,0,35,3,0,5,0,12,8,1,10,2,7,1,0,0,0,25,0,0
C:\Users\user\Desktop\STUFF A LOT OF 'EM\er\Design_Pattern\argouml\org\argouml\uml\generator\ParserDisplay.java,org.argouml.uml.generator.ParserDisplay$Anonymous2,anonymous,0,0,0,0,3,1,0,8,0,0.0,NaN,NaN,1,0,1,0,0,0,1,0,0,0,0,0,0,0,0,0,0,0,0,12,0,0,0,0,0,1,0,0,0,0,2,0,0,0,4,-1,0
C:\Users\user\Desktop\STUFF A LOT OF 'EM\er\Design_Pattern\argouml\org\argouml\ui\explorer\rules\GoStateToEntry.java,org.argouml.ui.explorer.rules.GoStateToEntry,class,2,3,1,2,6,2,0,6,3,0.0,0.0,0.0,3,0,3,0,0,0,3,0,0,0,0,0,0,0,0,0,0,0,1,21,5,0,1,0,0,1,0,2,0,2,1,0,0,0,26,1,0
C:\Users\user\Desktop\STUFF A LOT OF 'EM\er\Design_Pattern\argouml\org\argouml\uml\generator\ParserDisplay.java,org.argouml.uml.generator.ParserDisplay$Anonymous9,anonymous,0,0,0,0,4,1,0,5,0,0.0,NaN,NaN,1,0,1,0,0,0,1,0,0,0,0,0,0,0,0,0,0,0,0,11,0,0,1,0,0,1,0,2,0,1,1,0,0,0,9,-1,0
C:\Users\user\Desktop\STUFF A LOT OF 'EM\er\Design_Pattern\argouml\org\argouml\model\uml\UmlModelEventPump.java,org.argouml.model.uml.EventListenerHashMap,class,4,5,1,4,8,1,0,7,0,0.4,0.0,0.0,5,0,5,0,0,0,5,0,0,3,2,1,0,2,0,0,1,0,0,33,3,0,3,0,0,0,1,6,0,5,1,0,0,0,80,0,0
C:\Users\user\Desktop\STUFF A LOT OF 'EM\er\Design_Pattern\argouml\org\argouml\persistence\MemberFilePersister.java,org.argouml.persistence.MemberFilePersister,class,3,9,6,3,10,1,3,6,6,0.0,0.0,0.0,4,0,3,0,1,0,4,3,0,0,0,0,0,0,0,0,0,0,0,27,0,2,2,1,3,3,1,5,0,3,2,0,0,0,86,1025,0
C:\Users\user\Desktop\STUFF A LOT OF 'EM\er\Design_Pattern\argouml\org\argouml\uml\diagram\ui\SelectionRerouteEdge.java,org.argouml.uml.diagram.ui.SelectionRerouteEdge,class,13,14,1,13,15,3,0,27,0,0.4375,0.0,0.0,4,0,4,0,0,0,4,0,0,0,4,0,0,4,0,0,0,0,0,79,4,2,3,0,4,0,13,33,4,24,2,0,0,0,168,1,0
C:\Users\user\Desktop\STUFF A LOT OF 'EM\er\Design_Pattern\argouml\org\argouml\uml\generator\ParserDisplay.java,org.argouml.uml.generator.ParserDisplay$Anonymous8,anonymous,0,0,0,0,4,1,0,5,0,0.0,NaN,NaN,1,0,1,0,0,0,1,0,0,0,0,0,0,0,0,0,0,0,0,11,0,0,1,0,0,1,0,2,0,1,1,0,0,0,9,-1,0
C:\Users\user\Desktop\STUFF A LOT OF 'EM\er\Design_Pattern\argouml\org\argouml\persistence\XMLElement.java,org.argouml.persistence.XMLElement,class,2,5,3,2,12,1,0,7,18,0.6388889,0.0,0.0,12,0,12,0,0,0,12,0,0,0,3,0,0,3,0,0,0,0,0,42,6,0,0,0,0,0,2,9,0,3,0,0,0,0,43,1,0
C:\Users\user\Desktop\STUFF A LOT OF 'EM\er\Design_Pattern\argouml\org\argouml\uml\generator\ParserDisplay.java,org.argouml.uml.generator.ParserDisplay$Anonymous7,anonymous,0,0,0,0,4,1,0,5,0,0.0,NaN,NaN,1,0,1,0,0,0,1,0,0,0,0,0,0,0,0,0,0,0,0,11,0,0,1,0,0,1,0,2,0,1,1,0,0,0,9,-1,0
C:\Users\user\Desktop\STUFF A LOT OF 'EM\er\Design_Pattern\argouml\org\argouml\uml\generator\ParserDisplay.java,org.argouml.uml.generator.ParserDisplay$Anonymous6,anonymous,0,0,0,0,4,1,0,9,0,0.0,NaN,NaN,1,0,1,0,0,0,1,0,0,0,0,0,0,0,0,0,0,0,0,14,0,0,0,0,0,2,0,3,0,1,1,0,0,0,5,-1,0
C:\Users\user\Desktop\STUFF A LOT OF 'EM\er\Design_Pattern\argouml\org\argouml\uml\ui\behavior\state_machines\ActionSetSubmachineStateSubmachine.java,org.argouml.uml.ui.behavior.state_machines.ActionSetSubmachineStateSubmachine,class,3,5,2,3,4,3,0,7,3,0.6666667,0.0,0.0,3,1,2,0,1,0,3,0,0,0,1,1,0,1,0,0,1,0,0,16,1,0,0,0,0,1,0,2,0,2,1,0,0,0,27,1,0
C:\Users\user\Desktop\STUFF A LOT OF 'EM\er\Design_Pattern\argouml\org\argouml\model\uml\ModelManagementHelperImpl.java,org.argouml.model.uml.ModelManagementHelperImpl,class,11,13,2,11,86,1,0,46,75,0.76666665,0.0,0.0,15,0,13,1,0,1,14,0,0,0,2,1,0,2,0,0,1,0,1,245,32,9,33,1,28,9,8,51,4,42,3,0,0,0,249,0,1
C:\Users\user\Desktop\STUFF A LOT OF 'EM\er\Design_Pattern\argouml\org\argouml\cognitive\ui\DismissToDoItemDialog.java,org.argouml.cognitive.ui.DismissToDoItemDialog,class,10,13,3,10,8,3,0,29,7,0.7619047,0.0,0.0,6,0,3,3,0,0,3,0,0,0,7,1,0,7,0,0,1,0,15,121,0,0,0,1,0,11,18,26,1,15,1,4,0,0,85,1,1
C:\Users\user\Desktop\STUFF A LOT OF 'EM\er\Design_Pattern\argouml\org\argouml\ui\MultiEditorPane.java,org.argouml.ui.MultiEditorPane,class,10,13,3,10,40,5,0,44,100,0.8492064,0.0,0.0,21,0,18,2,1,0,19,0,0,0,6,1,0,6,0,0,1,0,1,130,8,5,5,0,3,7,14,23,6,24,2,0,0,0,181,1,4
C:\Users\user\Desktop\STUFF A LOT OF 'EM\er\Design_Pattern\argouml\org\argouml\uml\diagram\deployment\ui\SelectionNodeInstance.java,org.argouml.uml.diagram.deployment.ui.SelectionNodeInstance,class,12,14,2,12,25,4,0,37,34,0.8333334,0.0,0.0,9,0,4,0,5,0,9,0,0,0,2,2,0,2,0,0,1,0,0,125,10,0,5,0,0,7,29,57,30,33,1,0,0,0,84,1,1
C:\Users\user\Desktop\STUFF A LOT OF 'EM\er\Design_Pattern\argouml\org\argouml\uml\diagram\ui\ActionAggregation.java,org.argouml.uml.diagram.ui.ActionAggregation,class,5,7,2,5,12,2,0,20,34,0.8611111,0.0,0.0,9,6,8,0,1,0,9,0,0,0,8,6,0,8,0,0,0,0,0,56,7,1,1,0,1,8,1,19,0,15,3,0,0,0,56,1,0
C:\Users\user\Desktop\STUFF A LOT OF 'EM\er\Design_Pattern\argouml\org\argouml\uml\ui\foundation\core\ActionSetElementOwnershipSpecification.java,org.argouml.uml.ui.foundation.core.ActionSetElementOwnershipSpecification,class,3,5,2,3,5,3,0,9,3,0.6666667,0.0,0.0,3,1,2,0,1,0,3,0,0,0,1,1,0,1,0,0,1,0,0,20,1,0,0,0,0,1,0,4,0,4,2,0,0,0,32,1,0
C:\Users\user\Desktop\STUFF A LOT OF 'EM\er\Design_Pattern\argouml\org\argouml\application\api\Pluggable.java,org.argouml.application.api.Pluggable,interface,1,11,10,1,1,1,0,0,0,1.0,NaN,NaN,1,0,0,0,0,1,1,0,0,0,3,0,0,0,0,3,0,0,0,6,0,0,0,0,0,3,0,3,0,3,0,0,0,0,132,1,0
C:\Users\user\Desktop\STUFF A LOT OF 'EM\er\Design_Pattern\argouml\org\argouml\uml\cognitive\critics\CrUtilityViolated.java,org.argouml.uml.cognitive.critics.CrUtilityViolated,class,2,3,1,2,10,3,0,19,1,0.0,0.0,0.0,2,0,2,0,0,0,2,0,0,0,0,0,0,0,0,0,0,0,0,41,5,3,0,0,2,2,0,5,0,5,4,0,0,0,72,1,0
C:\Users\user\Desktop\STUFF A LOT OF 'EM\er\Design_Pattern\argouml\org\argouml\uml\ui\foundation\core\ActionSetClassActive.java,org.argouml.uml.ui.foundation.core.ActionSetClassActive,class,3,5,2,3,5,3,0,9,3,0.6666667,0.0,0.0,3,1,2,0,1,0,3,0,0,0,1,1,0,1,0,0,1,0,0,20,1,0,0,0,0,1,0,4,0,4,2,0,0,0,30,1,0
C:\Users\user\Desktop\STUFF A LOT OF 'EM\er\Design_Pattern\argouml\org\argouml\uml\ui\behavior\state_machines\UMLEventParameterListModel.java,org.argouml.uml.ui.behavior.state_machines.UMLEventParameterListModel,class,1,2,1,1,3,4,0,5,3,0.0,0.0,0.0,3,0,1,0,2,0,3,0,0,0,0,0,0,0,0,0,0,0,0,11,1,0,0,0,0,1,0,0,0,0,0,0,0,0,29,1,0
C:\Users\user\Desktop\STUFF A LOT OF 'EM\er\Design_Pattern\argouml\org\argouml\uml\ui\foundation\core\PropPanelAssociation.java,org.argouml.uml.ui.foundation.core.PropPanelAssociation,class,18,20,2,18,4,5,1,13,2,0.5,0.0,0.0,4,0,1,1,2,0,3,0,0,0,4,0,0,4,0,0,0,0,3,41,0,0,0,0,0,11,0,7,0,7,0,0,0,0,76,1,0
C:\Users\user\Desktop\STUFF A LOT OF 'EM\er\Design_Pattern\argouml\org\argouml\uml\ui\behavior\state_machines\ActionNewEvent.java,org.argouml.uml.ui.behavior.state_machines.ActionNewEvent,class,2,8,6,2,6,2,4,12,6,0.75,0.0,0.0,4,1,2,0,2,0,4,1,0,0,1,1,1,0,0,0,1,0,0,24,2,0,0,0,0,1,0,2,0,2,1,0,1,0,62,1025,0
C:\Users\user\Desktop\STUFF A LOT OF 'EM\er\Design_Pattern\argouml\org\argouml\moduleloader\SettingsTabModules.java,org.argouml.moduleloader.SettingsTabModules$ModuleTableModel,innerclass,1,1,0,1,12,2,0,3,28,0.0,0.0,0.0,8,0,8,0,0,0,8,0,0,0,0,0,0,0,0,0,0,0,2,38,8,1,0,0,0,0,7,6,0,2,1,0,0,0,28,0,0
C:\Users\user\Desktop\STUFF A LOT OF 'EM\er\Design_Pattern\argouml\org\argouml\uml\cognitive\critics\CrAssocNameConflict.java,org.argouml.uml.cognitive.critics.CrAssocNameConflict,class,2,3,1,2,6,3,0,10,1,0.0,0.0,0.0,2,0,2,0,0,0,2,0,0,0,0,0,0,0,0,0,0,0,0,17,3,1,1,0,1,0,0,2,0,2,2,0,0,0,45,1,0
C:\Users\user\Desktop\STUFF A LOT OF 'EM\er\Design_Pattern\argouml\org\argouml\uml\ui\behavior\common_behavior\ActionNewReturnAction.java,org.argouml.uml.ui.behavior.common_behavior.ActionNewReturnAction,class,2,4,2,2,3,3,0,4,3,0.6666667,0.0,0.0,3,1,1,0,2,0,3,0,0,0,1,1,0,1,0,0,1,0,0,13,2,0,0,0,0,1,0,1,0,1,0,0,0,0,21,1,0
C:\Users\user\Desktop\STUFF A LOT OF 'EM\er\Design_Pattern\argouml\org\argouml\uml\cognitive\critics\CrNodeInstanceInsideElement.java,org.argouml.uml.cognitive.critics.CrNodeInstanceInsideElement,class,9,11,2,9,12,3,0,15,10,0.0,0.0,0.0,5,0,5,0,0,0,5,0,0,0,0,0,0,0,0,0,0,0,0,47,7,1,3,0,2,0,0,15,0,14,3,0,0,0,92,1,0
C:\Users\user\Desktop\STUFF A LOT OF 'EM\er\Design_Pattern\argouml\org\argouml\uml\cognitive\critics\CrNWayAgg.java,org.argouml.uml.cognitive.critics.CrNWayAgg,class,2,3,1,2,9,3,0,14,1,0.0,0.0,0.0,2,0,2,0,0,0,2,0,0,0,0,0,0,0,0,0,0,0,0,30,5,1,1,0,3,2,1,4,0,4,2,0,0,0,155,1,0
C:\Users\user\Desktop\STUFF A LOT OF 'EM\er\Design_Pattern\argouml\org\argouml\cognitive\critics\ui\CriticBrowserDialog.java,org.argouml.cognitive.critics.ui.CriticBrowserDialog$Anonymous1,anonymous,1,1,0,1,1,1,0,2,0,0.0,NaN,NaN,1,0,1,0,0,0,1,0,0,0,0,0,0,0,0,0,0,0,0,5,1,0,0,0,2,0,0,0,0,0,0,0,0,0,5,-1,0
C:\Users\user\Desktop\STUFF A LOT OF 'EM\er\Design_Pattern\argouml\org\argouml\uml\ui\behavior\state_machines\PropPanelChangeEvent.java,org.argouml.uml.ui.behavior.state_machines.PropPanelChangeEvent,class,5,5,0,5,2,5,0,4,1,0.0,0.0,0.0,2,0,2,0,0,0,2,0,0,0,0,0,0,0,0,0,0,0,3,10,0,0,0,0,0,3,0,0,0,0,0,0,0,0,16,1,0
C:\Users\user\Desktop\STUFF A LOT OF 'EM\er\Design_Pattern\argouml\org\argouml\ui\AboutBox.java,org.argouml.ui.AboutBox,class,6,8,2,6,6,6,0,34,10,0.8,0.0,0.0,5,0,3,2,0,0,3,0,1,0,3,1,0,3,0,0,1,0,4,67,2,1,0,0,1,23,20,16,11,13,1,0,0,0,107,1,0
C:\Users\user\Desktop\STUFF A LOT OF 'EM\er\Design_Pattern\argouml\org\argouml\uml\ui\behavior\collaborations\PropPanelInteraction.java,org.argouml.uml.ui.behavior.collaborations.PropPanelInteraction,class,10,10,0,10,1,4,0,10,0,0.0,NaN,NaN,1,0,1,0,0,0,1,0,0,0,0,0,0,0,0,0,0,0,3,20,0,0,0,0,0,8,1,4,0,4,0,0,0,0,30,1,0
C:\Users\user\Desktop\STUFF A LOT OF 'EM\er\Design_Pattern\argouml\org\argouml\ui\CmdSetMode.java,org.argouml.ui.CmdSetMode,class,5,6,1,5,13,2,0,6,55,0.90909094,0.0,0.0,11,0,10,1,0,0,10,0,0,0,1,1,0,1,0,0,1,0,3,47,0,0,0,0,0,3,0,3,1,2,1,0,0,0,76,1,0
C:\Users\user\Desktop\STUFF A LOT OF 'EM\er\Design_Pattern\argouml\org\argouml\ui\explorer\rules\GoGeneralizableElementToSpecialized.java,org.argouml.ui.explorer.rules.GoGeneralizableElementToSpecialized,class,2,3,1,2,5,2,0,5,3,0.0,0.0,0.0,3,0,3,0,0,0,3,0,0,0,0,0,0,0,0,0,0,0,1,19,5,0,0,0,0,1,0,1,0,1,1,0,0,0,26,1,0
C:\Users\user\Desktop\STUFF A LOT OF 'EM\er\Design_Pattern\argouml\org\argouml\ui\ExceptionDialog.java,org.argouml.ui.ExceptionDialog,class,2,4,2,2,4,6,0,22,6,0.75,0.0,0.0,4,0,3,1,0,0,3,0,0,0,2,0,0,2,0,0,0,0,2,49,0,0,0,0,0,6,8,11,7,10,0,1,0,0,84,1,0
C:\Users\user\Desktop\STUFF A LOT OF 'EM\er\Design_Pattern\argouml\org\argouml\i18n\Translator.java,org.argouml.i18n.Translator,class,2,106,104,2,13,1,0,21,43,0.8666666,0.0,0.0,10,9,8,2,0,0,8,0,0,0,3,3,0,3,0,0,1,0,7,64,8,0,2,1,0,16,1,11,1,8,1,0,0,0,130,1,0
C:\Users\user\Desktop\STUFF A LOT OF 'EM\er\Design_Pattern\argouml\org\argouml\uml\ui\foundation\core\PropPanelAssociationEnd.java,org.argouml.uml.ui.foundation.core.PropPanelAssociationEnd,class,33,34,1,33,18,4,0,37,27,0.79333335,0.0,0.0,10,0,4,0,6,0,10,0,0,0,15,1,0,15,0,0,0,0,7,114,3,0,3,0,1,16,3,23,0,21,2,0,0,0,198,1,0
C:\Users\user\Desktop\STUFF A LOT OF 'EM\er\Design_Pattern\argouml\org\argouml\model\uml\UmlModelEventPump.java,org.argouml.model.uml.EventKey,class,1,7,6,1,19,1,0,8,20,0.7916667,0.0,0.0,8,0,6,2,0,0,6,0,0,0,3,1,0,2,0,1,1,0,0,47,5,0,6,0,2,1,3,8,1,5,2,0,0,0,46,0,0
C:\Users\user\Desktop\STUFF A LOT OF 'EM\er\Design_Pattern\argouml\org\argouml\ui\cmd\GenericArgoMenuBar.java,org.argouml.ui.cmd.GenericArgoMenuBar,class,44,47,3,44,45,5,0,57,281,0.92548066,0.0,0.0,26,4,11,11,3,1,15,0,3,0,16,2,0,16,0,0,2,0,122,383,7,2,7,0,13,99,16,120,8,101,3,0,0,0,346,1,0
C:\Users\user\Desktop\STUFF A LOT OF 'EM\er\Design_Pattern\argouml\org\argouml\uml\ui\ActionAddTopLevelPackage.java,org.argouml.uml.ui.ActionAddTopLevelPackage,class,4,5,1,4,2,2,0,11,1,0.5,0.0,0.0,2,0,2,0,0,0,2,0,0,0,1,1,1,0,0,0,1,0,0,16,0,0,0,0,1,2,1,5,2,5,0,0,0,0,31,1,0
C:\Users\user\Desktop\STUFF A LOT OF 'EM\er\Design_Pattern\argouml\org\argouml\uml\reveng\java\ClassifierNotFoundException.java,org.argouml.uml.reveng.java.ClassifierNotFoundException,class,0,1,1,0,1,3,0,0,0,0.0,NaN,NaN,1,0,1,0,0,0,1,0,0,0,0,0,0,0,0,0,0,0,0,5,0,0,0,0,0,1,0,0,1,0,0,0,0,0,20,0,0
C:\Users\user\Desktop\STUFF A LOT OF 'EM\er\Design_Pattern\argouml\org\argouml\cognitive\ui\TabToDoTarget.java,org.argouml.cognitive.ui.TabToDoTarget,interface,1,5,4,1,0,1,0,0,0,0.0,-1.0,-1.0,0,0,0,0,0,0,0,0,0,0,0,0,0,0,0,0,0,0,0,2,0,0,0,0,0,0,0,0,0,0,0,0,0,0,15,1,0
C:\Users\user\Desktop\STUFF A LOT OF 'EM\er\Design_Pattern\argouml\org\argouml\uml\ui\behavior\common_behavior\UMLReceptionSignalComboBox.java,org.argouml.uml.ui.behavior.common_behavior.UMLReceptionSignalComboBox,class,3,4,1,3,3,6,0,8,1,0.0,0.0,0.0,2,0,1,0,1,0,2,0,0,0,0,0,0,0,0,0,0,0,0,13,0,0,1,0,0,0,0,3,0,3,1,0,0,0,37,1,0
C:\Users\user\Desktop\STUFF A LOT OF 'EM\er\Design_Pattern\argouml\org\argouml\uml\diagram\ui\FigCompartment.java,org.argouml.uml.diagram.ui.FigCompartment,class,1,4,3,1,2,2,2,0,1,0.0,0.0,0.0,2,0,2,0,0,0,2,0,0,0,0,0,0,0,0,0,0,0,0,8,1,0,0,0,0,0,0,1,0,0,0,0,0,0,11,1025,0
C:\Users\user\Desktop\STUFF A LOT OF 'EM\er\Design_Pattern\argouml\org\argouml\uml\reveng\Import.java,org.argouml.uml.reveng.ImportClasspathDialog,class,7,10,3,7,4,6,0,23,0,0.5714286,NaN,NaN,3,0,1,2,0,0,1,0,0,0,7,1,0,7,0,0,1,0,2,113,0,1,0,0,0,5,13,13,6,13,1,0,3,0,56,0,0
C:\Users\user\Desktop\STUFF A LOT OF 'EM\er\Design_Pattern\argouml\org\argouml\uml\ui\behavior\use_cases\ActionNewExtendExtensionPoint.java,org.argouml.uml.ui.behavior.use_cases.ActionNewExtendExtensionPoint,class,2,3,1,2,3,2,0,9,1,1.0,0.0,0.0,2,0,1,0,1,0,2,0,0,0,1,1,1,0,0,0,1,0,0,13,0,0,0,0,0,0,0,2,0,2,1,0,0,0,28,1,0
C:\Users\user\Desktop\STUFF A LOT OF 'EM\er\Design_Pattern\argouml\org\argouml\ui\cmd\ActionShowXMLDump.java,org.argouml.ui.cmd.ActionShowXMLDump,class,5,6,1,5,2,2,0,16,1,0.5,0.0,0.0,2,0,2,0,0,0,2,0,0,0,1,1,0,1,0,0,1,0,5,22,0,0,0,0,0,2,6,6,0,6,0,0,0,0,42,0,0
C:\Users\user\Desktop\STUFF A LOT OF 'EM\er\Design_Pattern\argouml\org\argouml\language\java\generator\JavaUML.java,org.argouml.language.java.generator.JavaUML,class,2,3,1,2,2,1,0,8,0,0.0,NaN,NaN,1,1,0,1,0,0,1,0,0,0,23,23,0,23,0,0,22,0,22,52,1,0,0,0,0,22,0,23,0,23,0,0,0,0,63,1,0
C:\Users\user\Desktop\STUFF A LOT OF 'EM\er\Design_Pattern\argouml\org\argouml\uml\diagram\sequence\ui\ActionAddObject.java,org.argouml.uml.diagram.sequence.ui.ActionAddObject,class,4,4,0,4,3,2,0,10,1,0.0,0.0,0.0,2,0,2,0,0,0,2,0,0,0,0,0,0,0,0,0,0,0,0,19,1,0,0,0,0,3,0,5,1,5,1,0,0,0,32,1,0
C:\Users\user\Desktop\STUFF A LOT OF 'EM\er\Design_Pattern\argouml\org\argouml\uml\ui\behavior\state_machines\UMLTransitionGuardListModel.java,org.argouml.uml.ui.behavior.state_machines.UMLTransitionGuardListModel,class,1,2,1,1,4,4,0,5,3,0.0,0.0,0.0,3,0,1,0,2,0,3,0,0,0,0,0,0,0,0,0,0,0,0,12,1,0,1,0,0,1,0,0,0,0,0,0,0,0,22,1,0
C:\Users\user\Desktop\STUFF A LOT OF 'EM\er\Design_Pattern\argouml\org\argouml\uml\ui\UMLLinkMouseListener.java,org.argouml.uml.ui.UMLLinkMouseListener,class,0,1,1,0,10,1,0,8,19,0.71428573,0.0,0.0,7,0,6,1,0,0,6,0,0,0,2,0,0,2,0,0,0,0,1,28,0,0,0,0,0,0,1,4,0,3,2,0,0,0,56,1,0
C:\Users\user\Desktop\STUFF A LOT OF 'EM\er\Design_Pattern\argouml\org\argouml\uml\generator\ParserDisplay.java,org.argouml.uml.generator.ParserDisplay$ModelElementInfoList,innerclass,2,2,0,2,9,1,0,11,0,0.0,0.0,0.0,4,0,0,0,0,4,4,0,0,0,1,0,0,1,0,0,0,0,0,64,3,3,0,0,0,0,0,7,0,7,2,0,1,0,86,0,0
C:\Users\user\Desktop\STUFF A LOT OF 'EM\er\Design_Pattern\argouml\org\argouml\uml\ui\foundation\core\ActionSetModelElementNamespace.java,org.argouml.uml.ui.foundation.core.ActionSetModelElementNamespace,class,3,5,2,3,9,3,0,11,3,0.6666667,0.0,0.0,3,1,2,0,1,0,3,0,0,0,1,1,0,1,0,0,1,0,0,31,1,0,3,0,0,1,0,11,0,7,2,0,0,0,36,1,0
C:\Users\user\Desktop\STUFF A LOT OF 'EM\er\Design_Pattern\argouml\org\argouml\uml\diagram\ui\FigNodeAssociation.java,org.argouml.uml.diagram.ui.FigNodeAssociation$Anonymous1,anonymous,6,6,0,6,2,1,0,14,0,0.0,NaN,NaN,1,0,1,0,0,0,1,0,0,0,0,0,0,0,0,0,0,0,0,20,0,0,0,0,0,0,0,7,0,6,1,0,0,0,17,-1,0
C:\Users\user\Desktop\STUFF A LOT OF 'EM\er\Design_Pattern\argouml\org\argouml\uml\ui\foundation\core\PropPanelClassifier.java,org.argouml.uml.ui.foundation.core.PropPanelClassifier,class,25,35,10,25,40,5,9,25,251,0.95507264,0.0,0.0,23,0,20,1,2,0,22,0,0,0,30,14,0,30,0,0,0,0,0,186,16,0,14,0,0,3,0,59,0,59,1,0,0,0,119,1025,0
C:\Users\user\Desktop\STUFF A LOT OF 'EM\er\Design_Pattern\argouml\org\argouml\uml\ui\behavior\common_behavior\PropPanelSignal.java,org.argouml.uml.ui.behavior.common_behavior.PropPanelSignal,class,13,13,0,13,1,5,0,9,0,0.0,NaN,NaN,1,0,1,0,0,0,1,0,0,0,0,0,0,0,0,0,0,0,4,34,0,0,0,0,0,8,0,2,0,2,0,0,1,0,36,1,0
C:\Users\user\Desktop\STUFF A LOT OF 'EM\er\Design_Pattern\argouml\org\argouml\cognitive\critics\StandardCM.java,org.argouml.cognitive.critics.StandardCM,class,6,7,1,6,1,3,0,1,0,0.0,NaN,NaN,1,0,1,0,0,0,1,0,0,0,0,0,0,0,0,0,0,0,0,8,0,0,0,0,0,0,0,0,0,0,0,0,0,0,40,1,0
C:\Users\user\Desktop\STUFF A LOT OF 'EM\er\Design_Pattern\argouml\org\argouml\uml\generator\GeneratorDisplay.java,org.argouml.uml.generator.GeneratorDisplay$MsgPtr,innerclass,0,0,0,0,0,1,0,0,0,NaN,-1.0,-1.0,0,0,0,0,0,0,0,0,0,0,1,0,1,0,0,0,0,0,0,3,0,0,0,0,0,0,0,0,0,1,0,0,0,0,4,0,0
C:\Users\user\Desktop\STUFF A LOT OF 'EM\er\Design_Pattern\argouml\org\argouml\uml\ui\foundation\core\UMLDiagramNameDocument.java,org.argouml.uml.ui.foundation.core.UMLDiagramNameDocument,class,2,2,0,2,6,4,0,5,3,0.0,0.0,0.0,3,0,1,0,2,0,3,0,0,0,0,0,0,0,0,0,0,0,0,22,2,0,0,1,2,2,0,2,0,2,2,0,0,0,18,1,0
C:\Users\user\Desktop\STUFF A LOT OF 'EM\er\Design_Pattern\argouml\org\argouml\cognitive\ui\GoListToTypeToItem.java,org.argouml.cognitive.ui.GoListToTypeToItem,class,6,9,3,6,23,2,0,13,21,0.0,0.0,0.0,7,0,7,0,0,0,7,0,0,0,0,0,0,0,0,0,0,0,6,62,11,3,1,0,0,2,5,11,1,11,4,0,0,0,50,1,0
C:\Users\user\Desktop\STUFF A LOT OF 'EM\er\Design_Pattern\argouml\org\argouml\ui\StatusBar.java,org.argouml.ui.StatusBar,class,1,7,6,1,9,5,0,19,0,0.5,0.0,0.0,6,0,6,0,0,0,6,0,0,2,3,0,0,3,0,0,0,0,0,59,0,1,0,2,0,4,16,6,3,6,2,0,0,0,59,1,0
C:\Users\user\Desktop\STUFF A LOT OF 'EM\er\Design_Pattern\argouml\org\argouml\uml\ui\behavior\collaborations\PropPanelClassifierRole.java,org.argouml.uml.ui.behavior.collaborations.PropPanelClassifierRole,class,18,19,1,18,4,6,0,16,1,0.5,0.0,0.0,2,0,1,0,1,0,2,0,0,0,2,1,0,2,0,0,0,0,4,36,1,0,2,0,0,14,0,5,0,5,2,0,0,0,57,1,0
C:\Users\user\Desktop\STUFF A LOT OF 'EM\er\Design_Pattern\argouml\org\argouml\uml\ui\behavior\common_behavior\PropPanelUninterpretedAction.java,org.argouml.uml.ui.behavior.common_behavior.PropPanelUninterpretedAction,class,2,2,0,2,1,5,0,1,0,0.0,NaN,NaN,1,0,1,0,0,0,1,0,0,0,0,0,0,0,0,0,0,0,1,5,0,0,0,0,0,2,0,0,0,0,0,0,0,0,17,1,0
C:\Users\user\Desktop\STUFF A LOT OF 'EM\er\Design_Pattern\argouml\org\argouml\uml\cognitive\critics\CrMultipleShallowHistoryStates.java,org.argouml.uml.cognitive.critics.CrMultipleShallowHistoryStates,class,7,9,2,7,17,3,0,21,8,0.6,0.0,0.0,5,0,4,0,1,0,5,0,0,0,1,1,0,1,0,0,1,0,0,55,10,2,2,0,1,4,2,17,0,17,2,0,0,0,72,1,2
C:\Users\user\Desktop\STUFF A LOT OF 'EM\er\Design_Pattern\argouml\org\argouml\persistence\XmiFilePersister.java,org.argouml.persistence.XmiFilePersister,class,13,15,2,13,18,3,0,28,10,0.8,0.0,0.0,5,0,4,0,1,0,5,0,0,0,1,1,0,1,0,0,1,0,4,83,3,1,0,5,1,10,1,14,2,12,4,0,0,0,105,1,3
C:\Users\user\Desktop\STUFF A LOT OF 'EM\er\Design_Pattern\argouml\org\argouml\application\StartCritics.java,org.argouml.application.StartCritics,class,10,12,2,10,2,1,0,24,0,0.0,NaN,NaN,1,0,1,0,0,0,1,0,0,0,1,1,0,1,0,0,1,0,9,38,0,1,0,0,1,2,0,5,0,5,1,0,0,0,29,1,1
C:\Users\user\Desktop\STUFF A LOT OF 'EM\er\Design_Pattern\argouml\org\argouml\uml\ui\SourcePathTableModel.java,org.argouml.uml.ui.SourcePathTableModel,class,3,7,4,3,15,3,0,18,13,0.79999995,0.0,0.0,6,0,6,0,0,0,6,0,0,0,5,5,0,1,0,4,5,0,0,65,5,2,4,0,0,13,4,22,3,16,5,0,0,0,92,0,2
C:\Users\user\Desktop\STUFF A LOT OF 'EM\er\Design_Pattern\argouml\org\argouml\cognitive\ui\GoListToPosterToItem.java,org.argouml.cognitive.ui.GoListToPosterToItem,class,7,10,3,7,17,2,0,15,28,0.0,0.0,0.0,8,0,8,0,0,0,8,0,0,0,0,0,0,0,0,0,0,0,2,43,9,1,4,0,3,0,3,9,0,9,3,0,0,0,53,1,0
C:\Users\user\Desktop\STUFF A LOT OF 'EM\er\Design_Pattern\argouml\org\argouml\ui\explorer\rules\GoCollaborationToInteraction.java,org.argouml.ui.explorer.rules.GoCollaborationToInteraction,class,2,3,1,2,5,2,0,5,3,0.0,0.0,0.0,3,0,3,0,0,0,3,0,0,0,0,0,0,0,0,0,0,0,1,17,5,0,0,0,0,1,0,1,0,1,1,0,0,0,18,1,0
C:\Users\user\Desktop\STUFF A LOT OF 'EM\er\Design_Pattern\argouml\org\argouml\persistence\OpenException.java,org.argouml.persistence.OpenException,class,1,9,8,1,3,4,1,0,3,0.0,0.0,0.0,3,0,3,0,0,0,3,0,0,0,0,0,0,0,0,0,0,0,0,11,0,0,0,0,0,0,0,0,0,0,0,0,0,0,25,1,0
C:\Users\user\Desktop\STUFF A LOT OF 'EM\er\Design_Pattern\argouml\org\argouml\uml\diagram\use_case\ui\FigUseCase.java,org.argouml.uml.diagram.use_case.ui.FigUseCase,class,21,26,5,21,104,4,0,125,320,0.85493827,0.0,0.0,36,0,24,6,6,0,30,0,0,0,9,3,0,7,2,0,3,0,19,453,32,9,24,0,59,8,97,111,91,84,4,0,1,0,517,1,0
C:\Users\user\Desktop\STUFF A LOT OF 'EM\er\Design_Pattern\argouml\org\argouml\uml\diagram\collaboration\ui\FigAssociationRole.java,org.argouml.uml.diagram.collaboration.ui.FigAssociationRole,class,6,9,3,6,6,4,0,13,4,0.4,0.0,0.0,5,0,4,0,1,0,5,0,0,0,1,0,0,1,0,0,0,0,0,28,1,0,1,0,0,0,2,3,0,3,1,0,0,0,64,1,0
C:\Users\user\Desktop\STUFF A LOT OF 'EM\er\Design_Pattern\argouml\org\argouml\uml\diagram\ui\UMLDiagram.java,org.argouml.uml.diagram.ui.UMLDiagram,class,22,55,33,22,48,2,7,53,350,0.947479,0.0,0.0,28,0,19,4,5,0,24,2,0,0,17,14,0,16,0,1,2,0,4,207,15,4,3,1,5,26,11,58,2,51,3,0,0,0,318,1025,2
C:\Users\user\Desktop\STUFF A LOT OF 'EM\er\Design_Pattern\argouml\org\argouml\uml\diagram\use_case\ui\SelectionActor.java,org.argouml.uml.diagram.use_case.ui.SelectionActor,class,12,14,2,12,19,4,0,33,19,0.78571427,0.0,0.0,7,0,4,0,3,0,7,0,0,0,2,2,0,2,0,0,1,0,0,98,8,0,5,0,0,5,17,46,15,33,1,0,0,0,85,1,1
C:\Users\user\Desktop\STUFF A LOT OF 'EM\er\Design_Pattern\argouml\org\argouml\uml\ui\foundation\core\PropPanelUsage.java,org.argouml.uml.ui.foundation.core.PropPanelUsage,class,7,7,0,7,1,6,0,11,0,0.0,NaN,NaN,1,0,1,0,0,0,1,0,0,0,0,0,0,0,0,0,0,0,2,14,0,0,0,0,0,7,0,0,0,0,0,0,0,0,19,1,0
C:\Users\user\Desktop\STUFF A LOT OF 'EM\er\Design_Pattern\argouml\org\argouml\uml\ui\foundation\core\ActionSetGeneralizableElementAbstract.java,org.argouml.uml.ui.foundation.core.ActionSetGeneralizableElementAbstract,class,3,5,2,3,6,3,0,10,3,0.6666667,0.0,0.0,3,1,2,0,1,0,3,0,0,0,1,1,0,1,0,0,1,0,0,19,1,0,0,0,0,1,0,3,0,3,2,0,0,0,30,1,0
C:\Users\user\Desktop\STUFF A LOT OF 'EM\er\Design_Pattern\argouml\org\argouml\uml\reveng\Import.java,org.argouml.uml.reveng.Import$ImportRun,innerclass,8,8,0,8,23,1,0,44,0,0.46875,0.0,0.0,4,0,2,2,0,0,2,0,0,0,8,0,0,8,0,0,0,0,3,125,3,1,6,1,1,15,19,25,13,20,4,1,0,0,116,0,3
C:\Users\user\Desktop\STUFF A LOT OF 'EM\er\Design_Pattern\argouml\org\argouml\ui\StylePanel.java,org.argouml.ui.StylePanel,class,9,14,5,9,22,6,1,19,114,0.875,0.0,0.0,16,0,15,0,1,0,16,0,0,0,2,1,0,2,0,0,1,0,2,76,6,0,1,0,4,1,4,14,1,7,4,0,0,0,89,1,1
C:\Users\user\Desktop\STUFF A LOT OF 'EM\er\Design_Pattern\argouml\org\argouml\uml\diagram\sequence\ui\FigCreateActionLink.java,org.argouml.uml.diagram.sequence.ui.FigCreateActionLink,class,1,2,1,1,3,4,0,0,3,0.0,0.0,0.0,3,0,2,0,1,0,3,0,0,0,0,0,0,0,0,0,0,0,0,10,0,0,0,0,0,0,0,0,0,0,0,0,0,0,11,1,0
C:\Users\user\Desktop\STUFF A LOT OF 'EM\er\Design_Pattern\argouml\org\argouml\uml\ui\ActionSaveGraphics.java,org.argouml.uml.ui.ActionSaveGraphics,class,14,15,1,14,32,2,0,35,8,0.76666665,0.0,0.0,5,0,4,1,0,0,4,0,0,0,6,6,0,6,0,0,6,0,1,121,9,0,8,2,3,15,2,36,8,26,4,0,0,0,156,1,3
C:\Users\user\Desktop\STUFF A LOT OF 'EM\er\Design_Pattern\argouml\org\argouml\uml\ui\behavior\state_machines\ActionNewFinalState.java,org.argouml.uml.ui.behavior.state_machines.ActionNewFinalState,class,2,4,2,2,3,2,0,6,3,0.6666667,0.0,0.0,3,1,2,0,1,0,3,0,0,0,1,1,0,1,0,0,0,0,0,14,1,0,0,0,0,1,0,1,0,1,0,0,0,0,21,1,0
C:\Users\user\Desktop\STUFF A LOT OF 'EM\er\Design_Pattern\argouml\org\argouml\uml\ui\UMLTextField2.java,org.argouml.uml.ui.UMLTextField2,class,3,8,5,3,3,6,0,7,3,0.0,0.0,0.0,3,0,3,0,0,0,3,0,0,0,0,0,0,0,0,0,0,0,0,16,1,0,0,0,1,0,1,0,0,0,0,0,0,0,32,1,0
C:\Users\user\Desktop\STUFF A LOT OF 'EM\er\Design_Pattern\argouml\org\argouml\uml\cognitive\critics\CrNoOperations.java,org.argouml.uml.cognitive.critics.CrNoOperations,class,8,10,2,8,22,3,0,24,15,0.0,0.0,0.0,6,0,5,1,0,0,5,0,0,0,0,0,0,0,0,0,0,0,1,45,13,2,2,0,6,4,3,5,1,5,3,0,0,0,74,1,0
C:\Users\user\Desktop\STUFF A LOT OF 'EM\er\Design_Pattern\argouml\org\argouml\uml\ui\foundation\core\ActionNewModelElementConstraint.java,org.argouml.uml.ui.foundation.core.ActionNewModelElementConstraint,class,2,4,2,2,3,2,0,4,3,0.6666667,0.0,0.0,3,1,2,0,1,0,3,0,0,0,1,1,0,1,0,0,1,0,0,13,1,0,0,0,0,0,0,1,0,1,0,0,0,0,26,1,0
C:\Users\user\Desktop\STUFF A LOT OF 'EM\er\Design_Pattern\argouml\org\argouml\pattern\cognitive\critics\CrSingletonViolatedMissingStaticAttr.java,org.argouml.pattern.cognitive.critics.CrSingletonViolatedMissingStaticAttr,class,2,2,0,2,7,2,0,13,1,0.0,0.0,0.0,2,0,2,0,0,0,2,0,0,0,0,0,0,0,0,0,0,0,0,29,4,1,1,0,3,3,0,2,0,2,2,0,0,0,146,1,0
C:\Users\user\Desktop\STUFF A LOT OF 'EM\er\Design_Pattern\argouml\org\argouml\ui\NavigatorPane.java,org.argouml.ui.NavigatorPane$ActionPerspectiveConfig,innerclass,3,3,0,3,2,2,0,2,1,0.0,0.0,0.0,2,0,2,0,0,0,2,0,0,0,0,0,0,0,0,0,0,0,1,9,0,0,0,0,0,1,0,1,0,1,0,0,0,0,13,0,0
C:\Users\user\Desktop\STUFF A LOT OF 'EM\er\Design_Pattern\argouml\org\argouml\uml\cognitive\critics\AbstractCrUnconventionalName.java,org.argouml.uml.cognitive.critics.AbstractCrUnconventionalName,class,1,5,4,1,1,2,4,0,0,0.0,NaN,NaN,1,0,1,0,0,0,1,1,0,0,0,0,0,0,0,0,0,0,0,3,0,0,0,0,0,0,0,0,0,0,0,0,0,0,32,1025,0
C:\Users\user\Desktop\STUFF A LOT OF 'EM\er\Design_Pattern\argouml\org\argouml\uml\diagram\activity\ui\FigSubactivityState.java,org.argouml.uml.diagram.activity.ui.FigSubactivityState,class,8,11,3,8,26,4,0,48,37,0.8851853,0.0,0.0,18,0,14,1,3,0,17,0,0,0,15,10,0,15,0,0,10,0,2,135,8,0,7,0,9,5,45,24,57,24,2,0,0,0,124,1,0
C:\Users\user\Desktop\STUFF A LOT OF 'EM\er\Design_Pattern\argouml\org\argouml\uml\ui\AbstractActionSaveProject.java,org.argouml.uml.ui.AbstractActionSaveProject,class,7,12,5,7,12,2,1,27,6,0.75,0.0,0.0,4,0,2,0,2,0,4,0,0,0,1,1,0,1,0,0,1,0,10,58,4,0,3,1,0,14,0,14,2,13,3,0,0,0,78,1025,5
C:\Users\user\Desktop\STUFF A LOT OF 'EM\er\Design_Pattern\argouml\org\argouml\uml\ui\UMLAddDialog.java,org.argouml.uml.ui.UMLAddDialog$Anonymous1,anonymous,1,1,0,1,1,1,0,1,0,0.0,NaN,NaN,1,0,1,0,0,0,1,0,0,0,0,0,0,0,0,0,0,0,0,5,0,0,0,0,0,0,0,0,0,0,0,0,0,0,6,-1,0
C:\Users\user\Desktop\STUFF A LOT OF 'EM\er\Design_Pattern\argouml\org\argouml\uml\diagram\ui\FigNote.java,org.argouml.uml.diagram.ui.FigNote,class,3,3,0,3,4,3,0,15,6,1.0,0.0,0.0,4,0,4,0,0,0,4,0,0,0,1,1,0,1,0,0,1,0,0,33,1,0,0,0,0,2,5,11,0,7,0,0,0,0,79,1,0
C:\Users\user\Desktop\STUFF A LOT OF 'EM\er\Design_Pattern\argouml\org\argouml\uml\ui\foundation\core\UMLAssociationAssociationRoleListModel.java,org.argouml.uml.ui.foundation.core.UMLAssociationAssociationRoleListModel,class,1,2,1,1,4,4,0,6,3,0.0,0.0,0.0,3,0,1,0,2,0,3,0,0,0,0,0,0,0,0,0,0,0,0,13,1,0,1,0,0,1,0,0,0,0,1,0,0,0,22,1,0
C:\Users\user\Desktop\STUFF A LOT OF 'EM\er\Design_Pattern\argouml\org\argouml\application\api\PluggableDiagram.java,org.argouml.application.api.PluggableDiagram,interface,1,2,1,1,1,1,0,0,0,0.0,NaN,NaN,1,0,0,0,0,1,1,0,0,0,0,0,0,0,0,0,0,0,0,3,0,0,0,0,0,0,0,0,0,0,0,0,0,0,29,1,0
C:\Users\user\Desktop\STUFF A LOT OF 'EM\er\Design_Pattern\argouml\org\argouml\uml\ui\foundation\core\ActionSetAssociationEndAggregation.java,org.argouml.uml.ui.foundation.core.ActionSetAssociationEndAggregation,class,3,5,2,3,7,3,0,15,3,0.75000006,0.0,0.0,3,1,2,0,1,0,3,0,0,0,4,4,3,1,0,0,4,0,0,34,1,0,0,0,1,4,0,12,0,9,3,0,0,0,45,1,0
C:\Users\user\Desktop\STUFF A LOT OF 'EM\er\Design_Pattern\argouml\org\argouml\ui\explorer\rules\GoDiagramToEdge.java,org.argouml.ui.explorer.rules.GoDiagramToEdge,class,3,4,1,3,4,2,0,2,3,0.0,0.0,0.0,3,0,3,0,0,0,3,0,0,0,0,0,0,0,0,0,0,0,1,14,4,0,0,0,1,1,0,0,0,0,1,0,0,0,16,1,0
C:\Users\user\Desktop\STUFF A LOT OF 'EM\er\Design_Pattern\argouml\org\argouml\uml\diagram\static_structure\layout\ClassdiagramModelElementFactory.java,org.argouml.uml.diagram.static_structure.layout.ClassdiagramModelElementFactory,class,16,18,2,16,8,1,0,4,1,0.75,NaN,NaN,2,0,1,1,0,0,1,0,0,0,2,2,1,1,0,0,2,0,0,16,7,0,0,0,5,2,0,2,1,2,1,0,0,0,56,1,1
C:\Users\user\Desktop\STUFF A LOT OF 'EM\er\Design_Pattern\argouml\org\argouml\uml\diagram\ui\OperationsCompartmentContainer.java,org.argouml.uml.diagram.ui.OperationsCompartmentContainer,interface,0,4,4,0,3,1,0,0,3,0.0,0.0,0.0,3,0,0,0,0,3,3,0,0,0,0,0,0,0,0,0,0,0,0,5,0,0,0,0,0,0,0,0,0,0,0,0,0,0,32,1,0
C:\Users\user\Desktop\STUFF A LOT OF 'EM\er\Design_Pattern\argouml\org\argouml\uml\cognitive\critics\WizOperName.java,org.argouml.uml.cognitive.critics.WizOperName,class,6,8,2,6,42,4,0,41,7,0.7460318,0.0,0.0,7,1,5,2,0,0,5,0,0,0,9,1,0,9,0,0,1,0,2,172,17,2,10,1,3,10,16,38,0,26,5,0,0,0,180,1,1
C:\Users\user\Desktop\STUFF A LOT OF 'EM\er\Design_Pattern\argouml\org\argouml\uml\diagram\use_case\ui\FigExtend.java,org.argouml.uml.diagram.use_case.ui.FigExtend,class,6,8,2,6,8,3,0,28,11,0.7083334,0.0,0.0,6,0,4,0,2,0,6,0,0,0,4,0,0,4,0,0,0,0,2,66,2,0,2,0,0,2,10,6,1,6,1,0,0,0,156,1,0
C:\Users\user\Desktop\STUFF A LOT OF 'EM\er\Design_Pattern\argouml\org\argouml\uml\diagram\static_structure\ui\StylePanelFigClass.java,org.argouml.uml.diagram.static_structure.ui.StylePanelFigClass,class,3,4,1,3,10,2,0,23,9,0.625,0.0,0.0,6,0,6,0,0,0,6,0,0,0,4,0,0,4,0,0,0,0,0,68,0,0,2,0,2,4,10,23,0,10,2,0,0,0,69,1,0
C:\Users\user\Desktop\STUFF A LOT OF 'EM\er\Design_Pattern\argouml\org\argouml\ui\cmd\ActionPrint.java,org.argouml.ui.cmd.ActionPrint,class,3,4,1,3,2,2,0,5,1,0.0,0.0,0.0,2,0,2,0,0,0,2,0,0,0,0,0,0,0,0,0,0,0,5,8,0,0,0,0,0,3,0,0,0,0,0,0,0,0,12,1,0
C:\Users\user\Desktop\STUFF A LOT OF 'EM\er\Design_Pattern\argouml\org\argouml\cognitive\ui\AbstractGoList.java,org.argouml.cognitive.ui.AbstractGoList,class,2,8,6,2,4,1,6,0,4,0.5,0.0,0.0,4,0,4,0,0,0,4,0,0,0,1,0,0,1,0,0,0,0,0,14,1,0,0,0,0,0,0,2,0,1,0,0,0,0,22,1025,0
C:\Users\user\Desktop\STUFF A LOT OF 'EM\er\Design_Pattern\argouml\org\argouml\uml\ui\behavior\collaborations\PropPanelMessage.java,org.argouml.uml.ui.behavior.collaborations.PropPanelMessage$ActionToolNewAction,innerclass,1,1,0,1,3,2,0,9,1,0.0,0.0,0.0,2,0,2,0,0,0,2,0,0,0,0,0,0,0,0,0,0,0,0,13,0,0,0,0,0,2,0,1,0,1,1,0,0,0,15,2,0
C:\Users\user\Desktop\STUFF A LOT OF 'EM\er\Design_Pattern\argouml\org\argouml\uml\diagram\static_structure\ui\FigInterface.java,org.argouml.uml.diagram.static_structure.ui.FigInterface,class,24,34,10,24,108,3,0,144,144,0.85714287,0.0,0.0,29,0,21,0,8,0,29,0,0,0,7,3,0,7,0,0,3,0,11,438,25,8,27,2,26,12,69,103,52,70,4,0,0,0,378,1,1
C:\Users\user\Desktop\STUFF A LOT OF 'EM\er\Design_Pattern\argouml\org\argouml\pattern\cognitive\critics\CrSingletonViolatedOnlyPrivateConstructors.java,org.argouml.pattern.cognitive.critics.CrSingletonViolatedOnlyPrivateConstructors,class,2,2,0,2,7,2,0,13,1,0.0,0.0,0.0,2,0,2,0,0,0,2,0,0,0,0,0,0,0,0,0,0,0,0,29,4,1,0,0,4,3,0,2,0,2,2,0,0,0,146,1,0
C:\Users\user\Desktop\STUFF A LOT OF 'EM\er\Design_Pattern\argouml\org\argouml\persistence\XMLTokenTableBase.java,org.argouml.persistence.XMLTokenTableBase,class,3,8,5,3,15,1,2,10,3,0.7142857,0.0,0.0,7,0,5,0,2,0,7,1,1,0,6,1,0,6,0,0,1,0,0,48,5,0,1,0,0,4,4,13,3,8,2,0,0,0,62,1025,3
C:\Users\user\Desktop\STUFF A LOT OF 'EM\er\Design_Pattern\argouml\org\argouml\uml\diagram\sequence\ui\SequenceDiagramRenderer.java,org.argouml.uml.diagram.sequence.ui.SequenceDiagramRenderer,class,12,14,2,12,15,2,0,13,1,0.33333334,0.0,0.0,3,0,3,0,0,0,3,0,0,0,1,1,0,1,0,0,1,0,0,52,11,0,1,0,0,4,0,5,1,5,2,0,0,0,50,1,2
C:\Users\user\Desktop\STUFF A LOT OF 'EM\er\Design_Pattern\argouml\org\argouml\uml\ui\UMLComboBox2.java,org.argouml.uml.ui.UMLComboBox2,class,7,39,32,7,12,5,3,12,45,0.0,0.0,0.0,10,0,8,0,2,0,10,0,0,0,0,0,0,0,0,0,0,0,0,41,2,0,1,0,1,0,1,1,0,1,1,0,0,0,92,1,0
C:\Users\user\Desktop\STUFF A LOT OF 'EM\er\Design_Pattern\argouml\org\argouml\uml\diagram\ui\ActionAddAssociationRole.java,org.argouml.uml.diagram.ui.ActionAddAssociationRole,class,2,3,1,2,3,2,0,5,1,0.0,0.0,0.0,2,0,2,0,0,0,2,0,0,0,0,0,0,0,0,0,0,0,0,16,0,0,1,0,0,6,0,1,0,1,1,0,0,0,56,1,0
C:\Users\user\Desktop\STUFF A LOT OF 'EM\er\Design_Pattern\argouml\org\argouml\uml\ui\UMLEditableComboBox.java,org.argouml.uml.ui.UMLEditableComboBox,class,5,7,2,5,6,7,1,10,6,0.0,0.0,0.0,4,0,3,0,1,0,4,1,0,0,0,0,0,0,0,0,0,0,0,102,0,0,1,0,0,0,0,3,0,3,2,0,1,0,74,1025,0
C:\Users\user\Desktop\STUFF A LOT OF 'EM\er\Design_Pattern\argouml\org\argouml\ui\SettingsTabEnvironment.java,org.argouml.ui.SettingsTabEnvironment,class,6,7,1,6,10,6,0,15,39,0.8333333,0.0,0.0,10,0,10,0,0,0,10,0,0,0,9,0,0,9,0,0,0,0,10,109,6,0,0,0,0,16,31,38,1,12,0,0,0,0,78,1,0
C:\Users\user\Desktop\STUFF A LOT OF 'EM\er\Design_Pattern\argouml\org\argouml\uml\reveng\Import.java,org.argouml.uml.reveng.Import,class,9,17,8,9,34,11,0,63,90,0.89375,0.0,0.0,16,0,15,1,0,0,15,0,0,0,20,1,0,20,0,0,1,0,3,407,12,2,7,0,3,24,14,41,7,37,2,2,3,0,238,1,0
C:\Users\user\Desktop\STUFF A LOT OF 'EM\er\Design_Pattern\argouml\org\argouml\ui\Clarifier.java,org.argouml.ui.Clarifier,interface,2,5,3,2,3,1,0,0,3,0.0,0.0,0.0,3,0,3,0,0,0,3,0,0,0,0,0,0,0,0,0,0,0,0,5,0,0,0,0,0,0,0,0,0,0,0,0,0,0,43,1,0
C:\Users\user\Desktop\STUFF A LOT OF 'EM\er\Design_Pattern\argouml\org\argouml\uml\ui\behavior\common_behavior\ActionNewAction.java,org.argouml.uml.ui.behavior.common_behavior.ActionNewAction,class,2,11,9,2,14,2,7,19,6,0.75,0.0,0.0,4,1,2,0,2,0,4,1,0,0,1,1,1,0,0,0,1,0,0,51,6,0,0,0,0,1,0,2,0,2,1,0,1,0,54,1025,0
C:\Users\user\Desktop\STUFF A LOT OF 'EM\er\Design_Pattern\argouml\org\argouml\cognitive\critics\ControlMech.java,org.argouml.cognitive.critics.ControlMech,interface,2,10,8,2,1,1,0,0,0,0.0,NaN,NaN,1,0,0,0,0,1,1,0,0,0,0,0,0,0,0,0,0,0,0,3,0,0,0,0,0,0,0,0,0,0,0,0,0,0,35,1,0
C:\Users\user\Desktop\STUFF A LOT OF 'EM\er\Design_Pattern\argouml\org\argouml\uml\diagram\ui\ActionAddAssociation.java,org.argouml.uml.diagram.ui.ActionAddAssociation,class,2,5,3,2,1,2,0,3,0,0.0,NaN,NaN,1,0,1,0,0,0,1,0,0,0,0,0,0,0,0,0,0,0,0,7,0,0,0,0,0,3,0,0,0,0,0,0,0,0,44,1,0
C:\Users\user\Desktop\STUFF A LOT OF 'EM\er\Design_Pattern\argouml\org\argouml\uml\ui\SourcePathControllerImpl.java,org.argouml.uml.ui.SourcePathControllerImpl,class,4,6,2,4,12,1,0,23,15,0.5714286,0.0,0.0,7,0,7,0,0,0,7,0,0,0,1,1,0,1,0,0,1,0,0,44,5,2,3,0,0,2,1,10,0,10,2,0,0,0,65,1,0
C:\Users\user\Desktop\STUFF A LOT OF 'EM\er\Design_Pattern\argouml\org\argouml\moduleloader\ModuleInterface.java,org.argouml.moduleloader.ModuleInterface,interface,0,1,1,0,4,1,0,0,6,0.75,0.0,0.0,4,0,0,0,0,4,4,0,0,0,3,0,0,0,0,3,0,0,0,9,0,0,0,0,0,0,3,3,0,3,0,0,0,0,141,1,0
C:\Users\user\Desktop\STUFF A LOT OF 'EM\er\Design_Pattern\argouml\org\argouml\util\ConfigLoader.java,org.argouml.util.ConfigLoader,class,5,64,59,5,36,1,0,35,2,0.5833333,0.0,0.0,4,4,4,0,0,0,4,0,0,0,3,3,0,3,0,0,1,0,6,120,5,2,9,4,0,35,5,34,10,23,8,0,0,0,113,1,8
C:\Users\user\Desktop\STUFF A LOT OF 'EM\er\Design_Pattern\argouml\org\argouml\util\osdep\win32\Win32FileSystemView.java,org.argouml.util.osdep.win32.Win32FileSystemView$FileSystemRoot,innerclass,0,0,0,0,2,2,0,0,1,0.0,0.0,0.0,2,0,2,0,0,0,2,0,0,0,0,0,0,0,0,0,0,0,0,8,1,0,0,0,0,0,0,0,0,0,0,0,0,0,7,0,0
C:\Users\user\Desktop\STUFF A LOT OF 'EM\er\Design_Pattern\argouml\org\argouml\uml\cognitive\critics\CrMissingOperName.java,org.argouml.uml.cognitive.critics.CrMissingOperName,class,5,6,1,5,11,3,0,17,6,0.0,0.0,0.0,4,0,4,0,0,0,4,0,0,0,0,0,0,0,0,0,0,0,0,35,5,0,3,0,4,5,4,10,2,8,3,0,0,0,62,1,0
C:\Users\user\Desktop\STUFF A LOT OF 'EM\er\Design_Pattern\argouml\org\argouml\uml\UUIDHelper.java,org.argouml.uml.UUIDHelper,class,3,4,1,3,5,1,0,5,6,0.875,0.0,0.0,4,1,3,0,1,0,4,0,0,0,2,2,0,2,0,0,2,0,0,18,4,0,0,0,1,0,0,2,0,2,1,0,0,0,50,1,0
C:\Users\user\Desktop\STUFF A LOT OF 'EM\er\Design_Pattern\argouml\org\argouml\uml\diagram\sequence\LifeLinePort.java,org.argouml.uml.diagram.sequence.LifeLinePort,class,0,1,1,0,1,1,0,0,0,0.0,NaN,NaN,1,0,1,0,0,0,1,0,0,0,0,0,0,0,0,0,0,0,0,5,0,0,0,0,0,0,0,0,0,0,0,0,0,0,3,1,0
C:\Users\user\Desktop\STUFF A LOT OF 'EM\er\Design_Pattern\argouml\org\argouml\uml\ui\foundation\core\ActionSetParameterDirectionKind.java,org.argouml.uml.ui.foundation.core.ActionSetParameterDirectionKind,class,3,5,2,3,8,3,0,16,3,0.7333334,0.0,0.0,3,1,2,0,1,0,3,0,0,0,5,5,4,1,0,0,5,0,0,38,1,0,0,0,1,5,0,14,0,10,3,0,0,0,48,1,0
C:\Users\user\Desktop\STUFF A LOT OF 'EM\er\Design_Pattern\argouml\org\argouml\uml\ui\behavior\state_machines\PropPanelStateVertex.java,org.argouml.uml.ui.behavior.state_machines.PropPanelStateVertex,class,12,21,9,12,5,4,4,4,4,0.6,0.0,0.0,5,0,1,0,4,0,5,0,0,0,3,0,0,3,0,0,0,0,2,31,3,0,0,0,0,2,1,6,0,6,0,0,0,0,56,1025,0
C:\Users\user\Desktop\STUFF A LOT OF 'EM\er\Design_Pattern\argouml\org\argouml\uml\reveng\java\JavaRecognizer.java,org.argouml.uml.reveng.java.JavaRecognizer,class,13,15,2,13,1114,2,0,137,5933,0.9871038,0.0,0.0,110,22,74,24,2,10,86,0,90,0,43,35,35,8,0,0,35,0,22,3303,50,39,136,6,93,190,448,268,9,151,9,0,0,0,534,1,0
C:\Users\user\Desktop\STUFF A LOT OF 'EM\er\Design_Pattern\argouml\org\argouml\uml\cognitive\critics\CrMultipleAgg.java,org.argouml.uml.cognitive.critics.CrMultipleAgg,class,4,5,1,4,11,3,0,14,3,0.0,0.0,0.0,3,0,3,0,0,0,3,0,0,0,0,0,0,0,0,0,0,0,0,38,6,1,2,0,3,1,3,5,0,5,2,0,0,0,167,1,0
C:\Users\user\Desktop\STUFF A LOT OF 'EM\er\Design_Pattern\argouml\org\argouml\uml\ui\ActionAddPackage.java,org.argouml.uml.ui.ActionAddPackage,class,2,3,1,2,2,2,0,6,1,1.0,0.0,0.0,2,0,2,0,0,0,2,0,0,0,1,1,1,0,0,0,1,0,0,10,0,0,0,0,0,1,0,2,0,2,0,0,0,0,42,1,0
C:\Users\user\Desktop\STUFF A LOT OF 'EM\er\Design_Pattern\argouml\org\argouml\uml\ui\foundation\core\UMLOperationConcurrencyRadioButtonPanel.java,org.argouml.uml.ui.foundation.core.UMLOperationConcurrencyRadioButtonPanel,class,2,3,1,2,8,6,0,11,1,0.5,0.0,0.0,2,0,2,0,0,0,3,0,0,0,1,1,0,1,0,0,0,0,1,29,0,0,2,0,0,4,0,3,0,3,2,0,0,0,37,1,0
C:\Users\user\Desktop\STUFF A LOT OF 'EM\er\Design_Pattern\argouml\org\argouml\uml\ui\behavior\common_behavior\ActionNewTerminateAction.java,org.argouml.uml.ui.behavior.common_behavior.ActionNewTerminateAction,class,2,4,2,2,3,3,0,4,3,0.6666667,0.0,0.0,3,1,1,0,2,0,3,0,0,0,1,1,0,1,0,0,1,0,0,13,2,0,0,0,0,1,0,1,0,1,0,0,0,0,21,1,0
C:\Users\user\Desktop\STUFF A LOT OF 'EM\er\Design_Pattern\argouml\org\argouml\ui\cmd\ToDoItemAction.java,org.argouml.ui.cmd.ToDoItemAction,class,3,7,4,3,5,2,3,2,4,0.5,0.0,0.0,4,0,3,0,1,0,4,0,0,0,1,0,0,1,0,0,0,0,0,20,3,0,1,0,0,0,0,2,0,1,1,0,0,0,32,1024,0
C:\Users\user\Desktop\STUFF A LOT OF 'EM\er\Design_Pattern\argouml\org\argouml\ui\explorer\ExplorerTreeNode.java,org.argouml.ui.explorer.ExplorerTreeNode,class,3,6,3,3,14,2,0,14,11,0.71428573,0.0,0.0,7,0,5,0,0,2,7,0,0,0,4,0,0,4,0,0,0,0,0,42,2,1,4,0,1,0,1,9,0,5,2,0,0,0,53,1,0
C:\Users\user\Desktop\STUFF A LOT OF 'EM\er\Design_Pattern\argouml\org\argouml\uml\ui\UMLUserInterfaceComponent.java,org.argouml.uml.ui.UMLUserInterfaceComponent,interface,1,7,6,1,2,1,0,0,1,0.0,0.0,0.0,2,0,2,0,0,0,2,0,0,0,0,0,0,0,0,0,0,0,0,4,0,0,0,0,0,0,0,0,0,0,0,0,0,0,51,1,0
C:\Users\user\Desktop\STUFF A LOT OF 'EM\er\Design_Pattern\argouml\org\argouml\uml\ui\behavior\state_machines\PropPanelTransition.java,org.argouml.uml.ui.behavior.state_machines.PropPanelTransition,class,19,19,0,19,1,4,0,10,0,0.0,NaN,NaN,1,0,1,0,0,0,1,0,0,0,0,0,0,0,0,0,0,0,4,33,0,0,0,0,0,12,7,7,0,7,0,0,0,0,45,1,0
C:\Users\user\Desktop\STUFF A LOT OF 'EM\er\Design_Pattern\argouml\org\argouml\uml\ui\UMLExpressionLanguageField.java,org.argouml.uml.ui.UMLExpressionLanguageField,class,4,7,3,4,20,6,0,10,36,0.61538464,0.0,0.0,13,0,12,1,0,0,12,0,0,0,2,0,0,2,0,0,0,0,0,48,0,0,3,0,0,0,0,4,0,4,2,0,0,0,69,1,0
C:\Users\user\Desktop\STUFF A LOT OF 'EM\er\Design_Pattern\argouml\org\argouml\uml\cognitive\critics\CrNonAggDataType.java,org.argouml.uml.cognitive.critics.CrNonAggDataType,class,2,3,1,2,2,3,0,3,1,0.0,0.0,0.0,2,0,2,0,0,0,2,0,0,0,0,0,0,0,0,0,0,0,0,11,1,0,0,0,0,0,0,0,0,0,0,0,0,0,40,1,0
C:\Users\user\Desktop\STUFF A LOT OF 'EM\er\Design_Pattern\argouml\org\argouml\ui\explorer\rules\GoDiagramToNode.java,org.argouml.ui.explorer.rules.GoDiagramToNode,class,3,4,1,3,4,2,0,2,3,0.0,0.0,0.0,3,0,3,0,0,0,3,0,0,0,0,0,0,0,0,0,0,0,1,14,4,0,0,0,1,1,0,0,0,0,1,0,0,0,16,1,0
C:\Users\user\Desktop\STUFF A LOT OF 'EM\er\Design_Pattern\argouml\org\argouml\ui\FileChooserFactory.java,org.argouml.ui.FileChooserFactory,class,0,0,0,0,2,1,0,0,1,0.0,0.0,0.0,2,2,2,0,0,0,2,0,0,0,0,0,0,0,0,0,0,0,0,8,2,0,0,0,0,0,0,0,0,0,0,0,0,0,62,1,0
C:\Users\user\Desktop\STUFF A LOT OF 'EM\er\Design_Pattern\argouml\org\argouml\uml\ui\ActionSetMultiplicity.java,org.argouml.uml.ui.ActionSetMultiplicity,class,3,5,2,3,6,2,1,6,3,0.0,0.0,0.0,3,0,2,0,1,0,3,1,0,0,0,0,0,0,0,0,0,0,0,15,0,0,2,0,2,1,0,3,0,3,2,0,0,0,42,1025,0
C:\Users\user\Desktop\STUFF A LOT OF 'EM\er\Design_Pattern\argouml\org\argouml\uml\diagram\sequence\SequenceDiagramGraphModel.java,org.argouml.uml.diagram.sequence.SequenceDiagramGraphModel$CanConnectCreateActionCmd,innerclass,2,2,0,2,4,2,0,4,1,0.0,0.0,0.0,2,0,2,0,0,0,2,0,0,0,0,0,0,0,0,0,0,0,0,11,2,0,0,0,2,0,0,0,0,0,1,0,0,0,14,2,0
C:\Users\user\Desktop\STUFF A LOT OF 'EM\er\Design_Pattern\argouml\org\argouml\uml\ui\behavior\collaborations\UMLInteractionContextListModel.java,org.argouml.uml.ui.behavior.collaborations.UMLInteractionContextListModel,class,1,2,1,1,3,4,0,8,3,0.0,0.0,0.0,3,0,1,0,2,0,3,0,0,0,0,0,0,0,0,0,0,0,0,12,1,0,0,0,0,1,0,0,0,0,0,0,0,0,22,1,0
C:\Users\user\Desktop\STUFF A LOT OF 'EM\er\Design_Pattern\argouml\org\argouml\uml\ui\behavior\use_cases\ActionNewUseCaseExtensionPoint.java,org.argouml.uml.ui.behavior.use_cases.ActionNewUseCaseExtensionPoint,class,2,3,1,2,3,2,0,6,1,1.0,0.0,0.0,2,0,1,0,1,0,2,0,0,0,1,1,1,0,0,0,1,0,0,12,0,0,0,0,0,0,0,1,0,1,1,0,0,0,27,1,0
C:\Users\user\Desktop\STUFF A LOT OF 'EM\er\Design_Pattern\argouml\org\argouml\ui\explorer\rules\GoStateToDoActivity.java,org.argouml.ui.explorer.rules.GoStateToDoActivity,class,2,3,1,2,6,2,0,6,3,0.0,0.0,0.0,3,0,3,0,0,0,3,0,0,0,0,0,0,0,0,0,0,0,1,21,5,0,1,0,0,1,0,2,0,2,1,0,0,0,31,1,0
C:\Users\user\Desktop\STUFF A LOT OF 'EM\er\Design_Pattern\argouml\org\argouml\uml\ui\behavior\state_machines\UMLStateEntryList.java,org.argouml.uml.ui.behavior.state_machines.UMLStateEntryList,class,3,4,1,3,2,8,0,0,1,0.0,0.0,0.0,2,0,2,0,0,0,2,0,0,0,0,0,0,0,0,0,0,0,0,8,1,0,0,0,0,0,0,0,0,0,0,0,0,0,22,1,0
C:\Users\user\Desktop\STUFF A LOT OF 'EM\er\Design_Pattern\argouml\org\argouml\uml\cognitive\critics\CrObjectWithoutComponent.java,org.argouml.uml.cognitive.critics.CrObjectWithoutComponent,class,10,12,2,10,14,3,0,18,10,0.0,0.0,0.0,5,0,5,0,0,0,5,0,0,0,0,0,0,0,0,0,0,0,0,45,7,1,3,0,4,0,0,15,0,14,3,0,0,0,92,1,0
C:\Users\user\Desktop\STUFF A LOT OF 'EM\er\Design_Pattern\argouml\org\argouml\uml\ui\ActionRemoveModelElement.java,org.argouml.uml.ui.ActionRemoveModelElement,class,4,5,1,4,6,3,0,7,3,1.0,0.0,0.0,3,0,2,0,1,0,3,0,0,0,1,1,1,0,0,0,1,0,1,15,1,0,2,0,0,0,0,2,0,2,1,0,0,0,46,1,0
C:\Users\user\Desktop\STUFF A LOT OF 'EM\er\Design_Pattern\argouml\org\argouml\uml\ui\behavior\collaborations\UMLMessageInteractionListModel.java,org.argouml.uml.ui.behavior.collaborations.UMLMessageInteractionListModel,class,1,2,1,1,5,4,0,7,3,0.0,0.0,0.0,3,0,1,0,2,0,3,0,0,0,0,0,0,0,0,0,0,0,0,14,1,0,1,0,0,1,0,0,0,0,1,0,0,0,22,1,0
C:\Users\user\Desktop\STUFF A LOT OF 'EM\er\Design_Pattern\argouml\org\argouml\uml\ui\behavior\state_machines\PropPanelSimpleState.java,org.argouml.uml.ui.behavior.state_machines.PropPanelSimpleState,class,6,7,1,6,2,6,0,14,1,0.0,0.0,0.0,2,0,2,0,0,0,2,0,0,0,0,0,0,0,0,0,0,0,3,18,0,0,0,0,0,11,0,0,0,0,0,0,0,0,24,1,0
C:\Users\user\Desktop\STUFF A LOT OF 'EM\er\Design_Pattern\argouml\org\argouml\uml\ui\UMLSearchableComboBox.java,org.argouml.uml.ui.UMLSearchableComboBox,class,5,10,5,5,13,7,2,12,6,0.0,0.0,0.0,4,0,2,0,2,0,4,0,0,0,0,0,0,0,0,0,0,0,0,37,3,1,3,0,1,0,1,8,0,8,4,0,0,0,97,1,0
C:\Users\user\Desktop\STUFF A LOT OF 'EM\er\Design_Pattern\argouml\org\argouml\ui\ActionSettings.java,org.argouml.ui.ActionSettings,class,11,15,4,11,22,2,0,30,35,0.8,0.0,0.0,11,1,7,4,0,0,7,0,0,0,5,2,0,5,0,0,2,0,5,96,2,4,2,1,4,5,6,21,0,18,3,2,0,0,96,1,1
C:\Users\user\Desktop\STUFF A LOT OF 'EM\er\Design_Pattern\argouml\org\argouml\uml\ui\behavior\common_behavior\PropPanelAction.java,org.argouml.uml.ui.behavior.common_behavior.PropPanelAction,class,12,20,8,12,3,4,7,7,3,0.0,0.0,0.0,3,0,3,0,0,0,3,0,0,0,0,0,0,0,0,0,0,0,3,18,0,0,0,0,0,7,0,1,0,1,0,0,0,0,57,1025,0
C:\Users\user\Desktop\STUFF A LOT OF 'EM\er\Design_Pattern\argouml\org\argouml\uml\diagram\ui\FigTrace.java,org.argouml.uml.diagram.ui.FigTrace,class,2,2,0,2,2,2,0,5,1,0.5,0.0,0.0,2,0,2,0,0,0,2,0,0,0,1,1,0,0,0,1,1,0,0,14,0,0,0,0,0,0,1,2,0,2,0,0,0,0,34,1,0
C:\Users\user\Desktop\STUFF A LOT OF 'EM\er\Design_Pattern\argouml\org\argouml\uml\cognitive\critics\CrDisambigStateName.java,org.argouml.uml.cognitive.critics.CrDisambigStateName,class,2,3,1,2,17,3,0,18,3,0.0,0.0,0.0,3,0,3,0,0,0,3,0,0,0,0,0,0,0,0,0,0,0,0,39,9,2,7,0,2,4,1,11,0,11,3,0,0,0,56,1,0
C:\Users\user\Desktop\STUFF A LOT OF 'EM\er\Design_Pattern\argouml\org\argouml\ui\explorer\rules\InheritanceNode.java,org.argouml.ui.explorer.rules.InheritanceNode,class,2,5,3,2,4,1,0,0,4,0.5,0.0,0.0,4,0,4,0,0,0,4,0,0,0,1,0,0,1,0,0,0,0,0,15,3,0,0,0,0,1,0,1,0,1,0,0,0,0,40,1,0
C:\Users\user\Desktop\STUFF A LOT OF 'EM\er\Design_Pattern\argouml\org\argouml\ui\explorer\PerspectiveConfigurator.java,org.argouml.ui.explorer.PerspectiveConfigurator,class,22,31,9,22,26,4,0,70,16,0.7692307,NaN,NaN,13,0,1,12,0,0,1,0,0,0,22,2,0,22,0,0,2,0,23,491,0,7,2,1,2,27,86,107,5,57,4,2,14,0,183,1,1
C:\Users\user\Desktop\STUFF A LOT OF 'EM\er\Design_Pattern\argouml\org\argouml\uml\cognitive\critics\CrDupRoleNames.java,org.argouml.uml.cognitive.critics.CrDupRoleNames,class,2,3,1,2,8,3,0,14,1,0.0,0.0,0.0,2,0,2,0,0,0,2,0,0,0,0,0,0,0,0,0,0,0,0,29,4,1,1,0,2,3,0,3,0,3,2,0,0,0,147,1,0
C:\Users\user\Desktop\STUFF A LOT OF 'EM\er\Design_Pattern\argouml\org\argouml\uml\cognitive\critics\CrInvalidBranch.java,org.argouml.uml.cognitive.critics.CrInvalidBranch,class,2,3,1,2,9,3,0,12,1,0.0,0.0,0.0,2,0,2,0,0,0,2,0,0,0,0,0,0,0,0,0,0,0,0,27,5,0,2,0,3,1,4,5,0,5,1,0,0,0,87,1,0
C:\Users\user\Desktop\STUFF A LOT OF 'EM\er\Design_Pattern\argouml\org\argouml\uml\ui\TabDocumentation.java,org.argouml.uml.ui.TabDocumentation,class,6,6,0,6,5,3,0,17,1,0.5,0.0,0.0,2,0,2,0,0,0,2,0,0,0,1,1,0,1,0,0,0,0,0,30,1,0,0,0,3,16,2,7,0,6,0,0,0,0,140,1,0
C:\Users\user\Desktop\STUFF A LOT OF 'EM\er\Design_Pattern\argouml\org\argouml\application\events\ArgoEventPump.java,org.argouml.application.events.ArgoEventPump,class,9,16,7,9,43,1,0,32,40,0.71794873,0.0,0.0,13,6,6,4,3,0,9,0,0,0,3,2,0,2,0,1,2,0,0,168,3,3,7,0,2,2,0,11,2,10,3,0,1,0,95,17,2
C:\Users\user\Desktop\STUFF A LOT OF 'EM\er\Design_Pattern\argouml\org\argouml\uml\diagram\ui\FigAssociationClass.java,org.argouml.uml.diagram.ui.FigAssociationClass$Anonymous1,anonymous,13,13,0,13,13,1,0,30,0,0.0,NaN,NaN,1,0,1,0,0,0,1,0,0,0,0,0,0,0,0,0,0,0,0,53,0,2,3,0,0,0,1,17,4,11,4,0,0,0,40,-1,0
C:\Users\user\Desktop\STUFF A LOT OF 'EM\er\Design_Pattern\argouml\org\argouml\uml\ui\ActionCopy.java,org.argouml.uml.ui.ActionCopy,class,3,5,2,3,14,2,0,17,4,0.6666667,0.0,0.0,5,1,3,2,0,0,3,0,0,0,3,2,0,3,0,0,1,0,3,54,3,0,5,1,1,2,0,9,1,7,1,0,0,0,60,1,0
C:\Users\user\Desktop\STUFF A LOT OF 'EM\er\Design_Pattern\argouml\org\argouml\ui\NavigatorPane.java,org.argouml.ui.NavigatorPane,class,15,17,2,15,8,6,0,16,13,0.6666667,0.0,0.0,6,2,4,2,0,0,4,0,0,0,2,2,0,2,0,0,0,0,4,64,3,0,0,0,0,3,3,13,0,9,1,0,1,0,133,1,0
C:\Users\user\Desktop\STUFF A LOT OF 'EM\er\Design_Pattern\argouml\org\argouml\uml\diagram\ui\TabDiagram.java,org.argouml.uml.diagram.ui.TabDiagram,class,17,18,1,17,38,2,0,62,109,0.8210527,0.0,0.0,19,0,18,1,0,0,18,0,0,0,5,1,0,5,0,0,1,0,3,162,6,3,8,0,4,4,9,22,5,18,5,0,0,0,165,1,2
C:\Users\user\Desktop\STUFF A LOT OF 'EM\er\Design_Pattern\argouml\org\argouml\ui\ActionSettings.java,org.argouml.ui.ActionSettings$Anonymous2,anonymous,1,1,0,1,1,1,0,1,0,0.0,NaN,NaN,1,0,1,0,0,0,1,0,0,0,0,0,0,0,0,0,0,0,0,5,0,0,0,0,0,0,0,0,0,0,0,0,0,0,7,-1,0
C:\Users\user\Desktop\STUFF A LOT OF 'EM\er\Design_Pattern\argouml\org\argouml\ui\ActionSettings.java,org.argouml.ui.ActionSettings$Anonymous1,anonymous,1,1,0,1,3,1,0,6,0,0.0,NaN,NaN,1,0,1,0,0,0,1,0,0,0,0,0,0,0,0,0,0,0,0,11,0,0,2,0,0,0,0,0,0,0,1,0,0,0,11,-1,0
C:\Users\user\Desktop\STUFF A LOT OF 'EM\er\Design_Pattern\argouml\org\argouml\uml\ui\behavior\activity_graphs\UMLObjectFlowStateClassifierComboBoxModel.java,org.argouml.uml.ui.behavior.activity_graphs.UMLObjectFlowStateClassifierComboBoxModel,class,1,2,1,1,5,2,0,14,6,0.0,0.0,0.0,4,0,1,0,3,0,4,0,0,0,0,0,0,0,0,0,0,0,0,19,3,0,1,0,0,2,0,1,0,1,1,0,0,0,36,1,0
C:\Users\user\Desktop\STUFF A LOT OF 'EM\er\Design_Pattern\argouml\org\argouml\uml\diagram\sequence\ui\FigCallActionLink.java,org.argouml.uml.diagram.sequence.ui.FigCallActionLink,class,5,6,1,5,5,4,0,17,3,0.0,0.0,0.0,3,0,2,0,1,0,3,0,0,0,0,0,0,0,0,0,0,0,0,33,0,0,0,0,8,0,0,2,0,2,2,0,0,0,36,1,0
C:\Users\user\Desktop\STUFF A LOT OF 'EM\er\Design_Pattern\argouml\org\argouml\uml\ui\behavior\use_cases\ActionSetIncludeAddition.java,org.argouml.uml.ui.behavior.use_cases.ActionSetIncludeAddition,class,3,5,2,3,9,3,0,12,3,0.6666667,0.0,0.0,3,1,2,0,1,0,3,0,0,0,1,1,0,1,0,0,1,0,0,37,1,0,2,0,0,2,0,12,0,7,4,0,0,0,36,1,0
C:\Users\user\Desktop\STUFF A LOT OF 'EM\er\Design_Pattern\argouml\org\argouml\ui\explorer\PerspectiveConfigurator.java,org.argouml.ui.explorer.PerspectiveConfigurator$NewPerspectiveListener,innerclass,3,3,0,3,1,1,0,8,0,0.0,NaN,NaN,1,0,1,0,0,0,1,0,0,0,0,0,0,0,0,0,0,0,1,11,0,0,0,0,1,1,2,2,1,2,0,0,0,0,20,0,0
C:\Users\user\Desktop\STUFF A LOT OF 'EM\er\Design_Pattern\argouml\org\argouml\uml\ui\behavior\activity_graphs\PropPanelCallState.java,org.argouml.uml.ui.behavior.activity_graphs.PropPanelCallState,class,2,2,0,2,2,3,0,2,1,0.0,0.0,0.0,2,0,2,0,0,0,2,0,0,0,0,0,0,0,0,0,0,0,0,8,0,0,0,0,0,2,0,0,0,0,0,0,0,0,21,1,0
C:\Users\user\Desktop\STUFF A LOT OF 'EM\er\Design_Pattern\argouml\org\argouml\ui\explorer\rules\GoStateMachineToTop.java,org.argouml.ui.explorer.rules.GoStateMachineToTop,class,2,3,1,2,5,2,0,6,3,0.0,0.0,0.0,3,0,3,0,0,0,3,0,0,0,0,0,0,0,0,0,0,0,1,21,5,0,0,0,0,1,0,2,0,2,1,0,0,0,23,1,0
C:\Users\user\Desktop\STUFF A LOT OF 'EM\er\Design_Pattern\argouml\org\argouml\uml\cognitive\critics\CrNodeInstanceWithoutClassifier.java,org.argouml.uml.cognitive.critics.CrNodeInstanceWithoutClassifier,class,8,9,1,8,14,3,0,17,10,0.0,0.0,0.0,5,0,5,0,0,0,5,0,0,0,0,0,0,0,0,0,0,0,0,59,7,1,4,0,2,0,1,16,0,15,4,0,0,0,91,1,0
C:\Users\user\Desktop\STUFF A LOT OF 'EM\er\Design_Pattern\argouml\org\argouml\uml\ui\foundation\core\ActionSetAssociationEndTargetScope.java,org.argouml.uml.ui.foundation.core.ActionSetAssociationEndTargetScope,class,3,5,2,3,6,3,0,12,3,0.6666667,0.0,0.0,3,1,2,0,1,0,3,0,0,0,1,1,0,1,0,0,1,0,0,25,1,0,0,0,0,1,0,4,0,4,3,0,0,0,32,1,0
C:\Users\user\Desktop\STUFF A LOT OF 'EM\er\Design_Pattern\argouml\org\argouml\model\uml\StateMachinesFactoryImpl.java,org.argouml.model.uml.StateMachinesFactoryImpl,class,25,28,3,25,99,2,0,74,1341,0.8148148,0.0,0.0,54,0,36,0,0,18,54,0,0,0,1,0,0,1,0,0,0,0,0,382,46,3,3,0,28,20,3,52,2,50,2,0,0,0,196,1,0
C:\Users\user\Desktop\STUFF A LOT OF 'EM\er\Design_Pattern\argouml\org\argouml\uml\diagram\state\ui\FigHistoryState.java,org.argouml.uml.diagram.state.ui.FigHistoryState,class,6,9,3,6,16,4,2,20,64,0.8828125,0.0,0.0,16,0,15,0,1,0,16,1,0,0,8,6,0,7,0,1,6,0,0,70,7,0,0,0,0,1,9,13,2,11,0,0,0,0,110,1025,0
C:\Users\user\Desktop\STUFF A LOT OF 'EM\er\Design_Pattern\argouml\org\argouml\uml\ui\model_management\PropPanelModel.java,org.argouml.uml.ui.model_management.PropPanelModel,class,3,3,0,3,1,6,0,2,0,0.0,NaN,NaN,1,0,1,0,0,0,1,0,0,0,0,0,0,0,0,0,0,0,2,5,0,0,0,0,0,2,0,0,0,0,0,0,0,0,8,1,0
C:\Users\user\Desktop\STUFF A LOT OF 'EM\er\Design_Pattern\argouml\org\argouml\language\ui\ActionNotation.java,org.argouml.language.ui.ActionNotation,class,5,7,2,5,13,2,0,19,15,0.71428573,0.0,0.0,7,1,7,0,0,0,7,0,1,0,2,1,0,2,0,0,1,0,6,56,2,2,1,0,0,2,0,14,0,14,3,0,0,0,65,1,0
C:\Users\user\Desktop\STUFF A LOT OF 'EM\er\Design_Pattern\argouml\org\argouml\uml\ui\ActionSaveGraphics.java,org.argouml.uml.ui.ActionSaveGraphicsCmdSaveEPS,class,3,4,1,3,1,2,0,4,0,0.0,NaN,NaN,1,0,0,0,1,0,1,0,0,0,0,0,0,0,0,0,0,0,0,14,0,0,0,0,4,0,0,7,4,6,0,0,0,0,56,0,0
C:\Users\user\Desktop\STUFF A LOT OF 'EM\er\Design_Pattern\argouml\org\argouml\uml\ui\behavior\use_cases\PropPanelInclude.java,org.argouml.uml.ui.behavior.use_cases.PropPanelInclude,class,12,12,0,12,10,4,0,18,15,0.0,0.0,0.0,6,0,6,0,0,0,6,0,0,0,0,0,0,0,0,0,0,0,5,47,3,0,0,0,0,8,0,10,0,8,1,0,0,0,124,1,0
C:\Users\user\Desktop\STUFF A LOT OF 'EM\er\Design_Pattern\argouml\org\argouml\uml\ui\foundation\core\UMLGeneralizableElementGeneralizationListModel.java,org.argouml.uml.ui.foundation.core.UMLGeneralizableElementGeneralizationListModel,class,1,4,3,1,4,4,0,6,3,0.0,0.0,0.0,3,0,1,0,2,0,3,0,0,0,0,0,0,0,0,0,0,0,0,13,1,0,1,0,0,1,0,0,0,0,1,0,0,0,22,1,0
C:\Users\user\Desktop\STUFF A LOT OF 'EM\er\Design_Pattern\argouml\org\argouml\uml\cognitive\critics\CrUselessAbstract.java,org.argouml.uml.cognitive.critics.ChildGenDerivedClasses,class,1,2,1,1,4,1,0,9,0,0.0,NaN,NaN,1,0,1,0,0,0,1,0,0,0,0,0,0,0,0,0,0,0,0,19,2,1,2,0,0,0,0,6,0,6,2,0,0,0,17,0,0
C:\Users\user\Desktop\STUFF A LOT OF 'EM\er\Design_Pattern\argouml\org\argouml\application\events\ArgoEvent.java,org.argouml.application.events.ArgoEvent,class,2,6,4,2,6,1,2,5,4,0.4,0.0,0.0,5,0,5,0,0,0,5,0,0,0,1,0,0,1,0,0,0,0,0,19,4,0,1,0,1,7,3,2,2,1,0,0,0,0,69,1025,0
C:\Users\user\Desktop\STUFF A LOT OF 'EM\er\Design_Pattern\argouml\org\argouml\uml\diagram\deployment\ui\FigMNode.java,org.argouml.uml.diagram.deployment.ui.FigMNode,class,10,15,5,10,28,3,0,47,66,0.7948718,0.0,0.0,13,0,12,0,1,0,13,0,0,0,3,1,0,2,0,1,1,0,1,121,8,2,9,0,2,3,27,28,10,21,3,0,0,0,134,1,0
C:\Users\user\Desktop\STUFF A LOT OF 'EM\er\Design_Pattern\argouml\org\argouml\util\logging\SimpleTimer.java,org.argouml.util.logging.SimpleTimer$Anonymous1,anonymous,0,0,0,0,6,1,0,10,0,0.0,0.0,0.0,2,0,2,0,0,0,2,0,0,0,1,0,0,1,0,0,0,0,0,30,2,0,2,0,6,4,8,2,6,2,3,0,0,0,13,-1,0
C:\Users\user\Desktop\STUFF A LOT OF 'EM\er\Design_Pattern\argouml\org\argouml\uml\ui\behavior\state_machines\ActionNewSubmachineState.java,org.argouml.uml.ui.behavior.state_machines.ActionNewSubmachineState,class,2,4,2,2,3,2,0,6,3,0.6666667,0.0,0.0,3,1,2,0,1,0,3,0,0,0,1,1,0,1,0,0,1,0,0,14,1,0,0,0,0,1,0,1,0,1,0,0,0,0,28,1,0
C:\Users\user\Desktop\STUFF A LOT OF 'EM\er\Design_Pattern\argouml\org\argouml\uml\diagram\static_structure\layout\ClassdiagramGeneralizationEdge.java,org.argouml.uml.diagram.static_structure.layout.ClassdiagramGeneralizationEdge,class,2,3,1,2,1,3,0,0,0,0.0,NaN,NaN,1,0,1,0,0,0,1,0,0,0,0,0,0,0,0,0,0,0,0,5,0,0,0,0,0,0,0,0,0,0,0,0,0,0,10,1,0
C:\Users\user\Desktop\STUFF A LOT OF 'EM\er\Design_Pattern\argouml\org\argouml\uml\ui\ActionReopenProject.java,org.argouml.uml.ui.ActionReopenProject,class,3,4,1,3,4,3,0,3,0,0.5,0.0,0.0,3,0,3,0,0,0,3,0,0,0,2,1,0,2,0,0,1,0,0,17,2,0,0,0,0,1,0,3,0,3,1,0,0,0,54,1,0
C:\Users\user\Desktop\STUFF A LOT OF 'EM\er\Design_Pattern\argouml\org\argouml\uml\ui\ActionUseCaseDiagram.java,org.argouml.uml.ui.ActionUseCaseDiagram,class,5,6,1,5,6,3,0,6,3,0.8333334,0.0,0.0,3,0,2,1,0,0,2,0,0,0,2,2,1,1,0,0,2,0,0,21,2,0,0,0,0,4,0,5,1,4,1,0,0,0,38,1,2
C:\Users\user\Desktop\STUFF A LOT OF 'EM\er\Design_Pattern\argouml\org\argouml\uml\ui\TabTaggedValues.java,org.argouml.uml.ui.TableModelTaggedValues,class,3,5,2,3,34,2,0,27,44,0.6666667,0.0,0.0,12,0,12,0,0,0,12,0,0,0,2,0,0,2,0,0,0,0,1,121,16,0,18,0,1,10,15,17,4,12,2,0,0,0,63,0,0
C:\Users\user\Desktop\STUFF A LOT OF 'EM\er\Design_Pattern\argouml\org\argouml\uml\cognitive\critics\CrUML.java,org.argouml.uml.cognitive.critics.CrUML,class,8,93,85,8,17,2,84,28,26,0.7916667,0.0,0.0,8,0,8,0,0,0,8,0,2,0,3,3,0,3,0,0,3,0,0,73,7,1,4,1,0,11,9,18,7,14,2,0,0,0,144,1,1
C:\Users\user\Desktop\STUFF A LOT OF 'EM\er\Design_Pattern\argouml\org\argouml\model\uml\NsumlXmiReader.java,org.argouml.model.uml.NsumlXmiReader,class,8,10,2,8,12,2,0,18,20,0.75,0.0,0.0,8,0,7,0,1,0,8,0,0,0,3,1,0,3,0,0,1,0,2,64,3,0,0,1,0,4,0,8,3,6,1,0,0,0,110,0,3
C:\Users\user\Desktop\STUFF A LOT OF 'EM\er\Design_Pattern\argouml\org\argouml\uml\diagram\sequence\ui\UMLSequenceDiagram.java,org.argouml.uml.diagram.sequence.ui.UMLSequenceDiagram,class,9,13,4,9,17,3,0,28,36,0.8888889,0.0,0.0,9,0,7,0,2,0,9,0,0,0,1,0,0,1,0,0,0,0,0,74,5,1,3,1,6,9,6,19,2,16,2,0,0,0,126,1,0
C:\Users\user\Desktop\STUFF A LOT OF 'EM\er\Design_Pattern\argouml\org\argouml\model\uml\CollaborationsFactoryImpl.java,org.argouml.model.uml.CollaborationsFactoryImpl,class,15,18,3,15,76,2,0,68,345,0.8888889,0.0,0.0,27,0,16,4,0,7,23,0,0,0,1,0,0,1,0,0,0,0,0,290,28,3,17,0,30,17,5,53,4,43,2,0,0,0,182,1,0
C:\Users\user\Desktop\STUFF A LOT OF 'EM\er\Design_Pattern\argouml\org\argouml\uml\diagram\state\ui\StateDiagramRenderer.java,org.argouml.uml.diagram.state.ui.StateDiagramRenderer,class,25,28,3,25,21,2,1,24,0,0.25,0.0,0.0,2,0,2,0,0,0,2,0,0,0,2,2,0,1,0,1,2,0,0,75,20,0,1,0,0,4,1,5,1,5,2,0,0,0,82,1,4
C:\Users\user\Desktop\STUFF A LOT OF 'EM\er\Design_Pattern\argouml\org\argouml\uml\ui\foundation\core\ActionAddDataType.java,org.argouml.uml.ui.foundation.core.ActionAddDataType,class,1,6,5,1,9,2,0,17,1,0.0,0.0,0.0,2,0,2,0,0,0,2,0,0,0,0,0,0,0,0,0,0,0,0,18,0,0,2,0,0,3,0,8,0,3,2,0,0,0,24,1,0
C:\Users\user\Desktop\STUFF A LOT OF 'EM\er\Design_Pattern\argouml\org\argouml\persistence\ArgoTokenTable.java,org.argouml.persistence.ArgoTokenTable,class,1,2,1,1,2,2,0,1,0,0.0882353,0.0,0.0,2,0,1,0,1,0,2,0,0,0,17,17,9,8,0,0,17,0,0,31,0,0,0,0,0,8,10,17,0,17,0,0,0,0,59,1,0
C:\Users\user\Desktop\STUFF A LOT OF 'EM\er\Design_Pattern\argouml\org\argouml\ui\explorer\rules\GoOperationToCollaboration.java,org.argouml.ui.explorer.rules.GoOperationToCollaboration,class,2,3,1,2,6,2,0,6,3,0.0,0.0,0.0,3,0,3,0,0,0,3,0,0,0,0,0,0,0,0,0,0,0,1,20,5,0,1,0,0,1,0,1,0,1,2,0,0,0,30,1,0
C:\Users\user\Desktop\STUFF A LOT OF 'EM\er\Design_Pattern\argouml\org\argouml\uml\reveng\Import.java,org.argouml.uml.reveng.ImportClasspathDialog$OkListener,innerclass,2,2,0,2,4,1,0,9,0,0.0,NaN,NaN,1,0,1,0,0,0,1,0,0,0,0,0,0,0,0,0,0,0,2,22,0,1,0,2,0,4,1,3,2,2,2,0,0,0,17,0,2
C:\Users\user\Desktop\STUFF A LOT OF 'EM\er\Design_Pattern\argouml\org\argouml\uml\diagram\activity\ui\FigPartition.java,org.argouml.uml.diagram.activity.ui.FigPartition,class,6,9,3,6,16,3,0,27,59,0.6666667,0.0,0.0,15,0,15,0,0,0,15,0,0,0,2,1,0,2,0,0,1,0,0,86,9,0,1,0,0,2,23,13,9,11,1,0,0,0,91,1,0
C:\Users\user\Desktop\STUFF A LOT OF 'EM\er\Design_Pattern\argouml\org\argouml\cognitive\critics\Critic.java,org.argouml.cognitive.critics.Critic,class,15,33,18,15,86,1,1,54,2092,0.9660326,0.0,0.0,69,1,66,0,3,0,69,0,1,0,32,17,14,18,0,0,17,0,17,310,48,1,4,1,7,30,9,58,6,41,2,0,0,0,516,1,3
C:\Users\user\Desktop\STUFF A LOT OF 'EM\er\Design_Pattern\argouml\org\argouml\ui\TreeModelComposite.java,org.argouml.ui.TreeModelComposite,class,4,7,3,4,15,3,1,9,26,0.8125,0.0,0.0,8,0,8,0,0,0,8,0,0,0,2,1,0,2,0,0,1,0,0,58,8,4,1,0,0,1,8,21,1,18,2,0,0,0,123,1,1
C:\Users\user\Desktop\STUFF A LOT OF 'EM\er\Design_Pattern\argouml\org\argouml\persistence\SAXParserBase.java,org.argouml.persistence.SAXParserBase,class,8,11,3,8,38,2,2,47,62,0.8125,0.0,0.0,16,0,12,1,3,0,15,2,0,0,9,9,0,8,1,0,3,0,4,148,8,3,3,3,1,23,16,42,12,37,3,0,0,0,156,1025,6
C:\Users\user\Desktop\STUFF A LOT OF 'EM\er\Design_Pattern\argouml\org\argouml\cognitive\critics\Agency.java,org.argouml.cognitive.critics.Agency,class,7,10,3,7,39,2,0,44,94,0.8660714,0.0,0.0,16,13,13,1,2,0,15,0,0,0,7,6,0,7,0,0,1,0,21,173,13,4,9,4,3,7,4,32,6,27,3,0,0,0,247,1,6
C:\Users\user\Desktop\STUFF A LOT OF 'EM\er\Design_Pattern\argouml\org\argouml\uml\ui\behavior\activity_graphs\PropPanelActivityGraph.java,org.argouml.uml.ui.behavior.activity_graphs.PropPanelActivityGraph,class,1,1,0,1,1,2,0,1,0,0.0,NaN,NaN,1,0,1,0,0,0,1,0,0,0,0,0,0,0,0,0,0,0,0,5,0,0,0,0,0,1,0,0,0,0,0,0,0,0,16,1,0
C:\Users\user\Desktop\STUFF A LOT OF 'EM\er\Design_Pattern\argouml\org\argouml\uml\generator\ui\ClassGenerationDialog.java,org.argouml.uml.generator.ui.ClassGenerationDialog,class,8,13,5,8,32,3,0,88,16,0.76785713,0.0,0.0,8,1,3,4,1,0,4,0,0,0,7,1,0,7,0,0,1,0,11,370,1,6,10,1,1,18,32,54,3,45,8,3,1,0,125,1,1
C:\Users\user\Desktop\STUFF A LOT OF 'EM\er\Design_Pattern\argouml\org\argouml\ui\cmd\ActionAboutArgoUML.java,org.argouml.ui.cmd.ActionAboutArgoUML,class,3,4,1,3,2,2,0,3,1,0.0,0.0,0.0,2,0,2,0,0,0,2,0,0,0,0,0,0,0,0,0,0,0,1,11,0,0,0,0,2,1,0,2,0,2,0,0,0,0,19,0,0
C:\Users\user\Desktop\STUFF A LOT OF 'EM\er\Design_Pattern\argouml\org\argouml\application\events\ArgoEventTypes.java,org.argouml.application.events.ArgoEventTypes,interface,0,1,1,0,0,1,0,0,0,NaN,-1.0,-1.0,0,0,0,0,0,0,0,0,0,0,15,0,0,0,0,15,0,0,0,17,0,0,0,0,0,0,15,15,0,15,0,0,0,0,41,1,0
C:\Users\user\Desktop\STUFF A LOT OF 'EM\er\Design_Pattern\argouml\org\argouml\uml\ui\foundation\core\UMLModelElementTargetFlowListModel.java,org.argouml.uml.ui.foundation.core.UMLModelElementTargetFlowListModel,class,1,2,1,1,4,4,0,6,3,0.0,0.0,0.0,3,0,1,0,2,0,3,0,0,0,0,0,0,0,0,0,0,0,0,13,1,0,1,0,0,1,0,0,0,0,1,0,0,0,21,1,0
C:\Users\user\Desktop\STUFF A LOT OF 'EM\er\Design_Pattern\argouml\org\argouml\cognitive\ui\GoalsDialog.java,org.argouml.cognitive.ui.GoalsDialog,class,6,9,3,6,5,3,0,28,0,0.33333334,0.0,0.0,3,0,2,1,0,0,2,0,0,0,5,0,0,5,0,0,2,0,4,75,0,1,1,0,0,4,26,38,3,21,1,0,0,0,61,1,0
C:\Users\user\Desktop\STUFF A LOT OF 'EM\er\Design_Pattern\argouml\org\argouml\ui\explorer\rules\GoClassifierToBehavioralFeature.java,org.argouml.ui.explorer.rules.GoClassifierToBehavioralFeature,class,2,3,1,2,5,2,0,6,3,0.0,0.0,0.0,3,0,3,0,0,0,3,0,0,0,0,0,0,0,0,0,0,0,1,19,5,0,0,0,0,1,0,1,0,1,1,0,0,0,32,1,0
C:\Users\user\Desktop\STUFF A LOT OF 'EM\er\Design_Pattern\argouml\org\argouml\uml\ui\behavior\state_machines\UMLCompositeStateSubvertexListModel.java,org.argouml.uml.ui.behavior.state_machines.UMLCompositeStateSubvertexListModel,class,1,3,2,1,3,4,0,5,3,0.0,0.0,0.0,3,0,1,0,2,0,3,0,0,0,0,0,0,0,0,0,0,0,0,11,1,0,0,0,0,1,0,0,0,0,0,0,0,0,22,1,0
C:\Users\user\Desktop\STUFF A LOT OF 'EM\er\Design_Pattern\argouml\org\argouml\uml\ui\ActionSaveProject.java,org.argouml.uml.ui.ActionSaveProject,class,4,8,4,4,6,3,1,10,6,0.75,0.0,0.0,4,1,2,0,2,0,4,0,0,0,2,2,0,2,0,0,2,0,0,23,1,0,2,0,0,4,0,3,0,3,1,0,0,0,41,1,1
C:\Users\user\Desktop\STUFF A LOT OF 'EM\er\Design_Pattern\argouml\org\argouml\uml\ui\UMLComboBoxModel2.java,org.argouml.uml.ui.UMLComboBoxModel2,class,9,40,31,9,108,2,17,60,380,0.8560607,0.0,0.0,33,0,20,0,13,0,33,3,0,0,8,1,0,8,0,0,1,0,2,288,15,5,23,0,10,9,30,63,13,35,4,0,0,0,232,1025,1
C:\Users\user\Desktop\STUFF A LOT OF 'EM\er\Design_Pattern\argouml\org\argouml\application\api\SettingsTabPanel.java,org.argouml.application.api.SettingsTabPanel,interface,0,7,7,0,5,1,0,0,10,0.0,0.0,0.0,5,0,0,0,0,5,5,0,0,0,0,0,0,0,0,0,0,0,0,7,0,0,0,0,0,0,0,0,0,0,0,0,0,0,57,1,0
C:\Users\user\Desktop\STUFF A LOT OF 'EM\er\Design_Pattern\argouml\org\argouml\uml\ProjectMemberModel.java,org.argouml.uml.ProjectMemberModel,class,3,4,1,3,6,2,0,4,6,0.6666667,0.0,0.0,5,0,4,0,1,0,5,0,0,0,3,2,0,3,0,0,2,0,0,22,3,0,0,0,0,2,0,3,2,3,1,0,0,0,34,1,0
C:\Users\user\Desktop\STUFF A LOT OF 'EM\er\Design_Pattern\argouml\org\argouml\uml\diagram\ui\PropPanelUMLCollaborationDiagram.java,org.argouml.uml.diagram.ui.PropPanelUMLCollaborationDiagram,class,1,1,0,1,1,3,0,1,0,0.0,NaN,NaN,1,0,1,0,0,0,1,0,0,0,0,0,0,0,0,0,0,0,0,5,0,0,0,0,0,1,0,0,0,0,0,0,0,0,9,1,0
C:\Users\user\Desktop\STUFF A LOT OF 'EM\er\Design_Pattern\argouml\org\argouml\uml\generator\ParserDisplay.java,org.argouml.uml.generator.PropertyOperation,interface,0,2,2,0,1,1,0,0,0,0.0,NaN,NaN,1,0,0,0,0,1,1,0,0,0,0,0,0,0,0,0,0,0,0,3,0,0,0,0,0,0,0,0,0,0,0,0,0,0,34,0,0
C:\Users\user\Desktop\STUFF A LOT OF 'EM\er\Design_Pattern\argouml\org\argouml\ui\ActionGoToEdit.java,org.argouml.ui.ActionGoToEdit,class,5,5,0,5,6,2,0,7,0,0.0,0.0,0.0,3,0,3,0,0,0,3,0,0,0,1,0,0,1,0,0,0,0,3,19,2,0,2,0,0,0,1,6,0,6,1,0,0,0,36,1,0
C:\Users\user\Desktop\STUFF A LOT OF 'EM\er\Design_Pattern\argouml\org\argouml\ui\explorer\rules\OperationsNode.java,org.argouml.ui.explorer.rules.OperationsNode,class,2,5,3,2,4,1,0,0,4,0.5,0.0,0.0,4,0,4,0,0,0,4,0,0,0,1,0,0,1,0,0,0,0,0,15,3,0,0,0,0,1,0,1,0,1,0,0,0,0,39,1,0
C:\Users\user\Desktop\STUFF A LOT OF 'EM\er\Design_Pattern\argouml\org\argouml\uml\cognitive\critics\CrInvalidSynch.java,org.argouml.uml.cognitive.critics.CrInvalidSynch,class,2,3,1,2,13,3,0,15,1,0.0,0.0,0.0,2,0,2,0,0,0,2,0,0,0,0,0,0,0,0,0,0,0,0,32,6,2,4,0,0,2,0,12,0,6,3,0,0,0,42,1,0
C:\Users\user\Desktop\STUFF A LOT OF 'EM\er\Design_Pattern\argouml\org\argouml\uml\diagram\static_structure\ui\FigInstance.java,org.argouml.uml.diagram.static_structure.ui.FigInstance,class,5,8,3,5,7,3,0,27,3,0.33333334,0.0,0.0,6,0,6,0,0,0,6,0,0,0,1,0,0,1,0,0,0,0,2,52,4,0,1,0,0,3,9,11,7,10,1,0,0,0,92,1,0
C:\Users\user\Desktop\STUFF A LOT OF 'EM\er\Design_Pattern\argouml\org\argouml\uml\diagram\ui\FigNodeModelElement.java,org.argouml.uml.diagram.ui.FigNodeModelElement$ActionModifierAbstract,innerclass,1,1,0,1,2,2,0,5,0,0.0,0.0,0.0,2,0,2,0,0,0,2,0,0,0,1,0,0,1,0,0,0,0,0,11,0,0,0,0,0,2,0,1,0,1,0,0,0,0,19,0,0
C:\Users\user\Desktop\STUFF A LOT OF 'EM\er\Design_Pattern\argouml\org\argouml\uml\ui\behavior\state_machines\PropPanelCompositeState.java,org.argouml.uml.ui.behavior.state_machines.PropPanelCompositeState,class,12,14,2,12,10,6,1,25,8,0.6,0.0,0.0,5,0,3,0,2,0,5,0,0,0,1,0,0,1,0,0,0,0,2,47,0,0,2,0,1,15,0,4,0,3,3,0,0,0,60,1,0
C:\Users\user\Desktop\STUFF A LOT OF 'EM\er\Design_Pattern\argouml\org\argouml\language\java\generator\GeneratorJava.java,org.argouml.language.java.generator.GeneratorJava,class,16,23,7,16,335,3,0,188,1679,0.93506503,0.0,0.0,63,3,38,19,1,5,45,0,0,0,11,9,0,11,0,0,7,0,18,1138,121,29,95,4,20,193,63,248,40,185,6,0,1,0,455,1,11
C:\Users\user\Desktop\STUFF A LOT OF 'EM\er\Design_Pattern\argouml\org\argouml\persistence\OffenderXMLHelper.java,org.argouml.persistence.OffenderXMLHelper,class,1,2,1,1,3,1,0,1,0,0.0,0.0,0.0,2,0,2,0,0,0,2,0,0,0,1,0,0,1,0,0,1,0,1,10,1,0,1,0,0,0,0,1,0,1,1,0,0,0,52,1,0
C:\Users\user\Desktop\STUFF A LOT OF 'EM\er\Design_Pattern\argouml\org\argouml\ui\explorer\rules\GoClassToAssociatedClass.java,org.argouml.ui.explorer.rules.GoClassToAssociatedClass,class,2,3,1,2,5,2,0,5,3,0.0,0.0,0.0,3,0,3,0,0,0,3,0,0,0,0,0,0,0,0,0,0,0,1,19,5,0,0,0,0,1,0,1,0,1,1,0,0,0,18,1,0
C:\Users\user\Desktop\STUFF A LOT OF 'EM\er\Design_Pattern\argouml\org\argouml\uml\ui\AbstractActionRemoveElement.java,org.argouml.uml.ui.AbstractActionRemoveElement,class,2,6,4,2,8,2,2,2,17,0.71428573,0.0,0.0,7,0,5,0,2,0,7,0,0,0,2,0,0,2,0,0,0,0,0,25,3,0,1,0,0,1,0,2,0,2,0,0,0,0,55,1,0
C:\Users\user\Desktop\STUFF A LOT OF 'EM\er\Design_Pattern\argouml\org\argouml\model\uml\CoreFactoryImpl.java,org.argouml.model.uml.CoreFactoryImpl,class,48,51,3,48,296,2,0,200,4996,0.8857143,0.0,0.0,105,0,62,4,0,39,101,0,0,0,2,1,0,2,0,0,1,0,0,1041,69,12,78,0,104,76,6,145,16,130,3,0,0,0,368,1,2
C:\Users\user\Desktop\STUFF A LOT OF 'EM\er\Design_Pattern\argouml\org\argouml\cognitive\ui\DismissToDoItemDialog.java,org.argouml.cognitive.ui.DismissToDoItemDialog$Anonymous2,anonymous,0,0,0,0,1,1,0,1,0,0.0,NaN,NaN,1,0,1,0,0,0,1,0,0,0,0,0,0,0,0,0,0,0,0,5,0,0,0,0,0,0,0,0,0,0,0,0,0,0,6,-1,0
C:\Users\user\Desktop\STUFF A LOT OF 'EM\er\Design_Pattern\argouml\org\argouml\ui\explorer\rules\GoStatemachineToDiagram.java,org.argouml.ui.explorer.rules.GoStatemachineToDiagram,class,7,8,1,7,9,2,0,11,3,0.0,0.0,0.0,3,0,3,0,0,0,3,0,0,0,0,0,0,0,0,0,0,0,2,36,4,1,2,0,0,1,0,8,0,8,4,0,0,0,48,1,0
C:\Users\user\Desktop\STUFF A LOT OF 'EM\er\Design_Pattern\argouml\org\argouml\uml\reveng\java\JavaImport.java,org.argouml.uml.reveng.java.JavaImport,class,10,11,1,10,7,2,0,18,10,0.8,0.0,0.0,5,0,5,0,0,0,5,0,0,0,1,1,0,1,0,0,1,0,0,37,4,0,0,1,0,9,0,8,2,8,2,0,0,0,70,1,2
C:\Users\user\Desktop\STUFF A LOT OF 'EM\er\Design_Pattern\argouml\org\argouml\cognitive\ui\DismissToDoItemDialog.java,org.argouml.cognitive.ui.DismissToDoItemDialog$Anonymous1,anonymous,1,1,0,1,4,1,0,6,0,0.0,NaN,NaN,1,0,1,0,0,0,1,0,0,0,0,0,0,0,0,0,0,0,0,16,0,0,0,0,0,1,0,0,1,0,1,0,0,0,10,-1,1
C:\Users\user\Desktop\STUFF A LOT OF 'EM\er\Design_Pattern\argouml\org\argouml\uml\diagram\use_case\ui\FigInclude.java,org.argouml.uml.diagram.use_case.ui.FigInclude,class,5,7,2,5,5,3,0,19,8,0.70000005,0.0,0.0,5,0,4,0,1,0,5,0,0,0,2,0,0,2,0,0,0,0,1,35,1,0,0,0,0,1,7,3,0,2,0,0,0,0,120,1,0
C:\Users\user\Desktop\STUFF A LOT OF 'EM\er\Design_Pattern\argouml\org\argouml\util\MyTokenizer.java,org.argouml.util.TokenSep,class,1,3,2,1,11,1,0,2,5,0.60714287,0.0,0.0,7,0,7,0,0,0,7,0,0,0,4,0,0,4,0,0,2,0,0,38,4,1,2,0,4,3,10,10,4,5,2,0,0,0,58,0,0
C:\Users\user\Desktop\STUFF A LOT OF 'EM\er\Design_Pattern\argouml\org\argouml\cognitive\ui\DismissToDoItemDialog.java,org.argouml.cognitive.ui.DismissToDoItemDialog$Anonymous4,anonymous,0,0,0,0,1,1,0,3,0,0.0,NaN,NaN,1,0,1,0,0,0,1,0,0,0,0,0,0,0,0,0,0,0,0,7,0,0,0,0,0,0,0,0,0,0,0,0,0,0,6,-1,0
C:\Users\user\Desktop\STUFF A LOT OF 'EM\er\Design_Pattern\argouml\org\argouml\ui\explorer\rules\GoClassifierToStructuralFeature.java,org.argouml.ui.explorer.rules.GoClassifierToStructuralFeature,class,2,3,1,2,5,2,0,5,3,0.0,0.0,0.0,3,0,3,0,0,0,3,0,0,0,0,0,0,0,0,0,0,0,1,19,5,0,0,0,0,1,0,1,0,1,1,0,0,0,20,1,0
C:\Users\user\Desktop\STUFF A LOT OF 'EM\er\Design_Pattern\argouml\org\argouml\cognitive\ui\DismissToDoItemDialog.java,org.argouml.cognitive.ui.DismissToDoItemDialog$Anonymous3,anonymous,0,0,0,0,1,1,0,1,0,0.0,NaN,NaN,1,0,1,0,0,0,1,0,0,0,0,0,0,0,0,0,0,0,0,5,0,0,0,0,0,0,0,0,0,0,0,0,0,0,6,-1,0
C:\Users\user\Desktop\STUFF A LOT OF 'EM\er\Design_Pattern\argouml\org\argouml\uml\ui\behavior\activity_graphs\ActionSetClassifierInStateInState.java,org.argouml.uml.ui.behavior.activity_graphs.ActionSetClassifierInStateInState,class,2,2,0,2,6,2,0,12,1,0.0,0.0,0.0,2,0,2,0,0,0,2,0,0,0,0,0,0,0,0,0,0,0,0,22,0,0,0,0,0,1,0,5,0,5,4,0,0,0,38,0,0
C:\Users\user\Desktop\STUFF A LOT OF 'EM\er\Design_Pattern\argouml\org\argouml\cognitive\ui\WizStepConfirm.java,org.argouml.cognitive.ui.WizStepConfirm,class,3,3,0,3,2,6,0,12,0,0.0,NaN,NaN,2,0,1,1,0,0,1,0,0,0,1,0,0,1,0,0,0,0,1,46,0,0,0,0,0,1,16,24,0,5,0,0,0,0,53,1,0
C:\Users\user\Desktop\STUFF A LOT OF 'EM\er\Design_Pattern\argouml\org\argouml\uml\cognitive\critics\CrFinalSubclassed.java,org.argouml.uml.cognitive.critics.CrFinalSubclassed,class,2,3,1,2,5,3,0,10,1,0.0,0.0,0.0,2,0,2,0,0,0,2,0,0,0,0,0,0,0,0,0,0,0,0,19,3,0,0,0,0,2,0,1,0,1,1,0,0,0,54,1,0
C:\Users\user\Desktop\STUFF A LOT OF 'EM\er\Design_Pattern\argouml\org\argouml\uml\cognitive\critics\WizManyNames.java,org.argouml.uml.cognitive.critics.WizManyNames,class,4,6,2,4,12,3,0,11,2,0.6,0.0,0.0,5,0,5,0,0,0,5,0,0,0,4,1,0,4,0,0,1,0,0,48,2,2,2,1,0,3,4,16,1,12,3,0,0,0,81,1,2
C:\Users\user\Desktop\STUFF A LOT OF 'EM\er\Design_Pattern\argouml\org\argouml\ui\explorer\rules\GoStateMachineToTransition.java,org.argouml.ui.explorer.rules.GoStateMachineToTransition,class,2,3,1,2,5,2,0,5,3,0.0,0.0,0.0,3,0,3,0,0,0,3,0,0,0,0,0,0,0,0,0,0,0,1,19,5,0,0,0,0,1,0,1,0,1,1,0,0,0,21,1,0
C:\Users\user\Desktop\STUFF A LOT OF 'EM\er\Design_Pattern\argouml\org\argouml\cognitive\ui\WizStepCue.java,org.argouml.cognitive.ui.WizStepCue,class,3,3,0,3,1,6,0,12,0,0.0,NaN,NaN,1,0,1,0,0,0,1,0,0,0,1,0,0,1,0,0,0,0,1,44,0,0,0,0,0,1,14,25,0,5,0,0,0,0,45,1,0
C:\Users\user\Desktop\STUFF A LOT OF 'EM\er\Design_Pattern\argouml\org\argouml\uml\ui\foundation\core\ActionSetBehavioralFeatureQuery.java,org.argouml.uml.ui.foundation.core.ActionSetBehavioralFeatureQuery,class,3,5,2,3,5,3,0,9,3,0.6666667,0.0,0.0,3,1,2,0,1,0,3,0,0,0,1,1,0,1,0,0,1,0,0,20,1,0,0,0,0,1,0,4,0,4,2,0,0,0,31,1,0
C:\Users\user\Desktop\STUFF A LOT OF 'EM\er\Design_Pattern\argouml\org\argouml\uml\ui\TabModelTarget.java,org.argouml.uml.ui.TabModelTarget,interface,1,5,4,1,0,1,0,0,0,0.0,-1.0,-1.0,0,0,0,0,0,0,0,0,0,0,0,0,0,0,0,0,0,0,0,2,0,0,0,0,0,0,0,0,0,0,0,0,0,0,13,1,0
C:\Users\user\Desktop\STUFF A LOT OF 'EM\er\Design_Pattern\argouml\org\argouml\uml\ui\UMLEditableComboBox.java,org.argouml.uml.ui.UMLEditableComboBox$UMLComboBoxEditor$UMLImagePanel,innerclass,0,0,0,0,9,5,0,17,0,0.42857143,0.0,0.0,7,0,7,0,0,0,7,0,0,0,2,0,0,2,0,0,0,0,2,43,1,0,1,0,0,0,4,2,0,2,1,0,0,0,58,2,0
C:\Users\user\Desktop\STUFF A LOT OF 'EM\er\Design_Pattern\argouml\org\argouml\uml\ui\behavior\common_behavior\PropPanelStimulus.java,org.argouml.uml.ui.behavior.common_behavior.PropPanelStimulus,class,13,13,0,13,19,4,0,30,36,0.0,0.0,0.0,9,0,9,0,0,0,9,0,0,0,0,0,0,0,0,0,0,0,3,84,4,0,4,0,0,10,2,22,0,18,3,0,0,0,73,1,0
C:\Users\user\Desktop\STUFF A LOT OF 'EM\er\Design_Pattern\argouml\org\argouml\uml\ui\foundation\core\PropPanelPermission.java,org.argouml.uml.ui.foundation.core.PropPanelPermission,class,7,7,0,7,1,6,0,11,0,0.0,NaN,NaN,1,0,1,0,0,0,1,0,0,0,0,0,0,0,0,0,0,0,2,14,0,0,0,0,0,7,0,0,0,0,0,0,0,0,19,1,0
C:\Users\user\Desktop\STUFF A LOT OF 'EM\er\Design_Pattern\argouml\org\argouml\uml\ui\UMLModelElementElementResidenceListModel.java,org.argouml.uml.ui.UMLModelElementElementResidenceListModel,class,1,1,0,1,3,4,0,6,3,0.0,0.0,0.0,3,0,1,0,2,0,3,0,0,0,0,0,0,0,0,0,0,0,0,11,1,0,0,0,0,1,0,0,0,0,0,0,0,0,20,1,0
C:\Users\user\Desktop\STUFF A LOT OF 'EM\er\Design_Pattern\argouml\org\argouml\ui\SettingsTabAppearance.java,org.argouml.ui.SettingsTabAppearance$Anonymous1,anonymous,1,1,0,1,1,1,0,1,0,0.0,NaN,NaN,1,0,1,0,0,0,1,0,0,0,0,0,0,0,0,0,0,0,0,5,0,0,0,0,0,0,0,0,0,0,0,0,0,0,9,-1,0
C:\Users\user\Desktop\STUFF A LOT OF 'EM\er\Design_Pattern\argouml\org\argouml\ui\Actions.java,org.argouml.ui.Actions,class,6,9,3,6,11,1,0,17,16,0.7407408,0.0,0.0,9,5,7,2,0,0,7,0,0,0,3,3,0,3,0,0,2,0,4,41,2,2,0,0,0,1,1,7,1,7,1,0,0,0,115,1,1
C:\Users\user\Desktop\STUFF A LOT OF 'EM\er\Design_Pattern\argouml\org\argouml\ui\explorer\rules\GoOperationToCollaborationDiagram.java,org.argouml.ui.explorer.rules.GoOperationToCollaborationDiagram,class,6,7,1,6,7,2,0,13,3,0.0,0.0,0.0,3,0,3,0,0,0,3,0,0,0,0,0,0,0,0,0,0,0,2,26,4,1,0,0,1,1,0,7,0,7,3,0,0,0,32,1,0
C:\Users\user\Desktop\STUFF A LOT OF 'EM\er\Design_Pattern\argouml\org\argouml\uml\ui\foundation\core\ActionNewInterface.java,org.argouml.uml.ui.foundation.core.ActionNewInterface,class,1,2,1,1,3,2,0,13,1,0.0,0.0,0.0,2,0,2,0,0,0,2,0,0,0,0,0,0,0,0,0,0,0,0,16,0,0,0,0,0,2,0,3,0,3,1,0,0,0,23,0,0
C:\Users\user\Desktop\STUFF A LOT OF 'EM\er\Design_Pattern\argouml\org\argouml\uml\cognitive\critics\CrConsiderFacade.java,org.argouml.uml.cognitive.critics.CrConsiderFacade,class,4,5,1,4,2,3,0,4,1,1.0,0.0,0.0,2,0,2,0,0,0,2,0,0,0,1,1,0,1,0,0,1,0,0,11,1,0,0,0,0,1,0,1,0,1,0,0,0,0,41,1,0
C:\Users\user\Desktop\STUFF A LOT OF 'EM\er\Design_Pattern\argouml\org\argouml\ui\ArgoDialog.java,org.argouml.ui.ArgoDialog,class,3,15,12,3,7,2,10,12,6,0.75,0.0,0.0,4,0,2,0,2,0,4,0,0,0,1,1,0,1,0,0,1,0,2,26,0,0,2,0,0,7,2,2,1,2,2,0,0,0,52,1,0
C:\Users\user\Desktop\STUFF A LOT OF 'EM\er\Design_Pattern\argouml\org\argouml\cognitive\GoalModel.java,org.argouml.cognitive.GoalModel,class,2,6,4,2,10,2,0,11,8,0.375,0.0,0.0,8,0,8,0,0,0,8,0,0,1,1,0,0,1,0,0,0,0,1,36,3,1,0,0,0,0,3,4,0,4,2,0,0,0,75,1,0
C:\Users\user\Desktop\STUFF A LOT OF 'EM\er\Design_Pattern\argouml\org\argouml\ui\explorer\PerspectiveConfigurator.java,org.argouml.ui.explorer.PerspectiveConfigurator$LibraryListSelectionListener,innerclass,0,0,0,0,4,1,0,3,0,0.0,NaN,NaN,1,0,1,0,0,0,1,0,0,0,0,0,0,0,0,0,0,0,0,8,1,0,2,0,0,0,0,2,0,2,1,0,0,0,19,0,0
C:\Users\user\Desktop\STUFF A LOT OF 'EM\er\Design_Pattern\argouml\org\argouml\uml\diagram\sequence\ObjectNode.java,org.argouml.uml.diagram.sequence.ObjectNode,class,3,4,1,3,7,3,0,2,7,0.5833334,0.0,0.0,6,0,6,0,0,0,6,0,0,0,2,0,0,2,0,0,0,0,0,25,2,0,1,0,0,0,0,3,0,2,1,0,0,0,20,1,0
C:\Users\user\Desktop\STUFF A LOT OF 'EM\er\Design_Pattern\argouml\org\argouml\application\configuration\ConfigurationFactory.java,org.argouml.application.configuration.ConfigurationFactory,class,3,5,2,3,7,1,0,5,3,0.6666667,0.0,0.0,3,1,2,1,0,0,3,0,1,0,2,2,0,2,0,0,1,0,2,28,2,0,2,1,0,3,0,6,1,4,2,0,0,0,61,1,1
C:\Users\user\Desktop\STUFF A LOT OF 'EM\er\Design_Pattern\argouml\org\argouml\uml\ui\foundation\core\ActionSetModelElementStereotype.java,org.argouml.uml.ui.foundation.core.ActionSetModelElementStereotype,class,3,5,2,3,11,3,0,18,3,0.6666667,0.0,0.0,3,1,2,0,1,0,3,0,0,0,1,1,0,1,0,0,1,0,0,34,1,0,3,0,0,2,1,12,0,6,3,0,0,0,36,1,0
C:\Users\user\Desktop\STUFF A LOT OF 'EM\er\Design_Pattern\argouml\org\argouml\application\security\ArgoAwtExceptionHandler.java,org.argouml.application.security.ArgoAwtExceptionHandler,class,1,2,1,1,3,1,0,2,1,0.0,0.0,0.0,2,0,2,0,0,0,2,0,0,0,0,0,0,0,0,0,0,0,0,12,1,0,0,0,0,0,0,0,0,0,1,0,0,0,40,17,0
C:\Users\user\Desktop\STUFF A LOT OF 'EM\er\Design_Pattern\argouml\org\argouml\ui\SystemInfoDialog.java,org.argouml.ui.SystemInfoDialog,class,4,9,5,4,6,3,0,23,9,0.76666665,0.0,0.0,6,0,3,2,0,1,4,0,0,0,5,2,0,5,0,0,1,0,17,87,0,0,0,0,0,50,3,9,12,9,0,3,1,0,90,1,0
C:\Users\user\Desktop\STUFF A LOT OF 'EM\er\Design_Pattern\argouml\org\argouml\ui\explorer\rules\GoClassifierToStateMachine.java,org.argouml.ui.explorer.rules.GoClassifierToStateMachine,class,2,3,1,2,5,2,0,5,3,0.0,0.0,0.0,3,0,3,0,0,0,3,0,0,0,0,0,0,0,0,0,0,0,1,19,5,0,0,0,0,1,0,1,0,1,1,0,0,0,31,1,0
C:\Users\user\Desktop\STUFF A LOT OF 'EM\er\Design_Pattern\argouml\org\argouml\ui\SplashScreen.java,org.argouml.ui.SplashScreen,class,4,9,5,4,10,5,0,18,9,0.6666667,0.0,0.0,7,3,6,1,0,0,6,0,0,1,3,2,0,3,0,0,0,0,2,47,4,0,2,0,0,2,6,9,6,9,1,0,0,0,57,1,0
C:\Users\user\Desktop\STUFF A LOT OF 'EM\er\Design_Pattern\argouml\org\argouml\uml\diagram\collaboration\ui\FigAssociationRole.java,org.argouml.uml.diagram.collaboration.ui.FigMessageGroup,class,4,6,2,4,19,2,0,20,21,0.0,0.0,0.0,7,0,6,0,1,0,7,0,0,0,0,0,0,0,0,0,0,0,0,84,0,4,5,0,0,0,9,26,4,18,3,0,0,0,40,0,0
C:\Users\user\Desktop\STUFF A LOT OF 'EM\er\Design_Pattern\argouml\org\argouml\uml\diagram\ui\FigClassAssociationClass.java,org.argouml.uml.diagram.ui.FigClassAssociationClass,class,4,7,3,4,9,4,0,10,1,0.2857143,0.0,0.0,7,0,7,0,0,0,7,0,0,0,1,0,0,1,0,0,0,0,0,33,1,0,2,0,0,0,0,3,0,2,1,0,0,0,48,1,0
C:\Users\user\Desktop\STUFF A LOT OF 'EM\er\Design_Pattern\argouml\org\argouml\util\osdep\StartBrowser.java,org.argouml.util.osdep.StartBrowser,class,3,4,1,3,7,1,0,14,0,0.0,NaN,NaN,1,1,1,0,0,0,1,0,0,0,1,1,0,1,0,0,1,0,7,41,1,0,1,3,0,9,1,8,4,8,4,0,0,0,52,1,4
C:\Users\user\Desktop\STUFF A LOT OF 'EM\er\Design_Pattern\argouml\org\argouml\uml\ui\foundation\core\UMLModelElementSourceFlowListModel.java,org.argouml.uml.ui.foundation.core.UMLModelElementSourceFlowListModel,class,1,2,1,1,4,4,0,6,3,0.0,0.0,0.0,3,0,1,0,2,0,3,0,0,0,0,0,0,0,0,0,0,0,0,13,1,0,1,0,0,1,0,0,0,0,1,0,0,0,22,1,0
C:\Users\user\Desktop\STUFF A LOT OF 'EM\er\Design_Pattern\argouml\org\argouml\uml\diagram\static_structure\layout\ClassdiagramNode.java,org.argouml.uml.diagram.static_structure.layout.ClassdiagramNode,class,7,12,5,7,49,1,1,28,356,0.92816085,0.0,0.0,29,0,29,0,0,0,29,0,0,0,12,4,3,9,0,0,3,0,6,162,18,4,7,0,6,0,30,49,16,28,2,0,0,0,244,0,0
C:\Users\user\Desktop\STUFF A LOT OF 'EM\er\Design_Pattern\argouml\org\argouml\uml\ui\behavior\common_behavior\PropPanelInstance.java,org.argouml.uml.ui.behavior.common_behavior.PropPanelInstance,class,5,8,3,5,5,4,3,1,3,0.6666667,0.0,0.0,3,0,1,0,2,0,3,0,0,0,4,2,0,4,0,0,0,0,0,25,2,0,2,0,0,0,2,6,0,6,1,0,0,0,40,1025,0
C:\Users\user\Desktop\STUFF A LOT OF 'EM\er\Design_Pattern\argouml\org\argouml\uml\cognitive\critics\CrInterfaceAllPublic.java,org.argouml.uml.cognitive.critics.CrInterfaceAllPublic,class,2,3,1,2,7,3,0,14,1,0.0,0.0,0.0,2,0,2,0,0,0,2,0,0,0,0,0,0,0,0,0,0,0,0,29,5,1,2,0,1,1,0,4,0,4,2,0,0,0,49,1,0
C:\Users\user\Desktop\STUFF A LOT OF 'EM\er\Design_Pattern\argouml\org\argouml\uml\ui\behavior\state_machines\UMLCompositeStateSubvertexList.java,org.argouml.uml.ui.behavior.state_machines.UMLCompositeStateSubvertexList$PopupMenu,innerclass,8,8,0,8,1,5,0,23,0,0.0,NaN,NaN,1,0,1,0,0,0,1,0,0,0,0,0,0,0,0,0,0,0,12,34,0,0,0,0,0,9,0,2,0,2,0,0,0,0,16,2,0
C:\Users\user\Desktop\STUFF A LOT OF 'EM\er\Design_Pattern\argouml\org\argouml\model\uml\ExtensionMechanismsFactoryImpl.java,org.argouml.model.uml.ExtensionMechanismsFactoryImpl,class,10,13,3,10,24,2,0,27,52,0.75,0.0,0.0,12,0,8,1,0,3,11,0,0,0,2,1,0,2,0,0,1,0,0,100,10,0,7,0,6,6,0,16,1,16,1,0,0,0,163,1,2
C:\Users\user\Desktop\STUFF A LOT OF 'EM\er\Design_Pattern\argouml\org\argouml\uml\ui\foundation\core\PropPanelDataType.java,org.argouml.uml.ui.foundation.core.PropPanelDataType$ActionAddAttributeToDataType,innerclass,1,1,0,1,12,2,0,32,1,0.0,0.0,0.0,2,0,2,0,0,0,2,0,0,0,0,0,0,0,0,0,0,0,0,49,0,1,4,0,0,5,1,16,0,12,7,0,0,0,37,2,0
C:\Users\user\Desktop\STUFF A LOT OF 'EM\er\Design_Pattern\argouml\org\argouml\model\uml\ActivityGraphsHelperImpl.java,org.argouml.model.uml.ActivityGraphsHelperImpl,class,12,13,1,12,19,1,0,18,4,0.4,0.0,0.0,5,0,4,0,0,1,5,0,0,0,1,0,0,1,0,0,0,0,0,69,6,3,3,0,8,3,0,17,1,16,4,0,0,0,134,0,0
C:\Users\user\Desktop\STUFF A LOT OF 'EM\er\Design_Pattern\argouml\org\argouml\cognitive\ui\WizStepChoice.java,org.argouml.cognitive.ui.WizStepChoice,class,3,3,0,3,8,6,0,24,0,0.5,0.0,0.0,3,0,3,0,0,0,3,0,0,0,4,0,0,4,0,0,0,0,1,91,2,2,1,0,0,1,27,50,2,17,3,0,0,0,73,1,0
C:\Users\user\Desktop\STUFF A LOT OF 'EM\er\Design_Pattern\argouml\org\argouml\uml\diagram\state\ui\FigFinalState.java,org.argouml.uml.diagram.state.ui.FigFinalState,class,8,11,3,8,17,4,0,25,93,0.8999999,0.0,0.0,15,0,15,0,0,0,15,0,0,0,6,5,0,5,0,1,5,0,0,78,7,0,1,0,2,0,11,17,4,13,2,0,0,0,98,1,0
C:\Users\user\Desktop\STUFF A LOT OF 'EM\er\Design_Pattern\argouml\org\argouml\ui\explorer\ExplorerTree.java,org.argouml.ui.explorer.ExplorerTree$ExplorerTargetListener,innerclass,5,5,0,5,18,1,0,16,6,0.0,0.0,0.0,4,0,3,1,0,0,3,0,0,0,0,0,0,0,0,0,0,0,0,59,0,4,2,0,4,0,9,20,0,12,4,0,0,0,46,0,0
C:\Users\user\Desktop\STUFF A LOT OF 'EM\er\Design_Pattern\argouml\org\argouml\uml\cognitive\ChildGenFind.java,org.argouml.uml.cognitive.ChildGenFind,class,4,6,2,4,8,1,0,20,1,0.5,0.0,0.0,2,1,2,0,0,0,2,0,0,0,1,1,0,1,0,0,1,0,0,45,8,0,0,0,0,0,0,11,0,11,1,0,0,0,62,1,0
C:\Users\user\Desktop\STUFF A LOT OF 'EM\er\Design_Pattern\argouml\org\argouml\model\uml\UmlModelEventPump.java,org.argouml.model.uml.UmlModelEventPump,class,10,16,6,10,122,1,0,46,247,0.8202764,0.0,0.0,31,1,23,5,0,3,26,0,0,4,7,3,1,6,0,0,2,0,1,316,25,21,38,7,14,27,23,64,10,56,3,0,0,0,295,17,6
C:\Users\user\Desktop\STUFF A LOT OF 'EM\er\Design_Pattern\argouml\org\argouml\ui\cmd\ActionEmailExpert.java,org.argouml.ui.cmd.ActionEmailExpert,class,5,6,1,5,7,3,0,14,3,0.0,0.0,0.0,3,0,3,0,0,0,3,0,0,0,0,0,0,0,0,0,0,0,2,32,1,1,1,1,1,6,2,9,2,8,2,0,0,0,40,1,0
C:\Users\user\Desktop\STUFF A LOT OF 'EM\er\Design_Pattern\argouml\org\argouml\uml\ui\SourcePathController.java,org.argouml.uml.ui.SourcePathController,interface,1,4,3,1,6,1,0,0,15,0.0,0.0,0.0,6,0,0,0,0,6,6,0,0,0,0,0,0,0,0,0,0,0,0,8,0,0,0,0,0,0,0,0,0,0,0,0,0,0,78,1,0
C:\Users\user\Desktop\STUFF A LOT OF 'EM\er\Design_Pattern\argouml\org\argouml\cognitive\critics\StandardCM.java,org.argouml.cognitive.critics.DesignGoalsCM,class,3,4,1,3,1,1,0,1,0,0.0,NaN,NaN,1,0,1,0,0,0,1,0,0,0,0,0,0,0,0,0,0,0,0,5,1,0,0,0,0,0,0,0,0,0,0,0,0,0,11,0,0
C:\Users\user\Desktop\STUFF A LOT OF 'EM\er\Design_Pattern\argouml\org\argouml\uml\ui\foundation\core\UMLClassActiveCheckBox.java,org.argouml.uml.ui.foundation.core.UMLClassActiveCheckBox,class,2,4,2,2,3,8,0,6,1,0.0,0.0,0.0,2,0,2,0,0,0,2,0,0,0,0,0,0,0,0,0,0,0,1,10,0,0,1,0,0,2,0,0,0,0,1,0,0,0,17,1,0
C:\Users\user\Desktop\STUFF A LOT OF 'EM\er\Design_Pattern\argouml\org\argouml\ui\explorer\PerspectiveConfigurator.java,org.argouml.ui.explorer.PerspectiveConfigurator$OkListener,innerclass,1,1,0,1,2,1,0,6,0,0.0,NaN,NaN,1,0,1,0,0,0,1,0,0,0,0,0,0,0,0,0,0,0,3,10,0,1,0,0,0,0,1,2,0,2,1,0,0,0,21,0,0
C:\Users\user\Desktop\STUFF A LOT OF 'EM\er\Design_Pattern\argouml\org\argouml\ui\explorer\rules\GoSummaryToAttribute.java,org.argouml.ui.explorer.rules.GoSummaryToAttribute,class,3,4,1,3,5,2,0,5,3,0.0,0.0,0.0,3,0,3,0,0,0,3,0,0,0,0,0,0,0,0,0,0,0,1,19,5,0,0,0,2,1,0,1,0,1,1,0,0,0,30,1,0
C:\Users\user\Desktop\STUFF A LOT OF 'EM\er\Design_Pattern\argouml\org\argouml\uml\ui\behavior\use_cases\PropPanelExtensionPoint.java,org.argouml.uml.ui.behavior.use_cases.PropPanelExtensionPoint$ActionNewExtensionPoint,innerclass,1,1,0,1,3,2,0,11,1,0.0,0.0,0.0,2,0,2,0,0,0,2,0,0,0,0,0,0,0,0,0,0,0,0,13,0,0,0,0,0,2,0,1,0,1,1,0,0,0,17,2,0
C:\Users\user\Desktop\STUFF A LOT OF 'EM\er\Design_Pattern\argouml\org\argouml\ui\explorer\rules\GoClassToNavigableClass.java,org.argouml.ui.explorer.rules.GoClassToNavigableClass,class,2,3,1,2,14,2,0,14,3,0.0,0.0,0.0,3,0,3,0,0,0,3,0,0,0,0,0,0,0,0,0,0,0,1,51,6,1,4,0,0,1,0,12,0,9,4,0,0,0,33,1,0
C:\Users\user\Desktop\STUFF A LOT OF 'EM\er\Design_Pattern\argouml\org\argouml\uml\diagram\static_structure\ui\FigComment.java,org.argouml.uml.diagram.static_structure.ui.FigComment,class,12,21,9,12,54,3,0,70,231,0.84242433,0.0,0.0,30,0,26,0,4,0,30,0,3,0,11,2,0,11,0,0,2,0,6,253,17,0,12,1,3,10,41,41,52,30,2,0,0,0,186,1,4
C:\Users\user\Desktop\STUFF A LOT OF 'EM\er\Design_Pattern\argouml\org\argouml\application\api\CommandLineInterface.java,org.argouml.application.api.CommandLineInterface,interface,0,2,2,0,1,1,0,0,0,0.0,NaN,NaN,1,0,0,0,0,1,1,0,0,0,0,0,0,0,0,0,0,0,0,3,0,0,0,0,0,0,0,0,0,0,0,0,0,0,41,1,0
C:\Users\user\Desktop\STUFF A LOT OF 'EM\er\Design_Pattern\argouml\org\argouml\uml\ui\foundation\core\UMLClassifierPowertypeRangeListModel.java,org.argouml.uml.ui.foundation.core.UMLClassifierPowertypeRangeListModel,class,1,2,1,1,4,4,0,5,3,0.0,0.0,0.0,3,0,1,0,2,0,3,0,0,0,0,0,0,0,0,0,0,0,0,13,1,0,1,0,0,1,0,0,0,0,1,0,0,0,23,1,0
C:\Users\user\Desktop\STUFF A LOT OF 'EM\er\Design_Pattern\argouml\org\argouml\uml\diagram\static_structure\ui\SelectionClass.java,org.argouml.uml.diagram.static_structure.ui.SelectionClass,class,14,17,3,14,31,4,0,41,47,0.8333333,0.0,0.0,11,0,5,0,6,0,11,0,0,0,6,5,0,6,0,0,1,0,0,158,11,0,5,0,1,11,40,70,41,43,1,0,0,0,114,1,1
C:\Users\user\Desktop\STUFF A LOT OF 'EM\er\Design_Pattern\argouml\org\argouml\ui\TabText.java,org.argouml.ui.TabText,class,7,8,1,7,26,6,0,21,106,0.83333343,0.0,0.0,17,0,12,0,5,0,17,0,0,0,6,1,0,6,0,0,1,0,1,93,5,0,5,0,1,7,3,16,1,8,2,0,0,0,97,1,1
C:\Users\user\Desktop\STUFF A LOT OF 'EM\er\Design_Pattern\argouml\org\argouml\uml\cognitive\critics\CrInvalidInitial.java,org.argouml.uml.cognitive.critics.CrInvalidInitial,class,2,3,1,2,6,3,0,10,1,0.0,0.0,0.0,2,0,2,0,0,0,2,0,0,0,0,0,0,0,0,0,0,0,0,22,4,0,1,0,1,1,2,3,0,3,1,0,0,0,55,1,0
C:\Users\user\Desktop\STUFF A LOT OF 'EM\er\Design_Pattern\argouml\org\argouml\application\configuration\ConfigurationProperties.java,org.argouml.application.configuration.ConfigurationProperties,class,3,5,2,3,20,2,0,16,0,0.5,0.0,0.0,8,0,6,0,0,2,8,0,0,0,4,2,0,4,0,0,1,0,1,93,10,0,0,6,0,24,0,12,13,6,3,0,0,0,113,1,12
C:\Users\user\Desktop\STUFF A LOT OF 'EM\er\Design_Pattern\argouml\org\argouml\uml\diagram\ui\ActionEdgesDisplay.java,org.argouml.uml.diagram.ui.ActionEdgesDisplay,class,7,9,2,7,9,2,0,22,8,0.73333335,0.0,0.0,5,2,4,0,1,0,5,0,0,0,3,2,0,3,0,0,0,0,0,41,3,2,1,0,0,2,0,13,0,13,4,0,0,0,61,1,0
C:\Users\user\Desktop\STUFF A LOT OF 'EM\er\Design_Pattern\argouml\org\argouml\ui\StylePanelFigNodeModelElement.java,org.argouml.ui.StylePanelFigNodeModelElement,class,9,11,2,9,10,8,0,33,0,0.375,0.0,0.0,4,0,4,0,0,0,4,0,0,0,2,0,0,2,0,0,0,0,2,94,1,0,3,0,2,3,25,34,1,10,2,0,0,0,64,1,0
C:\Users\user\Desktop\STUFF A LOT OF 'EM\er\Design_Pattern\argouml\org\argouml\uml\ui\behavior\common_behavior\PropPanelReturnAction.java,org.argouml.uml.ui.behavior.common_behavior.PropPanelReturnAction,class,2,2,0,2,1,5,0,1,0,0.0,NaN,NaN,1,0,1,0,0,0,1,0,0,0,0,0,0,0,0,0,0,0,1,5,0,0,0,0,0,2,0,0,0,0,0,0,0,0,17,1,0
C:\Users\user\Desktop\STUFF A LOT OF 'EM\er\Design_Pattern\argouml\org\argouml\uml\cognitive\critics\CrDisambigClassName.java,org.argouml.uml.cognitive.critics.CrDisambigClassName,class,5,6,1,5,18,3,0,23,10,0.0,0.0,0.0,5,0,5,0,0,0,5,0,0,0,0,0,0,0,0,0,0,0,0,68,8,2,6,0,5,4,2,16,0,16,3,0,0,0,74,1,0
C:\Users\user\Desktop\STUFF A LOT OF 'EM\er\Design_Pattern\argouml\org\argouml\ui\explorer\ExplorerTree.java,org.argouml.ui.explorer.ExplorerTree$ProjectPropertyChangeListener,innerclass,0,0,0,0,4,1,0,6,0,0.0,NaN,NaN,1,0,1,0,0,0,1,0,0,0,0,0,0,0,0,0,0,0,0,10,0,0,2,0,0,0,1,1,0,1,2,0,0,0,29,0,0
C:\Users\user\Desktop\STUFF A LOT OF 'EM\er\Design_Pattern\argouml\org\argouml\uml\reveng\FileImportSupport.java,org.argouml.uml.reveng.FileImportSupport,class,9,11,2,9,36,5,1,22,132,0.92941177,0.0,0.0,17,0,15,0,2,0,17,1,0,0,5,1,0,5,0,0,1,0,0,171,15,4,5,0,2,9,52,24,0,25,6,0,1,0,172,1025,0
C:\Users\user\Desktop\STUFF A LOT OF 'EM\er\Design_Pattern\argouml\org\argouml\uml\ui\foundation\core\ActionAddAssociationSpecification.java,org.argouml.uml.ui.foundation.core.ActionAddAssociationSpecification,class,3,5,2,3,7,2,0,14,15,0.8333333,0.0,0.0,6,1,1,0,5,0,6,0,0,0,1,1,0,1,0,0,1,0,0,29,4,0,1,0,0,1,0,5,0,5,1,0,0,0,36,1,0
C:\Users\user\Desktop\STUFF A LOT OF 'EM\er\Design_Pattern\argouml\org\argouml\uml\ui\foundation\core\PropPanelDataType.java,org.argouml.uml.ui.foundation.core.PropPanelDataType$ActionAddQueryOperation,innerclass,1,1,0,1,3,2,0,17,1,0.0,0.0,0.0,2,0,2,0,0,0,2,0,0,0,0,0,0,0,0,0,0,0,0,18,0,0,0,0,0,3,0,5,0,5,1,0,0,0,26,2,0
C:\Users\user\Desktop\STUFF A LOT OF 'EM\er\Design_Pattern\argouml\org\argouml\uml\diagram\ui\RadioAction.java,org.argouml.uml.diagram.ui.RadioAction,class,3,10,7,3,5,2,0,12,0,0.0,0.0,0.0,3,0,3,0,0,0,3,0,0,0,1,0,0,1,0,0,0,0,0,24,1,0,1,0,0,0,0,3,0,3,2,0,0,0,54,1,0
C:\Users\user\Desktop\STUFF A LOT OF 'EM\er\Design_Pattern\argouml\org\argouml\uml\ui\ActionNavigateOwner.java,org.argouml.uml.ui.ActionNavigateOwner,class,1,1,0,1,1,3,0,2,0,0.0,NaN,NaN,1,0,0,0,1,0,1,0,0,0,0,0,0,0,0,0,0,0,0,5,1,0,0,0,0,0,0,0,0,0,0,0,0,0,11,1,0
C:\Users\user\Desktop\STUFF A LOT OF 'EM\er\Design_Pattern\argouml\org\argouml\uml\diagram\state\ui\FigCompositeState.java,org.argouml.uml.diagram.state.ui.FigCompositeState,class,11,17,6,11,39,5,0,61,121,0.7536232,0.0,0.0,23,0,18,0,5,0,23,0,0,0,3,1,0,3,0,0,1,0,2,162,16,1,6,1,5,5,40,31,38,27,3,0,0,0,134,1,0
C:\Users\user\Desktop\STUFF A LOT OF 'EM\er\Design_Pattern\argouml\org\argouml\uml\diagram\ui\ActionCompartmentDisplay.java,org.argouml.uml.diagram.ui.ActionCompartmentDisplay,class,7,11,4,7,21,2,0,11,53,0.8909091,0.0,0.0,11,8,10,0,1,0,11,0,0,0,10,8,0,10,0,0,8,0,0,75,9,0,1,0,10,16,1,15,0,13,3,0,0,0,130,1,0
C:\Users\user\Desktop\STUFF A LOT OF 'EM\er\Design_Pattern\argouml\org\argouml\uml\diagram\static_structure\layout\ClassdiagramEdge.java,org.argouml.uml.diagram.static_structure.layout.ClassdiagramEdge,class,4,8,4,4,10,1,3,5,33,0.8,0.0,0.0,10,4,6,0,2,2,10,1,0,0,6,2,0,6,0,0,0,0,0,40,6,0,0,0,0,0,0,8,0,6,0,0,0,0,59,1025,0
C:\Users\user\Desktop\STUFF A LOT OF 'EM\er\Design_Pattern\argouml\org\argouml\uml\ui\behavior\collaborations\PropPanelAssociationRole.java,org.argouml.uml.ui.behavior.collaborations.PropPanelAssociationRole,class,12,12,0,12,1,6,0,11,0,0.0,NaN,NaN,1,0,1,0,0,0,1,0,0,0,0,0,0,0,0,0,0,0,2,19,0,0,0,0,0,8,1,3,0,3,0,0,0,0,37,1,0
C:\Users\user\Desktop\STUFF A LOT OF 'EM\er\Design_Pattern\argouml\org\argouml\persistence\ProjectFilePersister.java,org.argouml.persistence.ProjectFilePersister,interface,1,2,1,1,2,1,0,0,1,0.0,0.0,0.0,2,0,2,0,0,0,2,0,0,0,0,0,0,0,0,0,0,0,0,4,0,0,0,0,0,0,0,0,0,0,0,0,0,0,29,1,0
C:\Users\user\Desktop\STUFF A LOT OF 'EM\er\Design_Pattern\argouml\org\argouml\uml\ui\TabProps.java,org.argouml.uml.ui.TabProps,class,35,36,1,35,60,2,0,64,232,0.89,0.0,0.0,25,0,18,5,2,0,20,0,0,0,8,1,0,8,0,0,1,0,3,234,11,6,11,2,8,20,22,55,16,31,3,0,0,0,218,1,8
C:\Users\user\Desktop\STUFF A LOT OF 'EM\er\Design_Pattern\argouml\org\argouml\uml\diagram\static_structure\ui\FigEdgeNote.java,org.argouml.uml.diagram.static_structure.ui.FigEdgeNote,class,8,16,8,8,14,3,0,32,43,0.8,0.0,0.0,10,0,8,0,2,0,10,0,0,0,1,0,0,1,0,0,0,0,0,57,3,0,4,0,3,3,0,6,1,5,1,0,0,0,98,1,0
C:\Users\user\Desktop\STUFF A LOT OF 'EM\er\Design_Pattern\argouml\org\argouml\uml\ui\behavior\state_machines\PropPanelFinalState.java,org.argouml.uml.ui.behavior.state_machines.PropPanelFinalState,class,5,5,0,5,1,6,0,11,0,0.0,NaN,NaN,1,0,1,0,0,0,1,0,0,0,0,0,0,0,0,0,0,0,2,12,0,0,0,0,0,8,0,0,0,0,0,0,0,0,12,1,0
C:\Users\user\Desktop\STUFF A LOT OF 'EM\er\Design_Pattern\argouml\org\argouml\uml\ui\foundation\core\UMLModelElementSupplierDependencyListModel.java,org.argouml.uml.ui.foundation.core.UMLModelElementSupplierDependencyListModel,class,1,2,1,1,4,4,0,6,3,0.0,0.0,0.0,3,0,1,0,2,0,3,0,0,0,0,0,0,0,0,0,0,0,0,13,1,0,1,0,0,1,0,0,0,0,1,0,0,0,22,1,0
C:\Users\user\Desktop\STUFF A LOT OF 'EM\er\Design_Pattern\argouml\org\argouml\uml\ui\UMLLinkedListCellRenderer.java,org.argouml.uml.ui.UMLLinkedListCellRenderer,class,1,2,1,1,2,7,0,1,1,0.0,0.0,0.0,2,0,2,0,0,0,2,0,0,0,0,0,0,0,0,0,0,0,0,9,1,0,0,0,0,0,0,1,0,1,0,0,0,0,34,1,0
C:\Users\user\Desktop\STUFF A LOT OF 'EM\er\Design_Pattern\argouml\org\argouml\uml\diagram\state\ui\FigTransition.java,org.argouml.uml.diagram.state.ui.FigTransition,class,10,13,3,10,36,3,0,54,47,0.77272725,0.0,0.0,11,0,5,0,6,0,11,0,0,0,2,0,0,2,0,0,0,0,0,117,7,1,9,1,4,11,3,16,1,13,2,0,0,0,152,1,0
C:\Users\user\Desktop\STUFF A LOT OF 'EM\er\Design_Pattern\argouml\org\argouml\cognitive\ui\ToDoByPriority.java,org.argouml.cognitive.ui.ToDoByPriority,class,12,14,2,12,21,5,0,18,4,0.4,0.0,0.0,5,0,5,0,0,0,5,0,0,0,1,1,0,1,0,0,1,0,6,91,0,8,7,0,0,5,20,48,0,35,3,0,0,0,60,1,4
C:\Users\user\Desktop\STUFF A LOT OF 'EM\er\Design_Pattern\argouml\org\argouml\ui\explorer\DnDExplorerTree.java,org.argouml.ui.explorer.DnDExplorerTree$DnDTreeSelectionListener,innerclass,0,0,0,0,1,1,0,1,0,0.0,NaN,NaN,1,0,1,0,0,0,1,0,0,0,0,0,0,0,0,0,0,0,0,5,0,0,0,0,0,0,0,1,0,0,0,0,0,0,17,0,0
C:\Users\user\Desktop\STUFF A LOT OF 'EM\er\Design_Pattern\argouml\org\argouml\uml\ui\model_management\PropPanelSubsystem.java,org.argouml.uml.ui.model_management.PropPanelSubsystem$ActionNewOperation,innerclass,2,2,0,2,3,2,0,15,1,0.0,0.0,0.0,2,0,2,0,0,0,2,0,0,0,0,0,0,0,0,0,0,0,0,18,0,0,0,0,0,3,0,6,0,6,1,0,0,0,29,2,0
C:\Users\user\Desktop\STUFF A LOT OF 'EM\er\Design_Pattern\argouml\org\argouml\cognitive\ui\ToDoPane.java,org.argouml.cognitive.ui.ToDoPane,class,30,34,4,30,55,5,0,76,229,0.9166667,0.0,0.0,27,3,24,2,1,0,25,0,0,0,20,8,0,20,0,0,5,0,22,261,12,2,7,0,8,10,24,49,3,42,2,0,0,0,242,1,5
C:\Users\user\Desktop\STUFF A LOT OF 'EM\er\Design_Pattern\argouml\org\argouml\kernel\MemberList.java,org.argouml.kernel.MemberList,class,8,13,5,8,61,1,0,21,196,0.64285713,0.0,0.0,28,0,26,2,0,0,26,0,0,0,4,1,0,4,0,0,1,0,0,211,27,3,26,0,2,9,7,21,3,17,2,0,0,0,71,1,5
C:\Users\user\Desktop\STUFF A LOT OF 'EM\er\Design_Pattern\argouml\org\argouml\language\java\generator\JavaRecognizer.java,org.argouml.language.java.generator.JavaRecognizer,class,21,23,2,21,1078,2,0,99,4035,0.9844324,0.0,0.0,91,20,69,20,2,0,71,0,86,0,24,21,21,3,0,0,21,0,20,3251,38,39,145,3,93,149,454,303,3,162,8,0,0,0,446,1,0
C:\Users\user\Desktop\STUFF A LOT OF 'EM\er\Design_Pattern\argouml\org\argouml\ui\explorer\rules\GoTransitionToTarget.java,org.argouml.ui.explorer.rules.GoTransitionToTarget,class,2,3,1,2,5,2,0,6,3,0.0,0.0,0.0,3,0,3,0,0,0,3,0,0,0,0,0,0,0,0,0,0,0,1,21,5,0,0,0,0,1,0,2,0,2,1,0,0,0,21,1,0
C:\Users\user\Desktop\STUFF A LOT OF 'EM\er\Design_Pattern\argouml\org\argouml\uml\ui\behavior\common_behavior\ActionNewReception.java,org.argouml.uml.ui.behavior.common_behavior.ActionNewReception,class,1,2,1,1,3,2,0,10,1,0.5,0.0,0.0,2,0,2,0,0,0,2,0,0,0,1,1,1,0,0,0,1,0,0,14,0,0,0,0,0,4,0,3,0,3,1,0,0,0,43,1,0
C:\Users\user\Desktop\STUFF A LOT OF 'EM\er\Design_Pattern\argouml\org\argouml\uml\diagram\ui\ActionMultiplicity.java,org.argouml.uml.diagram.ui.ActionMultiplicity,class,5,7,2,5,14,2,0,21,53,0.8909091,0.0,0.0,11,8,10,0,1,0,11,0,0,0,10,8,0,10,0,0,0,0,0,64,9,1,1,0,1,10,1,21,0,17,3,0,0,0,56,1,0
C:\Users\user\Desktop\STUFF A LOT OF 'EM\er\Design_Pattern\argouml\org\argouml\uml\ui\UMLListCellRenderer2.java,org.argouml.uml.ui.UMLListCellRenderer2,class,2,8,6,2,17,6,1,34,4,0.625,0.0,0.0,4,0,3,1,0,0,3,0,0,0,2,1,0,2,0,0,1,0,1,69,7,0,2,0,1,9,0,11,3,7,3,0,0,0,99,1,3
C:\Users\user\Desktop\STUFF A LOT OF 'EM\er\Design_Pattern\argouml\org\argouml\uml\ui\foundation\core\UMLClassifierCreateActionListModel.java,org.argouml.uml.ui.foundation.core.UMLClassifierCreateActionListModel,class,1,2,1,1,4,4,0,5,3,0.0,0.0,0.0,3,0,1,0,2,0,3,0,0,0,0,0,0,0,0,0,0,0,0,13,1,0,1,0,0,1,0,0,0,0,1,0,0,0,23,1,0
C:\Users\user\Desktop\STUFF A LOT OF 'EM\er\Design_Pattern\argouml\org\argouml\uml\diagram\deployment\ui\FigComponent.java,org.argouml.uml.diagram.deployment.ui.FigComponent,class,9,13,4,9,41,3,0,57,90,0.7916667,0.0,0.0,16,0,15,0,1,0,16,0,0,0,6,3,0,5,0,1,3,0,1,163,8,2,11,0,4,3,41,39,27,31,4,0,0,0,166,1,0
C:\Users\user\Desktop\STUFF A LOT OF 'EM\er\Design_Pattern\argouml\org\argouml\application\api\NotationContext.java,org.argouml.application.api.NotationContext,interface,1,2,1,1,2,1,0,0,1,0.0,0.0,0.0,2,0,0,0,0,2,2,0,0,0,0,0,0,0,0,0,0,0,0,4,0,0,0,0,0,0,0,0,0,0,0,0,0,0,40,1,0
C:\Users\user\Desktop\STUFF A LOT OF 'EM\er\Design_Pattern\argouml\org\argouml\uml\ui\behavior\use_cases\UMLExtendExtensionPointListModel.java,org.argouml.uml.ui.behavior.use_cases.UMLExtendExtensionPointListModel,class,1,2,1,1,3,4,0,6,3,0.0,0.0,0.0,3,0,1,0,2,0,3,0,0,0,0,0,0,0,0,0,0,0,0,11,1,0,0,0,0,1,0,0,0,0,0,0,0,0,22,1,0
C:\Users\user\Desktop\STUFF A LOT OF 'EM\er\Design_Pattern\argouml\org\argouml\uml\diagram\use_case\ui\SelectionUseCase.java,org.argouml.uml.diagram.use_case.ui.SelectionUseCase,class,12,14,2,12,29,4,0,40,34,0.81481487,0.0,0.0,9,0,4,0,5,0,9,0,0,0,3,3,0,3,0,0,1,0,0,141,10,0,9,0,0,8,33,65,30,37,1,0,0,0,102,1,1
C:\Users\user\Desktop\STUFF A LOT OF 'EM\er\Design_Pattern\argouml\org\argouml\uml\ui\foundation\core\PropPanelGeneralization.java,org.argouml.uml.ui.foundation.core.PropPanelGeneralization,class,16,17,1,16,10,4,0,24,10,0.8,0.0,0.0,5,0,3,0,2,0,5,0,0,0,6,3,0,6,0,0,0,0,4,55,3,0,4,0,0,10,2,11,0,11,2,0,0,0,61,1,0
C:\Users\user\Desktop\STUFF A LOT OF 'EM\er\Design_Pattern\argouml\org\argouml\uml\cognitive\critics\CrWrongLinkEnds.java,org.argouml.uml.cognitive.critics.CrWrongLinkEnds,class,8,10,2,8,19,3,0,23,10,0.0,0.0,0.0,5,0,5,0,0,0,5,0,0,0,0,0,0,0,0,0,0,0,0,62,7,2,6,0,5,0,6,23,2,20,4,0,0,0,104,1,0
C:\Users\user\Desktop\STUFF A LOT OF 'EM\er\Design_Pattern\argouml\org\argouml\uml\ui\behavior\collaborations\UMLCollaborationInteractionListModel.java,org.argouml.uml.ui.behavior.collaborations.UMLCollaborationInteractionListModel,class,1,2,1,1,4,4,0,6,3,0.0,0.0,0.0,3,0,1,0,2,0,3,0,0,0,0,0,0,0,0,0,0,0,0,11,1,0,1,0,0,1,0,0,0,0,0,0,0,0,21,1,0
C:\Users\user\Desktop\STUFF A LOT OF 'EM\er\Design_Pattern\argouml\org\argouml\uml\ui\UMLList2.java,org.argouml.uml.ui.UMLList2,class,4,10,6,4,18,5,1,16,36,0.0,0.0,0.0,9,0,7,1,1,0,8,0,1,0,0,0,0,0,0,0,0,0,0,53,2,0,2,0,2,0,1,4,0,4,3,0,0,0,83,1025,0
C:\Users\user\Desktop\STUFF A LOT OF 'EM\er\Design_Pattern\argouml\org\argouml\language\java\generator\AttributeCodePiece.java,org.argouml.language.java.generator.AttributeCodePiece,class,6,9,3,6,25,3,0,38,0,0.5,0.0,0.0,8,0,7,1,0,0,7,0,0,0,2,0,0,2,0,0,0,0,1,91,6,5,2,0,1,1,6,28,0,22,6,0,0,0,108,1,0
C:\Users\user\Desktop\STUFF A LOT OF 'EM\er\Design_Pattern\argouml\org\argouml\uml\cognitive\critics\CrNoTriggerOrGuard.java,org.argouml.uml.cognitive.critics.CrNoTriggerOrGuard,class,2,3,1,2,14,3,0,16,1,0.0,0.0,0.0,2,0,2,0,0,0,2,0,0,0,0,0,0,0,0,0,0,0,0,23,6,0,7,0,4,2,2,6,0,6,1,0,0,0,49,1,0
C:\Users\user\Desktop\STUFF A LOT OF 'EM\er\Design_Pattern\argouml\org\argouml\uml\diagram\ui\SelectionNodeClarifiers.java,org.argouml.uml.diagram.ui.SelectionNodeClarifiers,class,3,5,2,3,2,2,1,2,1,0.0,0.0,0.0,2,0,2,0,0,0,2,0,0,0,0,0,0,0,0,0,0,0,0,9,0,0,0,0,1,0,0,0,0,0,0,0,0,0,29,1,0
C:\Users\user\Desktop\STUFF A LOT OF 'EM\er\Design_Pattern\argouml\org\argouml\uml\ui\ActionNavigateContainerElement.java,org.argouml.uml.ui.ActionNavigateContainerElement,class,1,1,0,1,1,3,0,2,0,0.0,NaN,NaN,1,0,0,0,1,0,1,0,0,0,0,0,0,0,0,0,0,0,0,5,1,0,0,0,0,0,0,0,0,0,0,0,0,0,14,1,0
C:\Users\user\Desktop\STUFF A LOT OF 'EM\er\Design_Pattern\argouml\org\argouml\model\uml\CollaborationsHelperImpl.java,org.argouml.model.uml.CollaborationsHelperImpl,class,20,22,2,20,186,1,0,74,553,0.8,0.0,0.0,35,0,32,2,0,1,33,0,0,0,1,0,0,1,0,0,0,0,0,534,47,26,46,0,42,66,1,105,26,98,5,0,0,0,272,0,0
C:\Users\user\Desktop\STUFF A LOT OF 'EM\er\Design_Pattern\argouml\org\argouml\uml\ui\UMLModelElementOrderedListModel2.java,org.argouml.uml.ui.MoveUpAction,class,2,3,1,2,4,3,0,1,0,0.16666667,0.0,0.0,3,0,3,0,0,0,3,0,0,0,2,0,0,2,0,0,0,0,0,15,1,0,0,0,0,1,2,2,1,2,0,0,0,0,31,0,0
C:\Users\user\Desktop\STUFF A LOT OF 'EM\er\Design_Pattern\argouml\org\argouml\cognitive\critics\ui\CriticBrowserDialog.java,org.argouml.cognitive.critics.ui.TableModelCritics,class,4,6,2,4,25,2,0,12,33,0.75,0.0,0.0,10,0,10,0,0,0,10,0,0,0,2,1,0,2,0,0,1,0,4,55,18,0,12,0,1,9,14,5,4,5,1,1,0,0,49,0,1
C:\Users\user\Desktop\STUFF A LOT OF 'EM\er\Design_Pattern\argouml\org\argouml\ui\explorer\rules\IncomingDependencyNode.java,org.argouml.ui.explorer.rules.IncomingDependencyNode,class,2,5,3,2,4,1,0,0,4,0.5,0.0,0.0,4,0,4,0,0,0,4,0,0,0,1,0,0,1,0,0,0,0,0,15,3,0,0,0,0,1,0,1,0,1,0,0,0,0,41,1,0
C:\Users\user\Desktop\STUFF A LOT OF 'EM\er\Design_Pattern\argouml\org\argouml\uml\cognitive\critics\CrMissingClassName.java,org.argouml.uml.cognitive.critics.CrMissingClassName,class,5,6,1,5,11,3,0,19,10,0.0,0.0,0.0,5,0,5,0,0,0,5,0,0,0,0,0,0,0,0,0,0,0,0,40,5,0,3,0,4,4,4,9,2,7,2,0,0,0,62,1,0
C:\Users\user\Desktop\STUFF A LOT OF 'EM\er\Design_Pattern\argouml\org\argouml\uml\ui\behavior\common_behavior\ActionNewUninterpretedAction.java,org.argouml.uml.ui.behavior.common_behavior.ActionNewUninterpretedAction,class,2,4,2,2,3,3,0,4,3,0.6666667,0.0,0.0,3,1,1,0,2,0,3,0,0,0,1,1,0,1,0,0,1,0,0,13,2,0,0,0,0,1,0,1,0,1,0,0,0,0,21,1,0
C:\Users\user\Desktop\STUFF A LOT OF 'EM\er\Design_Pattern\argouml\org\argouml\uml\diagram\use_case\ui\UMLUseCaseDiagram.java,org.argouml.uml.diagram.use_case.ui.UMLUseCaseDiagram,class,13,15,2,13,40,3,0,44,210,0.9523811,0.0,0.0,21,0,5,1,15,0,20,0,0,0,14,1,0,14,0,0,1,0,1,152,17,0,13,2,1,22,0,22,3,21,1,0,0,0,190,1,1
C:\Users\user\Desktop\STUFF A LOT OF 'EM\er\Design_Pattern\argouml\org\argouml\cognitive\ui\ToDoTreeRenderer.java,org.argouml.cognitive.ui.ToDoTreeRenderer,class,12,14,2,12,24,6,0,19,1,0.53846157,NaN,NaN,2,1,1,1,0,0,1,0,0,0,13,0,0,13,0,0,12,0,18,84,4,0,2,0,1,13,10,22,1,20,8,0,0,0,65,1,0
C:\Users\user\Desktop\STUFF A LOT OF 'EM\er\Design_Pattern\argouml\org\argouml\ui\cmd\ActionOpenBrowser.java,org.argouml.ui.cmd.ActionOpenBrowser,class,3,4,1,3,3,2,0,4,1,0.0,0.0,0.0,2,0,2,0,0,0,2,0,0,0,0,0,0,0,0,0,0,0,1,12,0,0,0,0,0,1,0,2,0,2,1,0,0,0,30,1,0
C:\Users\user\Desktop\STUFF A LOT OF 'EM\er\Design_Pattern\argouml\org\argouml\uml\diagram\ui\ActionSaveDiagramToClipboard.java,org.argouml.uml.diagram.ui.ActionSaveDiagramToClipboard,class,3,4,1,3,8,2,0,16,3,0.0,0.0,0.0,3,0,2,1,0,0,2,0,0,0,0,0,0,0,0,0,0,0,1,29,3,0,1,0,0,0,6,7,0,7,1,0,0,0,81,1,0
C:\Users\user\Desktop\STUFF A LOT OF 'EM\er\Design_Pattern\argouml\org\argouml\uml\diagram\ui\CompartmentFigText.java,org.argouml.uml.diagram.ui.CompartmentFigText,class,4,9,5,4,10,2,1,9,7,0.7083333,0.0,0.0,6,0,6,0,0,0,6,0,0,0,4,1,0,4,0,0,1,0,0,32,4,0,2,0,1,1,2,3,1,4,1,0,0,0,113,1,1
C:\Users\user\Desktop\STUFF A LOT OF 'EM\er\Design_Pattern\argouml\org\argouml\uml\diagram\sequence\ui\ModeCreateLink.java,org.argouml.uml.diagram.sequence.ui.ModeCreateLink,class,10,12,2,10,28,2,0,38,15,0.74285716,0.0,0.0,7,0,7,0,0,0,7,0,0,0,5,1,0,5,0,0,1,0,1,133,11,0,15,0,2,3,9,33,6,21,4,0,0,0,119,1,1
C:\Users\user\Desktop\STUFF A LOT OF 'EM\er\Design_Pattern\argouml\org\argouml\uml\ui\UMLModelElementTaggedValueDocument.java,org.argouml.uml.ui.UMLModelElementTaggedValueDocument,class,1,2,1,1,5,4,0,7,3,0.0,0.0,0.0,3,0,1,0,2,0,3,0,0,0,0,0,0,0,0,0,0,0,0,20,2,0,2,0,0,1,0,2,0,2,1,0,0,0,52,1,0
C:\Users\user\Desktop\STUFF A LOT OF 'EM\er\Design_Pattern\argouml\org\argouml\uml\cognitive\critics\CrTooManyOper.java,org.argouml.uml.cognitive.critics.CrTooManyOper,class,2,3,1,2,7,2,0,12,1,0.0,0.0,0.0,2,0,2,0,0,0,2,0,0,0,0,0,0,0,0,0,0,0,0,21,4,1,1,0,1,1,2,5,0,5,2,0,0,0,58,1,0
C:\Users\user\Desktop\STUFF A LOT OF 'EM\er\Design_Pattern\argouml\org\argouml\cognitive\ui\ToDoByType.java,org.argouml.cognitive.ui.ToDoByType,class,12,14,2,12,21,5,0,18,4,0.4,0.0,0.0,5,0,5,0,0,0,5,0,0,0,1,1,0,1,0,0,1,0,6,92,0,8,2,0,0,5,20,49,0,36,3,0,0,0,61,1,4
C:\Users\user\Desktop\STUFF A LOT OF 'EM\er\Design_Pattern\argouml\org\argouml\ui\StylePanelFigRRect.java,org.argouml.ui.StylePanelFigRRect,class,5,6,1,5,7,8,0,18,0,0.375,0.0,0.0,4,0,3,0,1,0,4,0,0,0,2,0,0,2,0,0,0,0,2,42,2,0,3,0,2,3,9,18,2,9,1,0,0,0,50,1,0
C:\Users\user\Desktop\STUFF A LOT OF 'EM\er\Design_Pattern\argouml\org\argouml\uml\diagram\sequence\SequenceDiagramGraphModel.java,org.argouml.uml.diagram.sequence.SequenceDiagramGraphModel,class,12,15,3,12,93,7,0,86,113,0.7894737,0.0,0.0,19,0,18,1,0,0,18,0,0,0,3,1,0,3,0,0,1,0,0,471,23,12,16,0,7,6,0,91,2,64,4,0,5,0,177,1,3
C:\Users\user\Desktop\STUFF A LOT OF 'EM\er\Design_Pattern\argouml\org\argouml\uml\diagram\state\ui\FigSynchState.java,org.argouml.uml.diagram.state.ui.FigSynchState,class,7,10,3,7,18,4,0,34,45,0.85714287,0.0,0.0,15,0,14,0,1,0,15,0,0,0,7,0,6,1,0,0,1,0,2,83,7,0,1,0,0,4,11,15,2,12,2,0,0,0,95,1,0
C:\Users\user\Desktop\STUFF A LOT OF 'EM\er\Design_Pattern\argouml\org\argouml\ui\explorer\rules\GoSummaryToInheritance.java,org.argouml.ui.explorer.rules.GoSummaryToInheritance,class,3,4,1,3,11,2,0,13,3,0.0,0.0,0.0,3,0,3,0,0,0,3,0,0,0,0,0,0,0,0,0,0,0,1,42,5,4,0,0,5,1,0,8,0,7,3,0,0,0,38,1,0
C:\Users\user\Desktop\STUFF A LOT OF 'EM\er\Design_Pattern\argouml\org\argouml\uml\ui\ActionOpenProject.java,org.argouml.uml.ui.ActionOpenProject,class,8,9,1,8,14,3,0,27,3,0.6666667,0.0,0.0,3,0,3,0,0,0,3,0,0,0,1,1,0,1,0,0,1,0,0,53,2,0,6,1,0,6,1,16,1,12,4,0,0,0,80,1,1
C:\Users\user\Desktop\STUFF A LOT OF 'EM\er\Design_Pattern\argouml\org\argouml\ui\explorer\rules\GoModelToBaseElements.java,org.argouml.ui.explorer.rules.GoModelToBaseElements,class,2,3,1,2,7,2,0,14,3,0.0,0.0,0.0,3,0,3,0,0,0,3,0,0,0,0,0,0,0,0,0,0,0,1,27,5,1,0,0,0,1,0,4,0,4,3,0,0,0,26,1,0
C:\Users\user\Desktop\STUFF A LOT OF 'EM\er\Design_Pattern\argouml\org\argouml\uml\ui\AbstractActionNewModelElement.java,org.argouml.uml.ui.AbstractActionNewModelElement,class,1,3,2,1,4,2,1,1,4,0.5,0.0,0.0,4,0,2,0,2,0,4,0,0,0,1,0,0,1,0,0,0,0,0,15,1,0,0,0,0,1,0,1,0,1,0,0,0,0,32,1025,0
C:\Users\user\Desktop\STUFF A LOT OF 'EM\er\Design_Pattern\argouml\org\argouml\uml\ui\behavior\collaborations\UMLAssociationRoleMessageListModel.java,org.argouml.uml.ui.behavior.collaborations.UMLAssociationRoleMessageListModel,class,1,2,1,1,3,4,0,6,3,0.0,0.0,0.0,3,0,1,0,2,0,3,0,0,0,0,0,0,0,0,0,0,0,0,11,1,0,0,0,0,1,0,0,0,0,0,0,0,0,29,1,0
C:\Users\user\Desktop\STUFF A LOT OF 'EM\er\Design_Pattern\argouml\org\argouml\model\uml\UseCasesHelperImpl.java,org.argouml.model.uml.UseCasesHelperImpl,class,13,15,2,13,97,1,0,36,270,0.875,0.0,0.0,24,0,23,0,0,1,24,0,0,0,1,0,0,1,0,0,0,0,0,281,35,9,15,0,36,34,0,39,17,39,2,0,0,0,151,0,0
C:\Users\user\Desktop\STUFF A LOT OF 'EM\er\Design_Pattern\argouml\org\argouml\uml\ui\UMLInitialValueComboBox.java,org.argouml.uml.ui.UMLInitialValueComboBox$Anonymous1,anonymous,2,2,0,2,4,1,0,11,0,0.0,NaN,NaN,1,0,1,0,0,0,1,0,0,0,0,0,0,0,0,0,0,0,0,19,1,0,0,0,0,2,0,4,0,4,1,0,0,0,15,-1,0
C:\Users\user\Desktop\STUFF A LOT OF 'EM\er\Design_Pattern\argouml\org\argouml\ui\explorer\PerspectiveConfigurator.java,org.argouml.ui.explorer.PerspectiveConfigurator$DuplicatePerspectiveListener,innerclass,3,3,0,3,2,1,0,7,0,0.0,NaN,NaN,1,0,1,0,0,0,1,0,0,0,0,0,0,0,0,0,0,0,1,12,0,0,1,0,1,1,1,3,0,3,1,0,0,0,21,0,0
C:\Users\user\Desktop\STUFF A LOT OF 'EM\er\Design_Pattern\argouml\org\argouml\uml\cognitive\critics\CrUselessAbstract.java,org.argouml.uml.cognitive.critics.CrUselessAbstract,class,4,5,1,4,6,3,0,12,1,0.0,0.0,0.0,2,0,2,0,0,0,2,0,0,0,0,0,0,0,0,0,0,0,0,21,4,1,0,0,2,2,0,4,0,4,2,0,0,0,47,1,0
C:\Users\user\Desktop\STUFF A LOT OF 'EM\er\Design_Pattern\argouml\org\argouml\uml\diagram\activity\ui\FigActionState.java,org.argouml.uml.diagram.activity.ui.FigActionState,class,7,11,4,7,26,4,1,47,22,0.72549015,0.0,0.0,17,0,14,0,3,0,17,0,0,0,3,2,0,3,0,0,2,0,0,104,8,0,8,0,2,5,27,11,18,10,2,0,0,0,95,1,0
C:\Users\user\Desktop\STUFF A LOT OF 'EM\er\Design_Pattern\argouml\org\argouml\persistence\ToDoItemXMLHelper.java,org.argouml.persistence.ToDoItemXMLHelper,class,2,2,0,2,9,1,0,5,0,0.0,0.0,0.0,5,0,5,0,0,0,5,0,0,0,1,0,0,1,0,0,1,0,4,31,4,0,1,0,0,0,0,5,0,2,1,0,0,0,82,1,0
C:\Users\user\Desktop\STUFF A LOT OF 'EM\er\Design_Pattern\argouml\org\argouml\uml\diagram\ui\FigAssociationEnd.java,org.argouml.uml.diagram.ui.FigAssociationEnd,class,6,10,4,6,23,3,0,55,15,0.67857146,0.0,0.0,7,0,3,2,2,0,5,0,0,0,3,0,0,3,0,0,0,0,4,124,6,0,7,0,1,11,23,18,3,15,1,1,0,0,95,1,0
C:\Users\user\Desktop\STUFF A LOT OF 'EM\er\Design_Pattern\argouml\org\argouml\ui\explorer\ExplorerTree.java,org.argouml.ui.explorer.ExplorerTree$NavigationTreeSelectionListener,innerclass,1,1,0,1,18,1,0,20,0,0.0,NaN,NaN,1,0,1,0,0,0,1,0,0,0,0,0,0,0,0,0,0,0,3,62,0,6,3,0,5,0,4,21,0,18,4,0,0,0,65,0,0
C:\Users\user\Desktop\STUFF A LOT OF 'EM\er\Design_Pattern\argouml\org\argouml\uml\ui\ActionNavigateContext.java,org.argouml.uml.ui.ActionNavigateContext,class,1,1,0,1,1,3,0,2,0,0.0,NaN,NaN,1,0,0,0,1,0,1,0,0,0,0,0,0,0,0,0,0,0,0,5,1,0,0,0,0,0,0,0,0,0,0,0,0,0,11,1,0
C:\Users\user\Desktop\STUFF A LOT OF 'EM\er\Design_Pattern\argouml\org\argouml\cognitive\checklist\CheckManager.java,org.argouml.cognitive.checklist.CheckManager,class,3,7,4,3,12,1,0,11,8,0.70000005,0.0,0.0,5,4,4,1,0,0,4,0,0,0,2,2,0,2,0,0,0,0,1,47,6,3,3,0,0,0,1,12,0,10,3,0,0,0,110,1,0
C:\Users\user\Desktop\STUFF A LOT OF 'EM\er\Design_Pattern\argouml\org\argouml\uml\reveng\java\OuterClassifierContext.java,org.argouml.uml.reveng.java.OuterClassifierContext,class,2,3,1,2,19,2,0,14,0,0.0,0.0,0.0,3,0,3,0,0,0,3,0,0,0,4,0,0,4,0,0,0,0,9,102,2,0,4,4,0,4,0,27,9,12,4,0,0,0,64,0,0
C:\Users\user\Desktop\STUFF A LOT OF 'EM\er\Design_Pattern\argouml\org\argouml\uml\ui\behavior\activity_graphs\ActionSetObjectFlowStateClassifier.java,org.argouml.uml.ui.behavior.activity_graphs.ActionSetObjectFlowStateClassifier,class,3,4,1,3,8,2,0,11,1,1.0,0.0,0.0,2,0,1,0,1,0,2,0,0,0,1,1,1,0,0,0,1,0,0,28,0,0,3,0,0,1,0,11,0,8,2,0,0,0,35,1,0
C:\Users\user\Desktop\STUFF A LOT OF 'EM\er\Design_Pattern\argouml\org\argouml\language\java\generator\CodePiece.java,org.argouml.language.java.generator.CodePiece,class,0,12,12,0,5,1,3,0,10,0.0,0.0,0.0,5,0,5,0,0,0,5,5,0,0,0,0,0,0,0,0,0,0,0,7,0,0,0,0,0,0,0,0,0,0,0,0,0,0,37,1025,0
C:\Users\user\Desktop\STUFF A LOT OF 'EM\er\Design_Pattern\argouml\org\argouml\uml\diagram\use_case\UseCaseDiagramGraphModel.java,org.argouml.uml.diagram.use_case.UseCaseDiagramGraphModel,class,4,6,2,4,75,3,0,76,62,0.7948718,0.0,0.0,13,0,13,0,0,0,13,0,0,0,3,2,0,2,0,1,2,0,0,229,22,7,14,0,16,9,4,51,3,38,3,0,0,0,283,1,5
C:\Users\user\Desktop\STUFF A LOT OF 'EM\er\Design_Pattern\argouml\org\argouml\ocl\CriticOclEvaluator.java,org.argouml.ocl.CriticOclEvaluator,class,3,5,2,3,32,2,0,17,6,0.75,0.0,0.0,4,1,3,1,0,0,3,0,1,2,1,1,0,1,0,0,1,0,0,73,3,1,6,0,2,17,1,20,0,5,3,0,0,0,42,1,0
C:\Users\user\Desktop\STUFF A LOT OF 'EM\er\Design_Pattern\argouml\org\argouml\ui\SettingsTabUser.java,org.argouml.ui.SettingsTabUser,class,5,6,1,5,10,6,0,10,39,0.7,0.0,0.0,10,0,10,0,0,0,10,0,0,0,2,0,0,2,0,0,0,0,5,66,6,0,0,0,0,7,21,25,0,5,0,0,0,0,55,1,0
C:\Users\user\Desktop\STUFF A LOT OF 'EM\er\Design_Pattern\argouml\org\argouml\uml\diagram\deployment\ui\FigObject.java,org.argouml.uml.diagram.deployment.ui.FigObject,class,9,15,6,9,39,3,0,56,43,0.7592592,0.0,0.0,18,0,16,0,2,0,18,0,0,0,3,1,0,2,0,1,1,0,0,156,10,1,12,0,6,8,27,36,10,25,3,0,0,0,111,1,0
C:\Users\user\Desktop\STUFF A LOT OF 'EM\er\Design_Pattern\argouml\org\argouml\uml\ui\behavior\state_machines\ActionNewEvent.java,org.argouml.uml.ui.behavior.state_machines.ActionNewEvent$Roles,interface,0,0,0,0,0,1,0,0,0,NaN,-1.0,-1.0,0,0,0,0,0,0,0,0,0,0,1,1,1,0,0,0,1,0,0,3,0,0,0,0,0,1,0,1,0,1,0,0,0,0,10,9,0
C:\Users\user\Desktop\STUFF A LOT OF 'EM\er\Design_Pattern\argouml\org\argouml\uml\ui\behavior\collaborations\UMLMessageActionListModel.java,org.argouml.uml.ui.behavior.collaborations.UMLMessageActionListModel,class,1,2,1,1,4,4,0,6,3,0.0,0.0,0.0,3,0,1,0,2,0,3,0,0,0,0,0,0,0,0,0,0,0,0,12,1,0,1,0,0,1,0,0,0,0,0,0,0,0,22,1,0
C:\Users\user\Desktop\STUFF A LOT OF 'EM\er\Design_Pattern\argouml\org\argouml\ocl\OCLExpander.java,org.argouml.ocl.OCLExpander,class,2,3,1,2,2,2,0,0,1,0.0,0.0,0.0,2,0,1,0,1,0,2,0,0,0,0,0,0,0,0,0,0,0,0,8,0,0,0,0,0,0,0,1,0,0,0,0,0,0,25,1,0
C:\Users\user\Desktop\STUFF A LOT OF 'EM\er\Design_Pattern\argouml\org\argouml\uml\ui\behavior\collaborations\PropPanelMessage.java,org.argouml.uml.ui.behavior.collaborations.PropPanelMessage,class,18,18,0,18,1,5,0,15,0,0.0,NaN,NaN,1,0,1,0,0,0,1,0,0,0,0,0,0,0,0,0,0,0,4,45,0,0,0,0,0,12,4,9,0,9,0,0,1,0,50,1,0
C:\Users\user\Desktop\STUFF A LOT OF 'EM\er\Design_Pattern\argouml\org\argouml\uml\ui\foundation\core\UMLClassifierStructuralFeatureListModel.java,org.argouml.uml.ui.foundation.core.UMLClassifierStructuralFeatureListModel,class,1,2,1,1,4,4,0,5,3,0.0,0.0,0.0,3,0,1,0,2,0,3,0,0,0,0,0,0,0,0,0,0,0,0,13,1,0,1,0,0,1,0,0,0,0,1,0,0,0,23,1,0
C:\Users\user\Desktop\STUFF A LOT OF 'EM\er\Design_Pattern\argouml\org\argouml\util\FileConstants.java,org.argouml.util.FileConstants,class,0,0,0,0,0,1,0,0,0,NaN,-1.0,-1.0,0,0,0,0,0,0,0,0,0,0,3,3,3,0,0,0,3,0,0,5,0,0,0,0,0,3,0,3,0,3,0,0,0,0,53,1,0
C:\Users\user\Desktop\STUFF A LOT OF 'EM\er\Design_Pattern\argouml\org\argouml\ui\explorer\rules\GoBehavioralFeatureToStateDiagram.java,org.argouml.ui.explorer.rules.GoBehavioralFeatureToStateDiagram,class,6,7,1,6,7,2,0,13,3,0.0,0.0,0.0,3,0,3,0,0,0,3,0,0,0,0,0,0,0,0,0,0,0,2,25,4,1,0,0,1,1,0,6,0,6,3,0,0,0,35,1,0
C:\Users\user\Desktop\STUFF A LOT OF 'EM\er\Design_Pattern\argouml\org\argouml\uml\cognitive\UMLToDoItem.java,org.argouml.uml.cognitive.UMLToDoItem,class,9,35,26,9,20,2,0,20,28,0.0,0.0,0.0,8,0,8,0,0,0,8,0,0,0,0,0,0,0,0,0,0,0,0,68,0,4,3,0,4,0,0,13,0,13,4,0,0,0,89,1,0
C:\Users\user\Desktop\STUFF A LOT OF 'EM\er\Design_Pattern\argouml\org\argouml\uml\cognitive\critics\CrInvalidHistory.java,org.argouml.uml.cognitive.critics.CrInvalidHistory,class,2,3,1,2,7,3,0,11,1,0.0,0.0,0.0,2,0,2,0,0,0,2,0,0,0,0,0,0,0,0,0,0,0,0,16,4,0,1,0,1,1,2,3,0,3,1,0,0,0,38,1,0
C:\Users\user\Desktop\STUFF A LOT OF 'EM\er\Design_Pattern\argouml\org\argouml\uml\ui\ActionImportFromSources.java,org.argouml.uml.ui.ActionImportFromSources,class,4,5,1,4,3,2,0,1,3,0.8333334,0.0,0.0,3,1,2,0,1,0,3,0,0,0,2,2,0,2,0,0,2,0,0,13,1,0,0,0,0,1,0,2,0,2,0,0,0,0,29,1,0
C:\Users\user\Desktop\STUFF A LOT OF 'EM\er\Design_Pattern\argouml\org\argouml\uml\ui\behavior\state_machines\UMLTransitionEffectListModel.java,org.argouml.uml.ui.behavior.state_machines.UMLTransitionEffectListModel,class,1,2,1,1,4,4,0,5,3,0.0,0.0,0.0,3,0,1,0,2,0,3,0,0,0,0,0,0,0,0,0,0,0,0,12,1,0,1,0,0,1,0,0,0,0,0,0,0,0,22,1,0
C:\Users\user\Desktop\STUFF A LOT OF 'EM\er\Design_Pattern\argouml\org\argouml\uml\ui\behavior\use_cases\UMLIncludeAdditionComboBoxModel.java,org.argouml.uml.ui.behavior.use_cases.UMLIncludeAdditionComboBoxModel,class,1,2,1,1,8,3,0,14,6,0.0,0.0,0.0,4,0,1,0,3,0,4,0,0,0,0,0,0,0,0,0,0,0,0,26,4,0,3,0,0,2,0,2,0,2,1,0,0,0,28,1,0
C:\Users\user\Desktop\STUFF A LOT OF 'EM\er\Design_Pattern\argouml\org\argouml\language\ui\SettingsTabNotation.java,org.argouml.language.ui.SettingsTabNotation,class,7,8,1,7,11,6,0,19,49,0.72727275,0.0,0.0,11,1,10,1,0,0,10,0,0,0,8,0,0,8,0,0,0,0,18,100,7,0,0,0,0,13,24,37,0,12,0,0,0,0,63,1,0
C:\Users\user\Desktop\STUFF A LOT OF 'EM\er\Design_Pattern\argouml\org\argouml\cognitive\ui\ToDoByGoal.java,org.argouml.cognitive.ui.ToDoByGoal,class,12,14,2,12,21,5,0,17,4,0.4,0.0,0.0,5,0,5,0,0,0,5,0,0,0,1,1,0,1,0,0,1,0,6,96,0,8,2,0,0,5,20,49,0,36,3,0,0,0,61,1,4
C:\Users\user\Desktop\STUFF A LOT OF 'EM\er\Design_Pattern\argouml\org\argouml\ocl\OCLUtil.java,org.argouml.ocl.OCLUtil,class,1,2,1,1,14,1,0,18,3,0.0,0.0,0.0,3,2,2,1,0,0,2,0,0,0,0,0,0,0,0,0,0,0,1,51,4,2,3,0,4,10,0,10,1,7,4,0,0,0,58,17,0
C:\Users\user\Desktop\STUFF A LOT OF 'EM\er\Design_Pattern\argouml\org\argouml\uml\ui\behavior\collaborations\ActionNewActionForMessage.java,org.argouml.uml.ui.behavior.collaborations.ActionNewActionForMessage,class,2,3,1,2,5,3,0,6,6,0.75,0.0,0.0,4,1,4,0,0,0,4,0,0,0,1,1,0,1,0,0,1,0,0,19,3,0,2,0,0,0,0,1,0,1,1,0,0,0,35,1,0
C:\Users\user\Desktop\STUFF A LOT OF 'EM\er\Design_Pattern\argouml\org\argouml\uml\ui\foundation\core\UMLModelElementClientDependencyListModel.java,org.argouml.uml.ui.foundation.core.UMLModelElementClientDependencyListModel,class,1,2,1,1,4,4,0,6,3,0.0,0.0,0.0,3,0,1,0,2,0,3,0,0,0,0,0,0,0,0,0,0,0,0,13,1,0,1,0,0,1,0,0,0,0,1,0,0,0,29,1,0
C:\Users\user\Desktop\STUFF A LOT OF 'EM\er\Design_Pattern\argouml\org\argouml\uml\reveng\Import.java,org.argouml.uml.reveng.Import$ProblemsDialog,innerclass,1,1,0,1,3,6,0,21,3,0.6666667,0.0,0.0,3,0,3,0,0,0,3,0,0,0,2,0,0,2,0,0,0,0,1,41,0,0,0,0,0,3,8,7,6,7,0,1,0,0,50,0,0
C:\Users\user\Desktop\STUFF A LOT OF 'EM\er\Design_Pattern\argouml\org\argouml\util\logging\SimpleTimer.java,org.argouml.util.logging.SimpleTimer,class,2,3,1,2,6,1,0,10,8,0.73333335,0.0,0.0,5,0,5,0,0,0,5,0,0,0,3,0,0,3,0,0,0,0,1,58,2,1,0,0,0,2,1,6,1,5,1,1,0,0,51,1,0
C:\Users\user\Desktop\STUFF A LOT OF 'EM\er\Design_Pattern\argouml\org\argouml\cognitive\ui\WizardItem.java,org.argouml.cognitive.ui.WizardItem,interface,0,2,2,0,1,1,0,0,0,0.0,NaN,NaN,1,0,0,0,0,1,1,0,0,0,0,0,0,0,0,0,0,0,0,3,0,0,0,0,0,0,0,0,0,0,0,0,0,0,24,1,0
C:\Users\user\Desktop\STUFF A LOT OF 'EM\er\Design_Pattern\argouml\org\argouml\uml\ui\foundation\core\UMLAttributeInitialValueListModel.java,org.argouml.uml.ui.foundation.core.UMLAttributeInitialValueListModel,class,1,1,0,1,5,4,0,5,3,0.0,0.0,0.0,3,0,1,0,2,0,3,0,0,0,0,0,0,0,0,0,0,0,0,14,1,0,2,0,0,1,0,0,0,0,1,0,0,0,24,1,0
C:\Users\user\Desktop\STUFF A LOT OF 'EM\er\Design_Pattern\argouml\org\argouml\uml\ui\behavior\state_machines\PropPanelStateMachine.java,org.argouml.uml.ui.behavior.state_machines.PropPanelStateMachine,class,14,15,1,14,3,4,0,10,3,0.0,0.0,0.0,3,0,2,0,1,0,3,0,0,0,0,0,0,0,0,0,0,0,3,27,0,0,0,0,0,10,0,4,0,4,0,0,0,0,56,1,0
C:\Users\user\Desktop\STUFF A LOT OF 'EM\er\Design_Pattern\argouml\org\argouml\uml\diagram\deployment\ui\SelectionObject.java,org.argouml.uml.diagram.deployment.ui.SelectionObject,class,12,14,2,12,25,4,0,37,34,0.8333334,0.0,0.0,9,0,4,0,5,0,9,0,0,0,2,2,0,2,0,0,1,0,0,125,10,0,5,0,0,7,29,57,30,33,1,0,0,0,84,1,1
C:\Users\user\Desktop\STUFF A LOT OF 'EM\er\Design_Pattern\argouml\org\argouml\model\uml\CommonBehaviorHelperImpl.java,org.argouml.model.uml.CommonBehaviorHelperImpl,class,31,32,1,31,100,1,0,31,372,0.89285713,0.0,0.0,28,0,27,0,0,1,28,0,0,0,1,0,0,1,0,0,0,0,0,257,42,0,10,0,45,45,3,5,25,5,2,0,0,0,153,0,0
C:\Users\user\Desktop\STUFF A LOT OF 'EM\er\Design_Pattern\argouml\org\argouml\uml\diagram\sequence\ui\SequenceDiagramLayout.java,org.argouml.uml.diagram.sequence.ui.SequenceDiagramLayout,class,9,13,4,9,42,2,0,43,33,0.8333333,0.0,0.0,10,0,8,2,0,0,8,0,0,0,6,4,4,2,0,0,4,0,2,148,3,8,5,0,14,0,23,39,16,30,3,0,0,0,133,1,0
C:\Users\user\Desktop\STUFF A LOT OF 'EM\er\Design_Pattern\argouml\org\argouml\uml\cognitive\critics\ClOperationCompartment.java,org.argouml.uml.cognitive.critics.ClOperationCompartment,class,5,9,4,5,15,1,0,5,15,0.78571427,0.0,0.0,7,1,7,0,0,0,7,0,0,0,4,3,0,4,0,0,2,0,0,58,6,1,0,0,1,0,9,20,15,13,3,0,0,0,53,1,0
C:\Users\user\Desktop\STUFF A LOT OF 'EM\er\Design_Pattern\argouml\org\argouml\uml\diagram\ui\ActionAddAllClassesFromModel.java,org.argouml.uml.diagram.ui.ActionAddAllClassesFromModel,class,4,4,0,4,7,2,0,11,0,0.33333334,0.0,0.0,3,0,3,0,0,0,3,0,0,0,2,0,0,2,0,0,0,0,0,26,1,1,0,0,1,0,0,6,0,6,3,0,0,0,72,1,0
C:\Users\user\Desktop\STUFF A LOT OF 'EM\er\Design_Pattern\argouml\org\argouml\ui\cmd\ActionPageSetup.java,org.argouml.ui.cmd.ActionPageSetup,class,3,4,1,3,2,2,0,5,1,0.0,0.0,0.0,2,0,2,0,0,0,2,0,0,0,0,0,0,0,0,0,0,0,5,8,0,0,0,0,0,3,0,0,0,0,0,0,0,0,9,0,0
C:\Users\user\Desktop\STUFF A LOT OF 'EM\er\Design_Pattern\argouml\org\argouml\uml\reveng\Import.java,org.argouml.uml.reveng.Import$ImportRun$Anonymous3,anonymous,1,1,0,1,1,1,0,1,0,0.0,NaN,NaN,1,0,1,0,0,0,1,0,0,0,0,0,0,0,0,0,0,0,0,5,0,0,0,0,0,0,0,0,0,0,0,0,0,0,5,-1,0
C:\Users\user\Desktop\STUFF A LOT OF 'EM\er\Design_Pattern\argouml\org\argouml\model\uml\DataTypesHelperImpl.java,org.argouml.model.uml.DataTypesHelperImpl,class,17,19,2,17,40,1,0,12,105,0.93333334,0.0,0.0,15,0,13,1,0,1,14,0,0,0,1,0,0,1,0,0,0,0,0,128,22,1,0,0,19,6,0,5,6,5,1,0,0,0,125,0,0
C:\Users\user\Desktop\STUFF A LOT OF 'EM\er\Design_Pattern\argouml\org\argouml\uml\cognitive\critics\CrComponentWithoutNode.java,org.argouml.uml.cognitive.critics.CrComponentWithoutNode,class,10,12,2,10,19,3,0,18,10,0.0,0.0,0.0,5,0,5,0,0,0,5,0,0,0,0,0,0,0,0,0,0,0,0,57,7,2,7,0,9,0,1,19,0,15,3,0,0,0,89,1,0
C:\Users\user\Desktop\STUFF A LOT OF 'EM\er\Design_Pattern\argouml\org\argouml\uml\ui\behavior\use_cases\UMLUseCaseExtensionPointListModel.java,org.argouml.uml.ui.behavior.use_cases.UMLUseCaseExtensionPointListModel,class,3,5,2,3,4,5,0,11,6,0.0,0.0,0.0,4,0,2,0,2,0,4,0,0,0,0,0,0,0,0,0,0,0,0,25,1,0,0,0,0,1,0,5,0,5,0,0,0,0,33,1,0
C:\Users\user\Desktop\STUFF A LOT OF 'EM\er\Design_Pattern\argouml\org\argouml\ui\TabTable.java,org.argouml.ui.TabTable,class,1,1,0,1,2,2,0,0,1,0.0,0.0,0.0,2,0,1,0,1,0,2,0,0,0,0,0,0,0,0,0,0,0,0,7,0,0,0,0,0,2,0,0,0,0,0,0,0,0,20,1,0
C:\Users\user\Desktop\STUFF A LOT OF 'EM\er\Design_Pattern\argouml\org\argouml\uml\ui\behavior\state_machines\ActionNewCallEvent.java,org.argouml.uml.ui.behavior.state_machines.ActionNewCallEvent,class,2,4,2,2,3,3,0,7,3,0.6666667,0.0,0.0,3,1,1,0,2,0,3,0,0,0,1,1,0,1,0,0,0,0,0,14,2,0,0,0,0,1,0,2,0,2,0,0,0,0,16,1,0
C:\Users\user\Desktop\STUFF A LOT OF 'EM\er\Design_Pattern\argouml\org\argouml\uml\reveng\Import.java,org.argouml.uml.reveng.Import$ImportStatusScreen,innerclass,0,0,0,0,9,6,0,18,2,0.55,0.0,0.0,5,0,5,0,0,0,5,0,0,0,4,0,0,4,0,0,0,0,1,48,0,0,2,0,6,7,17,11,20,10,2,0,0,0,69,0,0
C:\Users\user\Desktop\STUFF A LOT OF 'EM\er\Design_Pattern\argouml\org\argouml\uml\ui\foundation\core\UMLDependencySupplierListModel.java,org.argouml.uml.ui.foundation.core.UMLDependencySupplierListModel,class,1,2,1,1,4,4,0,6,3,0.0,0.0,0.0,3,0,1,0,2,0,3,0,0,0,0,0,0,0,0,0,0,0,0,13,1,0,1,0,0,1,0,0,0,0,1,0,0,0,22,1,0
C:\Users\user\Desktop\STUFF A LOT OF 'EM\er\Design_Pattern\argouml\org\argouml\ui\explorer\rules\GoPackageToClass.java,org.argouml.ui.explorer.rules.GoPackageToClass,class,2,3,1,2,4,2,0,7,3,0.0,0.0,0.0,3,0,3,0,0,0,3,0,0,0,0,0,0,0,0,0,0,0,1,14,4,0,0,0,0,1,0,0,0,0,1,0,0,0,16,1,0
C:\Users\user\Desktop\STUFF A LOT OF 'EM\er\Design_Pattern\argouml\org\argouml\ui\targetmanager\NavigateTargetForwardAction.java,org.argouml.ui.targetmanager.NavigateTargetForwardAction,class,3,5,2,3,5,2,0,4,6,0.75,0.0,0.0,4,1,3,1,0,0,3,0,0,0,1,1,0,1,0,0,0,0,2,18,2,0,1,0,0,1,0,1,0,1,1,0,0,0,33,1,0
C:\Users\user\Desktop\STUFF A LOT OF 'EM\er\Design_Pattern\argouml\org\argouml\language\java\generator\OperationCodePiece.java,org.argouml.language.java.generator.OperationCodePiece,class,5,7,2,5,13,3,0,20,0,0.42857143,0.0,0.0,7,0,7,0,0,0,7,0,0,0,2,0,0,2,0,0,0,0,1,50,5,1,1,0,0,0,0,11,0,9,2,0,0,0,76,1,0
C:\Users\user\Desktop\STUFF A LOT OF 'EM\er\Design_Pattern\argouml\org\argouml\ui\explorer\rules\GoOperationToSequenceDiagram.java,org.argouml.ui.explorer.rules.GoOperationToSequenceDiagram,class,7,8,1,7,7,2,0,14,3,0.0,0.0,0.0,3,0,3,0,0,0,3,0,0,0,0,0,0,0,0,0,0,0,2,24,4,1,0,0,2,1,0,5,0,5,3,0,0,0,39,1,0
C:\Users\user\Desktop\STUFF A LOT OF 'EM\er\Design_Pattern\argouml\org\argouml\uml\cognitive\critics\CrWrongDepEnds.java,org.argouml.uml.cognitive.critics.CrWrongDepEnds,class,8,9,1,8,27,3,0,25,10,0.0,0.0,0.0,5,0,5,0,0,0,5,0,0,0,0,0,0,0,0,0,0,0,0,86,7,3,9,0,7,0,8,27,0,24,5,0,0,0,110,1,0
C:\Users\user\Desktop\STUFF A LOT OF 'EM\er\Design_Pattern\argouml\org\argouml\uml\ui\foundation\core\UMLStructuralFeatureTypeComboBoxModel.java,org.argouml.uml.ui.foundation.core.UMLStructuralFeatureTypeComboBoxModel$Anonymous1,anonymous,0,0,0,0,4,1,0,4,0,0.0,NaN,NaN,1,0,1,0,0,0,1,0,0,0,0,0,0,0,0,0,0,0,0,14,1,0,2,1,2,2,0,4,0,2,1,0,0,0,11,-1,0
C:\Users\user\Desktop\STUFF A LOT OF 'EM\er\Design_Pattern\argouml\org\argouml\uml\diagram\ui\ActionAddExistingNode.java,org.argouml.uml.diagram.ui.ActionAddExistingNode,class,7,7,0,7,9,2,0,13,9,0.5,0.0,0.0,6,0,6,0,0,0,6,0,0,0,1,0,0,1,0,0,0,0,0,36,6,0,2,0,1,1,0,9,1,8,1,0,0,0,57,1,0
C:\Users\user\Desktop\STUFF A LOT OF 'EM\er\Design_Pattern\argouml\org\argouml\uml\ui\foundation\core\UMLParameterDirectionKindRadioButtonPanel.java,org.argouml.uml.ui.foundation.core.UMLParameterDirectionKindRadioButtonPanel,class,2,3,1,2,8,6,0,11,1,0.5,0.0,0.0,2,0,2,0,0,0,3,0,0,0,1,1,0,1,0,0,0,0,1,30,0,0,2,0,0,5,0,3,0,3,2,0,0,0,37,1,0
C:\Users\user\Desktop\STUFF A LOT OF 'EM\er\Design_Pattern\argouml\org\argouml\model\uml\XmiWriter.java,org.argouml.model.uml.XmiWriter,class,6,9,3,6,8,1,0,11,0,0.16666667,0.0,0.0,3,0,2,1,0,0,2,0,0,0,2,1,0,2,0,0,1,0,0,37,0,1,1,2,0,4,0,4,1,4,2,0,0,0,61,1,2
C:\Users\user\Desktop\STUFF A LOT OF 'EM\er\Design_Pattern\argouml\org\argouml\uml\diagram\activity\ui\UMLActivityDiagram.java,org.argouml.uml.diagram.activity.ui.UMLActivityDiagram,class,13,16,3,13,58,3,0,56,253,0.9565219,0.0,0.0,23,0,10,0,13,0,23,0,0,0,12,1,0,12,0,0,1,0,0,196,22,0,21,3,4,18,1,26,2,24,3,0,0,0,135,1,1
C:\Users\user\Desktop\STUFF A LOT OF 'EM\er\Design_Pattern\argouml\org\argouml\persistence\VersionException.java,org.argouml.persistence.VersionException,class,1,2,1,1,1,5,0,0,0,0.0,NaN,NaN,1,0,1,0,0,0,1,0,0,0,0,0,0,0,0,0,0,0,0,5,0,0,0,0,0,0,0,0,0,0,0,0,0,0,22,1,0
C:\Users\user\Desktop\STUFF A LOT OF 'EM\er\Design_Pattern\argouml\org\argouml\application\helpers\ModuleHelper.java,org.argouml.application.helpers.ModuleHelper,class,1,1,0,1,4,1,0,0,0,0.25,0.0,0.0,4,0,4,0,0,0,4,0,0,0,1,0,0,1,0,0,0,0,0,15,2,0,0,0,0,0,0,3,0,1,0,0,0,0,27,1025,0
C:\Users\user\Desktop\STUFF A LOT OF 'EM\er\Design_Pattern\argouml\org\argouml\ui\targetmanager\TargetEvent.java,org.argouml.ui.targetmanager.TargetEvent,class,0,14,14,0,15,1,0,7,0,0.7380953,0.0,0.0,7,0,7,0,0,0,7,0,0,0,6,3,3,3,0,0,3,0,4,52,6,2,3,0,0,3,2,16,0,16,2,0,0,0,83,1,0
C:\Users\user\Desktop\STUFF A LOT OF 'EM\er\Design_Pattern\argouml\org\argouml\ocl\ArgoFacade.java,org.argouml.ocl.ArgoFacade,class,6,7,1,6,7,1,0,9,0,0.0,0.0,0.0,2,0,2,0,0,0,2,0,0,0,1,0,0,1,0,0,0,0,1,24,2,0,3,0,0,1,0,4,1,3,3,0,0,0,51,1,0
C:\Users\user\Desktop\STUFF A LOT OF 'EM\er\Design_Pattern\argouml\org\argouml\uml\diagram\ui\FigOperationsCompartment.java,org.argouml.uml.diagram.ui.FigOperationsCompartment,class,1,3,2,1,1,4,0,0,0,0.0,NaN,NaN,1,0,1,0,0,0,1,0,0,0,0,0,0,0,0,0,0,0,0,5,0,0,0,0,0,0,0,0,0,0,0,0,0,0,13,1,0
C:\Users\user\Desktop\STUFF A LOT OF 'EM\er\Design_Pattern\argouml\org\argouml\uml\ui\behavior\collaborations\UMLAssociationRoleBaseComboBoxModel.java,org.argouml.uml.ui.behavior.collaborations.UMLAssociationRoleBaseComboBoxModel,class,1,2,1,1,5,3,0,11,6,0.0,0.0,0.0,4,0,1,0,3,0,4,0,0,0,0,0,0,0,0,0,0,0,0,18,3,0,1,0,0,2,0,0,0,0,1,0,0,0,25,1,0
C:\Users\user\Desktop\STUFF A LOT OF 'EM\er\Design_Pattern\argouml\org\argouml\uml\ui\model_management\PropPanelPackage.java,org.argouml.uml.ui.model_management.PropPanelPackage,class,19,22,3,19,9,5,2,26,15,0.8333333,0.0,0.0,6,0,5,0,1,0,6,0,0,0,5,2,0,5,0,0,0,0,6,59,2,0,2,0,0,13,0,11,0,10,1,0,0,0,82,1,0
C:\Users\user\Desktop\STUFF A LOT OF 'EM\er\Design_Pattern\argouml\org\argouml\uml\ui\UMLStimulusActionTextField.java,org.argouml.uml.ui.UMLStimulusActionTextField,class,5,7,2,5,20,6,0,12,36,0.5,0.0,0.0,13,0,12,1,0,0,12,0,0,0,2,0,0,2,0,0,0,0,0,53,0,0,5,0,0,0,0,6,0,6,2,0,0,0,53,1,0
C:\Users\user\Desktop\STUFF A LOT OF 'EM\er\Design_Pattern\argouml\org\argouml\uml\ui\behavior\state_machines\ActionNewChangeEvent.java,org.argouml.uml.ui.behavior.state_machines.ActionNewChangeEvent,class,2,4,2,2,3,3,0,7,3,0.6666667,0.0,0.0,3,1,1,0,2,0,3,0,0,0,1,1,0,1,0,0,0,0,0,14,2,0,0,0,0,1,0,2,0,2,0,0,0,0,16,1,0
C:\Users\user\Desktop\STUFF A LOT OF 'EM\er\Design_Pattern\argouml\org\argouml\persistence\ArgoParser.java,org.argouml.persistence.ArgoParser,class,9,11,2,9,32,3,0,33,52,0.7875,0.0,0.0,16,0,7,0,9,0,16,0,0,0,5,1,0,5,0,0,1,0,4,125,4,0,2,1,0,15,1,11,5,11,2,0,0,0,93,1,8
C:\Users\user\Desktop\STUFF A LOT OF 'EM\er\Design_Pattern\argouml\org\argouml\ui\targetmanager\TargettableModelView.java,org.argouml.ui.targetmanager.TargettableModelView,interface,1,1,0,1,1,1,0,0,0,0.0,NaN,NaN,1,0,1,0,0,0,1,0,0,0,0,0,0,0,0,0,0,0,0,3,0,0,0,0,0,0,0,0,0,0,0,0,0,0,51,1,0
C:\Users\user\Desktop\STUFF A LOT OF 'EM\er\Design_Pattern\argouml\org\argouml\language\java\generator\ParseState.java,org.argouml.language.java.generator.ParseState,class,0,9,9,0,11,1,0,8,6,0.625,0.0,0.0,8,0,8,0,0,0,8,0,0,0,4,0,0,4,0,0,0,0,0,50,7,0,2,0,0,0,0,10,0,6,1,0,0,0,56,1,0
C:\Users\user\Desktop\STUFF A LOT OF 'EM\er\Design_Pattern\argouml\org\argouml\uml\ui\foundation\core\PropPanelFlow.java,org.argouml.uml.ui.foundation.core.PropPanelFlow,class,5,6,1,5,2,5,0,9,1,0.0,NaN,NaN,2,0,1,1,0,0,1,0,0,0,0,0,0,0,0,0,0,0,1,13,0,0,0,0,0,5,0,0,0,0,0,0,0,0,14,1,0
C:\Users\user\Desktop\STUFF A LOT OF 'EM\er\Design_Pattern\argouml\org\argouml\uml\ProfileJava.java,org.argouml.uml.ProfileJava$Anonymous1,anonymous,0,0,0,0,0,1,0,0,0,0.0,-1.0,-1.0,0,0,0,0,0,0,0,0,0,0,0,0,0,0,0,0,0,0,0,2,0,0,0,0,0,0,0,0,0,0,0,0,0,0,0,-1,0
C:\Users\user\Desktop\STUFF A LOT OF 'EM\er\Design_Pattern\argouml\org\argouml\uml\ui\behavior\use_cases\PropPanelUseCase.java,org.argouml.uml.ui.behavior.use_cases.PropPanelUseCase,class,16,16,0,16,1,8,0,15,0,0.0,NaN,NaN,1,0,1,0,0,0,1,0,0,0,0,0,0,0,0,0,0,0,6,57,0,0,0,0,0,15,0,3,0,3,0,0,2,0,75,1,0
C:\Users\user\Desktop\STUFF A LOT OF 'EM\er\Design_Pattern\argouml\org\argouml\ui\TabFigTarget.java,org.argouml.ui.TabFigTarget,interface,1,3,2,1,0,1,0,0,0,0.0,-1.0,-1.0,0,0,0,0,0,0,0,0,0,0,0,0,0,0,0,0,0,0,0,2,0,0,0,0,0,0,0,0,0,0,0,0,0,0,12,1,0
C:\Users\user\Desktop\STUFF A LOT OF 'EM\er\Design_Pattern\argouml\org\argouml\uml\ui\UMLRadioButtonPanel.java,org.argouml.uml.ui.UMLRadioButtonPanel,class,7,20,13,7,29,5,6,37,137,0.8518519,0.0,0.0,18,0,17,1,0,0,17,1,0,0,3,0,0,3,0,0,0,0,0,92,2,3,2,0,2,0,2,14,0,12,2,0,0,0,153,1025,0
C:\Users\user\Desktop\STUFF A LOT OF 'EM\er\Design_Pattern\argouml\org\argouml\uml\cognitive\critics\Init.java,org.argouml.uml.cognitive.critics.Init,class,97,97,0,97,1,1,0,25,0,0.06593407,NaN,NaN,1,1,1,0,0,0,1,0,0,0,91,91,0,91,0,0,0,0,0,229,0,0,0,0,0,0,0,118,0,118,0,0,0,0,174,1,0
C:\Users\user\Desktop\STUFF A LOT OF 'EM\er\Design_Pattern\argouml\org\argouml\swingext\SpacerPanel.java,org.argouml.swingext.SpacerPanel,class,0,9,9,0,5,5,0,0,0,0.2,0.0,0.0,5,0,5,0,0,0,5,0,0,0,1,0,0,1,0,0,0,0,0,18,3,0,0,0,0,0,2,4,0,2,0,0,0,0,35,1,0
C:\Users\user\Desktop\STUFF A LOT OF 'EM\er\Design_Pattern\argouml\org\argouml\uml\cognitive\critics\CrAlreadyRealizes.java,org.argouml.uml.cognitive.critics.CrAlreadyRealizes,class,2,3,1,2,4,3,0,11,1,0.0,0.0,0.0,2,0,2,0,0,0,2,0,0,0,0,0,0,0,0,0,0,0,0,21,1,0,0,0,0,2,0,4,0,3,2,0,0,0,45,1,0
C:\Users\user\Desktop\STUFF A LOT OF 'EM\er\Design_Pattern\argouml\org\argouml\ui\explorer\rules\AbstractPerspectiveRule.java,org.argouml.ui.explorer.rules.AbstractPerspectiveRule,class,2,66,64,2,3,1,63,1,3,0.0,0.0,0.0,3,0,3,0,0,0,3,2,0,0,0,0,0,0,0,0,0,0,0,7,1,0,0,0,0,0,0,0,0,0,0,0,0,0,12,1025,0
C:\Users\user\Desktop\STUFF A LOT OF 'EM\er\Design_Pattern\argouml\org\argouml\uml\ui\behavior\use_cases\PropPanelUseCase.java,org.argouml.uml.ui.behavior.use_cases.PropPanelUseCase$ActionNewExtensionPoint,innerclass,1,1,0,1,3,2,0,10,1,0.0,0.0,0.0,2,0,2,0,0,0,2,0,0,0,0,0,0,0,0,0,0,0,0,13,0,0,0,0,0,2,0,1,0,1,1,0,0,0,44,2,0
C:\Users\user\Desktop\STUFF A LOT OF 'EM\er\Design_Pattern\argouml\org\argouml\uml\SuperclassGen.java,org.argouml.uml.SuperclassGen,class,1,2,1,1,3,1,0,8,0,0.0,NaN,NaN,1,0,1,0,0,0,1,0,0,0,0,0,0,0,0,0,0,0,0,14,2,1,1,0,0,0,0,5,0,5,1,0,0,0,27,1,0
C:\Users\user\Desktop\STUFF A LOT OF 'EM\er\Design_Pattern\argouml\org\argouml\uml\ui\foundation\core\ActionSetStructuralFeatureMultiplicity.java,org.argouml.uml.ui.foundation.core.ActionSetStructuralFeatureMultiplicity,class,2,4,2,2,6,2,0,5,3,0.6666667,0.0,0.0,3,1,2,0,1,0,3,0,0,0,1,1,0,1,0,0,1,0,0,19,1,0,1,0,0,0,0,1,0,1,2,0,0,0,31,1,0
C:\Users\user\Desktop\STUFF A LOT OF 'EM\er\Design_Pattern\argouml\org\argouml\uml\ui\foundation\core\PropPanelInterface.java,org.argouml.uml.ui.foundation.core.PropPanelInterface,class,10,10,0,10,1,6,0,17,0,0.0,NaN,NaN,1,0,1,0,0,0,1,0,0,0,0,0,0,0,0,0,0,0,6,22,0,0,0,0,0,13,0,0,0,0,0,0,0,0,27,1,0
C:\Users\user\Desktop\STUFF A LOT OF 'EM\er\Design_Pattern\argouml\org\argouml\uml\diagram\ui\ModeCreateEdgeAndNode.java,org.argouml.uml.diagram.ui.ModeCreateEdgeAndNode,class,15,29,14,15,47,2,0,79,54,0.8397436,0.0,0.0,12,0,11,1,0,0,11,0,0,0,13,4,0,12,0,1,2,0,1,250,9,1,15,1,7,11,11,73,11,48,4,0,0,0,209,1,8
C:\Users\user\Desktop\STUFF A LOT OF 'EM\er\Design_Pattern\argouml\org\argouml\uml\reveng\DiagramInterface.java,org.argouml.uml.reveng.DiagramInterface,class,14,21,7,14,37,1,0,45,114,0.84313726,0.0,0.0,17,0,13,1,0,3,16,0,0,0,6,1,0,6,0,0,1,0,0,152,8,3,7,2,3,9,3,33,6,29,3,0,0,0,146,1,1
C:\Users\user\Desktop\STUFF A LOT OF 'EM\er\Design_Pattern\argouml\org\argouml\ui\TabTarget.java,org.argouml.ui.TabTarget,interface,1,4,3,1,4,1,0,0,6,0.0,0.0,0.0,4,0,4,0,0,0,4,0,0,0,0,0,0,0,0,0,0,0,0,6,0,0,0,0,0,0,0,0,0,0,0,0,0,0,41,1,0
C:\Users\user\Desktop\STUFF A LOT OF 'EM\er\Design_Pattern\argouml\org\argouml\uml\ui\foundation\core\UMLCommentAnnotatedElementListModel.java,org.argouml.uml.ui.foundation.core.UMLCommentAnnotatedElementListModel,class,1,2,1,1,4,4,0,6,3,0.0,0.0,0.0,3,0,1,0,2,0,3,0,0,0,0,0,0,0,0,0,0,0,0,13,1,0,1,0,0,1,0,0,0,0,1,0,0,0,29,1,0
C:\Users\user\Desktop\STUFF A LOT OF 'EM\er\Design_Pattern\argouml\org\argouml\uml\diagram\ui\FigAssociationClass.java,org.argouml.uml.diagram.ui.FigAssociationClass,class,12,19,7,12,45,4,0,30,22,0.84375,0.0,0.0,8,0,7,0,1,0,8,0,0,0,8,1,0,8,0,0,1,0,6,166,1,0,17,0,8,0,32,31,14,19,4,1,0,0,144,1,0
C:\Users\user\Desktop\STUFF A LOT OF 'EM\er\Design_Pattern\argouml\org\argouml\cognitive\critics\SnoozeOrder.java,org.argouml.cognitive.critics.SnoozeOrder,class,2,6,4,2,9,1,0,11,9,0.7619048,0.0,0.0,7,0,5,1,1,0,6,0,0,0,6,1,0,6,0,0,2,0,1,45,3,0,0,0,1,1,7,9,5,7,1,0,0,0,108,1,1
C:\Users\user\Desktop\STUFF A LOT OF 'EM\er\Design_Pattern\argouml\org\argouml\uml\diagram\static_structure\ui\UMLClassDiagram.java,org.argouml.uml.diagram.static_structure.ui.UMLClassDiagram,class,9,18,9,9,55,3,0,59,465,0.9677417,0.0,0.0,31,0,5,5,21,0,26,0,0,0,22,1,0,22,0,0,1,0,0,204,27,0,21,1,0,27,0,31,5,30,1,0,0,0,91,1,1
C:\Users\user\Desktop\STUFF A LOT OF 'EM\er\Design_Pattern\argouml\org\argouml\uml\ui\behavior\common_behavior\UMLInstanceSenderStimulusListModel.java,org.argouml.uml.ui.behavior.common_behavior.UMLInstanceSenderStimulusListModel,class,1,2,1,1,3,4,0,6,3,0.0,0.0,0.0,3,0,1,0,2,0,3,0,0,0,0,0,0,0,0,0,0,0,0,12,1,0,0,0,0,1,0,0,0,0,0,0,0,0,26,1,0
C:\Users\user\Desktop\STUFF A LOT OF 'EM\er\Design_Pattern\argouml\org\argouml\uml\diagram\state\ui\FigJoinState.java,org.argouml.uml.diagram.state.ui.FigJoinState,class,5,8,3,5,15,4,0,20,19,0.8571428,0.0,0.0,14,0,14,0,0,0,14,0,0,0,7,6,0,6,0,1,6,0,0,65,5,0,0,0,0,1,8,14,0,11,1,0,0,0,94,1,0
C:\Users\user\Desktop\STUFF A LOT OF 'EM\er\Design_Pattern\argouml\org\argouml\uml\generator\ui\ClassGenerationDialog.java,org.argouml.uml.generator.ui.ClassGenerationDialog$Anonymous2,anonymous,1,1,0,1,1,1,0,2,0,0.0,NaN,NaN,1,0,1,0,0,0,1,0,0,0,0,0,0,0,0,0,0,0,0,6,0,0,0,0,0,0,0,0,0,0,0,0,0,0,6,-1,0
C:\Users\user\Desktop\STUFF A LOT OF 'EM\er\Design_Pattern\argouml\org\argouml\uml\ui\foundation\core\UMLAssociationEndQualifiersListModel.java,org.argouml.uml.ui.foundation.core.UMLAssociationEndQualifiersListModel,class,3,5,2,3,5,5,0,11,6,0.0,0.0,0.0,4,0,2,0,2,0,4,0,0,0,0,0,0,0,0,0,0,0,0,23,1,0,1,0,0,1,0,4,0,4,1,0,0,0,31,1,0
C:\Users\user\Desktop\STUFF A LOT OF 'EM\er\Design_Pattern\argouml\org\argouml\uml\generator\ui\ClassGenerationDialog.java,org.argouml.uml.generator.ui.ClassGenerationDialog$Anonymous1,anonymous,1,1,0,1,1,1,0,2,0,0.0,NaN,NaN,1,0,1,0,0,0,1,0,0,0,0,0,0,0,0,0,0,0,0,6,0,0,0,0,0,0,0,0,0,0,0,0,0,0,6,-1,0
C:\Users\user\Desktop\STUFF A LOT OF 'EM\er\Design_Pattern\argouml\org\argouml\uml\ui\behavior\common_behavior\PropPanelSendAction.java,org.argouml.uml.ui.behavior.common_behavior.PropPanelSendAction,class,2,2,0,2,1,5,0,1,0,0.0,NaN,NaN,1,0,1,0,0,0,1,0,0,0,0,0,0,0,0,0,0,0,1,5,0,0,0,0,0,2,0,0,0,0,0,0,0,0,17,1,0
C:\Users\user\Desktop\STUFF A LOT OF 'EM\er\Design_Pattern\argouml\org\argouml\util\MyTokenizer.java,org.argouml.util.LineSeparator,class,1,2,1,1,13,2,0,1,0,0.33333334,0.0,0.0,7,0,7,0,0,0,7,0,0,0,3,0,0,3,0,0,0,0,0,45,7,0,3,0,0,0,4,10,0,3,1,0,0,0,57,0,0
C:\Users\user\Desktop\STUFF A LOT OF 'EM\er\Design_Pattern\argouml\org\argouml\ui\DisplayTextTree.java,org.argouml.ui.DisplayTextTree,class,5,8,3,5,19,5,1,25,0,0.3809524,0.0,0.0,7,0,5,1,1,0,6,0,0,0,3,1,0,3,0,0,1,0,0,69,9,1,8,0,1,10,1,13,0,10,1,0,0,0,138,1,5
C:\Users\user\Desktop\STUFF A LOT OF 'EM\er\Design_Pattern\argouml\org\argouml\uml\generator\ui\ClassGenerationDialog.java,org.argouml.uml.generator.ui.ClassGenerationDialog$Anonymous3,anonymous,1,1,0,1,1,1,0,1,0,0.0,NaN,NaN,1,0,1,0,0,0,1,0,0,0,0,0,0,0,0,0,0,0,0,5,0,0,0,0,0,0,0,0,0,0,0,0,0,0,7,-1,0
C:\Users\user\Desktop\STUFF A LOT OF 'EM\er\Design_Pattern\argouml\org\argouml\uml\cognitive\critics\CrTooManyAssoc.java,org.argouml.uml.cognitive.critics.CrTooManyAssoc,class,2,3,1,2,5,2,0,9,1,0.0,0.0,0.0,2,0,2,0,0,0,2,0,0,0,0,0,0,0,0,0,0,0,0,16,3,0,1,0,1,1,1,3,0,3,1,0,0,0,49,1,0
C:\Users\user\Desktop\STUFF A LOT OF 'EM\er\Design_Pattern\argouml\org\argouml\cognitive\ui\GoListToDecisionsToItems.java,org.argouml.cognitive.ui.GoListToDecisionsToItems,class,8,11,3,8,29,2,0,16,45,0.0,0.0,0.0,10,0,8,2,0,0,8,0,0,0,0,0,0,0,0,0,0,0,4,72,14,3,1,0,0,2,6,11,1,11,4,0,0,0,62,1,0
C:\Users\user\Desktop\STUFF A LOT OF 'EM\er\Design_Pattern\argouml\org\argouml\uml\ui\behavior\state_machines\PropPanelSubmachineState.java,org.argouml.uml.ui.behavior.state_machines.PropPanelSubmachineState,class,16,16,0,16,7,7,0,24,3,0.0,0.0,0.0,3,0,3,0,0,0,3,0,0,0,0,0,0,0,0,0,0,0,4,36,0,0,2,0,1,16,0,3,0,3,3,0,0,0,53,1,0
C:\Users\user\Desktop\STUFF A LOT OF 'EM\er\Design_Pattern\argouml\org\argouml\uml\ui\foundation\core\PropPanelAttribute.java,org.argouml.uml.ui.foundation.core.PropPanelAttribute,class,14,14,0,14,1,6,0,17,0,0.0,NaN,NaN,1,0,1,0,0,0,1,0,0,0,0,0,0,0,0,0,0,0,4,24,0,0,0,0,0,12,2,1,0,1,0,0,0,0,49,1,0
C:\Users\user\Desktop\STUFF A LOT OF 'EM\er\Design_Pattern\argouml\org\argouml\uml\diagram\ui\ActionAddExistingEdge.java,org.argouml.uml.diagram.ui.ActionAddExistingEdge,class,3,3,0,3,6,2,0,9,1,0.33333334,0.0,0.0,3,0,3,0,0,0,3,0,0,0,1,0,0,1,0,0,0,0,0,22,3,0,2,0,0,0,0,6,0,5,1,0,0,0,36,1,0
C:\Users\user\Desktop\STUFF A LOT OF 'EM\er\Design_Pattern\argouml\org\argouml\uml\cognitive\critics\CrAttrNameConflict.java,org.argouml.uml.cognitive.critics.CrAttrNameConflict,class,2,3,1,2,8,3,0,15,3,0.0,0.0,0.0,3,0,3,0,0,0,3,0,0,0,0,0,0,0,0,0,0,0,0,26,4,1,2,0,1,2,1,3,0,3,2,0,0,0,100,1,0
C:\Users\user\Desktop\STUFF A LOT OF 'EM\er\Design_Pattern\argouml\org\argouml\uml\generator\Generator2.java,org.argouml.uml.generator.Generator2,class,4,10,6,4,77,1,1,63,591,0.96190476,0.0,0.0,35,2,35,0,0,0,35,19,0,0,3,2,1,2,0,0,1,0,0,189,52,1,11,0,1,11,2,11,2,9,3,0,0,0,160,1025,0
C:\Users\user\Desktop\STUFF A LOT OF 'EM\er\Design_Pattern\argouml\org\argouml\uml\cognitive\critics\CrInvalidForkTriggerOrGuard.java,org.argouml.uml.cognitive.critics.CrInvalidForkTriggerOrGuard,class,2,3,1,2,14,3,0,17,1,0.0,0.0,0.0,2,0,2,0,0,0,2,0,0,0,0,0,0,0,0,0,0,0,0,23,6,0,6,0,4,2,2,7,0,7,1,0,0,0,51,1,0
C:\Users\user\Desktop\STUFF A LOT OF 'EM\er\Design_Pattern\argouml\org\argouml\application\api\Configuration.java,org.argouml.application.api.Configuration,class,5,29,24,5,30,1,0,24,163,0.88666666,0.0,0.0,30,29,29,1,0,0,29,0,21,0,5,5,4,1,0,0,4,0,7,96,21,0,0,0,0,5,2,5,0,5,0,0,0,0,176,1,0
C:\Users\user\Desktop\STUFF A LOT OF 'EM\er\Design_Pattern\argouml\org\argouml\kernel\DelayedChangeNotify.java,org.argouml.kernel.DelayedChangeNotify,class,1,2,1,1,2,1,0,1,0,0.0,0.0,0.0,2,0,2,0,0,0,2,0,0,0,2,0,0,2,0,0,0,0,0,11,0,0,0,0,0,0,0,2,0,2,0,0,0,0,29,1,0
C:\Users\user\Desktop\STUFF A LOT OF 'EM\er\Design_Pattern\argouml\org\argouml\model\uml\NSUMLModelFacade.java,org.argouml.model.uml.NSUMLModelFacade,class,111,113,2,111,649,1,0,248,50709,0.992163,0.0,0.0,319,0,306,10,2,1,309,0,0,0,2,1,0,2,0,0,1,0,0,2015,604,12,27,1,270,18,14,102,5,84,3,0,0,0,700,1,1
C:\Users\user\Desktop\STUFF A LOT OF 'EM\er\Design_Pattern\argouml\org\argouml\uml\ui\AbstractActionAddModelElement.java,org.argouml.uml.ui.AbstractActionAddModelElement,class,3,7,4,3,14,2,2,12,72,0.8461539,0.0,0.0,13,0,7,0,6,0,13,4,0,0,3,0,0,3,0,0,0,0,0,41,4,0,1,0,0,1,0,7,0,5,1,0,0,0,81,1025,0
C:\Users\user\Desktop\STUFF A LOT OF 'EM\er\Design_Pattern\argouml\org\argouml\uml\ui\foundation\core\ActionSetGeneralizationPowertype.java,org.argouml.uml.ui.foundation.core.ActionSetGeneralizationPowertype,class,3,5,2,3,8,3,0,14,3,0.6666667,0.0,0.0,3,1,2,0,1,0,3,0,0,0,1,1,0,1,0,0,1,0,0,32,1,0,2,0,0,1,0,12,0,7,2,0,0,0,35,1,0
C:\Users\user\Desktop\STUFF A LOT OF 'EM\er\Design_Pattern\argouml\org\argouml\uml\ui\foundation\core\UMLContainerResidentListModel.java,org.argouml.uml.ui.foundation.core.UMLContainerResidentListModel,class,1,4,3,1,3,4,0,6,3,0.0,0.0,0.0,3,0,1,0,2,0,3,0,0,0,0,0,0,0,0,0,0,0,0,11,1,0,0,0,1,1,0,0,0,0,0,0,0,0,25,1,0
C:\Users\user\Desktop\STUFF A LOT OF 'EM\er\Design_Pattern\argouml\org\argouml\uml\ui\foundation\core\UMLGeneralizableElementLeafCheckBox.java,org.argouml.uml.ui.foundation.core.UMLGeneralizableElementLeafCheckBox,class,2,8,6,2,3,8,0,6,1,0.0,0.0,0.0,2,0,2,0,0,0,2,0,0,0,0,0,0,0,0,0,0,0,1,10,0,0,1,0,0,2,0,0,0,0,1,0,0,0,18,1,0
C:\Users\user\Desktop\STUFF A LOT OF 'EM\er\Design_Pattern\argouml\org\argouml\ui\explorer\rules\GoClassifierToInstance.java,org.argouml.ui.explorer.rules.GoClassifierToInstance,class,2,3,1,2,5,2,0,5,3,0.0,0.0,0.0,3,0,3,0,0,0,3,0,0,0,0,0,0,0,0,0,0,0,1,19,5,0,0,0,0,1,0,1,0,1,1,0,0,0,18,1,0
C:\Users\user\Desktop\STUFF A LOT OF 'EM\er\Design_Pattern\argouml\org\argouml\uml\ui\behavior\state_machines\UMLStateMachineSubmachineStateListModel.java,org.argouml.uml.ui.behavior.state_machines.UMLStateMachineSubmachineStateListModel,class,1,2,1,1,3,4,0,5,3,0.0,0.0,0.0,3,0,1,0,2,0,3,0,0,0,0,0,0,0,0,0,0,0,0,11,1,0,0,0,0,1,0,0,0,0,0,0,0,0,22,1,0
C:\Users\user\Desktop\STUFF A LOT OF 'EM\er\Design_Pattern\argouml\org\argouml\ui\cmd\ActionAutoCritique.java,org.argouml.ui.cmd.ActionAutoCritique,class,3,4,1,3,2,2,0,6,1,0.0,0.0,0.0,2,0,2,0,0,0,2,0,0,0,0,0,0,0,0,0,0,0,3,11,0,0,0,0,0,1,0,2,0,2,0,0,0,0,24,0,0
C:\Users\user\Desktop\STUFF A LOT OF 'EM\er\Design_Pattern\argouml\org\argouml\uml\diagram\ui\FigPermission.java,org.argouml.uml.diagram.ui.FigPermission,class,2,4,2,2,3,4,0,0,3,0.0,0.0,0.0,3,0,3,0,0,0,3,0,0,0,0,0,0,0,0,0,0,0,0,11,0,0,0,0,0,0,0,0,0,0,0,0,0,0,17,1,0
C:\Users\user\Desktop\STUFF A LOT OF 'EM\er\Design_Pattern\argouml\org\argouml\cognitive\ui\ToDoByOffender.java,org.argouml.cognitive.ui.ToDoByOffender,class,13,15,2,13,18,5,0,18,4,0.4,0.0,0.0,5,0,5,0,0,0,5,0,0,0,1,1,0,1,0,0,1,0,6,89,0,7,2,0,0,5,19,48,0,36,3,0,0,0,58,1,4
C:\Users\user\Desktop\STUFF A LOT OF 'EM\er\Design_Pattern\argouml\org\argouml\model\uml\NSUMLModelEventPump.java,org.argouml.model.uml.NSUMLClassEventListener,class,2,3,1,2,2,2,0,5,1,0.0,0.0,0.0,2,0,2,0,0,0,2,0,0,0,0,0,0,0,0,0,0,0,2,9,0,0,0,0,0,0,0,0,0,0,0,0,0,0,18,0,0
C:\Users\user\Desktop\STUFF A LOT OF 'EM\er\Design_Pattern\argouml\org\argouml\ui\explorer\ExplorerPopup.java,org.argouml.ui.explorer.ExplorerPopup,class,15,17,2,15,33,5,0,32,1,0.0,NaN,NaN,2,0,1,1,0,0,1,0,0,0,0,0,0,0,0,0,0,0,2,66,1,1,3,0,10,4,0,26,0,26,3,0,0,0,96,1,0
C:\Users\user\Desktop\STUFF A LOT OF 'EM\er\Design_Pattern\argouml\org\argouml\uml\diagram\ui\SelectionEdgeClarifiers.java,org.argouml.uml.diagram.ui.SelectionEdgeClarifiers,class,3,4,1,3,2,2,1,2,1,0.0,0.0,0.0,2,0,2,0,0,0,2,0,0,0,0,0,0,0,0,0,0,0,0,9,0,0,0,0,1,0,0,0,0,0,0,0,0,0,30,1,0
C:\Users\user\Desktop\STUFF A LOT OF 'EM\er\Design_Pattern\argouml\org\argouml\uml\cognitive\critics\WizAddInstanceVariable.java,org.argouml.uml.cognitive.critics.WizAddInstanceVariable,class,2,3,1,2,8,3,0,14,2,0.5833333,0.0,0.0,4,0,4,0,0,0,4,0,0,0,3,0,0,3,0,0,0,0,0,37,2,0,2,0,0,3,2,12,0,9,2,0,0,0,66,1,0
C:\Users\user\Desktop\STUFF A LOT OF 'EM\er\Design_Pattern\argouml\org\argouml\uml\cognitive\critics\CrUnnavigableAssoc.java,org.argouml.uml.cognitive.critics.CrUnnavigableAssoc,class,4,5,1,4,7,3,0,11,3,0.0,0.0,0.0,3,0,3,0,0,0,3,0,0,0,0,0,0,0,0,0,0,0,0,21,4,1,0,0,1,1,0,5,0,4,2,0,0,0,57,1,0
C:\Users\user\Desktop\STUFF A LOT OF 'EM\er\Design_Pattern\argouml\org\argouml\uml\cognitive\critics\CrOppEndVsAttr.java,org.argouml.uml.cognitive.critics.CrOppEndVsAttr,class,2,3,1,2,16,3,0,21,1,0.0,0.0,0.0,2,0,2,0,0,0,2,0,0,0,0,0,0,0,0,0,0,0,0,48,3,3,5,0,2,4,2,18,0,17,3,0,0,0,65,1,0
C:\Users\user\Desktop\STUFF A LOT OF 'EM\er\Design_Pattern\argouml\org\argouml\persistence\SaveException.java,org.argouml.persistence.SaveException,class,1,9,8,1,3,4,0,0,3,0.0,0.0,0.0,3,0,3,0,0,0,3,0,0,0,0,0,0,0,0,0,0,0,0,11,0,0,0,0,0,0,0,0,0,0,0,0,0,0,22,1,0
C:\Users\user\Desktop\STUFF A LOT OF 'EM\er\Design_Pattern\argouml\org\argouml\uml\ui\TabSrc.java,org.argouml.uml.ui.TabSrc,class,8,9,1,8,19,2,0,21,31,0.70000005,0.0,0.0,10,0,8,0,2,0,10,0,0,0,2,1,0,2,0,0,1,0,0,56,5,0,2,0,8,4,0,11,3,4,1,0,0,0,83,1,3
C:\Users\user\Desktop\STUFF A LOT OF 'EM\er\Design_Pattern\argouml\org\argouml\ui\ActionSaveConfiguration.java,org.argouml.ui.ActionSaveConfiguration,class,4,5,1,4,3,2,0,5,1,0.0,0.0,0.0,2,0,2,0,0,0,2,0,0,0,0,0,0,0,0,0,0,0,4,11,0,0,0,0,0,1,0,0,0,0,1,0,0,0,16,1,0
C:\Users\user\Desktop\STUFF A LOT OF 'EM\er\Design_Pattern\argouml\org\argouml\uml\reveng\java\PackageContext.java,org.argouml.uml.reveng.java.PackageContext,class,3,5,2,3,33,2,0,19,0,0.0,0.0,0.0,3,0,3,0,0,0,3,0,0,0,2,0,0,2,0,0,0,0,8,108,2,0,9,4,0,18,1,25,4,10,4,0,0,0,50,0,0
C:\Users\user\Desktop\STUFF A LOT OF 'EM\er\Design_Pattern\argouml\org\argouml\uml\diagram\state\ui\FigSimpleState.java,org.argouml.uml.diagram.state.ui.FigSimpleState,class,9,12,3,9,23,5,0,43,61,0.7192983,0.0,0.0,19,0,15,0,4,0,19,0,0,0,3,1,0,3,0,0,1,0,1,114,13,0,3,1,0,3,32,18,24,16,2,0,0,0,106,1,0
C:\Users\user\Desktop\STUFF A LOT OF 'EM\er\Design_Pattern\argouml\org\argouml\uml\ui\UMLConditionExpressionModel.java,org.argouml.uml.ui.UMLConditionExpressionModel,class,4,6,2,4,4,2,0,10,0,0.25,0.0,0.0,4,0,4,0,0,0,4,0,0,0,1,1,0,1,0,0,1,0,0,19,2,0,0,0,0,5,0,1,0,1,0,0,0,0,28,1,4
C:\Users\user\Desktop\STUFF A LOT OF 'EM\er\Design_Pattern\argouml\org\argouml\uml\ui\model_management\ActionAddPackage.java,org.argouml.uml.ui.model_management.ActionAddPackage,class,1,2,1,1,3,2,0,12,1,0.0,0.0,0.0,2,0,2,0,0,0,2,0,0,0,0,0,0,0,0,0,0,0,0,15,0,0,0,0,0,2,0,2,0,2,1,0,0,0,22,0,0
C:\Users\user\Desktop\STUFF A LOT OF 'EM\er\Design_Pattern\argouml\org\argouml\uml\cognitive\critics\CrSubclassReference.java,org.argouml.uml.cognitive.critics.CrSubclassReference,class,7,9,2,7,18,3,0,28,10,0.0,0.0,0.0,5,0,5,0,0,0,5,0,0,0,0,0,0,0,0,0,0,0,1,59,9,2,6,0,1,2,5,21,0,19,3,0,0,0,87,1,0
C:\Users\user\Desktop\STUFF A LOT OF 'EM\er\Design_Pattern\argouml\org\argouml\uml\ui\UMLAction.java,org.argouml.uml.ui.UMLAction,class,2,61,59,2,22,2,54,21,58,0.875,0.0,0.0,12,2,11,1,0,0,11,0,1,0,4,3,2,2,0,0,3,0,1,72,6,1,3,0,0,6,1,13,2,10,2,0,0,0,130,1,2
C:\Users\user\Desktop\STUFF A LOT OF 'EM\er\Design_Pattern\argouml\org\argouml\uml\diagram\activity\ActivityDiagramGraphModel.java,org.argouml.uml.diagram.activity.ActivityDiagramGraphModel,class,2,3,1,2,4,4,0,5,1,0.0,0.0,0.0,2,0,2,0,0,0,2,0,0,0,0,0,0,0,0,0,0,0,0,17,4,0,0,0,0,0,0,1,0,1,1,0,0,0,28,1,0
C:\Users\user\Desktop\STUFF A LOT OF 'EM\er\Design_Pattern\argouml\org\argouml\application\helpers\SettingsTabHelper.java,org.argouml.application.helpers.SettingsTabHelper,class,4,12,8,4,14,5,7,3,91,0.0,0.0,0.0,14,0,10,0,4,0,14,0,0,0,0,0,0,0,0,0,0,0,1,46,12,0,0,0,0,0,0,3,0,3,0,0,0,0,61,1025,0
C:\Users\user\Desktop\STUFF A LOT OF 'EM\er\Design_Pattern\argouml\org\argouml\ui\TreeModelSupport.java,org.argouml.ui.TreeModelSupport,class,3,11,8,3,23,2,1,9,25,0.45454547,0.0,0.0,11,0,6,0,5,0,11,0,0,0,1,0,0,1,0,0,0,0,0,62,0,4,8,0,4,0,16,21,8,13,3,0,0,0,59,1,0
C:\Users\user\Desktop\STUFF A LOT OF 'EM\er\Design_Pattern\argouml\org\argouml\uml\diagram\state\PredIsStartState.java,org.argouml.uml.diagram.state.PredIsStartState,class,2,3,1,2,3,1,0,6,3,0.6666667,0.0,0.0,3,1,2,1,0,0,2,0,0,0,1,1,0,1,0,0,0,0,0,11,2,0,0,0,2,0,0,1,0,1,0,0,0,0,18,1,0
C:\Users\user\Desktop\STUFF A LOT OF 'EM\er\Design_Pattern\argouml\org\argouml\uml\diagram\ui\PropPanelDiagram.java,org.argouml.uml.diagram.ui.ActionNavigateUpFromDiagram,class,3,5,2,3,6,3,0,5,6,0.0,0.0,0.0,4,0,3,0,1,0,4,0,0,0,0,0,0,0,0,0,0,0,0,21,3,0,1,0,1,1,0,2,0,2,1,0,0,0,24,0,0
C:\Users\user\Desktop\STUFF A LOT OF 'EM\er\Design_Pattern\argouml\org\argouml\uml\diagram\ui\ActionAddOperation.java,org.argouml.uml.diagram.ui.ActionAddOperation,class,4,8,4,4,7,2,0,24,6,0.75,0.0,0.0,4,1,4,0,0,0,4,0,0,0,1,1,0,1,0,0,0,0,0,41,3,1,0,0,1,2,0,15,0,13,1,0,0,0,51,1,0
C:\Users\user\Desktop\STUFF A LOT OF 'EM\er\Design_Pattern\argouml\org\argouml\uml\ui\behavior\state_machines\UMLTransitionTriggerListModel.java,org.argouml.uml.ui.behavior.state_machines.UMLTransitionTriggerListModel,class,1,2,1,1,4,4,0,5,3,0.0,0.0,0.0,3,0,1,0,2,0,3,0,0,0,0,0,0,0,0,0,0,0,0,12,1,0,1,0,0,1,0,0,0,0,0,0,0,0,22,1,0
C:\Users\user\Desktop\STUFF A LOT OF 'EM\er\Design_Pattern\argouml\org\argouml\uml\ui\UMLModelElementListModel2.java,org.argouml.uml.ui.UMLModelElementListModel2,class,7,114,107,7,74,3,88,34,352,0.8534483,0.0,0.0,29,0,15,0,13,1,29,2,0,0,4,0,0,4,0,0,0,0,0,205,13,6,8,0,7,0,11,42,4,21,4,0,0,0,180,1025,0
C:\Users\user\Desktop\STUFF A LOT OF 'EM\er\Design_Pattern\argouml\org\argouml\ui\explorer\rules\GoSummaryToIncomingDependency.java,org.argouml.ui.explorer.rules.GoSummaryToIncomingDependency,class,3,4,1,3,7,2,0,10,3,0.0,0.0,0.0,3,0,3,0,0,0,3,0,0,0,0,0,0,0,0,0,0,0,1,27,5,1,0,0,2,1,0,4,0,4,3,0,0,0,36,1,0
C:\Users\user\Desktop\STUFF A LOT OF 'EM\er\Design_Pattern\argouml\org\argouml\uml\diagram\ui\FigNodeModelElement.java,org.argouml.uml.diagram.ui.FigNodeModelElement$ActionModifierActive,innerclass,1,1,0,1,2,2,0,5,0,0.0,0.0,0.0,2,0,2,0,0,0,2,0,0,0,1,0,0,1,0,0,0,0,0,11,0,0,0,0,0,2,0,1,0,1,0,0,0,0,19,0,0
C:\Users\user\Desktop\STUFF A LOT OF 'EM\er\Design_Pattern\argouml\org\argouml\uml\diagram\static_structure\ui\FigFeature.java,org.argouml.uml.diagram.static_structure.ui.FigFeature$SelectionFeature,innerclass,5,5,0,5,12,2,0,8,6,0.0,0.0,0.0,4,0,4,0,0,0,4,0,0,0,0,0,0,0,0,0,0,0,0,32,1,1,3,0,0,0,5,4,3,4,6,0,0,0,24,2,0
C:\Users\user\Desktop\STUFF A LOT OF 'EM\er\Design_Pattern\argouml\org\argouml\uml\ui\foundation\core\ActionSetAssociationEndOrdering.java,org.argouml.uml.ui.foundation.core.ActionSetAssociationEndOrdering,class,3,5,2,3,6,3,0,12,3,0.6666667,0.0,0.0,3,1,2,0,1,0,3,0,0,0,1,1,0,1,0,0,1,0,0,25,1,0,0,0,0,1,0,4,0,4,3,0,0,0,31,1,0
C:\Users\user\Desktop\STUFF A LOT OF 'EM\er\Design_Pattern\argouml\org\argouml\uml\ui\behavior\collaborations\UMLClassifierRoleAvailableContentsListModel.java,org.argouml.uml.ui.behavior.collaborations.UMLClassifierRoleAvailableContentsListModel,class,5,7,2,5,23,4,0,29,15,0.0,0.0,0.0,6,0,4,0,2,0,6,0,0,0,0,0,0,0,0,0,0,0,0,63,1,2,5,0,1,10,3,9,1,8,3,0,0,0,61,1,0
C:\Users\user\Desktop\STUFF A LOT OF 'EM\er\Design_Pattern\argouml\org\argouml\uml\ui\foundation\extension_mechanisms\PropPanelStereotype.java,org.argouml.uml.ui.foundation.extension_mechanisms.PropPanelStereotype,class,17,18,1,17,5,4,0,13,3,0.6666667,0.0,0.0,3,0,1,0,2,0,3,0,0,0,4,2,0,4,0,0,0,0,4,39,2,0,2,0,0,10,2,8,0,8,1,0,0,0,57,1,0
C:\Users\user\Desktop\STUFF A LOT OF 'EM\er\Design_Pattern\argouml\org\argouml\uml\ui\behavior\state_machines\PropPanelEvent.java,org.argouml.uml.ui.behavior.state_machines.PropPanelEvent,class,12,17,5,12,5,4,4,21,4,0.625,0.0,0.0,4,0,2,0,2,0,4,0,0,0,2,0,0,2,0,0,0,0,1,38,1,0,1,0,0,7,2,9,0,8,1,0,0,0,72,1025,0
C:\Users\user\Desktop\STUFF A LOT OF 'EM\er\Design_Pattern\argouml\org\argouml\language\java\generator\AnonymousClassCodePiece.java,org.argouml.language.java.generator.AnonymousClassCodePiece,class,3,4,1,3,8,3,0,12,0,0.35714287,0.0,0.0,7,0,7,0,0,0,7,0,0,0,2,0,0,2,0,0,0,0,0,35,5,0,1,0,1,0,0,4,0,4,1,0,0,0,69,1,0
C:\Users\user\Desktop\STUFF A LOT OF 'EM\er\Design_Pattern\argouml\org\argouml\uml\diagram\deployment\ui\SelectionComponent.java,org.argouml.uml.diagram.deployment.ui.SelectionComponent,class,12,14,2,12,37,4,0,39,76,0.8974359,0.0,0.0,13,0,8,0,5,0,13,0,0,0,3,3,0,3,0,0,1,0,0,152,14,0,5,0,0,8,29,60,30,34,1,0,0,0,101,1,1
C:\Users\user\Desktop\STUFF A LOT OF 'EM\er\Design_Pattern\argouml\org\argouml\ui\cmd\ActionOpenCritics.java,org.argouml.ui.cmd.ActionOpenCritics,class,2,3,1,2,2,2,0,1,1,0.0,0.0,0.0,2,0,2,0,0,0,2,0,0,0,0,0,0,0,0,0,0,0,0,9,0,0,0,0,0,1,0,1,0,1,0,0,0,0,14,0,0
C:\Users\user\Desktop\STUFF A LOT OF 'EM\er\Design_Pattern\argouml\org\argouml\uml\diagram\static_structure\layout\ClassdiagramRealizationEdge.java,org.argouml.uml.diagram.static_structure.layout.ClassdiagramRealizationEdge,class,2,3,1,2,1,3,0,0,0,0.0,NaN,NaN,1,0,1,0,0,0,1,0,0,0,0,0,0,0,0,0,0,0,0,5,0,0,0,0,0,0,0,0,0,0,0,0,0,0,10,1,0
C:\Users\user\Desktop\STUFF A LOT OF 'EM\er\Design_Pattern\argouml\org\argouml\uml\ui\foundation\core\UMLClassifierObjectFlowStateListModel.java,org.argouml.uml.ui.foundation.core.UMLClassifierObjectFlowStateListModel,class,1,2,1,1,4,4,0,5,3,0.0,0.0,0.0,3,0,1,0,2,0,3,0,0,0,0,0,0,0,0,0,0,0,0,13,1,0,1,0,0,1,0,0,0,0,1,0,0,0,23,1,0
C:\Users\user\Desktop\STUFF A LOT OF 'EM\er\Design_Pattern\argouml\org\argouml\language\java\generator\NamedCodePiece.java,org.argouml.language.java.generator.NamedCodePiece,class,1,9,8,1,7,2,7,9,1,0.0,0.0,0.0,2,0,2,0,0,0,2,1,1,0,0,0,0,0,0,0,0,0,0,30,0,4,1,0,0,0,2,4,0,2,2,0,0,0,112,1025,0
C:\Users\user\Desktop\STUFF A LOT OF 'EM\er\Design_Pattern\argouml\org\argouml\ui\explorer\rules\GoModelToElements.java,org.argouml.ui.explorer.rules.GoModelToElements,class,2,3,1,2,5,2,0,5,3,0.0,0.0,0.0,3,0,3,0,0,0,3,0,0,0,0,0,0,0,0,0,0,0,1,19,5,0,0,0,0,1,0,1,0,1,1,0,0,0,20,1,0
C:\Users\user\Desktop\STUFF A LOT OF 'EM\er\Design_Pattern\argouml\org\argouml\uml\diagram\state\ui\FigState.java,org.argouml.uml.diagram.state.ui.FigState,class,5,10,5,5,36,4,4,42,54,0.6666667,0.0,0.0,12,0,3,0,9,0,12,4,0,0,1,0,0,1,0,0,0,0,1,93,2,2,13,0,4,6,9,9,5,8,3,0,0,0,99,1025,0
C:\Users\user\Desktop\STUFF A LOT OF 'EM\er\Design_Pattern\argouml\org\argouml\uml\ui\behavior\state_machines\ActionNewSimpleState.java,org.argouml.uml.ui.behavior.state_machines.ActionNewSimpleState,class,2,4,2,2,3,2,0,6,3,0.6666667,0.0,0.0,3,1,2,0,1,0,3,0,0,0,1,1,0,1,0,0,0,0,0,14,1,0,0,0,0,1,0,1,0,1,0,0,0,0,21,1,0
C:\Users\user\Desktop\STUFF A LOT OF 'EM\er\Design_Pattern\argouml\org\argouml\uml\ui\behavior\activity_graphs\PropPanelPartition.java,org.argouml.uml.ui.behavior.activity_graphs.PropPanelPartition,class,1,1,0,1,1,2,0,5,0,0.0,NaN,NaN,1,0,1,0,0,0,1,0,0,0,0,0,0,0,0,0,0,0,0,6,0,0,0,0,0,3,0,0,0,0,0,0,0,0,13,1,0
C:\Users\user\Desktop\STUFF A LOT OF 'EM\er\Design_Pattern\argouml\org\argouml\uml\ui\behavior\collaborations\UMLMessageSenderListModel.java,org.argouml.uml.ui.behavior.collaborations.UMLMessageSenderListModel,class,1,2,1,1,4,4,0,5,3,0.0,0.0,0.0,3,0,1,0,2,0,3,0,0,0,0,0,0,0,0,0,0,0,0,12,1,0,1,0,0,1,0,0,0,0,0,0,0,0,29,1,0
C:\Users\user\Desktop\STUFF A LOT OF 'EM\er\Design_Pattern\argouml\org\argouml\moduleloader\ModuleLoader2.java,org.argouml.moduleloader.ModuleLoader2,class,5,10,5,5,77,1,0,72,203,0.8586957,0.0,0.0,23,9,10,13,0,0,10,0,0,0,4,3,1,3,0,0,3,0,12,302,21,9,17,5,1,28,12,70,15,58,4,0,1,0,234,1,11
C:\Users\user\Desktop\STUFF A LOT OF 'EM\er\Design_Pattern\argouml\org\argouml\uml\diagram\ui\FigAssociationEnd.java,org.argouml.uml.diagram.ui.FigAssociationEnd$Anonymous1,anonymous,2,2,0,2,3,1,0,4,0,0.0,NaN,NaN,1,0,1,0,0,0,1,0,0,0,0,0,0,0,0,0,0,0,0,8,0,0,1,0,1,0,0,1,0,1,1,0,0,0,7,-1,0
C:\Users\user\Desktop\STUFF A LOT OF 'EM\er\Design_Pattern\argouml\org\argouml\ui\StylePanelFigText.java,org.argouml.ui.StylePanelFigText,class,5,6,1,5,35,8,0,39,0,0.77777773,0.0,0.0,9,0,3,0,6,0,9,0,0,0,14,4,0,14,0,0,4,0,0,157,8,0,17,0,8,19,43,58,2,31,5,0,0,0,88,1,0
C:\Users\user\Desktop\STUFF A LOT OF 'EM\er\Design_Pattern\argouml\org\argouml\uml\ui\behavior\state_machines\UMLCompositeStateConcurrentCheckBox.java,org.argouml.uml.ui.behavior.state_machines.UMLCompositeStateConcurrentCheckBox,class,2,2,0,2,2,8,0,6,1,0.0,0.0,0.0,2,0,2,0,0,0,2,0,0,0,0,0,0,0,0,0,0,0,1,8,0,0,0,0,0,2,0,0,0,0,0,0,0,0,17,1,0
C:\Users\user\Desktop\STUFF A LOT OF 'EM\er\Design_Pattern\argouml\org\argouml\uml\ui\UMLUserInterfaceContainer.java,org.argouml.uml.ui.UMLUserInterfaceContainer,interface,1,13,12,1,6,1,0,0,15,0.0,0.0,0.0,6,0,6,0,0,0,6,0,0,0,0,0,0,0,0,0,0,0,0,8,0,0,0,0,0,0,0,0,0,0,0,0,0,0,65,1,0
C:\Users\user\Desktop\STUFF A LOT OF 'EM\er\Design_Pattern\argouml\org\argouml\application\events\ArgoNotationEvent.java,org.argouml.application.events.ArgoNotationEvent,class,1,7,6,1,2,2,0,0,1,0.0,0.0,0.0,2,0,2,0,0,0,2,0,0,0,0,0,0,0,0,0,0,0,0,8,1,0,0,0,0,0,0,0,0,0,0,0,0,0,46,1,0
C:\Users\user\Desktop\STUFF A LOT OF 'EM\er\Design_Pattern\argouml\org\argouml\uml\diagram\ui\DiagramNameDocument.java,org.argouml.uml.diagram.ui.DiagramNameDocument,class,4,6,2,4,15,1,0,14,32,0.7777778,0.0,0.0,9,0,7,2,0,0,7,0,0,0,2,0,0,2,0,0,0,0,0,55,0,0,0,1,1,0,1,9,0,7,4,0,0,0,90,0,0
C:\Users\user\Desktop\STUFF A LOT OF 'EM\er\Design_Pattern\argouml\org\argouml\uml\ui\foundation\extension_mechanisms\ActionSetMetaClass.java,org.argouml.uml.ui.foundation.extension_mechanisms.ActionSetMetaClass,class,3,4,1,3,7,3,0,10,1,1.0,0.0,0.0,2,0,2,0,0,0,2,0,0,0,1,1,1,0,0,0,1,0,0,32,0,0,2,0,0,3,0,12,0,7,4,0,0,0,31,1,0
C:\Users\user\Desktop\STUFF A LOT OF 'EM\er\Design_Pattern\argouml\org\argouml\uml\ui\foundation\core\UMLAssociationEndSpecificationListModel.java,org.argouml.uml.ui.foundation.core.UMLAssociationEndSpecificationListModel,class,1,2,1,1,4,4,0,6,3,0.0,0.0,0.0,3,0,1,0,2,0,3,0,0,0,0,0,0,0,0,0,0,0,0,13,1,0,1,0,0,1,0,0,0,0,1,0,0,0,23,1,0
C:\Users\user\Desktop\STUFF A LOT OF 'EM\er\Design_Pattern\argouml\org\argouml\uml\diagram\collaboration\ui\SelectionClassifierRole.java,org.argouml.uml.diagram.collaboration.ui.SelectionClassifierRole,class,13,15,2,13,33,4,0,33,56,0.8333334,0.0,0.0,12,0,6,0,6,0,12,0,0,0,5,3,0,5,0,0,1,0,0,130,12,0,5,0,1,7,22,47,19,30,1,0,0,0,99,1,1
C:\Users\user\Desktop\STUFF A LOT OF 'EM\er\Design_Pattern\argouml\org\argouml\uml\diagram\state\ui\FigSubmachineState.java,org.argouml.uml.diagram.state.ui.FigSubmachineState,class,9,12,3,9,40,5,0,67,152,0.8177083,0.0,0.0,24,0,16,2,6,0,22,0,0,0,8,1,0,8,0,0,1,0,3,200,14,0,11,1,2,6,78,29,71,25,3,0,0,0,118,1,0
C:\Users\user\Desktop\STUFF A LOT OF 'EM\er\Design_Pattern\argouml\org\argouml\uml\ui\SourcePathDialog.java,org.argouml.uml.ui.SourcePathDialog$SelectionListener,innerclass,0,0,0,0,2,1,0,2,0,0.0,NaN,NaN,1,0,1,0,0,0,1,0,0,0,0,0,0,0,0,0,0,0,0,7,0,0,0,0,0,0,0,0,0,0,1,0,0,0,12,0,0
C:\Users\user\Desktop\STUFF A LOT OF 'EM\er\Design_Pattern\argouml\org\argouml\cognitive\ToDoList.java,org.argouml.cognitive.ToDoList,class,11,28,17,11,87,2,0,61,768,0.91904765,0.0,0.0,45,3,32,4,9,0,41,0,0,7,14,6,0,14,0,0,1,0,2,371,21,16,14,4,5,16,30,86,10,67,4,0,0,0,291,1,5
C:\Users\user\Desktop\STUFF A LOT OF 'EM\er\Design_Pattern\argouml\org\argouml\application\events\ArgoEventPump.java,org.argouml.application.events.ArgoEventPump$Pair,innerclass,2,2,0,2,10,1,0,1,0,0.16666667,0.0,0.0,6,0,3,0,0,3,6,0,0,0,2,0,0,2,0,0,0,0,0,34,7,0,3,0,0,3,0,3,2,3,2,0,0,0,24,0,0
C:\Users\user\Desktop\STUFF A LOT OF 'EM\er\Design_Pattern\argouml\org\argouml\model\uml\CopyHelper.java,org.argouml.model.uml.CopyHelper,class,8,10,2,8,7,1,0,8,0,0.0,0.0,0.0,2,0,0,0,0,2,2,0,0,0,1,0,0,1,0,0,0,0,0,26,5,0,0,0,0,0,0,3,0,3,1,0,0,0,68,16,0
C:\Users\user\Desktop\STUFF A LOT OF 'EM\er\Design_Pattern\argouml\org\argouml\persistence\TodoTokenTable.java,org.argouml.persistence.TodoTokenTable,class,1,2,1,1,2,2,0,1,1,0.5769231,0.0,0.0,2,0,1,0,1,0,2,0,0,0,26,26,15,11,0,0,26,0,0,44,0,0,0,0,0,14,13,26,0,26,0,0,0,0,55,1,0
C:\Users\user\Desktop\STUFF A LOT OF 'EM\er\Design_Pattern\argouml\org\argouml\uml\diagram\collaboration\ui\UMLCollaborationDiagram.java,org.argouml.uml.diagram.collaboration.ui.UMLCollaborationDiagram,class,16,18,2,16,38,3,0,52,171,0.94736856,0.0,0.0,19,0,6,4,9,0,15,0,0,0,11,1,0,11,0,0,1,0,1,151,15,3,11,1,0,18,1,31,3,30,4,0,0,0,156,1,1
C:\Users\user\Desktop\STUFF A LOT OF 'EM\er\Design_Pattern\argouml\org\argouml\uml\ui\ActionRevertToSaved.java,org.argouml.uml.ui.ActionRevertToSaved,class,3,3,0,3,5,3,0,11,1,0.0,0.0,0.0,2,0,2,0,0,0,2,0,0,0,0,0,0,0,0,0,0,0,2,17,1,0,2,0,0,3,0,4,0,4,1,0,0,0,31,1,0
C:\Users\user\Desktop\STUFF A LOT OF 'EM\er\Design_Pattern\argouml\org\argouml\uml\ui\foundation\core\PropPanelNode.java,org.argouml.uml.ui.foundation.core.PropPanelNode,class,10,10,0,10,5,6,0,20,3,0.0,0.0,0.0,3,0,3,0,0,0,3,0,0,0,0,0,0,0,0,0,0,0,5,33,1,0,0,0,0,11,0,5,0,4,1,0,0,0,55,1,0
C:\Users\user\Desktop\STUFF A LOT OF 'EM\er\Design_Pattern\argouml\org\argouml\ui\ActionAutoResize.java,org.argouml.ui.ActionAutoResize,class,1,2,1,1,3,2,0,0,1,0.33333334,0.0,0.0,3,1,3,0,0,0,3,0,0,0,1,1,0,1,0,0,0,0,0,12,1,0,0,0,0,1,0,2,0,1,0,0,0,0,37,1,0
C:\Users\user\Desktop\STUFF A LOT OF 'EM\er\Design_Pattern\argouml\org\argouml\application\Main.java,org.argouml.application.PreloadClasses,class,13,15,2,13,1,1,0,2,0,0.0,NaN,NaN,1,0,1,0,0,0,1,0,0,0,1,1,0,1,0,0,1,0,0,48,0,0,0,0,0,2,0,42,0,2,0,0,0,0,12,0,2
C:\Users\user\Desktop\STUFF A LOT OF 'EM\er\Design_Pattern\argouml\org\argouml\uml\diagram\activity\ui\FigCallState.java,org.argouml.uml.diagram.activity.ui.FigCallState,class,5,8,3,5,5,5,0,3,10,0.0,0.0,0.0,5,0,4,0,1,0,5,0,0,0,0,0,0,0,0,0,0,0,0,19,2,0,0,0,0,1,0,1,0,1,0,0,0,0,73,1,0
C:\Users\user\Desktop\STUFF A LOT OF 'EM\er\Design_Pattern\argouml\org\argouml\uml\diagram\deployment\ui\FigMNodeInstance.java,org.argouml.uml.diagram.deployment.ui.FigMNodeInstance,class,11,17,6,11,41,3,0,57,79,0.80952376,0.0,0.0,14,0,11,0,3,0,14,0,0,0,3,1,0,2,0,1,1,0,1,164,8,2,18,0,3,8,31,38,11,28,4,0,0,0,120,1,0
C:\Users\user\Desktop\STUFF A LOT OF 'EM\er\Design_Pattern\argouml\org\argouml\moduleloader\SettingsTabModules.java,org.argouml.moduleloader.SettingsTabModules,class,4,6,2,4,15,7,0,20,53,0.90909094,0.0,0.0,11,0,10,1,0,0,10,0,0,0,4,0,0,4,0,0,0,0,4,121,6,2,2,0,1,9,3,14,0,13,2,1,1,0,69,1,0
C:\Users\user\Desktop\STUFF A LOT OF 'EM\er\Design_Pattern\argouml\org\argouml\uml\cognitive\critics\CrNameConflictAC.java,org.argouml.uml.cognitive.critics.CrNameConflictAC,class,2,3,1,2,2,3,0,3,1,0.0,0.0,0.0,2,0,2,0,0,0,2,0,0,0,0,0,0,0,0,0,0,0,0,10,1,0,0,0,0,0,0,0,0,0,0,0,0,0,40,1,0
C:\Users\user\Desktop\STUFF A LOT OF 'EM\er\Design_Pattern\argouml\org\argouml\uml\ui\foundation\core\PropPanelClass.java,org.argouml.uml.ui.foundation.core.PropPanelClass,class,18,20,2,18,5,6,0,22,3,0.6666667,0.0,0.0,3,0,3,0,0,0,3,0,0,0,4,2,0,4,0,0,0,0,5,47,2,0,2,0,0,16,0,6,0,6,1,0,0,0,46,1,0
C:\Users\user\Desktop\STUFF A LOT OF 'EM\er\Design_Pattern\argouml\org\argouml\uml\ui\foundation\extension_mechanisms\UMLMetaClassComboBoxModel.java,org.argouml.uml.ui.foundation.extension_mechanisms.UMLMetaClassComboBoxModel,class,1,2,1,1,5,3,0,7,0,0.25,0.0,0.0,4,0,1,0,3,0,4,0,0,0,1,0,0,1,0,0,0,0,2,19,3,0,1,0,0,31,0,1,0,1,1,0,0,0,42,1,0
C:\Users\user\Desktop\STUFF A LOT OF 'EM\er\Design_Pattern\argouml\org\argouml\cognitive\ItemUID.java,org.argouml.cognitive.ItemUID,class,2,7,5,2,25,1,0,14,13,0.7142858,0.0,0.0,7,4,5,0,2,0,7,0,0,0,3,2,0,3,0,0,2,0,3,99,21,0,2,2,3,16,5,13,7,9,1,0,0,0,229,1,7
C:\Users\user\Desktop\STUFF A LOT OF 'EM\er\Design_Pattern\argouml\org\argouml\uml\ui\foundation\core\ActionSetModelElementVisibility.java,org.argouml.uml.ui.foundation.core.ActionSetModelElementVisibility,class,3,5,2,3,7,3,0,15,3,0.75,0.0,0.0,3,1,2,0,1,0,3,0,0,0,4,4,3,1,0,0,4,0,0,34,1,0,0,0,1,4,0,12,0,9,3,0,0,0,45,1,0
C:\Users\user\Desktop\STUFF A LOT OF 'EM\er\Design_Pattern\argouml\org\argouml\uml\ui\foundation\core\UMLClassifierInstanceListModel.java,org.argouml.uml.ui.foundation.core.UMLClassifierInstanceListModel,class,1,2,1,1,4,4,0,5,3,0.0,0.0,0.0,3,0,1,0,2,0,3,0,0,0,0,0,0,0,0,0,0,0,0,13,1,0,1,0,0,1,0,0,0,0,1,0,0,0,22,1,0
C:\Users\user\Desktop\STUFF A LOT OF 'EM\er\Design_Pattern\argouml\org\argouml\ui\ActionGoToCritique.java,org.argouml.ui.ActionGoToCritique,class,4,5,1,4,2,2,0,4,0,0.0,0.0,0.0,2,0,2,0,0,0,2,0,0,0,1,0,0,1,0,0,0,0,1,10,0,0,0,0,0,0,0,2,0,1,0,0,0,0,23,1,0
C:\Users\user\Desktop\STUFF A LOT OF 'EM\er\Design_Pattern\argouml\org\argouml\model\uml\KindsImpl.java,org.argouml.model.uml.KindsImpl,class,9,10,1,9,33,1,0,0,528,0.0,0.0,0.0,33,0,32,0,0,1,33,0,0,0,0,0,0,0,0,0,0,0,0,100,32,0,0,0,0,0,0,0,0,0,0,0,0,0,49,1,0
C:\Users\user\Desktop\STUFF A LOT OF 'EM\er\Design_Pattern\argouml\org\argouml\uml\ui\behavior\use_cases\PropPanelUseCase.java,org.argouml.uml.ui.behavior.use_cases.PropPanelUseCase$ActionNewUseCase,innerclass,1,1,0,1,4,2,0,13,1,0.0,0.0,0.0,2,0,2,0,0,0,2,0,0,0,0,0,0,0,0,0,0,0,0,18,0,0,1,0,0,2,0,3,0,3,2,0,0,0,46,2,0
C:\Users\user\Desktop\STUFF A LOT OF 'EM\er\Design_Pattern\argouml\org\argouml\uml\ui\PropPanelButton2.java,org.argouml.uml.ui.PropPanelButton2,class,2,50,48,2,10,6,0,4,45,0.0,0.0,0.0,10,0,10,0,0,0,10,0,0,0,0,0,0,0,0,0,0,0,0,28,0,0,0,0,0,1,0,0,0,0,0,0,0,0,45,1,0
C:\Users\user\Desktop\STUFF A LOT OF 'EM\er\Design_Pattern\argouml\org\argouml\uml\ui\SourcePathDialog.java,org.argouml.uml.ui.SourcePathDialog,class,7,8,1,7,15,2,0,40,0,0.52000004,0.0,0.0,5,0,2,3,0,0,2,0,0,0,5,0,0,5,0,0,0,0,1,82,1,4,4,0,1,7,9,22,0,20,2,0,1,0,88,1,0
C:\Users\user\Desktop\STUFF A LOT OF 'EM\er\Design_Pattern\argouml\org\argouml\application\api\PluggableSettingsTab.java,org.argouml.application.api.PluggableSettingsTab,interface,2,4,2,2,1,1,0,0,0,0.0,NaN,NaN,1,0,0,0,0,1,1,0,0,0,0,0,0,0,0,0,0,0,0,3,0,0,0,0,0,0,0,0,0,0,0,0,0,0,32,1,0
C:\Users\user\Desktop\STUFF A LOT OF 'EM\er\Design_Pattern\argouml\org\argouml\cognitive\ui\WizStepManyTextFields.java,org.argouml.cognitive.ui.WizStepManyTextFields,class,3,3,0,3,4,6,0,19,0,0.25,0.0,0.0,2,0,2,0,0,0,2,0,0,0,2,0,0,2,0,0,0,0,1,77,1,2,0,0,0,1,28,45,2,15,1,0,0,0,60,1,0
C:\Users\user\Desktop\STUFF A LOT OF 'EM\er\Design_Pattern\argouml\org\argouml\uml\diagram\sequence\ui\FigLink.java,org.argouml.uml.diagram.sequence.ui.FigLink,class,6,16,10,6,22,3,4,30,55,0.90909094,0.0,0.0,11,0,9,0,2,0,11,1,0,0,1,0,0,1,0,0,0,0,0,84,8,0,6,0,7,0,9,20,6,12,3,0,0,0,103,1025,0
C:\Users\user\Desktop\STUFF A LOT OF 'EM\er\Design_Pattern\argouml\org\argouml\ui\explorer\rules\AssociationsNode.java,org.argouml.ui.explorer.rules.AssociationsNode,class,2,5,3,2,4,1,0,0,4,0.5,0.0,0.0,4,0,4,0,0,0,4,0,0,0,1,0,0,1,0,0,0,0,0,15,3,0,0,0,0,1,0,1,0,1,0,0,0,0,39,1,0
C:\Users\user\Desktop\STUFF A LOT OF 'EM\er\Design_Pattern\argouml\org\argouml\uml\generator\GenerationPreferences.java,org.argouml.uml.generator.GenerationPreferences,class,0,0,0,0,6,1,0,2,2,0.5,0.0,0.0,5,0,5,0,0,0,5,0,0,0,2,0,0,2,0,0,0,0,2,20,2,0,0,0,0,6,0,6,0,2,1,0,0,0,29,1,0
C:\Users\user\Desktop\STUFF A LOT OF 'EM\er\Design_Pattern\argouml\org\argouml\ui\JasonsHugeTheme.java,org.argouml.ui.JasonsHugeTheme,class,0,1,1,0,13,2,0,0,76,0.91608393,0.0,0.0,13,0,7,0,6,0,13,0,0,0,11,0,0,11,0,0,11,0,0,52,13,0,0,0,0,6,23,11,0,11,0,0,0,0,43,1,0
C:\Users\user\Desktop\STUFF A LOT OF 'EM\er\Design_Pattern\argouml\org\argouml\uml\diagram\ui\FigRealization.java,org.argouml.uml.diagram.ui.FigRealization,class,4,7,3,4,6,3,0,13,13,0.6666667,0.0,0.0,6,0,4,0,2,0,6,0,0,0,1,0,0,1,0,0,0,0,0,29,1,0,0,0,0,1,2,1,0,1,0,0,0,0,68,1,0
C:\Users\user\Desktop\STUFF A LOT OF 'EM\er\Design_Pattern\argouml\org\argouml\uml\diagram\ui\ActionAddMessage.java,org.argouml.uml.diagram.ui.ActionAddMessage,class,8,10,2,8,7,2,0,21,10,0.8,0.0,0.0,5,1,3,2,0,0,3,0,0,0,1,1,0,1,0,0,0,0,0,33,3,0,0,0,2,1,0,10,0,10,1,0,0,0,56,1,0
C:\Users\user\Desktop\STUFF A LOT OF 'EM\er\Design_Pattern\argouml\org\argouml\uml\ui\behavior\state_machines\UMLStubStateComboBoxModel.java,org.argouml.uml.ui.behavior.state_machines.UMLStubStateComboBoxModel,class,2,4,2,2,13,3,0,21,6,0.0,0.0,0.0,4,0,1,0,3,0,4,0,0,0,0,0,0,0,0,0,0,0,0,35,3,1,5,0,1,1,0,10,0,7,3,0,0,0,36,1,0
C:\Users\user\Desktop\STUFF A LOT OF 'EM\er\Design_Pattern\argouml\org\argouml\uml\ui\foundation\core\ActionSetChangeability.java,org.argouml.uml.ui.foundation.core.ActionSetChangeability,class,3,6,3,3,8,3,0,16,3,0.75000006,0.0,0.0,3,1,2,0,1,0,3,0,0,0,4,4,3,1,0,0,4,0,0,34,1,0,0,0,1,4,0,12,0,9,3,0,0,0,47,1,0
C:\Users\user\Desktop\STUFF A LOT OF 'EM\er\Design_Pattern\argouml\org\argouml\uml\ui\foundation\core\UMLStructuralFeatureMultiplicityComboBoxModel.java,org.argouml.uml.ui.foundation.core.UMLStructuralFeatureMultiplicityComboBoxModel,class,2,3,1,2,4,4,0,4,1,0.0,0.0,0.0,2,0,1,0,1,0,2,0,0,0,0,0,0,0,0,0,0,0,0,11,2,0,1,0,1,1,0,0,0,0,1,0,0,0,17,1,0
C:\Users\user\Desktop\STUFF A LOT OF 'EM\er\Design_Pattern\argouml\org\argouml\cognitive\ui\GoListToGoalsToItems.java,org.argouml.cognitive.ui.GoListToGoalsToItems,class,8,11,3,8,24,2,0,15,28,0.0,0.0,0.0,8,0,8,0,0,0,8,0,0,0,0,0,0,0,0,0,0,0,4,65,12,3,1,0,0,2,5,11,1,11,4,0,0,0,51,1,0
C:\Users\user\Desktop\STUFF A LOT OF 'EM\er\Design_Pattern\argouml\org\argouml\uml\cognitive\critics\CrInvalidPseudoStateTrigger.java,org.argouml.uml.cognitive.critics.CrInvalidPseudoStateTrigger,class,2,3,1,2,9,3,0,13,1,0.0,0.0,0.0,2,0,2,0,0,0,2,0,0,0,0,0,0,0,0,0,0,0,0,19,5,0,2,0,3,1,1,5,0,5,1,0,0,0,39,1,0
C:\Users\user\Desktop\STUFF A LOT OF 'EM\er\Design_Pattern\argouml\org\argouml\ui\explorer\ExplorerTreeModel.java,org.argouml.ui.explorer.ExplorerTreeModel,class,13,19,6,13,70,2,0,76,146,0.8666666,0.0,0.0,20,0,9,10,0,1,10,0,0,0,6,1,0,6,0,0,1,0,4,327,8,17,13,0,12,4,9,76,3,69,4,0,1,0,314,1,1
C:\Users\user\Desktop\STUFF A LOT OF 'EM\er\Design_Pattern\argouml\org\argouml\ui\explorer\rules\GoUseCaseToExtensionPoint.java,org.argouml.ui.explorer.rules.GoUseCaseToExtensionPoint,class,2,3,1,2,5,2,0,5,3,0.0,0.0,0.0,3,0,3,0,0,0,3,0,0,0,0,0,0,0,0,0,0,0,1,19,5,0,0,0,0,1,0,1,0,1,1,0,0,0,38,1,0
C:\Users\user\Desktop\STUFF A LOT OF 'EM\er\Design_Pattern\argouml\org\argouml\ui\ProjectBrowser.java,org.argouml.ui.ProjectBrowser$WindowCloser,innerclass,0,0,0,0,2,2,0,1,1,0.0,0.0,0.0,2,0,2,0,0,0,2,0,0,0,0,0,0,0,0,0,0,0,0,7,0,0,0,0,0,0,0,0,0,0,0,0,0,0,8,0,0
C:\Users\user\Desktop\STUFF A LOT OF 'EM\er\Design_Pattern\argouml\org\argouml\uml\ui\behavior\common_behavior\UMLInstanceLinkEndListModel.java,org.argouml.uml.ui.behavior.common_behavior.UMLInstanceLinkEndListModel,class,1,1,0,1,4,4,0,5,3,0.0,0.0,0.0,3,0,1,0,2,0,3,0,0,0,0,0,0,0,0,0,0,0,0,13,1,0,1,0,0,1,0,0,0,0,1,0,0,0,22,1,0
C:\Users\user\Desktop\STUFF A LOT OF 'EM\er\Design_Pattern\argouml\org\argouml\uml\ui\foundation\core\UMLModelElementNamespaceListModel.java,org.argouml.uml.ui.foundation.core.UMLModelElementNamespaceListModel,class,1,2,1,1,5,4,0,5,3,0.0,0.0,0.0,3,0,1,0,2,0,3,0,0,0,0,0,0,0,0,0,0,0,0,14,1,0,2,0,0,1,0,0,0,0,1,0,0,0,22,1,0
C:\Users\user\Desktop\STUFF A LOT OF 'EM\er\Design_Pattern\argouml\org\argouml\uml\cognitive\critics\CrCompInstanceWithoutNode.java,org.argouml.uml.cognitive.critics.CrCompInstanceWithoutNode,class,10,12,2,10,18,3,0,17,10,0.0,0.0,0.0,5,0,5,0,0,0,5,0,0,0,0,0,0,0,0,0,0,0,0,62,7,2,6,0,5,0,0,20,0,14,3,0,0,0,94,1,0
C:\Users\user\Desktop\STUFF A LOT OF 'EM\er\Design_Pattern\argouml\org\argouml\persistence\XmlInputStream.java,org.argouml.persistence.XmlInputStream,class,6,8,2,6,65,4,0,34,68,0.828125,0.0,0.0,16,0,9,7,0,0,9,0,0,2,16,1,0,16,0,0,1,0,5,233,12,13,21,0,5,11,20,65,14,37,5,0,0,0,182,1,3
C:\Users\user\Desktop\STUFF A LOT OF 'EM\er\Design_Pattern\argouml\org\argouml\ui\targetmanager\TargetListener.java,org.argouml.ui.targetmanager.TargetListener,interface,1,13,12,1,3,1,0,0,3,0.0,0.0,0.0,3,0,3,0,0,0,3,0,0,0,0,0,0,0,0,0,0,0,0,5,0,0,0,0,0,0,0,0,0,0,0,0,0,0,37,1,0
C:\Users\user\Desktop\STUFF A LOT OF 'EM\er\Design_Pattern\argouml\org\argouml\uml\ui\behavior\use_cases\PropPanelExtend.java,org.argouml.uml.ui.behavior.use_cases.PropPanelExtend,class,20,20,0,20,6,5,0,22,3,0.0,0.0,0.0,3,0,3,0,0,0,3,0,0,0,0,0,0,0,0,0,0,0,7,61,2,0,1,0,1,12,1,9,0,8,2,0,1,0,118,1,0
C:\Users\user\Desktop\STUFF A LOT OF 'EM\er\Design_Pattern\argouml\org\argouml\uml\ui\foundation\core\UMLModelElementStereotypeComboBoxModel.java,org.argouml.uml.ui.foundation.core.UMLModelElementStereotypeComboBoxModel$Anonymous1,anonymous,0,0,0,0,6,1,0,4,0,0.0,NaN,NaN,1,0,1,0,0,0,1,0,0,0,0,0,0,0,0,0,0,0,0,14,1,0,2,1,2,2,0,4,0,2,1,0,0,0,11,-1,0
C:\Users\user\Desktop\STUFF A LOT OF 'EM\er\Design_Pattern\argouml\org\argouml\uml\PredicateFind.java,org.argouml.uml.PredicateFind,class,2,2,0,2,5,1,0,5,0,0.55,0.0,0.0,4,0,4,0,0,0,4,0,0,0,5,0,0,5,0,0,0,0,0,26,4,0,0,0,1,0,0,8,0,8,1,0,0,0,40,1,0
C:\Users\user\Desktop\STUFF A LOT OF 'EM\er\Design_Pattern\argouml\org\argouml\cognitive\AbstractCognitiveTranslator.java,org.argouml.cognitive.AbstractCognitiveTranslator,class,0,2,2,0,2,1,0,0,1,0.0,0.0,0.0,2,0,2,0,0,0,2,2,0,0,0,0,0,0,0,0,0,0,0,4,0,0,0,0,0,0,0,0,0,0,0,0,0,0,21,1025,0
C:\Users\user\Desktop\STUFF A LOT OF 'EM\er\Design_Pattern\argouml\org\argouml\ui\cmd\ActionGotoDiagram.java,org.argouml.ui.cmd.ActionGotoDiagram,class,7,8,1,7,4,2,0,6,3,0.0,0.0,0.0,3,0,3,0,0,0,3,0,0,0,0,0,0,0,0,0,0,0,2,17,2,0,1,0,0,1,0,2,0,2,1,0,0,0,36,1,0
C:\Users\user\Desktop\STUFF A LOT OF 'EM\er\Design_Pattern\argouml\org\argouml\uml\ui\UMLMutableLinkedList.java,org.argouml.uml.ui.UMLMutableLinkedList,class,7,31,24,7,36,11,6,15,256,0.9047619,0.0,0.0,24,0,23,0,1,0,24,0,0,0,7,0,0,7,0,0,0,0,2,132,7,0,6,0,0,0,3,16,0,10,2,0,1,0,123,1,0
C:\Users\user\Desktop\STUFF A LOT OF 'EM\er\Design_Pattern\argouml\org\argouml\ui\explorer\PerspectiveComboBox.java,org.argouml.ui.explorer.PerspectiveComboBox,class,2,4,2,2,3,5,0,4,3,0.0,0.0,0.0,3,0,3,0,0,0,3,0,0,0,0,0,0,0,0,0,0,0,1,11,0,0,0,0,0,0,0,0,0,0,0,0,0,0,33,1,0
C:\Users\user\Desktop\STUFF A LOT OF 'EM\er\Design_Pattern\argouml\org\argouml\uml\ui\ActionClassDiagram.java,org.argouml.uml.ui.ActionClassDiagram,class,5,6,1,5,5,3,0,4,1,0.6666667,0.0,0.0,3,0,2,1,0,0,2,0,0,0,2,2,1,1,0,0,2,0,0,23,2,0,0,0,0,7,0,2,2,2,1,0,0,0,37,1,4
C:\Users\user\Desktop\STUFF A LOT OF 'EM\er\Design_Pattern\argouml\org\argouml\ui\cmd\ActionResolve.java,org.argouml.ui.cmd.ActionResolve,class,3,4,1,3,2,3,0,4,1,0.0,0.0,0.0,2,0,2,0,0,0,2,0,0,0,0,0,0,0,0,0,0,0,1,10,0,0,0,0,0,1,0,1,0,1,0,0,0,0,21,1,0
C:\Users\user\Desktop\STUFF A LOT OF 'EM\er\Design_Pattern\argouml\org\argouml\uml\diagram\state\PredIsFinalState.java,org.argouml.uml.diagram.state.PredIsFinalState,class,2,3,1,2,3,1,0,2,3,0.6666667,0.0,0.0,3,1,2,1,0,0,2,0,0,0,1,1,0,1,0,0,0,0,0,11,2,0,0,0,1,0,0,1,0,1,0,0,0,0,17,1,0
C:\Users\user\Desktop\STUFF A LOT OF 'EM\er\Design_Pattern\argouml\org\argouml\uml\ui\foundation\core\UMLParameterTypeComboBoxModel.java,org.argouml.uml.ui.foundation.core.UMLParameterTypeComboBoxModel,class,2,3,1,2,3,4,0,3,1,0.0,0.0,0.0,2,0,1,0,1,0,2,0,0,0,0,0,0,0,0,0,0,0,0,11,2,0,1,0,0,0,0,0,0,0,1,0,0,0,18,1,0
C:\Users\user\Desktop\STUFF A LOT OF 'EM\er\Design_Pattern\argouml\org\argouml\uml\ui\behavior\state_machines\UMLStateMachineTopListModel.java,org.argouml.uml.ui.behavior.state_machines.UMLStateMachineTopListModel,class,1,2,1,1,4,4,0,5,3,0.0,0.0,0.0,3,0,1,0,2,0,3,0,0,0,0,0,0,0,0,0,0,0,0,12,1,0,1,0,0,1,0,0,0,0,0,0,0,0,23,1,0
C:\Users\user\Desktop\STUFF A LOT OF 'EM\er\Design_Pattern\argouml\org\argouml\uml\cognitive\critics\CrZeroLengthEdge.java,org.argouml.uml.cognitive.critics.CrZeroLengthEdge,class,3,4,1,3,4,3,0,4,1,0.5,0.0,0.0,2,0,2,0,0,0,2,0,0,0,1,1,0,1,0,0,1,0,0,17,3,0,0,0,1,0,1,3,0,3,1,0,0,0,55,1,0
C:\Users\user\Desktop\STUFF A LOT OF 'EM\er\Design_Pattern\argouml\org\argouml\ui\ArgoDiagram.java,org.argouml.ui.ArgoDiagram,class,7,20,13,7,26,2,1,28,64,0.9166667,0.0,0.0,12,0,12,0,0,0,12,0,0,0,3,2,0,2,0,1,1,0,1,76,10,2,5,1,1,3,1,7,1,7,5,0,0,0,111,1,0
C:\Users\user\Desktop\STUFF A LOT OF 'EM\er\Design_Pattern\argouml\org\argouml\uml\ui\behavior\common_behavior\UMLReceptionSignalComboBoxModel.java,org.argouml.uml.ui.behavior.common_behavior.UMLReceptionSignalComboBoxModel,class,2,3,1,2,6,3,0,17,6,0.0,0.0,0.0,4,0,1,0,3,0,4,0,0,0,0,0,0,0,0,0,0,0,0,26,3,0,1,0,0,2,0,4,0,4,1,0,0,0,37,1,0
C:\Users\user\Desktop\STUFF A LOT OF 'EM\er\Design_Pattern\argouml\org\argouml\uml\ui\behavior\common_behavior\PropPanelTerminateAction.java,org.argouml.uml.ui.behavior.common_behavior.PropPanelTerminateAction,class,2,2,0,2,1,5,0,1,0,0.0,NaN,NaN,1,0,1,0,0,0,1,0,0,0,0,0,0,0,0,0,0,0,1,5,0,0,0,0,0,2,0,0,0,0,0,0,0,0,17,1,0
C:\Users\user\Desktop\STUFF A LOT OF 'EM\er\Design_Pattern\argouml\org\argouml\uml\diagram\state\ui\FigBranchState.java,org.argouml.uml.diagram.state.ui.FigBranchState,class,5,8,3,5,14,4,0,15,35,0.84523803,0.0,0.0,14,0,14,0,0,0,14,0,0,0,6,5,0,5,0,1,5,0,0,56,6,0,0,0,0,0,5,9,0,8,0,0,0,0,83,1,0
C:\Users\user\Desktop\STUFF A LOT OF 'EM\er\Design_Pattern\argouml\org\argouml\uml\diagram\ui\FigNodeModelElement.java,org.argouml.uml.diagram.ui.FigNodeModelElement$ActionModifierRoot,innerclass,1,1,0,1,2,2,0,5,0,0.0,0.0,0.0,2,0,2,0,0,0,2,0,0,0,1,0,0,1,0,0,0,0,0,11,0,0,0,0,0,2,0,1,0,1,0,0,0,0,19,0,0
C:\Users\user\Desktop\STUFF A LOT OF 'EM\er\Design_Pattern\argouml\org\argouml\uml\cognitive\critics\CrIllegalName.java,org.argouml.uml.cognitive.critics.CrIllegalName,class,2,3,1,2,11,3,0,12,3,0.0,0.0,0.0,3,0,3,0,0,0,3,0,0,0,0,0,0,0,0,0,0,0,1,29,5,1,3,0,3,2,1,6,0,6,2,0,0,0,50,1,0
C:\Users\user\Desktop\STUFF A LOT OF 'EM\er\Design_Pattern\argouml\org\argouml\uml\diagram\collaboration\CollabDiagramGraphModel.java,org.argouml.uml.diagram.collaboration.CollabDiagramGraphModel,class,4,6,2,4,61,3,0,61,65,0.7857143,0.0,0.0,14,0,14,0,0,0,14,0,0,0,3,1,0,3,0,0,1,0,0,177,26,5,11,1,8,8,3,40,3,32,3,0,0,0,141,1,5
C:\Users\user\Desktop\STUFF A LOT OF 'EM\er\Design_Pattern\argouml\org\argouml\uml\cognitive\critics\WizAddConstructor.java,org.argouml.uml.cognitive.critics.WizAddConstructor,class,6,8,2,6,14,3,0,34,6,0.70000005,0.0,0.0,5,0,4,1,0,0,4,0,0,0,4,1,0,4,0,0,1,0,0,63,4,1,2,1,0,5,2,20,0,16,2,0,0,0,96,1,1
C:\Users\user\Desktop\STUFF A LOT OF 'EM\er\Design_Pattern\argouml\org\argouml\ui\explorer\rules\GoStateToExit.java,org.argouml.ui.explorer.rules.GoStateToExit,class,2,3,1,2,6,2,0,6,3,0.0,0.0,0.0,3,0,3,0,0,0,3,0,0,0,0,0,0,0,0,0,0,0,1,21,5,0,1,0,0,1,0,2,0,2,1,0,0,0,26,1,0
C:\Users\user\Desktop\STUFF A LOT OF 'EM\er\Design_Pattern\argouml\org\argouml\uml\cognitive\critics\CrEmptyPackage.java,org.argouml.uml.cognitive.critics.CrEmptyPackage,class,4,6,2,4,4,3,0,9,1,0.5,0.0,0.0,2,0,2,0,0,0,2,0,0,0,1,1,0,1,0,0,1,0,0,19,3,0,1,0,1,2,1,2,1,2,1,0,0,0,43,1,1
C:\Users\user\Desktop\STUFF A LOT OF 'EM\er\Design_Pattern\argouml\org\argouml\uml\ui\behavior\state_machines\UMLStateVertexContainerListModel.java,org.argouml.uml.ui.behavior.state_machines.UMLStateVertexContainerListModel,class,1,2,1,1,4,4,0,5,3,0.0,0.0,0.0,3,0,1,0,2,0,3,0,0,0,0,0,0,0,0,0,0,0,0,12,1,0,1,0,0,1,0,0,0,0,0,0,0,0,23,1,0
C:\Users\user\Desktop\STUFF A LOT OF 'EM\er\Design_Pattern\argouml\org\argouml\uml\ui\ActionPaste.java,org.argouml.uml.ui.ActionPaste,class,2,5,3,2,16,2,0,14,1,0.71428573,0.0,0.0,7,1,5,2,0,0,5,0,0,0,4,2,0,4,0,0,1,0,1,48,3,0,5,1,0,2,0,9,1,8,2,0,0,0,118,1,0
C:\Users\user\Desktop\STUFF A LOT OF 'EM\er\Design_Pattern\argouml\org\argouml\uml\ui\UMLListMenuItem.java,org.argouml.uml.ui.UMLListMenuItem,class,2,3,1,2,5,6,0,9,0,0.1,0.0,0.0,2,0,2,0,0,0,2,0,0,0,5,2,0,4,0,1,2,0,0,32,0,0,0,2,0,5,0,6,3,6,1,0,0,0,81,1,3
C:\Users\user\Desktop\STUFF A LOT OF 'EM\er\Design_Pattern\argouml\org\argouml\uml\cognitive\critics\CrConflictingComposites.java,org.argouml.uml.cognitive.critics.CrConflictingComposites,class,2,3,1,2,10,3,0,14,1,0.0,0.0,0.0,2,0,2,0,0,0,2,0,0,0,0,0,0,0,0,0,0,0,0,35,4,1,3,0,1,1,3,5,0,5,2,0,0,0,53,1,0
C:\Users\user\Desktop\STUFF A LOT OF 'EM\er\Design_Pattern\argouml\org\argouml\uml\diagram\state\ui\FigStubState.java,org.argouml.uml.diagram.state.ui.FigStubState,class,9,12,3,9,61,4,0,60,79,0.84962404,0.0,0.0,19,0,15,0,4,0,19,0,0,0,7,1,0,7,0,0,1,0,1,211,8,3,25,1,2,5,11,46,1,24,5,0,0,0,107,1,0
C:\Users\user\Desktop\STUFF A LOT OF 'EM\er\Design_Pattern\argouml\org\argouml\ui\explorer\rules\GoClassToSummary.java,org.argouml.ui.explorer.rules.GoClassToSummary,class,9,11,2,9,24,2,0,21,15,0.0,0.0,0.0,6,0,3,3,0,0,3,0,0,0,0,0,0,0,0,0,0,0,1,80,14,4,0,0,0,1,3,8,0,8,2,0,0,0,50,1,0
C:\Users\user\Desktop\STUFF A LOT OF 'EM\er\Design_Pattern\argouml\org\argouml\uml\diagram\ui\PropPanelUMLStateDiagram.java,org.argouml.uml.diagram.ui.PropPanelUMLStateDiagram,class,1,1,0,1,1,3,0,1,0,0.0,NaN,NaN,1,0,1,0,0,0,1,0,0,0,0,0,0,0,0,0,0,0,0,5,0,0,0,0,0,1,0,0,0,0,0,0,0,0,13,1,0
C:\Users\user\Desktop\STUFF A LOT OF 'EM\er\Design_Pattern\argouml\org\argouml\uml\ui\foundation\core\PropPanelAbstraction.java,org.argouml.uml.ui.foundation.core.PropPanelAbstraction,class,7,7,0,7,1,6,0,11,0,0.0,NaN,NaN,1,0,1,0,0,0,1,0,0,0,0,0,0,0,0,0,0,0,2,13,0,0,0,0,0,7,0,0,0,0,0,0,0,0,19,1,0
C:\Users\user\Desktop\STUFF A LOT OF 'EM\er\Design_Pattern\argouml\org\argouml\model\uml\NSUMLModelEventPump.java,org.argouml.model.uml.NSUMLEventListener,class,3,7,4,3,26,1,2,16,72,0.8461539,0.0,0.0,13,0,8,1,0,4,12,1,0,0,3,0,0,3,0,0,0,0,0,81,10,2,8,0,1,1,2,8,0,8,3,0,0,0,83,1024,0
C:\Users\user\Desktop\STUFF A LOT OF 'EM\er\Design_Pattern\argouml\org\argouml\uml\ui\UMLCheckBox2.java,org.argouml.uml.ui.UMLCheckBox2,class,6,33,27,6,17,7,13,17,70,0.8076923,0.0,0.0,13,0,13,0,0,0,13,1,0,0,2,0,0,2,0,0,0,0,0,48,1,0,0,0,1,0,0,3,0,2,1,0,0,0,113,1025,0
C:\Users\user\Desktop\STUFF A LOT OF 'EM\er\Design_Pattern\argouml\org\argouml\model\uml\UmlFactoryImpl.java,org.argouml.model.uml.UmlFactoryImpl,class,108,111,3,108,167,2,0,210,119,0.8295455,0.0,0.0,22,0,12,9,0,1,13,0,0,0,4,2,0,4,0,0,2,0,1,545,42,2,44,0,2,11,21,40,4,18,4,0,1,0,352,0,1
C:\Users\user\Desktop\STUFF A LOT OF 'EM\er\Design_Pattern\argouml\org\argouml\uml\GenDescendantClasses.java,org.argouml.uml.GenDescendantClasses,class,2,4,2,2,8,1,0,10,3,0.6666667,0.0,0.0,3,1,3,0,0,0,3,0,0,0,1,1,0,1,0,0,1,0,0,28,5,1,2,0,2,0,1,9,0,9,2,0,0,0,61,1,0
C:\Users\user\Desktop\STUFF A LOT OF 'EM\er\Design_Pattern\argouml\org\argouml\uml\ui\foundation\core\UMLParameterBehavioralFeatListModel.java,org.argouml.uml.ui.foundation.core.UMLParameterBehavioralFeatListModel,class,1,2,1,1,5,4,0,5,3,0.0,0.0,0.0,3,0,1,0,2,0,3,0,0,0,0,0,0,0,0,0,0,0,0,14,1,0,2,0,0,1,0,0,0,0,1,0,0,0,24,1,0
C:\Users\user\Desktop\STUFF A LOT OF 'EM\er\Design_Pattern\argouml\org\argouml\uml\ui\TabTaggedValues.java,org.argouml.uml.ui.TabTaggedValues,class,8,11,3,8,19,2,0,37,31,0.8295454,0.0,0.0,11,0,9,0,2,0,11,0,0,0,8,2,0,8,0,0,2,0,0,103,6,0,2,0,6,10,12,23,1,17,2,0,0,0,75,1,0
C:\Users\user\Desktop\STUFF A LOT OF 'EM\er\Design_Pattern\argouml\org\argouml\uml\ui\behavior\collaborations\UMLCollaborationRepresentedClassifierListModel.java,org.argouml.uml.ui.behavior.collaborations.UMLCollaborationRepresentedClassifierListModel,class,1,2,1,1,4,4,0,6,3,0.0,0.0,0.0,3,0,1,0,2,0,3,0,0,0,0,0,0,0,0,0,0,0,0,12,1,0,1,0,0,1,0,0,0,0,0,0,0,0,36,1,0
C:\Users\user\Desktop\STUFF A LOT OF 'EM\er\Design_Pattern\argouml\org\argouml\uml\diagram\ui\ActionSaveDiagramToClipboard.java,org.argouml.uml.diagram.ui.ImageSelection,class,1,3,2,1,5,1,0,4,0,0.5,0.0,0.0,4,0,4,0,0,0,4,0,0,2,3,1,0,3,0,0,0,0,0,23,3,0,0,0,3,2,0,3,0,3,1,0,0,0,27,0,0
C:\Users\user\Desktop\STUFF A LOT OF 'EM\er\Design_Pattern\argouml\org\argouml\uml\diagram\UmlDiagramRenderer.java,org.argouml.uml.diagram.UmlDiagramRenderer,class,60,67,7,60,64,1,6,67,3,0.0,0.0,0.0,3,0,2,1,0,0,2,0,0,0,0,0,0,0,0,0,0,0,0,204,3,1,4,0,2,10,2,60,2,8,2,0,0,0,117,1025,0
C:\Users\user\Desktop\STUFF A LOT OF 'EM\er\Design_Pattern\argouml\org\argouml\uml\cognitive\critics\CrMultipleDeepHistoryStates.java,org.argouml.uml.cognitive.critics.CrMultipleDeepHistoryStates,class,7,9,2,7,17,3,0,21,8,0.6,0.0,0.0,5,0,4,0,1,0,5,0,0,0,1,1,0,1,0,0,1,0,0,55,10,2,2,0,1,4,2,17,0,17,2,0,0,0,72,1,2
C:\Users\user\Desktop\STUFF A LOT OF 'EM\er\Design_Pattern\argouml\org\argouml\uml\diagram\layout\LayoutedContainer.java,org.argouml.uml.diagram.layout.LayoutedContainer,interface,1,1,0,1,4,1,0,0,6,0.0,0.0,0.0,4,0,0,0,0,4,4,0,0,0,0,0,0,0,0,0,0,0,0,6,0,0,0,0,0,0,0,0,0,0,0,0,0,0,53,1,0
C:\Users\user\Desktop\STUFF A LOT OF 'EM\er\Design_Pattern\argouml\org\argouml\uml\diagram\static_structure\ui\ClassDiagramRenderer.java,org.argouml.uml.diagram.static_structure.ui.ClassDiagramRenderer,class,26,28,2,26,34,2,0,55,4,0.625,0.0,0.0,4,0,2,2,0,0,2,0,0,0,2,2,0,1,0,1,2,0,0,150,11,0,7,0,6,8,6,37,4,24,3,0,0,0,119,1,2
C:\Users\user\Desktop\STUFF A LOT OF 'EM\er\Design_Pattern\argouml\org\argouml\uml\ui\behavior\collaborations\UMLMessageActivatorComboBox.java,org.argouml.uml.ui.behavior.collaborations.UMLMessageActivatorComboBox,class,3,4,1,3,3,6,0,8,1,0.0,0.0,0.0,2,0,1,0,1,0,2,0,0,0,0,0,0,0,0,0,0,0,0,13,0,0,1,0,0,0,0,3,0,3,1,0,0,0,49,1,0
C:\Users\user\Desktop\STUFF A LOT OF 'EM\er\Design_Pattern\argouml\org\argouml\uml\ui\behavior\state_machines\UMLTransitionTriggerList.java,org.argouml.uml.ui.behavior.state_machines.UMLTransitionTriggerList,class,3,4,1,3,2,8,0,0,1,0.0,0.0,0.0,2,0,2,0,0,0,2,0,0,0,0,0,0,0,0,0,0,0,0,8,1,0,0,0,0,0,0,0,0,0,0,0,0,0,22,1,0
C:\Users\user\Desktop\STUFF A LOT OF 'EM\er\Design_Pattern\argouml\org\argouml\uml\ui\behavior\state_machines\UMLStateExitList.java,org.argouml.uml.ui.behavior.state_machines.UMLStateExitList,class,3,4,1,3,2,8,0,0,1,0.0,0.0,0.0,2,0,2,0,0,0,2,0,0,0,0,0,0,0,0,0,0,0,0,8,1,0,0,0,0,0,0,0,0,0,0,0,0,0,22,1,0
C:\Users\user\Desktop\STUFF A LOT OF 'EM\er\Design_Pattern\argouml\org\argouml\cognitive\ui\GoListToPriorityToItem.java,org.argouml.cognitive.ui.GoListToPriorityToItem,class,6,9,3,6,24,2,0,11,21,0.0,0.0,0.0,7,0,7,0,0,0,7,0,0,0,0,0,0,0,0,0,0,0,6,67,11,3,5,0,0,2,9,17,1,17,4,0,0,0,48,1,0
C:\Users\user\Desktop\STUFF A LOT OF 'EM\er\Design_Pattern\argouml\org\argouml\pattern\cognitive\critics\CrConsiderSingleton.java,org.argouml.pattern.cognitive.critics.CrConsiderSingleton,class,2,2,0,2,14,2,0,20,1,0.0,0.0,0.0,2,0,2,0,0,0,2,0,0,0,0,0,0,0,0,0,0,0,0,46,9,3,1,0,2,4,0,3,0,3,3,0,0,0,121,1,0
C:\Users\user\Desktop\STUFF A LOT OF 'EM\er\Design_Pattern\argouml\org\argouml\uml\ui\TabConstraints.java,org.argouml.uml.ui.TabConstraints,class,9,10,1,9,14,2,0,19,43,0.8181818,0.0,0.0,11,0,8,3,0,0,8,0,0,0,3,1,0,3,0,0,1,0,0,303,4,0,0,0,6,2,3,6,0,3,1,0,1,0,116,1,0
C:\Users\user\Desktop\STUFF A LOT OF 'EM\er\Design_Pattern\argouml\org\argouml\uml\ui\behavior\state_machines\PropPanelCallEvent.java,org.argouml.uml.ui.behavior.state_machines.PropPanelCallEvent,class,9,9,0,9,2,5,0,6,1,0.0,0.0,0.0,2,0,2,0,0,0,2,0,0,0,0,0,0,0,0,0,0,0,4,12,0,0,0,0,0,5,0,1,0,1,0,0,0,0,29,1,0
C:\Users\user\Desktop\STUFF A LOT OF 'EM\er\Design_Pattern\argouml\org\argouml\uml\ui\foundation\core\PropPanelDataType.java,org.argouml.uml.ui.foundation.core.PropPanelDataType,class,16,17,1,16,5,8,0,18,3,0.6666667,0.0,0.0,3,0,3,0,0,0,3,0,0,0,4,2,0,4,0,0,0,0,7,109,2,0,2,0,0,16,0,6,0,6,1,0,2,0,54,1,0
C:\Users\user\Desktop\STUFF A LOT OF 'EM\er\Design_Pattern\argouml\org\argouml\application\security\ExitSecurityManager.java,org.argouml.application.security.ExitSecurityManager,class,3,5,2,3,12,2,0,11,8,0.73333335,0.0,0.0,5,1,4,1,0,0,4,0,1,0,3,2,0,3,0,0,2,0,1,36,2,0,0,0,1,7,0,6,2,5,3,0,0,0,114,17,2
C:\Users\user\Desktop\STUFF A LOT OF 'EM\er\Design_Pattern\argouml\org\argouml\uml\ui\UMLNameEventListener.java,org.argouml.uml.ui.UMLNameEventListener,class,3,3,0,3,24,1,0,9,9,0.42857143,0.0,0.0,7,0,7,0,0,0,7,0,0,0,2,0,0,2,0,0,0,0,3,64,0,3,8,0,4,3,6,21,0,17,3,0,0,0,91,1,0
C:\Users\user\Desktop\STUFF A LOT OF 'EM\er\Design_Pattern\argouml\org\argouml\ui\explorer\rules\GoNamespaceToDiagram.java,org.argouml.ui.explorer.rules.GoNamespaceToDiagram,class,8,9,1,8,9,2,0,11,3,0.0,0.0,0.0,3,0,3,0,0,0,3,0,0,0,0,0,0,0,0,0,0,0,2,26,4,1,1,0,0,1,0,4,0,4,3,0,0,0,40,1,0
C:\Users\user\Desktop\STUFF A LOT OF 'EM\er\Design_Pattern\argouml\org\argouml\uml\ui\foundation\core\UMLFeatureOwnerComboBoxModel.java,org.argouml.uml.ui.foundation.core.UMLFeatureOwnerComboBoxModel,class,2,3,1,2,4,3,0,15,6,0.0,0.0,0.0,4,0,1,0,3,0,4,0,0,0,0,0,0,0,0,0,0,0,0,16,2,0,0,0,0,2,0,1,0,1,0,0,0,0,25,1,0
C:\Users\user\Desktop\STUFF A LOT OF 'EM\er\Design_Pattern\argouml\org\argouml\uml\DocumentationManager.java,org.argouml.uml.DocumentationManager,class,2,3,1,2,47,1,0,30,22,0.625,0.0,0.0,8,8,7,1,0,0,7,0,0,0,1,1,0,1,0,0,1,0,6,137,17,5,15,0,1,29,10,24,5,19,5,0,0,0,143,1,0
C:\Users\user\Desktop\STUFF A LOT OF 'EM\er\Design_Pattern\argouml\org\argouml\uml\generator\ParserDisplay.java,org.argouml.uml.generator.PropertySpecialString,class,1,2,1,1,3,1,0,2,0,0.0,0.0,0.0,2,0,2,0,0,0,2,0,0,0,2,0,0,2,0,0,0,0,0,15,2,0,0,0,0,0,0,2,0,2,1,0,0,0,103,0,0
C:\Users\user\Desktop\STUFF A LOT OF 'EM\er\Design_Pattern\argouml\org\argouml\language\ui\NotationComboBox.java,org.argouml.language.ui.NotationComboBox,class,7,8,1,7,11,5,0,16,28,0.875,0.0,0.0,8,1,8,0,0,0,8,0,0,0,2,2,0,2,0,0,1,0,2,44,1,1,1,1,0,1,2,7,0,5,2,0,0,0,60,1,1
C:\Users\user\Desktop\STUFF A LOT OF 'EM\er\Design_Pattern\argouml\org\argouml\uml\diagram\state\ui\UMLStateDiagram.java,org.argouml.uml.diagram.state.ui.UMLStateDiagram,class,12,15,3,12,61,3,0,62,298,0.9575,0.0,0.0,25,0,9,0,16,0,25,0,0,0,16,1,0,16,0,0,1,0,0,214,23,0,24,2,4,23,1,36,4,30,3,0,0,0,157,1,1
C:\Users\user\Desktop\STUFF A LOT OF 'EM\er\Design_Pattern\argouml\org\argouml\uml\generator\FileGenerator.java,org.argouml.uml.generator.FileGenerator,interface,0,1,1,0,1,1,0,1,0,1.0,NaN,NaN,1,0,1,0,0,0,1,0,0,0,1,1,1,0,0,0,1,0,1,4,0,0,0,0,0,1,0,1,0,1,0,0,0,0,46,1,0
C:\Users\user\Desktop\STUFF A LOT OF 'EM\er\Design_Pattern\argouml\org\argouml\uml\diagram\use_case\ui\UseCaseDiagramRenderer.java,org.argouml.uml.diagram.use_case.ui.UseCaseDiagramRenderer,class,17,20,3,17,22,2,0,39,4,0.625,0.0,0.0,4,0,2,2,0,0,2,0,0,0,2,2,0,1,0,1,2,0,0,115,5,0,6,0,6,9,3,35,4,27,3,0,0,0,138,1,2
C:\Users\user\Desktop\STUFF A LOT OF 'EM\er\Design_Pattern\argouml\org\argouml\uml\cognitive\critics\CrInterfaceOperOnly.java,org.argouml.uml.cognitive.critics.CrInterfaceOperOnly,class,2,3,1,2,6,3,0,11,1,0.0,0.0,0.0,2,0,2,0,0,0,2,0,0,0,0,0,0,0,0,0,0,0,0,18,4,1,1,0,1,1,0,3,0,3,2,0,0,0,49,1,0
C:\Users\user\Desktop\STUFF A LOT OF 'EM\er\Design_Pattern\argouml\org\argouml\uml\ui\behavior\activity_graphs\UMLPartitionContentsListModel.java,org.argouml.uml.ui.behavior.activity_graphs.UMLPartitionContentsListModel,class,1,1,0,1,3,2,0,5,3,0.0,0.0,0.0,3,0,1,0,2,0,3,0,0,0,0,0,0,0,0,0,0,0,0,12,1,0,0,0,0,1,0,0,0,0,0,0,0,0,22,1,0
C:\Users\user\Desktop\STUFF A LOT OF 'EM\er\Design_Pattern\argouml\org\argouml\uml\diagram\sequence\SequenceDiagramGraphModel.java,org.argouml.uml.diagram.sequence.SequenceDiagramGraphModel$CanConnectCmd,innerclass,4,4,0,4,20,1,0,6,105,0.8333334,0.0,0.0,18,0,18,0,0,0,18,1,0,0,8,0,0,8,0,0,0,0,0,74,8,0,0,0,2,0,0,17,0,9,1,0,0,0,33,1026,0
C:\Users\user\Desktop\STUFF A LOT OF 'EM\er\Design_Pattern\argouml\org\argouml\uml\ui\behavior\state_machines\ActionNewCompositeState.java,org.argouml.uml.ui.behavior.state_machines.ActionNewCompositeState,class,2,4,2,2,3,2,0,6,3,0.6666667,0.0,0.0,3,1,2,0,1,0,3,0,0,0,1,1,0,1,0,0,0,0,0,14,1,0,0,0,0,1,0,1,0,1,0,0,0,0,21,1,0
C:\Users\user\Desktop\STUFF A LOT OF 'EM\er\Design_Pattern\argouml\org\argouml\language\java\generator\CodePieceCollector.java,org.argouml.language.java.generator.CodePieceCollector,class,4,6,2,4,13,1,0,21,0,0.0,0.0,0.0,3,0,3,0,0,0,3,0,0,0,1,0,0,1,0,0,0,0,4,56,0,5,3,0,2,2,4,20,0,15,2,0,0,0,90,1,0
C:\Users\user\Desktop\STUFF A LOT OF 'EM\er\Design_Pattern\argouml\org\argouml\uml\ui\PropPanel.java,org.argouml.uml.ui.PropPanel,class,16,87,71,16,74,2,2,69,732,0.95250005,0.0,0.0,40,1,28,5,7,0,35,0,4,0,10,0,0,10,0,0,0,0,8,277,17,8,15,0,12,7,26,57,6,46,3,0,0,0,315,1025,0
C:\Users\user\Desktop\STUFF A LOT OF 'EM\er\Design_Pattern\argouml\org\argouml\application\api\ArgoSingletonModule.java,org.argouml.application.api.ArgoSingletonModule,interface,1,2,1,1,5,1,0,0,10,0.0,0.0,0.0,5,0,0,0,0,5,5,0,0,0,0,0,0,0,0,0,0,0,0,7,0,0,0,0,0,0,0,0,0,0,0,0,0,0,80,1,0
C:\Users\user\Desktop\STUFF A LOT OF 'EM\er\Design_Pattern\argouml\org\argouml\uml\ui\behavior\collaborations\ActionSetClassifierRoleMultiplicity.java,org.argouml.uml.ui.behavior.collaborations.ActionSetClassifierRoleMultiplicity,class,2,3,1,2,6,3,0,5,3,0.6666667,0.0,0.0,3,1,3,0,0,0,3,0,0,0,1,1,0,1,0,0,1,0,0,19,1,0,1,0,0,0,0,1,0,1,2,0,0,0,25,1,0
C:\Users\user\Desktop\STUFF A LOT OF 'EM\er\Design_Pattern\argouml\org\argouml\uml\diagram\state\ui\FigInitialState.java,org.argouml.uml.diagram.state.ui.FigInitialState,class,8,11,3,8,18,4,0,26,49,0.87619054,0.0,0.0,15,0,15,0,0,0,15,0,0,0,7,6,0,6,0,1,6,0,0,80,8,0,6,0,4,0,8,19,0,15,2,0,0,0,101,1,0
C:\Users\user\Desktop\STUFF A LOT OF 'EM\er\Design_Pattern\argouml\org\argouml\ui\cmd\ActionNewToDoItem.java,org.argouml.ui.cmd.ActionNewToDoItem,class,3,4,1,3,2,2,0,1,1,0.0,0.0,0.0,2,0,2,0,0,0,2,0,0,0,0,0,0,0,0,0,0,0,0,9,0,0,0,0,0,1,0,1,0,1,0,0,0,0,24,1,0
C:\Users\user\Desktop\STUFF A LOT OF 'EM\er\Design_Pattern\argouml\org\argouml\uml\diagram\ui\ActionAddAttribute.java,org.argouml.uml.diagram.ui.ActionAddAttribute,class,3,6,3,3,8,2,0,18,6,0.75,0.0,0.0,4,1,4,0,0,0,4,0,0,0,1,1,0,1,0,0,0,0,0,33,3,0,0,0,2,2,0,11,0,9,1,0,0,0,45,1,0
C:\Users\user\Desktop\STUFF A LOT OF 'EM\er\Design_Pattern\argouml\org\argouml\uml\ui\foundation\core\ActionSetGeneralizableElementRoot.java,org.argouml.uml.ui.foundation.core.ActionSetGeneralizableElementRoot,class,3,5,2,3,6,3,0,10,3,0.6666667,0.0,0.0,3,1,2,0,1,0,3,0,0,0,1,1,0,1,0,0,1,0,0,19,1,0,0,0,0,1,0,3,0,3,2,0,0,0,30,1,0
C:\Users\user\Desktop\STUFF A LOT OF 'EM\er\Design_Pattern\argouml\org\argouml\ui\explorer\DnDExplorerTree.java,org.argouml.ui.explorer.DnDExplorerTree$ArgoDropTargetListener$Anonymous1,anonymous,0,0,0,0,1,1,0,1,0,0.0,NaN,NaN,1,0,1,0,0,0,1,0,0,0,0,0,0,0,0,0,0,0,1,5,0,0,0,0,0,1,0,0,0,0,0,0,0,0,1,-1,0
C:\Users\user\Desktop\STUFF A LOT OF 'EM\er\Design_Pattern\argouml\org\argouml\ui\explorer\rules\GoClassifierToCollaboration.java,org.argouml.ui.explorer.rules.GoClassifierToCollaboration,class,2,3,1,2,5,2,0,5,3,0.0,0.0,0.0,3,0,3,0,0,0,3,0,0,0,0,0,0,0,0,0,0,0,1,19,5,0,0,0,0,1,0,1,0,1,1,0,0,0,30,1,0
C:\Users\user\Desktop\STUFF A LOT OF 'EM\er\Design_Pattern\argouml\org\argouml\util\MyTokenizer.java,org.argouml.util.ExprSeparatorWithStrings,class,1,2,1,1,17,2,0,2,0,0.36,0.0,0.0,5,0,5,0,0,0,5,0,0,0,5,0,0,5,0,0,0,0,0,57,7,0,8,0,0,0,5,18,1,5,5,0,0,0,50,0,0
C:\Users\user\Desktop\STUFF A LOT OF 'EM\er\Design_Pattern\argouml\org\argouml\uml\reveng\java\JavaTokenTypes.java,org.argouml.uml.reveng.java.JavaTokenTypes,interface,0,2,2,0,0,1,0,0,0,NaN,-1.0,-1.0,0,0,0,0,0,0,0,0,0,0,146,0,0,0,0,146,0,0,0,148,0,0,0,0,0,0,146,146,0,146,0,0,0,0,76,1,0
C:\Users\user\Desktop\STUFF A LOT OF 'EM\er\Design_Pattern\argouml\org\argouml\uml\ui\behavior\common_behavior\ActionNewDestroyAction.java,org.argouml.uml.ui.behavior.common_behavior.ActionNewDestroyAction,class,2,4,2,2,3,3,0,4,3,0.6666667,0.0,0.0,3,1,1,0,2,0,3,0,0,0,1,1,0,1,0,0,1,0,0,13,2,0,0,0,0,1,0,1,0,1,0,0,0,0,22,1,0
C:\Users\user\Desktop\STUFF A LOT OF 'EM\er\Design_Pattern\argouml\org\argouml\uml\ui\behavior\use_cases\ActionNewActor.java,org.argouml.uml.ui.behavior.use_cases.ActionNewActor,class,1,2,1,1,3,2,0,13,1,0.0,0.0,0.0,2,0,2,0,0,0,2,0,0,0,0,0,0,0,0,0,0,0,0,14,0,0,0,0,0,2,0,2,0,2,1,0,0,0,20,0,0
C:\Users\user\Desktop\STUFF A LOT OF 'EM\er\Design_Pattern\argouml\org\argouml\uml\ui\behavior\common_behavior\PropPanelObject.java,org.argouml.uml.ui.behavior.common_behavior.PropPanelObject,class,12,13,1,12,1,5,0,13,0,0.0,NaN,NaN,1,0,1,0,0,0,1,0,0,0,0,0,0,0,0,0,0,0,4,18,0,0,0,0,0,10,0,2,0,2,0,0,0,0,37,1,0
C:\Users\user\Desktop\STUFF A LOT OF 'EM\er\Design_Pattern\argouml\org\argouml\uml\ui\behavior\state_machines\ActionNewSignalEvent.java,org.argouml.uml.ui.behavior.state_machines.ActionNewSignalEvent,class,2,4,2,2,3,3,0,7,3,0.6666667,0.0,0.0,3,1,1,0,2,0,3,0,0,0,1,1,0,1,0,0,0,0,0,14,2,0,0,0,0,1,0,2,0,2,0,0,0,0,16,1,0
C:\Users\user\Desktop\STUFF A LOT OF 'EM\er\Design_Pattern\argouml\org\argouml\uml\ui\AbstractActionNavigate.java,org.argouml.uml.ui.AbstractActionNavigate,class,2,11,9,2,10,2,8,9,15,0.0,0.0,0.0,6,0,5,0,1,0,6,1,0,0,0,0,0,0,0,0,0,0,0,28,2,0,3,0,3,2,0,4,0,4,2,0,0,0,46,1025,0
C:\Users\user\Desktop\STUFF A LOT OF 'EM\er\Design_Pattern\argouml\org\argouml\ui\cmd\ActionOpenGoals.java,org.argouml.ui.cmd.ActionOpenGoals,class,3,4,1,3,2,2,0,2,1,0.0,0.0,0.0,2,0,2,0,0,0,2,0,0,0,0,0,0,0,0,0,0,0,1,9,0,0,0,0,0,1,0,1,0,1,0,0,0,0,12,0,0
C:\Users\user\Desktop\STUFF A LOT OF 'EM\er\Design_Pattern\argouml\org\argouml\uml\generator\GeneratorDisplay.java,org.argouml.uml.generator.GeneratorDisplay,class,3,7,4,3,241,2,0,144,1035,0.9782609,0.0,0.0,46,1,38,5,1,2,41,0,0,0,2,2,1,1,0,0,1,0,3,811,79,21,89,0,36,165,67,221,43,148,4,0,1,0,329,1,0
C:\Users\user\Desktop\STUFF A LOT OF 'EM\er\Design_Pattern\argouml\org\argouml\uml\cognitive\critics\CrJoinIncomingTransition.java,org.argouml.uml.cognitive.critics.CrJoinIncomingTransition,class,2,3,1,2,6,3,0,12,1,0.0,0.0,0.0,2,0,2,0,0,0,2,0,0,0,0,0,0,0,0,0,0,0,0,17,5,0,0,0,2,1,0,3,0,3,1,0,0,0,36,1,0
C:\Users\user\Desktop\STUFF A LOT OF 'EM\er\Design_Pattern\argouml\org\argouml\uml\cognitive\critics\ClClassName.java,org.argouml.uml.cognitive.critics.ClClassName,class,7,9,2,7,18,1,0,8,15,0.78571427,0.0,0.0,7,1,7,0,0,0,7,0,0,0,4,3,0,4,0,0,2,0,0,66,4,1,2,0,1,0,9,24,15,14,3,0,0,0,60,1,0
C:\Users\user\Desktop\STUFF A LOT OF 'EM\er\Design_Pattern\argouml\org\argouml\uml\diagram\ui\PropPanelDiagram.java,org.argouml.uml.diagram.ui.PropPanelDiagram,class,7,14,7,7,5,2,7,15,3,0.6666667,0.0,0.0,3,0,2,0,1,0,3,0,0,0,1,0,0,1,0,0,0,0,0,29,0,0,0,1,0,4,0,5,0,5,2,0,0,0,51,1,0
C:\Users\user\Desktop\STUFF A LOT OF 'EM\er\Design_Pattern\argouml\org\argouml\uml\ui\foundation\core\UMLDependencyClientListModel.java,org.argouml.uml.ui.foundation.core.UMLDependencyClientListModel,class,1,2,1,1,4,4,0,6,3,0.0,0.0,0.0,3,0,1,0,2,0,3,0,0,0,0,0,0,0,0,0,0,0,0,13,1,0,1,0,0,1,0,0,0,0,1,0,0,0,22,1,0
C:\Users\user\Desktop\STUFF A LOT OF 'EM\er\Design_Pattern\argouml\org\argouml\uml\ui\foundation\core\UMLNamespaceOwnedElementListModel.java,org.argouml.uml.ui.foundation.core.UMLNamespaceOwnedElementListModel,class,1,2,1,1,4,4,0,5,3,0.0,0.0,0.0,3,0,1,0,2,0,3,0,0,0,0,0,0,0,0,0,0,0,0,13,1,0,1,0,0,1,0,0,0,0,1,0,0,0,22,1,0
C:\Users\user\Desktop\STUFF A LOT OF 'EM\er\Design_Pattern\argouml\org\argouml\uml\ui\TabConstraints.java,org.argouml.uml.ui.TabConstraints$ConstraintModel$CR,innerclass,10,10,0,10,26,1,0,36,0,0.33333334,0.0,0.0,6,0,6,0,0,0,6,0,0,0,2,0,0,2,0,0,0,0,0,145,6,3,9,3,2,14,2,23,0,15,5,1,0,0,117,2,5
C:\Users\user\Desktop\STUFF A LOT OF 'EM\er\Design_Pattern\argouml\org\argouml\uml\ui\foundation\core\UMLGeneralizableElementAbstractCheckBox.java,org.argouml.uml.ui.foundation.core.UMLGeneralizableElementAbstractCheckBox,class,2,8,6,2,3,8,0,6,1,0.0,0.0,0.0,2,0,2,0,0,0,2,0,0,0,0,0,0,0,0,0,0,0,1,10,0,0,1,0,0,2,0,0,0,0,1,0,0,0,18,1,0
C:\Users\user\Desktop\STUFF A LOT OF 'EM\er\Design_Pattern\argouml\org\argouml\ui\targetmanager\NavigateTargetBackAction.java,org.argouml.ui.targetmanager.NavigateTargetBackAction,class,3,5,2,3,5,2,0,4,6,0.75,0.0,0.0,4,1,3,1,0,0,3,0,0,0,1,1,0,1,0,0,0,0,2,18,2,0,1,0,0,1,0,1,0,1,1,0,0,0,34,1,0
C:\Users\user\Desktop\STUFF A LOT OF 'EM\er\Design_Pattern\argouml\org\argouml\model\uml\NSUMLModelImplementation.java,org.argouml.model.uml.NSUMLModelImplementation,class,64,88,24,64,37,1,1,0,558,0.9636749,0.0,0.0,36,0,35,0,0,1,36,0,0,1,26,0,0,26,0,0,0,0,0,139,36,0,1,0,0,0,0,26,0,26,1,0,0,0,62,1,0
C:\Users\user\Desktop\STUFF A LOT OF 'EM\er\Design_Pattern\argouml\org\argouml\uml\diagram\ui\FigMessage.java,org.argouml.uml.diagram.ui.FigMessage,class,10,18,8,10,45,3,0,59,175,0.8757764,0.0,0.0,23,1,20,0,3,0,23,0,0,0,7,5,0,7,0,0,4,0,5,207,14,0,12,1,1,8,85,53,11,50,2,0,0,0,148,1,0
C:\Users\user\Desktop\STUFF A LOT OF 'EM\er\Design_Pattern\argouml\org\argouml\ui\SettingsTabLayout.java,org.argouml.ui.SettingsTabLayout,class,14,15,1,14,14,6,0,24,85,0.7857142,0.0,0.0,14,0,10,4,0,0,10,0,0,0,7,0,0,7,0,0,0,0,8,91,8,0,0,0,0,21,9,20,1,20,0,0,0,0,87,1,0
C:\Users\user\Desktop\STUFF A LOT OF 'EM\er\Design_Pattern\argouml\org\argouml\uml\cognitive\critics\CrCircularComposition.java,org.argouml.uml.cognitive.critics.CrCircularComposition,class,9,11,2,9,12,3,0,22,15,0.8333333,0.0,0.0,6,0,5,0,1,0,6,0,0,0,1,1,0,1,0,0,1,0,3,43,9,1,0,0,3,3,0,12,1,12,2,0,0,0,73,1,1
C:\Users\user\Desktop\STUFF A LOT OF 'EM\er\Design_Pattern\argouml\org\argouml\uml\reveng\java\Context.java,org.argouml.uml.reveng.java.Context,class,1,7,6,1,8,1,3,5,9,0.5,0.0,0.0,6,0,3,0,3,0,6,2,0,0,1,0,0,1,0,0,0,0,0,26,4,0,1,0,0,2,0,3,1,2,1,0,0,0,64,1024,0
C:\Users\user\Desktop\STUFF A LOT OF 'EM\er\Design_Pattern\argouml\org\argouml\persistence\ResolvedCriticXMLHelper.java,org.argouml.persistence.ResolvedCriticXMLHelper,class,3,3,0,3,7,1,0,7,0,0.0,0.0,0.0,3,0,3,0,0,0,3,0,0,0,1,0,0,1,0,0,1,0,1,31,3,1,2,1,0,0,0,5,0,5,2,0,0,0,66,1,0
C:\Users\user\Desktop\STUFF A LOT OF 'EM\er\Design_Pattern\argouml\org\argouml\cognitive\critics\StandardCM.java,org.argouml.cognitive.critics.EnabledCM,class,3,4,1,3,1,1,0,1,0,0.0,NaN,NaN,1,0,1,0,0,0,1,0,0,0,0,0,0,0,0,0,0,0,0,5,1,0,0,0,0,0,0,0,0,0,0,0,0,0,10,0,0
C:\Users\user\Desktop\STUFF A LOT OF 'EM\er\Design_Pattern\argouml\org\argouml\ui\explorer\PerspectiveConfigurator.java,org.argouml.ui.explorer.PerspectiveConfigurator$PerspectiveListSelectionListener,innerclass,2,2,0,2,12,1,0,15,0,0.0,NaN,NaN,1,0,1,0,0,0,1,0,0,0,0,0,0,0,0,0,0,0,0,23,2,1,7,0,3,0,4,4,1,4,1,0,0,0,30,0,0
C:\Users\user\Desktop\STUFF A LOT OF 'EM\er\Design_Pattern\argouml\org\argouml\model\uml\UmlModelEventPump.java,org.argouml.model.uml.ClassListenerHashMap,class,4,7,3,4,17,1,0,12,0,0.5,0.0,0.0,7,0,6,1,0,0,6,0,0,3,2,1,0,2,0,0,1,0,2,67,5,1,9,0,0,2,5,18,1,11,2,0,0,0,83,0,0
C:\Users\user\Desktop\STUFF A LOT OF 'EM\er\Design_Pattern\argouml\org\argouml\uml\diagram\ui\PropPanelUMLClassDiagram.java,org.argouml.uml.diagram.ui.PropPanelUMLClassDiagram,class,1,1,0,1,1,3,0,1,0,0.0,NaN,NaN,1,0,1,0,0,0,1,0,0,0,0,0,0,0,0,0,0,0,0,5,0,0,0,0,0,1,0,0,0,0,0,0,0,0,9,1,0
C:\Users\user\Desktop\STUFF A LOT OF 'EM\er\Design_Pattern\argouml\org\argouml\language\java\generator\JavaLexer.java,org.argouml.language.java.generator.JavaLexer,class,18,20,2,18,760,2,0,87,2556,0.9861111,0.0,0.0,72,9,58,9,5,0,63,0,67,0,9,9,9,0,0,0,9,0,9,2129,10,28,216,2,216,78,374,434,58,274,8,0,0,0,132,1,0
C:\Users\user\Desktop\STUFF A LOT OF 'EM\er\Design_Pattern\argouml\org\argouml\moduleloader\SettingsTabModules.java,org.argouml.moduleloader.SettingsTabModules$Anonymous1,anonymous,2,2,0,2,2,1,0,6,0,0.0,NaN,NaN,1,0,1,0,0,0,1,0,0,0,0,0,0,0,0,0,0,0,2,13,1,0,0,1,0,3,0,1,1,1,1,0,0,0,21,-1,0
C:\Users\user\Desktop\STUFF A LOT OF 'EM\er\Design_Pattern\argouml\org\argouml\uml\diagram\layout\LayoutedObject.java,org.argouml.uml.diagram.layout.LayoutedObject,interface,0,6,6,0,0,1,0,0,0,0.0,-1.0,-1.0,0,0,0,0,0,0,0,0,0,0,0,0,0,0,0,0,0,0,0,2,0,0,0,0,0,0,0,0,0,0,0,0,0,0,11,1,0
C:\Users\user\Desktop\STUFF A LOT OF 'EM\er\Design_Pattern\argouml\org\argouml\uml\ui\behavior\collaborations\ActionAddClassifierRoleBase.java,org.argouml.uml.ui.behavior.collaborations.ActionAddClassifierRoleBase,class,2,3,1,2,5,3,0,8,10,1.0,0.0,0.0,5,0,0,0,5,0,5,0,0,0,1,1,1,0,0,0,1,0,0,23,3,0,0,0,0,1,0,4,0,4,0,0,0,0,38,1,0
C:\Users\user\Desktop\STUFF A LOT OF 'EM\er\Design_Pattern\argouml\org\argouml\uml\ui\behavior\use_cases\UMLExtensionPointUseCaseListModel.java,org.argouml.uml.ui.behavior.use_cases.UMLExtensionPointUseCaseListModel,class,1,2,1,1,4,4,0,5,3,0.0,0.0,0.0,3,0,1,0,2,0,3,0,0,0,0,0,0,0,0,0,0,0,0,11,1,0,1,0,0,1,0,0,0,0,0,0,0,0,21,1,0
C:\Users\user\Desktop\STUFF A LOT OF 'EM\er\Design_Pattern\argouml\org\argouml\ui\explorer\rules\GoCollaborationToDiagram.java,org.argouml.ui.explorer.rules.GoCollaborationToDiagram,class,5,6,1,5,9,2,0,11,3,0.0,0.0,0.0,3,0,3,0,0,0,3,0,0,0,0,0,0,0,0,0,0,0,2,22,6,1,3,0,1,1,0,5,0,5,2,0,0,0,26,1,0
C:\Users\user\Desktop\STUFF A LOT OF 'EM\er\Design_Pattern\argouml\org\argouml\uml\diagram\sequence\ui\FigObject.java,org.argouml.uml.diagram.sequence.ui.FigObject,class,19,28,9,19,151,3,0,117,687,0.9144928,0.0,0.0,46,0,31,10,5,0,36,0,0,0,15,5,5,10,0,0,5,0,1,524,30,20,24,0,39,27,81,139,102,97,5,0,0,0,313,1,0
C:\Users\user\Desktop\STUFF A LOT OF 'EM\er\Design_Pattern\argouml\org\argouml\uml\ui\foundation\core\UMLAssociationEndTypeComboBoxModel.java,org.argouml.uml.ui.foundation.core.UMLAssociationEndTypeComboBoxModel,class,2,3,1,2,3,4,0,3,1,0.0,0.0,0.0,2,0,1,0,1,0,2,0,0,0,0,0,0,0,0,0,0,0,0,11,2,0,1,0,0,0,0,0,0,0,1,0,0,0,19,1,0
C:\Users\user\Desktop\STUFF A LOT OF 'EM\er\Design_Pattern\argouml\org\argouml\ui\explorer\PerspectiveConfigurator.java,org.argouml.ui.explorer.PerspectiveConfigurator$RuleListener,innerclass,1,1,0,1,4,1,0,4,0,0.0,NaN,NaN,1,0,1,0,0,0,1,0,0,0,0,0,0,0,0,0,0,0,0,14,1,0,3,0,0,0,0,1,0,1,1,0,0,0,20,0,0
C:\Users\user\Desktop\STUFF A LOT OF 'EM\er\Design_Pattern\argouml\org\argouml\uml\diagram\ui\StylePanelFigMessage.java,org.argouml.uml.diagram.ui.StylePanelFigMessage,class,3,4,1,3,8,2,0,23,0,0.5,0.0,0.0,5,0,5,0,0,0,5,0,0,0,2,0,0,2,0,0,0,0,3,41,1,0,3,0,2,1,5,12,0,8,1,0,0,0,51,1,0
C:\Users\user\Desktop\STUFF A LOT OF 'EM\er\Design_Pattern\argouml\org\argouml\uml\ui\foundation\core\UMLStructuralFeatureTargetScopeCheckBox.java,org.argouml.uml.ui.foundation.core.UMLStructuralFeatureTargetScopeCheckBox,class,2,3,1,2,3,8,0,12,1,0.0,0.0,0.0,2,0,2,0,0,0,2,0,0,0,0,0,0,0,0,0,0,0,1,11,0,0,1,0,0,2,0,0,0,0,1,0,0,0,18,1,0
C:\Users\user\Desktop\STUFF A LOT OF 'EM\er\Design_Pattern\argouml\org\argouml\kernel\AbstractProjectMember.java,org.argouml.kernel.AbstractProjectMember,class,3,5,2,3,18,1,0,10,3,0.42857143,0.0,0.0,7,0,5,0,2,0,7,1,0,0,2,0,0,2,0,0,0,0,0,59,5,1,4,0,0,2,4,14,3,5,3,0,0,0,73,1025,0
C:\Users\user\Desktop\STUFF A LOT OF 'EM\er\Design_Pattern\argouml\org\argouml\persistence\UmlFilePersister.java,org.argouml.persistence.UmlFilePersister,class,22,25,3,22,63,3,1,76,83,0.84444445,0.0,0.0,15,0,7,4,3,1,11,0,1,0,6,3,0,5,1,0,3,0,6,318,11,7,7,11,5,52,16,82,29,61,4,0,0,0,236,1,13
C:\Users\user\Desktop\STUFF A LOT OF 'EM\er\Design_Pattern\argouml\org\argouml\persistence\ZargoFilePersister.java,org.argouml.persistence.ZargoFilePersister$SubInputStream,innerclass,0,0,0,0,3,3,0,2,0,0.0,0.0,0.0,3,0,3,0,0,0,3,0,0,0,1,0,0,1,0,0,0,0,0,13,1,0,0,0,0,0,0,1,0,1,0,0,0,0,40,2,0
C:\Users\user\Desktop\STUFF A LOT OF 'EM\er\Design_Pattern\argouml\org\argouml\uml\ui\UMLLinkedList.java,org.argouml.uml.ui.UMLLinkedList,class,4,42,38,4,2,6,1,5,1,0.0,0.0,0.0,2,0,2,0,0,0,2,0,0,0,0,0,0,0,0,0,0,0,0,13,0,0,0,0,0,0,0,1,0,1,0,0,0,0,58,1,0
C:\Users\user\Desktop\STUFF A LOT OF 'EM\er\Design_Pattern\argouml\org\argouml\uml\diagram\ui\ActionProperties.java,org.argouml.uml.diagram.ui.ActionProperties,class,3,6,3,3,7,2,0,6,6,0.75,0.0,0.0,4,1,3,0,1,0,4,0,0,0,1,1,0,1,0,0,0,0,0,21,3,0,3,0,0,3,2,3,0,3,1,0,0,0,31,1,0
C:\Users\user\Desktop\STUFF A LOT OF 'EM\er\Design_Pattern\argouml\org\argouml\uml\diagram\ui\PropPanelUMLActivityDiagram.java,org.argouml.uml.diagram.ui.PropPanelUMLActivityDiagram,class,1,1,0,1,1,3,0,1,0,0.0,NaN,NaN,1,0,1,0,0,0,1,0,0,0,0,0,0,0,0,0,0,0,0,5,0,0,0,0,0,1,0,0,0,0,0,0,0,0,9,1,0
C:\Users\user\Desktop\STUFF A LOT OF 'EM\er\Design_Pattern\argouml\org\argouml\uml\ui\foundation\core\ActionSetStructuralFeatureTargetScope.java,org.argouml.uml.ui.foundation.core.ActionSetStructuralFeatureTargetScope,class,3,5,2,3,6,3,0,12,3,0.6666667,0.0,0.0,3,1,2,0,1,0,3,0,0,0,1,1,0,1,0,0,1,0,0,20,1,0,0,0,0,1,0,4,0,4,2,0,0,0,32,1,0
C:\Users\user\Desktop\STUFF A LOT OF 'EM\er\Design_Pattern\argouml\org\argouml\ui\explorer\rules\GoNodeToResidentComponent.java,org.argouml.ui.explorer.rules.GoNodeToResidentComponent,class,2,3,1,2,4,2,0,4,3,0.0,0.0,0.0,3,0,3,0,0,0,3,0,0,0,0,0,0,0,0,0,0,0,1,14,4,0,0,0,0,1,0,0,0,0,1,0,0,0,17,1,0
C:\Users\user\Desktop\STUFF A LOT OF 'EM\er\Design_Pattern\argouml\org\argouml\uml\cognitive\critics\CrNodeInsideElement.java,org.argouml.uml.cognitive.critics.CrNodeInsideElement,class,9,11,2,9,12,3,0,15,10,0.0,0.0,0.0,5,0,5,0,0,0,5,0,0,0,0,0,0,0,0,0,0,0,0,45,7,1,3,0,2,0,0,15,0,14,3,0,0,0,90,1,0
C:\Users\user\Desktop\STUFF A LOT OF 'EM\er\Design_Pattern\argouml\org\argouml\ocl\ArgoFacade.java,org.argouml.ocl.ArgoAny,class,7,9,2,7,69,1,0,40,18,0.5833333,0.0,0.0,12,0,9,0,2,1,12,0,0,0,2,1,0,2,0,0,1,0,0,199,21,4,28,0,4,32,9,52,9,35,4,0,0,0,123,0,3
C:\Users\user\Desktop\STUFF A LOT OF 'EM\er\Design_Pattern\argouml\org\argouml\uml\ui\behavior\state_machines\PropPanelCallEvent.java,org.argouml.uml.ui.behavior.state_machines.UMLCallEventOperationComboBox2,class,2,3,1,2,3,8,0,8,1,0.0,0.0,0.0,2,0,2,0,0,0,2,0,0,0,0,0,0,0,0,0,0,0,0,12,0,0,0,0,0,0,0,1,0,1,1,0,0,0,24,0,0
C:\Users\user\Desktop\STUFF A LOT OF 'EM\er\Design_Pattern\argouml\org\argouml\uml\ui\foundation\core\UMLClassifierAssociationEndListModel.java,org.argouml.uml.ui.foundation.core.UMLClassifierAssociationEndListModel,class,1,3,2,1,4,4,0,5,3,0.0,0.0,0.0,3,0,1,0,2,0,3,0,0,0,0,0,0,0,0,0,0,0,0,13,1,0,1,0,0,1,0,0,0,0,1,0,0,0,23,1,0
C:\Users\user\Desktop\STUFF A LOT OF 'EM\er\Design_Pattern\argouml\org\argouml\uml\ui\foundation\core\UMLClassOperationListModel.java,org.argouml.uml.ui.foundation.core.UMLClassOperationListModel,class,3,7,4,3,5,5,0,11,6,0.0,0.0,0.0,4,0,2,0,2,0,4,0,0,0,0,0,0,0,0,0,0,0,0,27,1,0,1,0,1,1,0,5,0,5,1,0,0,0,33,1,0
C:\Users\user\Desktop\STUFF A LOT OF 'EM\er\Design_Pattern\argouml\org\argouml\cognitive\Translator.java,org.argouml.cognitive.Translator,class,1,17,16,1,5,1,0,2,0,0.0,0.0,0.0,3,3,3,0,0,0,3,0,0,0,1,1,0,1,0,0,0,0,0,12,2,0,2,0,2,0,0,1,0,1,0,0,0,0,25,1,0
C:\Users\user\Desktop\STUFF A LOT OF 'EM\er\Design_Pattern\argouml\org\argouml\uml\ui\behavior\state_machines\ActionNewGuard.java,org.argouml.uml.ui.behavior.state_machines.ActionNewGuard,class,2,4,2,2,3,2,0,4,3,0.6666667,0.0,0.0,3,1,2,0,1,0,3,0,0,0,1,1,0,1,0,0,0,0,0,13,1,0,0,0,0,0,0,1,0,1,0,0,0,0,18,1,0
C:\Users\user\Desktop\STUFF A LOT OF 'EM\er\Design_Pattern\argouml\org\argouml\uml\ui\foundation\core\ActionNewInnerClass.java,org.argouml.uml.ui.foundation.core.ActionNewInnerClass,class,1,3,2,1,3,2,0,10,1,0.0,0.0,0.0,2,0,2,0,0,0,2,0,0,0,0,0,0,0,0,0,0,0,0,15,0,0,0,0,0,2,0,3,0,3,1,0,0,0,22,1,0
C:\Users\user\Desktop\STUFF A LOT OF 'EM\er\Design_Pattern\argouml\org\argouml\uml\cognitive\critics\CrNoAssociations.java,org.argouml.uml.cognitive.critics.CrNoAssociations,class,3,5,2,3,27,3,0,26,3,0.0,0.0,0.0,3,0,2,1,0,0,2,0,0,0,0,0,0,0,0,0,0,0,0,47,14,3,4,0,4,2,5,6,3,6,4,0,0,0,96,1,0
C:\Users\user\Desktop\STUFF A LOT OF 'EM\er\Design_Pattern\argouml\org\argouml\ui\explorer\PerspectiveConfigurator.java,org.argouml.ui.explorer.PerspectiveConfigurator$RenameListener,innerclass,1,1,0,1,3,1,0,7,0,0.0,NaN,NaN,1,0,1,0,0,0,1,0,0,0,0,0,0,0,0,0,0,0,0,12,0,0,0,0,1,0,2,3,0,3,1,0,0,0,26,0,0
C:\Users\user\Desktop\STUFF A LOT OF 'EM\er\Design_Pattern\argouml\org\argouml\ui\explorer\rules\GoStateMachineToState.java,org.argouml.ui.explorer.rules.GoStateMachineToState,class,2,3,1,2,7,2,0,6,3,0.0,0.0,0.0,3,0,3,0,0,0,3,0,0,0,0,0,0,0,0,0,0,0,1,22,5,0,2,0,0,1,0,1,0,1,2,0,0,0,31,1,0
C:\Users\user\Desktop\STUFF A LOT OF 'EM\er\Design_Pattern\argouml\org\argouml\uml\ui\ActionCollaborationDiagram.java,org.argouml.uml.ui.ActionCollaborationDiagram,class,5,6,1,5,10,3,0,14,4,0.75,0.0,0.0,4,0,3,1,0,0,3,0,0,0,2,2,1,1,0,0,2,0,0,38,5,0,0,0,0,7,0,8,2,6,2,0,0,0,43,1,4
C:\Users\user\Desktop\STUFF A LOT OF 'EM\er\Design_Pattern\argouml\org\argouml\uml\ui\foundation\core\ActionSetFlowSource.java,org.argouml.uml.ui.foundation.core.ActionSetFlowSource,class,3,4,1,3,8,3,0,13,3,0.6666667,0.0,0.0,3,1,2,0,1,0,3,0,0,0,1,1,0,1,0,0,1,0,0,30,1,0,2,0,0,1,1,7,0,6,4,0,0,0,35,1,0
C:\Users\user\Desktop\STUFF A LOT OF 'EM\er\Design_Pattern\argouml\org\argouml\ui\SettingsTabPreferences.java,org.argouml.ui.SettingsTabPreferences,class,5,6,1,5,10,6,0,9,39,0.7,0.0,0.0,10,0,10,0,0,0,10,0,0,0,5,0,0,5,0,0,0,0,11,91,6,0,0,0,0,12,32,41,0,9,0,0,0,0,49,1,0
C:\Users\user\Desktop\STUFF A LOT OF 'EM\er\Design_Pattern\argouml\org\argouml\uml\diagram\sequence\SequenceDiagramGraphModel.java,org.argouml.uml.diagram.sequence.SequenceDiagramGraphModel$CanConnectCallActionCmd,innerclass,8,8,0,8,13,2,0,13,1,0.0,0.0,0.0,2,0,2,0,0,0,2,0,0,0,0,0,0,0,0,0,0,0,0,27,5,1,0,0,6,0,0,3,0,3,3,0,0,0,23,2,0
C:\Users\user\Desktop\STUFF A LOT OF 'EM\er\Design_Pattern\argouml\org\argouml\ui\explorer\PerspectiveConfigurator.java,org.argouml.ui.explorer.PerspectiveConfigurator$RenameDocumentListener,innerclass,2,2,0,2,6,1,0,7,6,0.0,0.0,0.0,4,0,3,1,0,0,3,0,0,0,0,0,0,0,0,0,0,0,0,20,0,0,0,0,1,0,2,3,0,3,1,0,0,0,25,0,0
C:\Users\user\Desktop\STUFF A LOT OF 'EM\er\Design_Pattern\argouml\org\argouml\ui\explorer\ExplorerTreeModel.java,org.argouml.ui.explorer.ExplorerTreeModel$ExplorerUpdater,innerclass,3,3,0,3,8,1,0,9,0,0.44444445,0.0,0.0,3,0,2,1,0,0,2,0,0,2,3,1,1,2,0,0,1,0,1,35,2,1,0,0,0,0,2,9,0,6,3,0,0,0,96,0,0
C:\Users\user\Desktop\STUFF A LOT OF 'EM\er\Design_Pattern\argouml\org\argouml\cognitive\critics\StandardCM.java,org.argouml.cognitive.critics.NotSnoozedCM,class,4,5,1,4,1,1,0,2,0,0.0,NaN,NaN,1,0,1,0,0,0,1,0,0,0,0,0,0,0,0,0,0,0,0,5,1,0,0,0,0,0,0,0,0,0,0,0,0,0,11,0,0
C:\Users\user\Desktop\STUFF A LOT OF 'EM\er\Design_Pattern\argouml\org\argouml\uml\ui\foundation\core\UMLClassifierClassifierRoleListModel.java,org.argouml.uml.ui.foundation.core.UMLClassifierClassifierRoleListModel,class,1,2,1,1,4,4,0,5,3,0.0,0.0,0.0,3,0,1,0,2,0,3,0,0,0,0,0,0,0,0,0,0,0,0,13,1,0,1,0,0,1,0,0,0,0,1,0,0,0,22,1,0
C:\Users\user\Desktop\STUFF A LOT OF 'EM\er\Design_Pattern\argouml\org\argouml\cognitive\ui\KnowledgeTypeNode.java,org.argouml.cognitive.ui.KnowledgeTypeNode,class,1,6,5,1,5,1,0,2,4,0.625,0.0,0.0,4,1,4,0,0,0,4,0,0,0,2,1,0,2,0,0,0,0,0,30,3,0,1,0,0,0,0,3,0,2,1,0,0,0,25,1,0
C:\Users\user\Desktop\STUFF A LOT OF 'EM\er\Design_Pattern\argouml\org\argouml\application\modules\ModuleLoader.java,org.argouml.application.modules.ModuleLoader$JarFileFilter,innerclass,0,0,0,0,1,1,0,5,0,0.0,NaN,NaN,1,0,1,0,0,0,1,0,0,0,0,0,0,0,0,0,0,0,0,5,1,0,0,0,1,1,0,0,0,0,0,0,0,0,5,0,0
C:\Users\user\Desktop\STUFF A LOT OF 'EM\er\Design_Pattern\argouml\org\argouml\uml\ui\foundation\core\UMLGeneralizationChildListModel.java,org.argouml.uml.ui.foundation.core.UMLGeneralizationChildListModel,class,1,2,1,1,5,4,0,5,3,0.0,0.0,0.0,3,0,1,0,2,0,3,0,0,0,0,0,0,0,0,0,0,0,0,15,2,0,2,0,1,1,0,0,0,0,1,0,0,0,21,1,0
C:\Users\user\Desktop\STUFF A LOT OF 'EM\er\Design_Pattern\argouml\org\argouml\uml\ui\ActionGenerationSettings.java,org.argouml.uml.ui.ActionGenerationSettings,class,6,7,1,6,4,2,0,5,6,0.75,0.0,0.0,4,1,3,0,1,0,4,0,0,0,1,1,0,1,0,0,1,0,0,17,2,0,0,0,1,1,0,3,0,3,0,0,0,0,41,1,0
C:\Users\user\Desktop\STUFF A LOT OF 'EM\er\Design_Pattern\argouml\org\argouml\uml\ui\foundation\core\PropPanelDependency.java,org.argouml.uml.ui.foundation.core.PropPanelDependency,class,12,15,3,12,4,5,3,9,0,0.25,0.0,0.0,4,0,1,0,3,0,4,0,0,0,2,0,0,2,0,0,0,0,3,30,2,0,0,0,0,8,0,4,0,4,0,0,0,0,64,1,0
C:\Users\user\Desktop\STUFF A LOT OF 'EM\er\Design_Pattern\argouml\org\argouml\uml\diagram\state\ui\FigForkState.java,org.argouml.uml.diagram.state.ui.FigForkState,class,5,8,3,5,15,4,0,20,19,0.8571428,0.0,0.0,14,0,14,0,0,0,14,0,0,0,7,6,0,6,0,1,6,0,0,65,5,0,0,0,0,1,8,14,0,11,1,0,0,0,94,1,0
C:\Users\user\Desktop\STUFF A LOT OF 'EM\er\Design_Pattern\argouml\org\argouml\uml\ui\behavior\state_machines\UMLStateDeferrableEventListModel.java,org.argouml.uml.ui.behavior.state_machines.UMLStateDeferrableEventListModel,class,1,2,1,1,3,4,0,5,3,0.0,0.0,0.0,3,0,1,0,2,0,3,0,0,0,0,0,0,0,0,0,0,0,0,11,1,0,0,0,0,1,0,0,0,0,0,0,0,0,22,1,0
C:\Users\user\Desktop\STUFF A LOT OF 'EM\er\Design_Pattern\argouml\org\argouml\uml\ui\foundation\core\UMLFeatureOwnerScopeCheckBox.java,org.argouml.uml.ui.foundation.core.UMLFeatureOwnerScopeCheckBox,class,2,4,2,2,4,8,0,9,1,0.0,0.0,0.0,2,0,2,0,0,0,2,0,0,0,0,0,0,0,0,0,0,0,1,14,0,0,1,0,0,2,0,1,0,1,1,0,0,0,22,1,0
C:\Users\user\Desktop\STUFF A LOT OF 'EM\er\Design_Pattern\argouml\org\argouml\ui\explorer\rules\GoAssocRoleToMessages.java,org.argouml.ui.explorer.rules.GoAssocRoleToMessages,class,2,3,1,2,5,2,0,5,3,0.0,0.0,0.0,3,0,3,0,0,0,3,0,0,0,0,0,0,0,0,0,0,0,1,19,5,0,0,0,0,1,0,1,0,1,1,0,0,0,21,1,0
C:\Users\user\Desktop\STUFF A LOT OF 'EM\er\Design_Pattern\argouml\org\argouml\uml\diagram\ui\FigEdgeAssociationClass.java,org.argouml.uml.diagram.ui.FigEdgeAssociationClass,class,6,8,2,6,14,3,0,14,25,0.5,0.0,0.0,10,0,8,0,2,0,10,0,0,0,1,0,0,1,0,0,0,0,0,48,2,0,4,0,1,2,0,2,1,1,1,0,0,0,82,1,0
C:\Users\user\Desktop\STUFF A LOT OF 'EM\er\Design_Pattern\argouml\org\argouml\ui\cmd\LastRecentlyUsedMenuList.java,org.argouml.ui.cmd.LastRecentlyUsedMenuList,class,4,6,2,4,14,1,0,19,0,0.3333333,0.0,0.0,3,0,2,1,0,0,2,0,0,0,7,0,0,7,0,0,1,0,6,67,1,6,0,0,1,5,16,35,3,21,2,0,0,0,136,1,0
C:\Users\user\Desktop\STUFF A LOT OF 'EM\er\Design_Pattern\argouml\org\argouml\uml\ui\foundation\core\UMLAssociationEndOrderingCheckBox.java,org.argouml.uml.ui.foundation.core.UMLAssociationEndOrderingCheckBox,class,2,3,1,2,3,8,0,9,1,0.0,0.0,0.0,2,0,2,0,0,0,2,0,0,0,0,0,0,0,0,0,0,0,1,11,0,0,1,0,0,2,0,1,0,1,1,0,0,0,20,1,0
C:\Users\user\Desktop\STUFF A LOT OF 'EM\er\Design_Pattern\argouml\org\argouml\ui\explorer\rules\GoNamespaceToOwnedElements.java,org.argouml.ui.explorer.rules.GoNamespaceToOwnedElements,class,2,3,1,2,9,2,0,12,3,0.0,0.0,0.0,3,0,3,0,0,0,3,0,0,0,0,0,0,0,0,0,0,0,1,30,5,1,1,0,0,1,0,5,0,5,2,0,0,0,26,1,0
C:\Users\user\Desktop\STUFF A LOT OF 'EM\er\Design_Pattern\argouml\org\argouml\uml\diagram\sequence\SequenceDiagramGraphModel.java,org.argouml.uml.diagram.sequence.SequenceDiagramGraphModel$CanConnectDestroyActionCmd,innerclass,5,5,0,5,7,2,0,6,1,0.0,0.0,0.0,2,0,2,0,0,0,2,0,0,0,0,0,0,0,0,0,0,0,0,17,4,0,0,0,3,0,0,0,0,0,1,0,0,0,18,2,0
C:\Users\user\Desktop\STUFF A LOT OF 'EM\er\Design_Pattern\argouml\org\argouml\uml\reveng\java\Modeller.java,org.argouml.uml.reveng.java.Modeller,class,7,10,3,7,200,1,0,189,344,0.8603604,0.0,0.0,37,0,14,23,0,0,14,0,0,0,12,1,0,12,0,0,1,0,0,778,30,17,65,8,29,111,67,193,49,128,6,0,0,0,403,1,21
C:\Users\user\Desktop\STUFF A LOT OF 'EM\er\Design_Pattern\argouml\org\argouml\ui\explorer\rules\GoProjectToStateMachine.java,org.argouml.ui.explorer.rules.GoProjectToStateMachine,class,3,4,1,3,5,2,0,10,3,0.0,0.0,0.0,3,0,3,0,0,0,3,0,0,0,0,0,0,0,0,0,0,0,1,18,3,1,0,0,1,1,0,2,0,2,2,0,0,0,22,1,0
C:\Users\user\Desktop\STUFF A LOT OF 'EM\er\Design_Pattern\argouml\org\argouml\ui\UsageStatistic.java,org.argouml.ui.UsageStatistic,class,0,0,0,0,1,1,0,0,0,0.0,NaN,NaN,1,0,1,0,0,0,1,0,0,0,2,0,0,2,0,0,0,0,0,8,0,0,0,0,0,0,0,2,0,2,0,0,0,0,22,1,0
C:\Users\user\Desktop\STUFF A LOT OF 'EM\er\Design_Pattern\argouml\org\argouml\uml\ui\behavior\activity_graphs\PropPanelSubactivityState.java,org.argouml.uml.ui.behavior.activity_graphs.PropPanelSubactivityState,class,1,1,0,1,1,2,0,2,0,0.0,NaN,NaN,1,0,1,0,0,0,1,0,0,0,0,0,0,0,0,0,0,0,0,5,0,0,0,0,0,2,0,0,0,0,0,0,0,0,11,1,0
C:\Users\user\Desktop\STUFF A LOT OF 'EM\er\Design_Pattern\argouml\org\argouml\application\notation\NotationNameImpl.java,org.argouml.application.notation.NotationNameImpl,class,7,9,2,7,31,1,0,17,199,0.8545455,0.0,0.0,22,7,17,1,4,0,21,0,0,0,5,2,0,5,0,0,1,0,9,106,17,1,3,1,0,8,0,12,3,9,3,0,0,0,105,1,2
C:\Users\user\Desktop\STUFF A LOT OF 'EM\er\Design_Pattern\argouml\org\argouml\ui\explorer\rules\GoStateToDownstream.java,org.argouml.ui.explorer.rules.GoStateToDownstream,class,2,3,1,2,5,2,0,6,3,0.0,0.0,0.0,3,0,3,0,0,0,3,0,0,0,0,0,0,0,0,0,0,0,1,19,5,0,0,0,0,1,0,1,0,1,1,0,0,0,19,1,0
C:\Users\user\Desktop\STUFF A LOT OF 'EM\er\Design_Pattern\argouml\org\argouml\uml\ui\UMLComboBoxNavigator.java,org.argouml.uml.ui.UMLComboBoxNavigator,class,2,6,4,2,16,5,0,15,0,0.25,0.0,0.0,2,0,2,0,0,0,2,0,0,0,4,1,0,4,0,0,0,0,0,61,0,0,8,0,0,1,2,13,2,13,4,0,0,0,62,1,0
C:\Users\user\Desktop\STUFF A LOT OF 'EM\er\Design_Pattern\argouml\org\argouml\persistence\ModelMemberFilePersister.java,org.argouml.persistence.ModelMemberFilePersister,class,12,16,4,12,9,2,0,20,3,0.6666667,0.0,0.0,3,0,3,0,0,0,3,0,0,0,1,1,0,1,0,0,1,0,3,57,1,0,3,3,0,6,0,14,0,9,2,0,0,0,99,1,1
C:\Users\user\Desktop\STUFF A LOT OF 'EM\er\Design_Pattern\argouml\org\argouml\cognitive\critics\CompoundCritic.java,org.argouml.cognitive.critics.CompoundCritic,class,6,7,1,6,33,2,0,11,0,0.22727273,0.0,0.0,22,0,22,0,0,0,22,0,0,0,1,0,0,1,0,0,0,0,0,108,11,5,0,0,0,0,5,18,0,17,2,0,0,0,129,1,0
C:\Users\user\Desktop\STUFF A LOT OF 'EM\er\Design_Pattern\argouml\org\argouml\ui\SystemInfoDialog.java,org.argouml.ui.SystemInfoDialog$Anonymous3,anonymous,1,1,0,1,1,1,0,1,0,0.0,NaN,NaN,1,0,1,0,0,0,1,0,0,0,0,0,0,0,0,0,0,0,0,5,0,0,0,0,0,0,0,0,0,0,0,0,0,0,7,-1,0
C:\Users\user\Desktop\STUFF A LOT OF 'EM\er\Design_Pattern\argouml\org\argouml\ocl\OCLEvaluator.java,org.argouml.ocl.OCLEvaluator,class,3,5,2,3,31,2,0,17,3,0.0,0.0,0.0,3,0,1,0,2,0,3,0,0,2,0,0,0,0,0,0,0,0,0,69,2,1,6,0,0,17,1,19,0,4,3,0,0,0,35,1,0
C:\Users\user\Desktop\STUFF A LOT OF 'EM\er\Design_Pattern\argouml\org\argouml\ui\explorer\rules\GoModelToDiagrams.java,org.argouml.ui.explorer.rules.GoModelToDiagrams,class,4,5,1,4,4,2,0,6,3,0.0,0.0,0.0,3,0,3,0,0,0,3,0,0,0,0,0,0,0,0,0,0,0,2,14,4,0,0,0,0,1,0,0,0,0,1,0,0,0,20,1,0
C:\Users\user\Desktop\STUFF A LOT OF 'EM\er\Design_Pattern\argouml\org\argouml\uml\diagram\ui\FigAttributesCompartment.java,org.argouml.uml.diagram.ui.FigAttributesCompartment,class,1,2,1,1,1,4,0,0,0,0.0,NaN,NaN,1,0,1,0,0,0,1,0,0,0,0,0,0,0,0,0,0,0,0,5,0,0,0,0,0,0,0,0,0,0,0,0,0,0,13,1,0
C:\Users\user\Desktop\STUFF A LOT OF 'EM\er\Design_Pattern\argouml\org\argouml\uml\cognitive\critics\CrInstanceWithoutClassifier.java,org.argouml.uml.cognitive.critics.CrInstanceWithoutClassifier,class,8,10,2,8,15,3,0,18,10,0.0,0.0,0.0,5,0,5,0,0,0,5,0,0,0,0,0,0,0,0,0,0,0,0,51,7,1,4,0,3,0,1,16,0,15,4,0,0,0,100,1,0
C:\Users\user\Desktop\STUFF A LOT OF 'EM\er\Design_Pattern\argouml\org\argouml\uml\ui\UMLExpressionBodyField.java,org.argouml.uml.ui.UMLExpressionBodyField,class,5,9,4,5,18,6,0,11,44,0.71794873,0.0,0.0,13,0,12,1,0,0,12,0,0,0,3,1,0,3,0,0,1,0,0,53,0,0,3,0,0,5,0,5,2,5,2,0,0,0,70,1,4
C:\Users\user\Desktop\STUFF A LOT OF 'EM\er\Design_Pattern\argouml\org\argouml\cognitive\ToDoListEvent.java,org.argouml.cognitive.ToDoListEvent,class,0,9,9,0,3,1,0,0,0,0.0,0.0,0.0,3,0,3,0,0,0,3,0,0,0,1,0,0,1,0,0,0,0,0,12,1,0,0,0,0,0,0,2,0,1,0,0,0,0,17,1,0
C:\Users\user\Desktop\STUFF A LOT OF 'EM\er\Design_Pattern\argouml\org\argouml\uml\ui\UMLMultiplicityComboBox2.java,org.argouml.uml.ui.UMLMultiplicityComboBox2,class,3,6,3,3,6,8,0,9,1,0.0,0.0,0.0,2,0,1,0,1,0,2,0,0,0,0,0,0,0,0,0,0,0,0,24,0,0,2,1,0,0,0,5,0,3,2,0,0,0,72,1,0
C:\Users\user\Desktop\STUFF A LOT OF 'EM\er\Design_Pattern\argouml\org\argouml\ui\SystemInfoDialog.java,org.argouml.ui.SystemInfoDialog$Anonymous1,anonymous,1,1,0,1,1,1,0,1,0,0.0,NaN,NaN,1,0,1,0,0,0,1,0,0,0,0,0,0,0,0,0,0,0,0,5,0,0,0,0,0,0,0,0,0,0,0,0,0,0,8,-1,0
C:\Users\user\Desktop\STUFF A LOT OF 'EM\er\Design_Pattern\argouml\org\argouml\uml\reveng\java\ParseState.java,org.argouml.uml.reveng.java.ParseState,class,6,8,2,6,34,1,0,22,73,0.7894737,0.0,0.0,19,0,19,0,0,0,19,0,0,0,8,1,0,8,0,0,1,0,0,121,14,6,2,0,1,6,4,30,5,21,2,0,0,0,107,0,3
C:\Users\user\Desktop\STUFF A LOT OF 'EM\er\Design_Pattern\argouml\org\argouml\uml\ui\ActionGenerateOne.java,org.argouml.uml.ui.ActionGenerateOne,class,5,6,1,5,13,2,0,12,6,0.75,0.0,0.0,4,1,3,0,1,0,4,0,0,0,1,1,0,1,0,0,1,0,0,43,3,2,0,0,2,1,0,14,0,11,2,0,0,0,51,1,0
C:\Users\user\Desktop\STUFF A LOT OF 'EM\er\Design_Pattern\argouml\org\argouml\uml\ui\foundation\core\UMLAssociationEndAggregationRadioButtonPanel.java,org.argouml.uml.ui.foundation.core.UMLAssociationEndAggregationRadioButtonPanel,class,2,3,1,2,8,6,0,12,1,0.5,0.0,0.0,2,0,2,0,0,0,3,0,0,0,1,1,0,1,0,0,0,0,1,33,0,0,2,0,0,4,0,3,0,3,4,0,0,0,34,1,0
C:\Users\user\Desktop\STUFF A LOT OF 'EM\er\Design_Pattern\argouml\org\argouml\ui\SystemInfoDialog.java,org.argouml.ui.SystemInfoDialog$Anonymous2,anonymous,1,1,0,1,1,1,0,1,0,0.0,NaN,NaN,1,0,1,0,0,0,1,0,0,0,0,0,0,0,0,0,0,0,0,5,0,0,0,0,0,0,0,0,0,0,0,0,0,0,6,-1,0
C:\Users\user\Desktop\STUFF A LOT OF 'EM\er\Design_Pattern\argouml\org\argouml\uml\diagram\activity\ui\SelectionActionState.java,org.argouml.uml.diagram.activity.ui.SelectionActionState,class,13,17,4,13,41,4,0,42,102,0.84821427,0.0,0.0,16,0,10,0,6,0,16,0,0,0,7,3,0,7,0,0,1,0,0,167,12,0,5,0,1,8,29,69,30,41,1,0,0,0,106,1,1
C:\Users\user\Desktop\STUFF A LOT OF 'EM\er\Design_Pattern\argouml\org\argouml\uml\cognitive\critics\CrSeqInstanceWithoutClassifier.java,org.argouml.uml.cognitive.critics.CrSeqInstanceWithoutClassifier,class,8,9,1,8,15,3,0,18,10,0.0,0.0,0.0,5,0,5,0,0,0,5,0,0,0,0,0,0,0,0,0,0,0,0,49,7,1,4,0,3,0,1,16,0,15,4,0,0,0,102,1,0
C:\Users\user\Desktop\STUFF A LOT OF 'EM\er\Design_Pattern\argouml\org\argouml\uml\diagram\state\ui\FigJunctionState.java,org.argouml.uml.diagram.state.ui.FigJunctionState,class,5,8,3,5,14,4,0,17,35,0.82857144,0.0,0.0,14,0,14,0,0,0,14,0,0,0,5,4,0,5,0,0,4,0,0,65,6,0,0,0,0,0,12,9,18,8,0,0,0,0,83,1,0
C:\Users\user\Desktop\STUFF A LOT OF 'EM\er\Design_Pattern\argouml\org\argouml\uml\ui\foundation\core\UMLFeatureOwnerListModel.java,org.argouml.uml.ui.foundation.core.UMLFeatureOwnerListModel,class,1,2,1,1,5,4,0,5,3,0.0,0.0,0.0,3,0,1,0,2,0,3,0,0,0,0,0,0,0,0,0,0,0,0,14,1,0,2,0,0,1,0,0,0,0,1,0,0,0,23,1,0
C:\Users\user\Desktop\STUFF A LOT OF 'EM\er\Design_Pattern\argouml\org\argouml\uml\diagram\deployment\ui\UMLDeploymentDiagram.java,org.argouml.uml.diagram.deployment.ui.UMLDeploymentDiagram,class,12,29,17,12,46,3,0,51,300,0.95999986,0.0,0.0,25,0,4,1,20,0,24,0,0,0,20,2,0,19,0,1,2,0,0,174,22,0,18,1,0,29,1,28,3,27,1,0,0,0,127,1,1
C:\Users\user\Desktop\STUFF A LOT OF 'EM\er\Design_Pattern\argouml\org\argouml\uml\ui\UMLMutableLinkedList.java,org.argouml.uml.ui.UMLMutableLinkedList$PopupMenu,innerclass,2,2,0,2,7,5,0,9,0,0.0,NaN,NaN,1,0,1,0,0,0,1,0,0,0,0,0,0,0,0,0,0,0,0,24,0,0,0,0,0,0,0,0,0,0,2,0,0,0,16,2,0
C:\Users\user\Desktop\STUFF A LOT OF 'EM\er\Design_Pattern\argouml\org\argouml\language\helpers\NotationHelper.java,org.argouml.language.helpers.NotationHelper,class,4,5,1,4,53,1,0,44,274,0.9166667,0.0,0.0,24,2,24,0,0,0,24,14,0,0,1,0,0,1,0,0,0,0,4,128,36,0,5,0,2,10,0,1,1,1,1,0,0,0,98,1025,0
C:\Users\user\Desktop\STUFF A LOT OF 'EM\er\Design_Pattern\argouml\org\argouml\uml\diagram\ui\FigNodeModelElement.java,org.argouml.uml.diagram.ui.FigNodeModelElement,class,39,100,61,39,236,9,20,178,2797,0.9681362,0.0,0.0,79,2,54,0,25,0,80,0,0,0,29,14,0,20,9,0,14,0,12,877,53,19,52,2,36,41,94,189,40,138,4,0,7,0,566,1025,9
C:\Users\user\Desktop\STUFF A LOT OF 'EM\er\Design_Pattern\argouml\org\argouml\ui\explorer\rules\GoSummaryToAssociation.java,org.argouml.ui.explorer.rules.GoSummaryToAssociation,class,3,4,1,3,5,2,0,5,3,0.0,0.0,0.0,3,0,3,0,0,0,3,0,0,0,0,0,0,0,0,0,0,0,1,19,5,0,0,0,2,1,0,1,0,1,1,0,0,0,30,1,0
C:\Users\user\Desktop\STUFF A LOT OF 'EM\er\Design_Pattern\argouml\org\argouml\uml\diagram\ui\SPFigEdgeModelElement.java,org.argouml.uml.diagram.ui.SPFigEdgeModelElement,class,5,6,1,5,1,2,0,13,0,0.25,NaN,NaN,1,0,1,0,0,0,1,0,0,0,4,1,0,4,0,0,1,0,0,50,0,0,0,0,0,1,19,27,0,7,0,0,0,0,40,1,0
C:\Users\user\Desktop\STUFF A LOT OF 'EM\er\Design_Pattern\argouml\org\argouml\ui\TabSpawnable.java,org.argouml.ui.TabSpawnable,class,7,17,10,7,13,5,5,19,26,0.8,0.0,0.0,9,0,9,0,0,0,9,0,0,0,5,2,0,5,0,0,2,0,4,61,6,0,1,1,2,3,4,13,1,9,1,0,0,0,113,1,1
C:\Users\user\Desktop\STUFF A LOT OF 'EM\er\Design_Pattern\argouml\org\argouml\persistence\ZargoFilePersister.java,org.argouml.persistence.ZargoFilePersister,class,13,15,2,13,34,6,0,53,15,0.71428573,0.0,0.0,7,0,4,2,1,0,5,0,0,0,2,2,0,2,0,0,2,0,2,190,4,8,6,5,7,30,5,44,9,35,4,0,1,0,161,1,7
C:\Users\user\Desktop\STUFF A LOT OF 'EM\er\Design_Pattern\argouml\org\argouml\uml\generator\ParserDisplay.java,org.argouml.uml.generator.ParserDisplay,class,11,29,18,11,705,2,0,250,1346,0.95518863,0.0,0.0,53,2,18,35,0,0,18,0,0,0,8,3,1,7,0,0,3,0,15,2531,67,71,286,13,48,342,317,644,158,341,6,10,1,0,745,1,6
C:\Users\user\Desktop\STUFF A LOT OF 'EM\er\Design_Pattern\argouml\org\argouml\uml\diagram\static_structure\ui\FigPackage.java,org.argouml.uml.diagram.static_structure.ui.FigPackage,class,9,18,9,9,36,4,2,59,25,0.8055555,0.0,0.0,18,0,17,0,1,0,18,0,0,0,10,1,0,10,0,0,1,0,4,267,10,0,5,0,3,5,29,39,20,27,3,2,1,0,199,1,0
C:\Users\user\Desktop\STUFF A LOT OF 'EM\er\Design_Pattern\argouml\org\argouml\uml\ui\behavior\use_cases\PropPanelExtend.java,org.argouml.uml.ui.behavior.use_cases.PropPanelExtend$ActionNewExtensionPoint,innerclass,1,1,0,1,5,2,0,14,1,0.0,0.0,0.0,2,0,2,0,0,0,2,0,0,0,0,0,0,0,0,0,0,0,0,20,0,0,2,0,0,2,0,3,0,3,3,0,0,0,42,2,0
C:\Users\user\Desktop\STUFF A LOT OF 'EM\er\Design_Pattern\argouml\org\argouml\uml\diagram\static_structure\ui\SelectionInterface.java,org.argouml.uml.diagram.static_structure.ui.SelectionInterface,class,12,14,2,12,19,4,0,34,19,0.78571427,0.0,0.0,7,0,5,0,2,0,7,0,0,0,2,2,0,2,0,0,1,0,0,91,8,0,5,0,0,4,11,41,9,33,1,0,0,0,108,1,1
C:\Users\user\Desktop\STUFF A LOT OF 'EM\er\Design_Pattern\argouml\org\argouml\application\configuration\ConfigurationHandler.java,org.argouml.application.configuration.ConfigurationHandler,class,3,7,4,3,62,1,1,28,524,0.8968254,0.0,0.0,36,0,27,2,0,7,34,7,22,1,7,2,0,7,0,0,1,0,6,201,26,0,12,2,0,10,0,28,3,20,2,0,0,0,197,1025,4
C:\Users\user\Desktop\STUFF A LOT OF 'EM\er\Design_Pattern\argouml\org\argouml\ui\ZoomSliderButton.java,org.argouml.ui.ZoomSliderButton,class,5,10,5,5,16,2,0,46,0,0.64285713,0.0,0.0,6,0,1,4,1,0,2,0,0,0,7,5,0,7,0,0,5,0,9,102,1,1,4,1,2,6,17,21,8,18,2,3,0,0,121,1,0
C:\Users\user\Desktop\STUFF A LOT OF 'EM\er\Design_Pattern\argouml\org\argouml\application\api\ArgoEventListener.java,org.argouml.application.api.ArgoEventListener,interface,0,4,4,0,0,1,0,0,0,0.0,-1.0,-1.0,0,0,0,0,0,0,0,0,0,0,0,0,0,0,0,0,0,0,0,2,0,0,0,0,0,0,0,0,0,0,0,0,0,0,13,1,0
C:\Users\user\Desktop\STUFF A LOT OF 'EM\er\Design_Pattern\argouml\org\argouml\uml\ui\foundation\core\UMLClassifierCollaborationListModel.java,org.argouml.uml.ui.foundation.core.UMLClassifierCollaborationListModel,class,1,2,1,1,4,4,0,5,3,0.0,0.0,0.0,3,0,1,0,2,0,3,0,0,0,0,0,0,0,0,0,0,0,0,13,1,0,1,0,0,1,0,0,0,0,1,0,0,0,22,1,0
C:\Users\user\Desktop\STUFF A LOT OF 'EM\er\Design_Pattern\argouml\org\argouml\model\uml\ExtensionMechanismsHelperImpl.java,org.argouml.model.uml.ExtensionMechanismsHelperImpl,class,9,11,2,9,74,1,0,38,141,0.7777778,0.0,0.0,18,0,15,1,1,1,17,0,0,0,1,0,0,1,0,0,0,0,0,199,34,7,20,0,24,15,2,27,6,24,3,0,0,0,170,0,0
C:\Users\user\Desktop\STUFF A LOT OF 'EM\er\Design_Pattern\argouml\org\argouml\uml\ui\foundation\core\UMLElementOwnershipSpecificationCheckBox.java,org.argouml.uml.ui.foundation.core.UMLElementOwnershipSpecificationCheckBox,class,2,3,1,2,2,8,0,6,1,0.0,0.0,0.0,2,0,2,0,0,0,2,0,0,0,0,0,0,0,0,0,0,0,1,8,0,0,0,0,0,2,0,0,0,0,0,0,0,0,17,1,0
C:\Users\user\Desktop\STUFF A LOT OF 'EM\er\Design_Pattern\argouml\org\argouml\uml\ui\behavior\collaborations\UMLInteractionMessagesListModel.java,org.argouml.uml.ui.behavior.collaborations.UMLInteractionMessagesListModel,class,1,2,1,1,5,4,0,10,3,0.0,0.0,0.0,3,0,1,0,2,0,3,0,0,0,0,0,0,0,0,0,0,0,0,15,1,1,1,0,0,1,0,1,0,1,1,0,0,0,28,1,0
C:\Users\user\Desktop\STUFF A LOT OF 'EM\er\Design_Pattern\argouml\org\argouml\uml\ui\foundation\core\PropPanelComponent.java,org.argouml.uml.ui.foundation.core.PropPanelComponent,class,10,10,0,10,1,6,0,16,0,0.0,NaN,NaN,1,0,1,0,0,0,1,0,0,0,0,0,0,0,0,0,0,0,4,21,0,0,0,0,0,12,0,1,0,1,0,0,0,0,42,1,0
C:\Users\user\Desktop\STUFF A LOT OF 'EM\er\Design_Pattern\argouml\org\argouml\uml\diagram\ui\FigUsage.java,org.argouml.uml.diagram.ui.FigUsage,class,3,5,2,3,6,4,0,7,6,0.0,0.0,0.0,4,0,3,0,1,0,4,0,0,0,0,0,0,0,0,0,0,0,0,18,0,0,1,0,0,2,0,1,1,1,1,0,0,0,32,1,0
C:\Users\user\Desktop\STUFF A LOT OF 'EM\er\Design_Pattern\argouml\org\argouml\ui\explorer\ExplorerTree.java,org.argouml.ui.explorer.ExplorerTree$NavigatorMouseListener,innerclass,2,2,0,2,10,2,0,9,8,0.6,0.0,0.0,5,0,5,0,0,0,5,0,0,0,1,0,0,1,0,0,0,0,0,35,1,0,1,0,1,0,1,3,0,3,1,0,0,0,62,0,0
C:\Users\user\Desktop\STUFF A LOT OF 'EM\er\Design_Pattern\argouml\org\argouml\uml\cognitive\critics\CrConstructorNeeded.java,org.argouml.uml.cognitive.critics.CrConstructorNeeded,class,6,7,1,6,16,3,0,25,6,0.0,0.0,0.0,4,0,4,0,0,0,4,0,0,0,0,0,0,0,0,0,0,0,0,51,8,2,1,0,4,5,1,10,0,8,2,0,0,0,123,1,0
C:\Users\user\Desktop\STUFF A LOT OF 'EM\er\Design_Pattern\argouml\org\argouml\application\api\PluggableMenu.java,org.argouml.application.api.PluggableMenu,interface,1,3,2,1,2,1,0,0,1,1.0,0.0,0.0,2,0,0,0,0,2,2,0,0,0,7,0,0,0,0,7,0,0,0,11,0,0,0,0,0,7,0,7,0,7,0,0,0,0,97,1,0
C:\Users\user\Desktop\STUFF A LOT OF 'EM\er\Design_Pattern\argouml\org\argouml\cognitive\DecisionModel.java,org.argouml.cognitive.DecisionModel,class,2,8,6,2,11,2,0,12,0,0.14285715,0.0,0.0,7,0,6,0,1,0,7,0,0,1,1,0,0,1,0,0,0,0,0,43,4,1,2,0,0,0,0,6,0,5,2,0,0,0,107,1,0
C:\Users\user\Desktop\STUFF A LOT OF 'EM\er\Design_Pattern\argouml\org\argouml\uml\GenCompositeClasses.java,org.argouml.uml.GenCompositeClasses,class,2,5,3,2,10,1,0,17,1,0.5,0.0,0.0,2,1,2,0,0,0,2,0,0,0,1,1,0,1,0,0,1,0,0,33,4,1,5,0,2,0,4,9,0,9,3,0,0,0,63,1,0
C:\Users\user\Desktop\STUFF A LOT OF 'EM\er\Design_Pattern\argouml\org\argouml\ui\ShadowComboBox.java,org.argouml.ui.ShadowComboBox$ShadowFig,innerclass,1,1,0,1,1,2,0,3,0,0.0,NaN,NaN,1,0,1,0,0,0,1,0,0,0,0,0,0,0,0,0,0,0,0,7,0,0,0,0,0,0,0,0,0,0,0,0,0,0,10,2,0
C:\Users\user\Desktop\STUFF A LOT OF 'EM\er\Design_Pattern\argouml\org\argouml\uml\diagram\ui\SelectionWButtons.java,org.argouml.uml.diagram.ui.SelectionWButtons,class,14,32,18,14,67,3,13,62,350,0.8958333,0.0,0.0,32,1,21,0,11,0,32,2,0,0,9,6,0,9,0,0,4,0,4,233,26,0,16,0,17,0,96,64,77,40,5,0,0,0,258,1025,0
C:\Users\user\Desktop\STUFF A LOT OF 'EM\er\Design_Pattern\argouml\org\argouml\uml\ui\behavior\state_machines\UMLTransitionTargetListModel.java,org.argouml.uml.ui.behavior.state_machines.UMLTransitionTargetListModel,class,1,2,1,1,4,4,0,5,3,0.0,0.0,0.0,3,0,1,0,2,0,3,0,0,0,0,0,0,0,0,0,0,0,0,12,1,0,1,0,0,1,0,0,0,0,0,0,0,0,21,1,0
C:\Users\user\Desktop\STUFF A LOT OF 'EM\er\Design_Pattern\argouml\org\argouml\uml\ui\foundation\core\UMLBehavioralFeatureQueryCheckBox.java,org.argouml.uml.ui.foundation.core.UMLBehavioralFeatureQueryCheckBox,class,2,3,1,2,3,8,0,6,1,0.0,0.0,0.0,2,0,2,0,0,0,2,0,0,0,0,0,0,0,0,0,0,0,1,10,0,0,1,0,0,2,0,0,0,0,1,0,0,0,16,1,0
C:\Users\user\Desktop\STUFF A LOT OF 'EM\er\Design_Pattern\argouml\org\argouml\application\api\PluggableImport.java,org.argouml.application.api.PluggableImport,interface,6,6,0,6,6,1,0,0,15,0.0,0.0,0.0,6,0,0,0,0,6,6,0,0,0,0,0,0,0,0,0,0,0,0,8,0,0,0,0,0,0,0,0,0,0,0,0,0,0,121,1,0
C:\Users\user\Desktop\STUFF A LOT OF 'EM\er\Design_Pattern\argouml\org\argouml\kernel\ProjectManager.java,org.argouml.kernel.ProjectManager,class,4,35,31,4,25,1,0,24,52,0.8796297,0.0,0.0,12,1,10,2,0,0,10,0,0,0,9,6,3,6,0,0,4,0,0,87,4,1,8,0,1,4,5,21,2,16,3,0,0,0,170,17,1
C:\Users\user\Desktop\STUFF A LOT OF 'EM\er\Design_Pattern\argouml\org\argouml\uml\ui\behavior\state_machines\UMLCompositeStateSubvertexList.java,org.argouml.uml.ui.behavior.state_machines.UMLCompositeStateSubvertexList,class,3,4,1,3,2,12,0,0,1,0.0,0.0,0.0,2,0,2,0,0,0,2,0,0,0,0,0,0,0,0,0,0,0,0,42,1,0,0,0,0,0,0,0,0,0,0,0,1,0,21,1,0
C:\Users\user\Desktop\STUFF A LOT OF 'EM\er\Design_Pattern\argouml\org\argouml\model\uml\AbstractUmlModelFactory.java,org.argouml.model.uml.AbstractUmlModelFactory,class,5,17,12,5,8,1,10,14,3,0.0,0.0,0.0,3,0,1,0,2,0,3,0,0,0,0,0,0,0,0,0,0,0,2,27,0,2,1,0,3,0,5,7,2,6,3,0,0,0,49,1025,0
C:\Users\user\Desktop\STUFF A LOT OF 'EM\er\Design_Pattern\argouml\org\argouml\uml\ui\behavior\common_behavior\PropPanelLink.java,org.argouml.uml.ui.behavior.common_behavior.PropPanelLink,class,9,9,0,9,1,4,0,9,0,0.0,NaN,NaN,1,0,1,0,0,0,1,0,0,0,0,0,0,0,0,0,0,0,4,16,0,0,0,0,0,8,0,2,0,2,0,0,0,0,31,1,0
C:\Users\user\Desktop\STUFF A LOT OF 'EM\er\Design_Pattern\argouml\org\argouml\uml\ui\behavior\state_machines\PropPanelSynchState.java,org.argouml.uml.ui.behavior.state_machines.PropPanelSynchState,class,6,6,0,6,1,5,0,10,0,0.0,NaN,NaN,1,0,1,0,0,0,1,0,0,0,1,1,0,1,0,0,0,0,2,13,0,0,0,0,0,8,0,1,0,1,0,0,0,0,20,1,0
C:\Users\user\Desktop\STUFF A LOT OF 'EM\er\Design_Pattern\argouml\org\argouml\uml\reveng\Import.java,org.argouml.uml.reveng.ImportClasspathDialog$RemoveListener,innerclass,0,0,0,0,3,1,0,6,0,0.0,NaN,NaN,1,0,1,0,0,0,1,0,0,0,0,0,0,0,0,0,0,0,0,17,0,0,2,0,0,0,1,2,0,2,2,0,0,0,10,0,0
C:\Users\user\Desktop\STUFF A LOT OF 'EM\er\Design_Pattern\argouml\org\argouml\uml\cognitive\critics\UMLWizard.java,org.argouml.uml.cognitive.critics.UMLWizard,class,4,19,15,4,10,2,10,7,9,0.5,0.0,0.0,6,0,6,0,0,0,6,0,0,0,1,0,0,1,0,0,0,0,0,35,7,0,3,0,0,1,3,6,0,6,2,0,0,0,57,1025,0
C:\Users\user\Desktop\STUFF A LOT OF 'EM\er\Design_Pattern\argouml\org\argouml\language\java\generator\SimpleCodePiece.java,org.argouml.language.java.generator.SimpleCodePiece,class,2,4,2,2,7,2,0,4,9,0.67857146,0.0,0.0,7,0,7,0,0,0,7,0,0,0,4,0,0,4,0,0,0,0,0,30,5,0,0,0,0,0,3,4,4,4,0,0,0,0,37,1,0
C:\Users\user\Desktop\STUFF A LOT OF 'EM\er\Design_Pattern\argouml\org\argouml\uml\cognitive\critics\CrTooManyClasses.java,org.argouml.uml.cognitive.critics.CrTooManyClasses,class,3,4,1,3,4,2,0,7,1,0.0,0.0,0.0,2,0,2,0,0,0,2,0,0,0,0,0,0,0,0,0,0,0,0,14,3,0,0,0,1,0,1,2,0,2,1,0,0,0,58,1,0
C:\Users\user\Desktop\STUFF A LOT OF 'EM\er\Design_Pattern\argouml\org\argouml\uml\diagram\sequence\ui\FigLinkPort.java,org.argouml.uml.diagram.sequence.ui.FigLinkPort,class,1,6,5,1,4,2,0,6,4,0.8333333,0.0,0.0,4,0,4,0,0,0,4,0,0,0,3,2,2,1,0,0,2,0,0,23,2,0,0,0,0,0,2,6,2,6,0,0,0,0,86,1,0
C:\Users\user\Desktop\STUFF A LOT OF 'EM\er\Design_Pattern\argouml\org\argouml\uml\ui\foundation\core\UMLModelElementNamespaceComboBoxModel.java,org.argouml.uml.ui.foundation.core.UMLModelElementNamespaceComboBoxModel,class,1,2,1,1,5,3,0,14,6,0.0,0.0,0.0,4,0,1,0,3,0,4,0,0,0,0,0,0,0,0,0,0,0,0,19,3,0,1,0,0,2,0,1,0,1,1,0,0,0,29,1,0
C:\Users\user\Desktop\STUFF A LOT OF 'EM\er\Design_Pattern\argouml\org\argouml\uml\diagram\sequence\Node.java,org.argouml.uml.diagram.sequence.Node,class,0,8,8,0,1,1,2,0,0,0.0,NaN,NaN,1,0,1,0,0,0,1,0,0,0,0,0,0,0,0,0,0,0,0,4,0,0,0,0,0,0,0,0,0,0,0,0,0,0,5,1025,0
C:\Users\user\Desktop\STUFF A LOT OF 'EM\er\Design_Pattern\argouml\org\argouml\ui\ActionExportXMI.java,org.argouml.ui.ActionExportXMI$Anonymous1,anonymous,0,0,0,0,3,1,0,3,1,0.0,0.0,0.0,2,0,2,0,0,0,2,0,0,0,0,0,0,0,0,0,0,0,0,8,2,0,1,0,1,2,1,0,0,0,0,0,0,0,9,-1,0
C:\Users\user\Desktop\STUFF A LOT OF 'EM\er\Design_Pattern\argouml\org\argouml\cognitive\critics\StandardCM.java,org.argouml.cognitive.critics.CurDecisionCM,class,3,4,1,3,1,1,0,1,0,0.0,NaN,NaN,1,0,1,0,0,0,1,0,0,0,0,0,0,0,0,0,0,0,0,5,1,0,0,0,0,0,0,0,0,0,0,0,0,0,11,0,0
C:\Users\user\Desktop\STUFF A LOT OF 'EM\er\Design_Pattern\argouml\org\argouml\uml\cognitive\critics\WizAssocComposite.java,org.argouml.uml.cognitive.critics.WizAssocComposite,class,4,7,3,4,33,3,0,25,13,0.75,0.0,0.0,7,0,5,2,0,0,5,0,0,0,4,1,0,4,0,0,1,0,0,115,10,0,15,1,13,14,12,24,6,18,3,0,0,0,238,1,2
C:\Users\user\Desktop\STUFF A LOT OF 'EM\er\Design_Pattern\argouml\org\argouml\ui\JasonsTheme.java,org.argouml.ui.JasonsTheme,class,0,1,1,0,13,2,0,0,76,0.91608393,0.0,0.0,13,0,7,0,6,0,13,0,0,0,11,0,0,11,0,0,11,0,0,52,13,0,0,0,0,6,23,11,0,11,0,0,0,0,41,1,0
C:\Users\user\Desktop\STUFF A LOT OF 'EM\er\Design_Pattern\argouml\org\argouml\uml\ui\behavior\common_behavior\ActionNewCallAction.java,org.argouml.uml.ui.behavior.common_behavior.ActionNewCallAction,class,2,4,2,2,3,3,0,4,3,0.6666667,0.0,0.0,3,1,1,0,2,0,3,0,0,0,1,1,0,1,0,0,1,0,0,13,2,0,0,0,0,1,0,1,0,1,0,0,0,0,21,1,0
C:\Users\user\Desktop\STUFF A LOT OF 'EM\er\Design_Pattern\argouml\org\argouml\cognitive\checklist\Checklist.java,org.argouml.cognitive.checklist.Checklist,class,2,7,5,2,13,1,0,12,11,0.5909091,0.0,0.0,11,0,11,0,0,0,11,0,0,1,2,0,0,2,0,0,0,0,0,49,5,2,0,0,0,5,0,11,2,8,1,0,0,0,72,1,0
C:\Users\user\Desktop\STUFF A LOT OF 'EM\er\Design_Pattern\argouml\org\argouml\uml\diagram\state\ui\SelectionState.java,org.argouml.uml.diagram.state.ui.SelectionState,class,13,18,5,13,29,4,0,33,56,0.8125,0.0,0.0,12,0,6,0,6,0,12,0,0,0,4,2,0,4,0,0,1,0,0,120,12,0,5,0,1,5,17,44,15,29,1,0,0,0,94,1,1
C:\Users\user\Desktop\STUFF A LOT OF 'EM\er\Design_Pattern\argouml\org\argouml\uml\diagram\ui\FigFeaturesCompartment.java,org.argouml.uml.diagram.ui.FigFeaturesCompartment,class,3,7,4,3,4,3,2,8,1,0.33333334,0.0,0.0,3,0,3,0,0,0,3,0,0,0,1,0,0,1,0,0,0,0,0,22,3,0,0,0,0,1,2,1,1,1,1,0,0,0,49,1025,0
C:\Users\user\Desktop\STUFF A LOT OF 'EM\er\Design_Pattern\argouml\org\argouml\uml\ui\ActionSequenceDiagram.java,org.argouml.uml.ui.ActionSequenceDiagram,class,4,5,1,4,8,2,0,16,3,1.0,0.0,0.0,3,0,2,1,0,0,2,0,0,0,1,1,1,0,0,0,1,0,1,34,3,0,0,0,0,2,0,9,0,7,1,0,0,0,55,17,0
C:\Users\user\Desktop\STUFF A LOT OF 'EM\er\Design_Pattern\argouml\org\argouml\application\api\NotationName.java,org.argouml.application.api.NotationName,interface,1,10,9,1,7,1,0,0,21,0.0,0.0,0.0,7,0,0,0,0,7,7,0,0,0,0,0,0,0,0,0,0,0,0,9,0,0,0,0,0,0,0,0,0,0,0,0,0,0,65,1,0
C:\Users\user\Desktop\STUFF A LOT OF 'EM\er\Design_Pattern\argouml\org\argouml\uml\cognitive\critics\CrNodesOverlap.java,org.argouml.uml.cognitive.critics.CrNodesOverlap,class,13,15,2,13,26,3,0,16,10,0.0,0.0,0.0,5,0,5,0,0,0,5,0,0,0,0,0,0,0,0,0,0,0,0,68,8,2,4,0,16,0,4,20,2,19,6,0,0,0,83,1,0
C:\Users\user\Desktop\STUFF A LOT OF 'EM\er\Design_Pattern\argouml\org\argouml\uml\diagram\activity\ui\FigObjectFlowState.java,org.argouml.uml.diagram.activity.ui.FigObjectFlowState,class,6,9,3,6,39,3,0,60,97,0.80745345,0.0,0.0,23,0,19,2,2,0,21,0,0,0,7,4,0,7,0,0,4,0,5,173,13,0,9,1,3,7,15,29,20,22,2,0,0,0,192,1,0
C:\Users\user\Desktop\STUFF A LOT OF 'EM\er\Design_Pattern\argouml\org\argouml\cognitive\ui\WizStep.java,org.argouml.cognitive.ui.WizStep,class,12,19,7,12,40,5,6,38,172,0.88359797,0.0,0.0,21,2,17,0,4,0,21,0,1,0,9,2,0,9,0,0,2,0,11,145,7,0,14,0,3,11,20,21,0,21,4,0,0,0,141,1,0
C:\Users\user\Desktop\STUFF A LOT OF 'EM\er\Design_Pattern\argouml\org\argouml\language\java\generator\PackageCodePiece.java,org.argouml.language.java.generator.PackageCodePiece,class,4,5,1,4,8,3,0,13,0,0.14285715,0.0,0.0,7,0,7,0,0,0,7,0,0,0,1,0,0,1,0,0,0,0,1,31,5,0,0,0,1,2,0,3,0,3,1,0,0,0,57,1,0
C:\Users\user\Desktop\STUFF A LOT OF 'EM\er\Design_Pattern\argouml\org\argouml\uml\ui\behavior\state_machines\PopupMenuNewEvent.java,org.argouml.uml.ui.behavior.state_machines.PopupMenuNewEvent,class,7,8,1,7,1,5,0,14,0,0.0,NaN,NaN,1,0,1,0,0,0,1,0,0,0,0,0,0,0,0,0,0,0,13,23,0,0,0,0,0,1,0,1,0,1,0,0,0,0,41,1,0
C:\Users\user\Desktop\STUFF A LOT OF 'EM\er\Design_Pattern\argouml\org\argouml\uml\diagram\static_structure\ui\CommentEdge.java,org.argouml.uml.diagram.static_structure.ui.CommentEdge,class,2,20,18,2,10,1,0,9,4,0.65625,0.0,0.0,8,0,8,0,0,0,8,0,0,0,4,1,0,4,0,0,1,0,0,38,4,0,0,0,0,2,0,6,0,4,2,0,0,0,52,1,1
C:\Users\user\Desktop\STUFF A LOT OF 'EM\er\Design_Pattern\argouml\org\argouml\uml\ui\behavior\common_behavior\ActionNewSendAction.java,org.argouml.uml.ui.behavior.common_behavior.ActionNewSendAction,class,2,4,2,2,3,3,0,4,3,0.6666667,0.0,0.0,3,1,1,0,2,0,3,0,0,0,1,1,0,1,0,0,1,0,0,13,2,0,0,0,0,1,0,1,0,1,0,0,0,0,21,1,0
C:\Users\user\Desktop\STUFF A LOT OF 'EM\er\Design_Pattern\argouml\org\argouml\uml\ui\foundation\core\PropPanelOperation.java,org.argouml.uml.ui.foundation.core.PropPanelOperation$ActionNewRaisedSignal,innerclass,2,2,0,2,3,2,0,8,1,0.0,0.0,0.0,2,0,2,0,0,0,2,0,0,0,0,0,0,0,0,0,0,0,0,13,0,0,0,0,0,2,1,1,0,1,1,0,0,0,19,2,0
C:\Users\user\Desktop\STUFF A LOT OF 'EM\er\Design_Pattern\argouml\org\argouml\uml\diagram\ui\FigGeneralization.java,org.argouml.uml.diagram.ui.FigGeneralization,class,8,15,7,8,20,3,0,46,41,0.8,0.0,0.0,10,0,7,1,2,0,9,0,0,0,2,0,0,2,0,0,0,0,1,91,3,0,7,0,0,3,9,15,1,14,2,0,0,0,113,1,0
C:\Users\user\Desktop\STUFF A LOT OF 'EM\er\Design_Pattern\argouml\org\argouml\ui\explorer\rules\GoProjectToCollaboration.java,org.argouml.ui.explorer.rules.GoProjectToCollaboration,class,3,4,1,3,6,2,0,11,3,0.0,0.0,0.0,3,0,3,0,0,0,3,0,0,0,0,0,0,0,0,0,0,0,1,23,4,1,0,0,1,1,0,3,0,3,2,0,0,0,23,1,0
C:\Users\user\Desktop\STUFF A LOT OF 'EM\er\Design_Pattern\argouml\org\argouml\uml\ui\UMLDeprecatedCheckBox.java,org.argouml.uml.ui.UMLDeprecatedCheckBox,class,2,3,1,2,4,8,0,6,1,0.0,0.0,0.0,2,0,2,0,0,0,2,0,0,0,0,0,0,0,0,0,0,0,0,16,0,0,1,0,0,4,0,3,0,3,2,0,0,0,40,1,0
C:\Users\user\Desktop\STUFF A LOT OF 'EM\er\Design_Pattern\argouml\org\argouml\model\uml\MetaTypesImpl.java,org.argouml.model.uml.MetaTypesImpl,class,78,79,1,78,78,1,0,0,3003,0.0,0.0,0.0,78,0,77,0,0,1,78,0,0,0,0,0,0,0,0,0,0,0,0,235,77,0,0,0,0,0,0,0,0,0,0,0,0,0,117,17,0
C:\Users\user\Desktop\STUFF A LOT OF 'EM\er\Design_Pattern\argouml\org\argouml\ui\ExceptionDialog.java,org.argouml.ui.ExceptionDialog$Anonymous1,anonymous,1,1,0,1,1,1,0,1,0,0.0,NaN,NaN,1,0,1,0,0,0,1,0,0,0,0,0,0,0,0,0,0,0,0,5,0,0,0,0,0,0,0,0,0,0,0,0,0,0,7,-1,0
C:\Users\user\Desktop\STUFF A LOT OF 'EM\er\Design_Pattern\argouml\org\argouml\ui\explorer\rules\GoStateToIncomingTrans.java,org.argouml.ui.explorer.rules.GoStateToIncomingTrans,class,2,3,1,2,5,2,0,5,3,0.0,0.0,0.0,3,0,3,0,0,0,3,0,0,0,0,0,0,0,0,0,0,0,1,19,5,0,0,0,0,1,0,1,0,1,1,0,0,0,19,1,0
C:\Users\user\Desktop\STUFF A LOT OF 'EM\er\Design_Pattern\argouml\org\argouml\uml\ui\model_management\PropPanelSubsystem.java,org.argouml.uml.ui.model_management.PropPanelSubsystem,class,9,10,1,9,3,7,0,6,1,0.5,0.0,0.0,2,0,2,0,0,0,2,0,0,0,2,1,0,2,0,0,0,0,3,34,1,0,1,0,0,4,0,3,0,3,1,0,1,0,32,1,0
C:\Users\user\Desktop\STUFF A LOT OF 'EM\er\Design_Pattern\argouml\org\argouml\uml\diagram\static_structure\ClassDiagramGraphModel.java,org.argouml.uml.diagram.static_structure.ClassDiagramGraphModel,class,4,9,5,4,112,3,0,82,137,0.85185176,0.0,0.0,18,0,14,4,0,0,14,0,0,0,3,2,0,2,0,1,2,0,0,338,28,12,17,0,7,11,3,73,4,53,4,0,0,0,212,1,6
C:\Users\user\Desktop\STUFF A LOT OF 'EM\er\Design_Pattern\argouml\org\argouml\uml\reveng\ImportClassLoader.java,org.argouml.uml.reveng.ImportClassLoader,class,2,7,5,2,26,4,0,24,37,0.6818182,0.0,0.0,11,3,10,1,0,0,10,0,0,0,2,2,0,2,0,0,1,0,3,101,6,6,2,5,0,10,6,22,2,17,2,0,0,0,134,1,4
C:\Users\user\Desktop\STUFF A LOT OF 'EM\er\Design_Pattern\argouml\org\argouml\language\java\generator\CompositeCodePiece.java,org.argouml.language.java.generator.CompositeCodePiece,class,1,4,3,1,16,2,0,15,0,0.0,0.0,0.0,7,0,7,0,0,0,7,0,0,0,1,0,0,1,0,0,0,0,0,52,9,2,3,0,4,0,9,11,1,8,2,0,0,0,50,1,0
C:\Users\user\Desktop\STUFF A LOT OF 'EM\er\Design_Pattern\argouml\org\argouml\uml\ui\foundation\core\ActionSetFeatureOwner.java,org.argouml.uml.ui.foundation.core.ActionSetFeatureOwner,class,3,5,2,3,9,3,0,11,3,0.6666667,0.0,0.0,3,1,2,0,1,0,3,0,0,0,1,1,0,1,0,0,1,0,0,31,1,0,3,0,0,1,0,11,0,7,2,0,0,0,35,1,0
C:\Users\user\Desktop\STUFF A LOT OF 'EM\er\Design_Pattern\argouml\org\argouml\uml\diagram\ui\FigTextGroup.java,org.argouml.uml.diagram.ui.FigTextGroup,class,4,7,3,4,22,2,0,28,43,0.85,0.0,0.0,10,0,9,0,1,0,10,0,0,0,2,1,0,2,0,0,1,0,0,82,1,4,0,0,3,3,11,17,3,12,4,0,0,0,103,1,0
C:\Users\user\Desktop\STUFF A LOT OF 'EM\er\Design_Pattern\argouml\org\argouml\application\security\ExitSecurityException.java,org.argouml.application.security.ExitSecurityException,class,0,2,2,0,3,5,0,0,1,0.33333334,0.0,0.0,3,0,3,0,0,0,3,0,0,0,1,0,0,1,0,0,0,0,0,13,1,0,0,0,0,0,0,2,0,1,0,0,0,0,17,1,0
C:\Users\user\Desktop\STUFF A LOT OF 'EM\er\Design_Pattern\argouml\org\argouml\language\java\generator\ClassCodePiece.java,org.argouml.language.java.generator.ClassCodePiece,class,4,6,2,4,9,3,0,13,0,0.42857143,0.0,0.0,7,0,7,0,0,0,7,0,0,0,2,0,0,2,0,0,0,0,1,38,5,0,2,0,0,0,0,5,0,5,2,0,0,0,66,1,0
C:\Users\user\Desktop\STUFF A LOT OF 'EM\er\Design_Pattern\argouml\org\argouml\uml\GenAncestorClasses.java,org.argouml.uml.GenAncestorClasses,class,2,3,1,2,7,1,0,10,1,0.0,0.0,0.0,2,0,2,0,0,0,2,0,0,0,0,0,0,0,0,0,0,0,0,23,4,1,2,0,2,0,1,7,0,7,2,0,0,0,51,1,0
C:\Users\user\Desktop\STUFF A LOT OF 'EM\er\Design_Pattern\argouml\org\argouml\uml\diagram\ui\FeaturesCompartmentContainer.java,org.argouml.uml.diagram.ui.FeaturesCompartmentContainer,interface,0,0,0,0,0,1,0,0,0,0.0,-1.0,-1.0,0,0,0,0,0,0,0,0,0,0,0,0,0,0,0,0,0,0,0,2,0,0,0,0,0,0,0,0,0,0,0,0,0,0,15,1025,0
C:\Users\user\Desktop\STUFF A LOT OF 'EM\er\Design_Pattern\argouml\org\argouml\uml\ui\behavior\state_machines\PropPanelCallEvent.java,org.argouml.uml.ui.behavior.state_machines.UMLCallEventOperationComboBoxModel,class,1,2,1,1,9,3,0,17,6,0.0,0.0,0.0,4,0,1,0,3,0,4,0,0,0,0,0,0,0,0,0,0,0,0,34,4,1,1,0,0,1,0,7,0,7,3,0,0,0,32,0,0
C:\Users\user\Desktop\STUFF A LOT OF 'EM\er\Design_Pattern\argouml\org\argouml\uml\diagram\deployment\ui\SelectionComponentInstance.java,org.argouml.uml.diagram.deployment.ui.SelectionComponentInstance,class,12,14,2,12,25,4,0,37,34,0.8518519,0.0,0.0,9,0,4,0,5,0,9,0,0,0,3,3,0,3,0,0,1,0,0,126,10,0,5,0,0,8,29,58,30,34,1,0,0,0,86,1,1
C:\Users\user\Desktop\STUFF A LOT OF 'EM\er\Design_Pattern\argouml\org\argouml\uml\ui\foundation\core\ActionSetParameterType.java,org.argouml.uml.ui.foundation.core.ActionSetParameterType,class,3,5,2,3,9,3,0,14,3,0.6666667,0.0,0.0,3,1,2,0,1,0,3,0,0,0,1,1,0,1,0,0,1,0,0,32,1,0,3,0,1,1,0,12,0,7,2,0,0,0,35,1,0
C:\Users\user\Desktop\STUFF A LOT OF 'EM\er\Design_Pattern\argouml\org\argouml\model\uml\NSUMLModelEventPump.java,org.argouml.model.uml.NSUMLModelEventPump,class,8,10,2,8,22,2,0,15,22,0.71666664,0.0,0.0,12,0,9,3,0,0,9,0,0,0,5,1,0,5,0,0,1,0,0,92,6,2,7,0,0,22,0,18,6,16,2,0,0,0,89,0,6
C:\Users\user\Desktop\STUFF A LOT OF 'EM\er\Design_Pattern\argouml\org\argouml\uml\ui\foundation\core\ActionSetFeatureOwnerScope.java,org.argouml.uml.ui.foundation.core.ActionSetFeatureOwnerScope,class,3,5,2,3,6,3,0,12,3,0.6666667,0.0,0.0,3,1,2,0,1,0,3,0,0,0,1,1,0,1,0,0,1,0,0,25,1,0,0,0,0,1,0,4,0,4,3,0,0,0,31,1,0
C:\Users\user\Desktop\STUFF A LOT OF 'EM\er\Design_Pattern\argouml\org\argouml\cognitive\ListSet.java,org.argouml.cognitive.ListSet,class,4,19,15,4,78,1,0,49,370,0.6875,0.0,0.0,48,0,48,0,0,0,48,0,0,0,2,1,0,2,0,0,1,0,0,225,39,12,6,0,4,3,3,38,1,30,3,0,0,0,167,1,0
C:\Users\user\Desktop\STUFF A LOT OF 'EM\er\Design_Pattern\argouml\org\argouml\ui\explorer\PerspectiveManager.java,org.argouml.ui.explorer.PerspectiveManager,class,69,75,6,69,34,1,0,34,107,0.82222223,0.0,0.0,18,1,17,1,0,0,17,0,0,0,5,2,0,5,0,0,1,0,4,224,5,8,2,2,0,16,5,46,2,41,6,0,0,0,197,1,1
C:\Users\user\Desktop\STUFF A LOT OF 'EM\er\Design_Pattern\argouml\org\argouml\ui\explorer\rules\GoSummaryToOperation.java,org.argouml.ui.explorer.rules.GoSummaryToOperation,class,3,4,1,3,5,2,0,5,3,0.0,0.0,0.0,3,0,3,0,0,0,3,0,0,0,0,0,0,0,0,0,0,0,1,19,5,0,0,0,2,1,0,1,0,1,1,0,0,0,30,1,0
C:\Users\user\Desktop\STUFF A LOT OF 'EM\er\Design_Pattern\argouml\org\argouml\uml\diagram\ui\TabDiagram.java,org.argouml.uml.diagram.ui.ArgoEditor,class,6,8,2,6,19,2,0,27,13,0.6666667,0.0,0.0,6,0,5,1,0,0,5,0,0,1,1,0,0,1,0,0,0,0,0,71,1,0,7,0,2,0,0,6,0,6,3,0,0,0,83,0,0
C:\Users\user\Desktop\STUFF A LOT OF 'EM\er\Design_Pattern\argouml\org\argouml\cognitive\ui\DesignIssuesDialog.java,org.argouml.cognitive.ui.DesignIssuesDialog,class,6,9,3,6,12,3,0,31,2,0.5,0.0,0.0,4,0,2,2,0,0,2,0,0,0,3,0,0,3,0,0,0,0,10,127,1,1,2,0,2,12,53,67,1,28,1,0,0,0,90,1,0
C:\Users\user\Desktop\STUFF A LOT OF 'EM\er\Design_Pattern\argouml\org\argouml\uml\ui\behavior\use_cases\UMLExtensionPointLocationDocument.java,org.argouml.uml.ui.behavior.use_cases.UMLExtensionPointLocationDocument,class,1,2,1,1,3,4,0,5,3,0.0,0.0,0.0,3,0,1,0,2,0,3,0,0,0,0,0,0,0,0,0,0,0,0,11,1,0,0,0,0,1,0,0,0,0,0,0,0,0,26,1,0
C:\Users\user\Desktop\STUFF A LOT OF 'EM\er\Design_Pattern\argouml\org\argouml\ui\targetmanager\TargetManager.java,org.argouml.ui.targetmanager.TargetManager,class,9,29,20,9,75,1,0,51,243,0.86111104,0.0,0.0,27,1,18,9,0,0,18,0,0,7,8,2,0,8,0,0,1,0,1,332,22,7,15,3,8,10,24,48,13,30,3,0,1,0,249,17,4
C:\Users\user\Desktop\STUFF A LOT OF 'EM\er\Design_Pattern\argouml\org\argouml\uml\cognitive\critics\CrMultiComposite.java,org.argouml.uml.cognitive.critics.CrMultiComposite,class,4,5,1,4,6,3,0,8,3,0.0,0.0,0.0,3,0,3,0,0,0,3,0,0,0,0,0,0,0,0,0,0,0,0,23,2,0,0,0,0,2,1,2,0,1,3,0,0,0,51,1,0
C:\Users\user\Desktop\STUFF A LOT OF 'EM\er\Design_Pattern\argouml\org\argouml\uml\ui\foundation\core\UMLModelElementNameDocument.java,org.argouml.uml.ui.foundation.core.UMLModelElementNameDocument,class,1,2,1,1,3,4,0,5,3,0.0,0.0,0.0,3,0,1,0,2,0,3,0,0,0,0,0,0,0,0,0,0,0,0,11,1,0,0,0,0,1,0,0,0,0,0,0,0,0,16,1,0
C:\Users\user\Desktop\STUFF A LOT OF 'EM\er\Design_Pattern\argouml\org\argouml\uml\ui\behavior\use_cases\ActionSetExtendBase.java,org.argouml.uml.ui.behavior.use_cases.ActionSetExtendBase,class,3,5,2,3,9,3,0,12,3,0.6666667,0.0,0.0,3,1,2,0,1,0,3,0,0,0,1,1,0,1,0,0,1,0,0,37,1,0,2,0,0,2,0,12,0,7,4,0,0,0,43,1,0
C:\Users\user\Desktop\STUFF A LOT OF 'EM\er\Design_Pattern\argouml\org\argouml\ui\explorer\rules\GoProjectToModel.java,org.argouml.ui.explorer.rules.GoProjectToModel,class,3,4,1,3,4,2,0,2,3,0.0,0.0,0.0,3,0,3,0,0,0,3,0,0,0,0,0,0,0,0,0,0,0,1,14,4,0,0,0,1,1,0,0,0,0,1,0,0,0,16,1,0
C:\Users\user\Desktop\STUFF A LOT OF 'EM\er\Design_Pattern\argouml\org\argouml\uml\diagram\static_structure\ui\FigModel.java,org.argouml.uml.diagram.static_structure.ui.FigModel,class,6,9,3,6,7,4,0,14,4,0.5,0.0,0.0,4,0,4,0,0,0,4,0,0,0,1,0,0,1,0,0,0,0,0,32,1,0,2,0,2,1,9,6,4,6,1,0,0,0,52,1,0
C:\Users\user\Desktop\STUFF A LOT OF 'EM\er\Design_Pattern\argouml\org\argouml\uml\ui\behavior\common_behavior\PropPanelCreateAction.java,org.argouml.uml.ui.behavior.common_behavior.PropPanelCreateAction,class,2,2,0,2,1,5,0,1,0,0.0,NaN,NaN,1,0,1,0,0,0,1,0,0,0,0,0,0,0,0,0,0,0,1,5,0,0,0,0,0,2,0,0,0,0,0,0,0,0,17,1,0
C:\Users\user\Desktop\STUFF A LOT OF 'EM\er\Design_Pattern\argouml\org\argouml\uml\cognitive\critics\WizCueCards.java,org.argouml.uml.cognitive.critics.WizCueCards,class,3,4,1,3,8,3,0,5,9,0.75,0.0,0.0,6,0,6,0,0,0,6,0,0,0,2,0,0,2,0,0,0,0,0,24,4,0,1,0,0,0,1,3,1,3,1,0,0,0,70,1,0
C:\Users\user\Desktop\STUFF A LOT OF 'EM\er\Design_Pattern\argouml\org\argouml\uml\ui\UMLAddDialog.java,org.argouml.uml.ui.UMLAddDialog,class,3,5,2,3,41,5,0,44,16,0.7435897,0.0,0.0,13,0,12,0,1,0,13,0,0,0,12,0,0,12,0,0,0,0,7,206,5,7,13,0,4,8,29,49,0,36,2,1,0,0,177,1,0
C:\Users\user\Desktop\STUFF A LOT OF 'EM\er\Design_Pattern\argouml\org\argouml\persistence\TodoListMemberFilePersister.java,org.argouml.persistence.TodoListMemberFilePersister,class,9,10,1,9,10,2,0,13,3,0.6666667,0.0,0.0,3,0,3,0,0,0,3,0,1,0,2,2,0,2,0,0,2,0,1,56,1,0,2,4,0,7,0,7,0,7,2,0,0,0,69,1,2
C:\Users\user\Desktop\STUFF A LOT OF 'EM\er\Design_Pattern\argouml\org\argouml\uml\ui\behavior\common_behavior\ActionNewAction.java,org.argouml.uml.ui.behavior.common_behavior.ActionNewAction$Roles,interface,0,0,0,0,0,1,0,0,0,NaN,-1.0,-1.0,0,0,0,0,0,0,0,0,0,0,5,0,0,0,0,5,0,0,0,7,0,0,0,0,0,5,0,5,0,5,0,0,0,0,30,9,0
C:\Users\user\Desktop\STUFF A LOT OF 'EM\er\Design_Pattern\argouml\org\argouml\ui\ShadowComboBox.java,org.argouml.ui.ShadowComboBox,class,4,6,2,4,1,9,0,3,0,1.0,NaN,NaN,1,0,1,0,0,0,1,0,0,0,1,1,0,1,0,0,0,0,1,69,0,0,0,0,0,9,0,1,0,1,0,0,2,0,21,1,0
C:\Users\user\Desktop\STUFF A LOT OF 'EM\er\Design_Pattern\argouml\org\argouml\uml\ui\behavior\use_cases\ActionAddExtendExtensionPoint.java,org.argouml.uml.ui.behavior.use_cases.ActionAddExtendExtensionPoint,class,2,4,2,2,7,2,0,8,15,0.8333333,0.0,0.0,6,1,1,0,5,0,6,0,0,0,1,1,0,1,0,0,1,0,0,29,4,0,1,0,0,1,0,5,0,5,1,0,0,0,38,1,0
C:\Users\user\Desktop\STUFF A LOT OF 'EM\er\Design_Pattern\argouml\org\argouml\ui\cmd\PrintManager.java,org.argouml.ui.cmd.PrintManager,class,5,8,3,5,5,1,0,7,4,0.625,0.0,0.0,4,1,3,1,0,0,3,0,0,0,2,1,0,2,0,0,2,0,1,20,1,0,0,0,1,0,0,4,0,4,1,0,0,0,26,1,0
C:\Users\user\Desktop\STUFF A LOT OF 'EM\er\Design_Pattern\argouml\org\argouml\uml\ui\behavior\activity_graphs\PropPanelActionState.java,org.argouml.uml.ui.behavior.activity_graphs.PropPanelActionState,class,2,3,1,2,2,2,1,10,1,0.0,0.0,0.0,2,0,2,0,0,0,2,0,0,0,0,0,0,0,0,0,0,0,0,14,0,0,0,0,0,7,0,0,0,0,0,0,0,0,35,1,0
C:\Users\user\Desktop\STUFF A LOT OF 'EM\er\Design_Pattern\argouml\org\argouml\uml\diagram\ui\FigNodeModelElement.java,org.argouml.uml.diagram.ui.FigNodeModelElement$ActionModifierLeaf,innerclass,1,1,0,1,2,2,0,5,0,0.0,0.0,0.0,2,0,2,0,0,0,2,0,0,0,1,0,0,1,0,0,0,0,0,11,0,0,0,0,0,2,0,1,0,1,0,0,0,0,19,0,0
C:\Users\user\Desktop\STUFF A LOT OF 'EM\er\Design_Pattern\argouml\org\argouml\uml\cognitive\critics\CrUselessInterface.java,org.argouml.uml.cognitive.critics.CrUselessInterface,class,2,3,1,2,6,3,0,14,1,0.0,0.0,0.0,2,0,2,0,0,0,2,0,0,0,0,0,0,0,0,0,0,0,0,16,4,1,0,0,0,1,0,1,0,1,2,0,0,0,50,1,0
C:\Users\user\Desktop\STUFF A LOT OF 'EM\er\Design_Pattern\argouml\org\argouml\uml\ui\behavior\collaborations\PropPanelAssociationEndRole.java,org.argouml.uml.ui.behavior.collaborations.PropPanelAssociationEndRole,class,4,5,1,4,2,2,0,9,1,0.0,0.0,0.0,2,0,1,0,1,0,2,0,0,0,0,0,0,0,0,0,0,0,0,15,0,0,0,0,0,3,1,1,0,1,0,0,0,0,36,1,0
C:\Users\user\Desktop\STUFF A LOT OF 'EM\er\Design_Pattern\argouml\org\argouml\ui\ProjectBrowser.java,org.argouml.ui.ProjectBrowser,class,29,53,24,29,99,7,0,89,637,0.94378,0.0,0.0,38,2,32,4,2,0,34,0,0,2,22,4,2,20,0,0,2,0,35,362,22,7,34,0,2,18,18,60,4,56,2,0,1,0,341,1,0
C:\Users\user\Desktop\STUFF A LOT OF 'EM\er\Design_Pattern\argouml\org\argouml\uml\diagram\ui\PropPanelUMLSequenceDiagram.java,org.argouml.uml.diagram.ui.PropPanelUMLSequenceDiagram,class,1,1,0,1,1,3,0,1,0,0.0,NaN,NaN,1,0,1,0,0,0,1,0,0,0,0,0,0,0,0,0,0,0,0,5,0,0,0,0,0,1,0,0,0,0,0,0,0,0,9,1,0
C:\Users\user\Desktop\STUFF A LOT OF 'EM\er\Design_Pattern\argouml\org\argouml\uml\ui\foundation\core\UMLAssociationEndAssociationListModel.java,org.argouml.uml.ui.foundation.core.UMLAssociationEndAssociationListModel,class,1,2,1,1,4,4,0,7,3,0.0,0.0,0.0,3,0,1,0,2,0,3,0,0,0,0,0,0,0,0,0,0,0,0,14,1,0,1,0,0,1,0,0,0,0,1,0,0,0,23,1,0
C:\Users\user\Desktop\STUFF A LOT OF 'EM\er\Design_Pattern\argouml\org\argouml\application\helpers\ResourceBundleHelper.java,org.argouml.application.helpers.ResourceBundleHelper,class,2,2,0,2,6,3,0,4,15,0.0,0.0,0.0,6,0,6,0,0,0,6,0,0,0,0,0,0,0,0,0,0,0,0,20,5,0,0,0,0,0,0,0,0,0,0,0,0,0,28,1025,0
C:\Users\user\Desktop\STUFF A LOT OF 'EM\er\Design_Pattern\argouml\org\argouml\ui\explorer\TreeModelUMLEventListener.java,org.argouml.ui.explorer.TreeModelUMLEventListener,interface,0,2,2,0,4,1,0,0,6,0.0,0.0,0.0,4,0,4,0,0,0,4,0,0,0,0,0,0,0,0,0,0,0,0,6,0,0,0,0,0,0,0,0,0,0,0,0,0,0,32,1,0
C:\Users\user\Desktop\STUFF A LOT OF 'EM\er\Design_Pattern\argouml\org\argouml\uml\ui\UMLTextArea2.java,org.argouml.uml.ui.UMLTextArea2,class,3,6,3,3,3,6,0,5,3,0.0,0.0,0.0,3,0,3,0,0,0,3,0,0,0,0,0,0,0,0,0,0,0,0,15,1,0,0,0,2,0,0,0,0,0,0,0,0,0,35,1,0
C:\Users\user\Desktop\STUFF A LOT OF 'EM\er\Design_Pattern\argouml\org\argouml\uml\cognitive\critics\CrNavFromInterface.java,org.argouml.uml.cognitive.critics.CrNavFromInterface,class,2,3,1,2,9,3,0,14,1,0.0,0.0,0.0,2,0,2,0,0,0,2,0,0,0,0,0,0,0,0,0,0,0,0,33,4,1,0,0,1,1,0,7,0,5,2,0,0,0,158,1,0
C:\Users\user\Desktop\STUFF A LOT OF 'EM\er\Design_Pattern\argouml\org\argouml\uml\ui\behavior\common_behavior\PopupMenuNewAction.java,org.argouml.uml.ui.behavior.common_behavior.PopupMenuNewAction,class,10,14,4,10,1,5,0,17,0,0.0,NaN,NaN,1,0,1,0,0,0,1,0,0,0,0,0,0,0,0,0,0,0,22,32,0,0,0,0,0,1,0,1,0,1,0,0,0,0,52,1,0
C:\Users\user\Desktop\STUFF A LOT OF 'EM\er\Design_Pattern\argouml\org\argouml\uml\ui\foundation\core\ActionAddParameter.java,org.argouml.uml.ui.foundation.core.ActionAddParameter,class,2,3,1,2,4,2,0,16,1,0.0,0.0,0.0,2,0,2,0,0,0,2,0,0,0,0,0,0,0,0,0,0,0,0,21,0,0,1,0,0,3,0,7,0,6,2,0,0,0,40,0,0
C:\Users\user\Desktop\STUFF A LOT OF 'EM\er\Design_Pattern\argouml\org\argouml\uml\diagram\sequence\EmptyNode.java,org.argouml.uml.diagram.sequence.EmptyNode,class,1,2,1,1,1,2,0,0,0,0.0,NaN,NaN,1,0,1,0,0,0,1,0,0,0,0,0,0,0,0,0,0,0,0,4,0,0,0,0,0,0,0,0,0,0,0,0,0,0,6,1,0
C:\Users\user\Desktop\STUFF A LOT OF 'EM\er\Design_Pattern\argouml\org\argouml\cognitive\ui\ToDoByDecision.java,org.argouml.cognitive.ui.ToDoByDecision,class,13,15,2,13,21,5,0,18,4,0.4,0.0,0.0,5,0,5,0,0,0,5,0,0,0,1,1,0,1,0,0,1,0,6,92,0,8,2,0,0,5,20,49,0,36,3,0,0,0,61,1,4
C:\Users\user\Desktop\STUFF A LOT OF 'EM\er\Design_Pattern\argouml\org\argouml\uml\ui\foundation\core\PropPanelParameter.java,org.argouml.uml.ui.foundation.core.PropPanelParameter,class,17,18,1,17,4,4,0,18,1,0.5,0.0,0.0,2,0,2,0,0,0,2,0,0,0,2,1,0,2,0,0,0,0,7,32,1,0,2,0,0,12,1,4,0,4,2,0,0,0,56,1,0
C:\Users\user\Desktop\STUFF A LOT OF 'EM\er\Design_Pattern\argouml\org\argouml\uml\ui\behavior\state_machines\PropPanelPseudostate.java,org.argouml.uml.ui.behavior.state_machines.PropPanelPseudostate,class,5,5,0,5,11,5,0,24,1,0.0,0.0,0.0,2,0,2,0,0,0,2,0,0,0,0,0,0,0,0,0,0,0,1,39,0,0,0,0,3,13,0,2,0,2,2,0,0,0,59,1,0
C:\Users\user\Desktop\STUFF A LOT OF 'EM\er\Design_Pattern\argouml\org\argouml\uml\ui\behavior\state_machines\UMLSynchStateBoundDocument.java,org.argouml.uml.ui.behavior.state_machines.UMLSynchStateBoundDocument,class,1,2,1,1,7,4,0,11,6,0.0,0.0,0.0,4,0,2,0,2,0,4,0,0,0,0,0,0,0,0,0,0,0,3,22,2,0,0,1,0,3,2,2,0,2,1,0,0,0,27,1,0
C:\Users\user\Desktop\STUFF A LOT OF 'EM\er\Design_Pattern\argouml\org\argouml\ui\explorer\PerspectiveManagerListener.java,org.argouml.ui.explorer.PerspectiveManagerListener,interface,0,2,2,0,2,1,0,0,1,0.0,0.0,0.0,2,0,2,0,0,0,2,0,0,0,0,0,0,0,0,0,0,0,0,4,0,0,0,0,0,0,0,0,0,0,0,0,0,0,19,1,0
C:\Users\user\Desktop\STUFF A LOT OF 'EM\er\Design_Pattern\argouml\org\argouml\persistence\LastLoadInfo.java,org.argouml.persistence.LastLoadInfo,class,1,4,3,1,6,1,0,0,11,0.72222227,0.0,0.0,6,1,5,1,0,0,5,0,0,0,3,1,0,3,0,0,1,0,0,22,3,0,0,0,0,0,0,4,0,3,0,0,0,0,39,1,0
C:\Users\user\Desktop\STUFF A LOT OF 'EM\er\Design_Pattern\argouml\org\argouml\uml\diagram\layout\LayoutedEdge.java,org.argouml.uml.diagram.layout.LayoutedEdge,interface,1,2,1,1,1,1,0,0,0,0.0,NaN,NaN,1,0,1,0,0,0,1,0,0,0,0,0,0,0,0,0,0,0,0,3,0,0,0,0,0,0,0,0,0,0,0,0,0,0,14,1,0
C:\Users\user\Desktop\STUFF A LOT OF 'EM\er\Design_Pattern\argouml\org\argouml\uml\ui\TabConstraints.java,org.argouml.uml.ui.TabConstraints$ConstraintModel,innerclass,6,6,0,6,41,1,0,28,6,0.5833333,0.0,0.0,12,0,7,1,4,0,11,0,0,0,3,0,0,3,0,0,0,0,4,252,7,5,13,0,13,7,22,30,10,21,3,0,1,0,114,10,0
C:\Users\user\Desktop\STUFF A LOT OF 'EM\er\Design_Pattern\argouml\org\argouml\application\api\AboutTabPanel.java,org.argouml.application.api.AboutTabPanel,interface,0,2,2,0,2,1,0,0,1,0.0,0.0,0.0,2,0,0,0,0,2,2,0,0,0,0,0,0,0,0,0,0,0,0,4,0,0,0,0,0,0,0,0,0,0,0,0,0,0,24,1,0
C:\Users\user\Desktop\STUFF A LOT OF 'EM\er\Design_Pattern\argouml\org\argouml\uml\diagram\ProjectMemberDiagram.java,org.argouml.uml.diagram.ProjectMemberDiagram,class,4,6,2,4,5,2,0,4,8,0.73333335,0.0,0.0,5,0,4,0,1,0,5,0,0,0,3,2,0,3,0,0,2,0,0,23,3,0,0,0,0,2,0,4,0,4,0,0,0,0,35,1,0
C:\Users\user\Desktop\STUFF A LOT OF 'EM\er\Design_Pattern\argouml\org\argouml\uml\ui\foundation\core\ActionSetAssociationEndType.java,org.argouml.uml.ui.foundation.core.ActionSetAssociationEndType,class,3,5,2,3,9,3,0,14,3,0.6666667,0.0,0.0,3,1,2,0,1,0,3,0,0,0,1,1,0,1,0,0,1,0,0,32,1,0,3,0,0,1,0,12,0,7,2,0,0,0,36,1,0
C:\Users\user\Desktop\STUFF A LOT OF 'EM\er\Design_Pattern\argouml\org\argouml\ui\explorer\rules\GoStimulusToAction.java,org.argouml.ui.explorer.rules.GoStimulusToAction,class,2,3,1,2,5,2,0,6,3,0.0,0.0,0.0,3,0,3,0,0,0,3,0,0,0,0,0,0,0,0,0,0,0,1,21,5,0,0,0,0,1,0,4,0,4,1,0,0,0,22,1,0
C:\Users\user\Desktop\STUFF A LOT OF 'EM\er\Design_Pattern\argouml\org\argouml\ui\explorer\rules\GoBehavioralFeatureToStateMachine.java,org.argouml.ui.explorer.rules.GoBehavioralFeatureToStateMachine,class,2,3,1,2,5,2,0,5,3,0.0,0.0,0.0,3,0,3,0,0,0,3,0,0,0,0,0,0,0,0,0,0,0,1,19,5,0,0,0,0,1,0,1,0,1,1,0,0,0,32,1,0
C:\Users\user\Desktop\STUFF A LOT OF 'EM\er\Design_Pattern\argouml\org\argouml\uml\reveng\java\ArgoToken.java,org.argouml.uml.reveng.java.ArgoToken,class,1,3,2,1,2,2,0,0,0,0.0,0.0,0.0,2,0,2,0,0,0,2,0,0,0,1,0,0,1,0,0,0,0,0,9,1,0,0,0,0,0,0,1,0,1,0,0,0,0,25,1,0
C:\Users\user\Desktop\STUFF A LOT OF 'EM\er\Design_Pattern\argouml\org\argouml\uml\diagram\ui\TabDiagram.java,org.argouml.uml.diagram.ui.ArgoJGraph,class,6,7,1,6,6,2,0,2,10,0.0,0.0,0.0,5,0,5,0,0,0,5,0,0,0,0,0,0,0,0,0,0,0,0,22,2,0,1,0,0,0,1,0,0,0,1,0,0,0,122,0,0
C:\Users\user\Desktop\STUFF A LOT OF 'EM\er\Design_Pattern\argouml\org\argouml\uml\ui\ActionRemoveFromModel.java,org.argouml.uml.ui.ActionRemoveFromModel,class,10,13,3,10,38,2,0,48,21,0.0,0.0,0.0,7,2,5,1,1,0,6,0,0,0,0,0,0,0,0,0,0,0,8,150,11,1,7,1,8,11,12,50,2,27,3,0,0,0,143,1,0
C:\Users\user\Desktop\STUFF A LOT OF 'EM\er\Design_Pattern\argouml\org\argouml\uml\ui\foundation\core\PropPanelNamespace.java,org.argouml.uml.ui.foundation.core.PropPanelNamespace,class,5,10,5,5,10,4,3,12,15,0.8333333,0.0,0.0,6,0,6,0,0,0,6,0,0,0,2,1,0,2,0,0,0,0,0,44,1,0,1,0,0,0,0,12,0,12,1,0,0,0,50,1025,0
C:\Users\user\Desktop\STUFF A LOT OF 'EM\er\Design_Pattern\argouml\org\argouml\uml\cognitive\critics\CrInvalidFork.java,org.argouml.uml.cognitive.critics.CrInvalidFork,class,2,3,1,2,8,3,0,11,1,0.0,0.0,0.0,2,0,2,0,0,0,2,0,0,0,0,0,0,0,0,0,0,0,0,27,5,0,3,0,1,1,4,5,0,5,1,0,0,0,57,1,0
C:\Users\user\Desktop\STUFF A LOT OF 'EM\er\Design_Pattern\argouml\org\argouml\uml\cognitive\ProjectMemberTodoList.java,org.argouml.uml.cognitive.ProjectMemberTodoList,class,7,7,0,7,12,2,0,8,10,0.8,0.0,0.0,5,0,5,0,0,0,5,0,0,0,1,1,0,1,0,0,1,0,0,58,4,2,2,2,0,2,2,11,0,11,3,0,0,0,68,1,0
C:\Users\user\Desktop\STUFF A LOT OF 'EM\er\Design_Pattern\argouml\org\argouml\application\configuration\ConfigurationKeyImpl.java,org.argouml.application.configuration.ConfigurationKeyImpl,class,1,2,1,1,10,1,0,3,0,0.0,0.0,0.0,9,0,9,0,0,0,9,0,1,0,1,0,0,1,0,0,0,0,0,33,4,0,1,0,0,18,0,7,7,1,1,0,0,0,65,1,0
C:\Users\user\Desktop\STUFF A LOT OF 'EM\er\Design_Pattern\argouml\org\argouml\uml\cognitive\critics\CrNoIncomingTransitions.java,org.argouml.uml.cognitive.critics.CrNoIncomingTransitions,class,2,3,1,2,14,3,0,18,1,0.0,0.0,0.0,2,0,2,0,0,0,2,0,0,0,0,0,0,0,0,0,0,0,0,39,6,0,4,0,1,1,1,6,0,5,2,0,0,0,66,1,0
C:\Users\user\Desktop\STUFF A LOT OF 'EM\er\Design_Pattern\argouml\org\argouml\uml\ui\foundation\core\ActionSetGeneralizableElementLeaf.java,org.argouml.uml.ui.foundation.core.ActionSetGeneralizableElementLeaf,class,3,5,2,3,6,3,0,10,3,0.6666667,0.0,0.0,3,1,2,0,1,0,3,0,0,0,1,1,0,1,0,0,1,0,0,19,1,0,0,0,0,1,0,3,0,3,2,0,0,0,30,1,0
C:\Users\user\Desktop\STUFF A LOT OF 'EM\er\Design_Pattern\argouml\org\argouml\uml\ui\foundation\core\UMLGeneralizationParentListModel.java,org.argouml.uml.ui.foundation.core.UMLGeneralizationParentListModel,class,1,2,1,1,5,4,0,5,3,0.0,0.0,0.0,3,0,1,0,2,0,3,0,0,0,0,0,0,0,0,0,0,0,0,15,2,0,2,0,1,1,0,0,0,0,1,0,0,0,21,1,0
C:\Users\user\Desktop\STUFF A LOT OF 'EM\er\Design_Pattern\argouml\org\argouml\model\uml\UseCasesFactoryImpl.java,org.argouml.model.uml.UseCasesFactoryImpl,class,11,14,3,11,36,2,0,32,141,0.68421054,0.0,0.0,19,0,11,1,0,7,18,0,0,0,1,0,0,1,0,0,0,0,0,151,13,0,8,0,10,10,0,24,3,22,2,0,0,0,132,1,0
C:\Users\user\Desktop\STUFF A LOT OF 'EM\er\Design_Pattern\argouml\org\argouml\uml\cognitive\checklist\UMLCheckItem.java,org.argouml.uml.cognitive.checklist.UMLCheckItem,class,5,7,2,5,5,2,0,9,3,0.6666667,0.0,0.0,3,0,3,0,0,0,3,0,0,0,1,1,0,1,0,0,1,0,1,29,1,1,1,1,0,4,5,10,6,6,2,0,0,0,54,1,2
C:\Users\user\Desktop\STUFF A LOT OF 'EM\er\Design_Pattern\argouml\org\argouml\ui\explorer\PerspectiveConfigurator.java,org.argouml.ui.explorer.PerspectiveConfigurator$RemovePerspectiveListener,innerclass,1,1,0,1,3,1,0,6,0,0.0,NaN,NaN,1,0,1,0,0,0,1,0,0,0,0,0,0,0,0,0,0,0,0,13,0,0,1,0,0,0,3,1,0,1,1,0,0,0,17,0,0
C:\Users\user\Desktop\STUFF A LOT OF 'EM\er\Design_Pattern\argouml\org\argouml\uml\reveng\Import.java,org.argouml.uml.reveng.Import$ProblemsDialog$Anonymous4,anonymous,1,1,0,1,1,1,0,1,0,0.0,NaN,NaN,1,0,1,0,0,0,1,0,0,0,0,0,0,0,0,0,0,0,0,5,0,0,0,0,0,0,0,0,0,0,0,0,0,0,7,-1,0
C:\Users\user\Desktop\STUFF A LOT OF 'EM\er\Design_Pattern\argouml\org\argouml\uml\diagram\static_structure\ui\SelectionComment.java,org.argouml.uml.diagram.static_structure.ui.SelectionComment,class,13,15,2,13,25,4,0,34,34,0.8333334,0.0,0.0,9,0,4,0,5,0,9,0,0,0,2,2,0,2,0,0,1,0,0,119,10,0,5,0,0,7,29,51,30,33,1,0,0,0,84,1,1
C:\Users\user\Desktop\STUFF A LOT OF 'EM\er\Design_Pattern\argouml\org\argouml\cognitive\checklist\ui\TabChecklist.java,org.argouml.cognitive.checklist.ui.TableModelChecklist,class,8,10,2,8,29,2,0,20,41,0.7878788,0.0,0.0,11,0,11,0,0,0,11,0,0,0,3,1,0,3,0,0,1,0,7,106,18,0,13,0,3,8,13,11,4,11,2,1,0,0,81,0,1
C:\Users\user\Desktop\STUFF A LOT OF 'EM\er\Design_Pattern\argouml\org\argouml\uml\ui\foundation\extension_mechanisms\ActionNewStereotype.java,org.argouml.uml.ui.foundation.extension_mechanisms.ActionNewStereotype,class,3,41,38,3,6,2,0,19,1,0.0,0.0,0.0,2,0,2,0,0,0,2,0,0,0,0,0,0,0,0,0,0,0,0,22,0,0,0,0,1,2,0,7,0,6,2,0,0,0,30,1,0
C:\Users\user\Desktop\STUFF A LOT OF 'EM\er\Design_Pattern\argouml\org\argouml\uml\ui\foundation\core\UMLModelElementStereotypeComboBoxModel.java,org.argouml.uml.ui.foundation.core.UMLModelElementStereotypeComboBoxModel,class,2,4,2,2,9,3,0,26,10,0.0,0.0,0.0,5,1,1,1,3,0,4,0,0,0,0,0,0,0,0,0,0,0,1,52,3,1,1,0,0,2,1,9,0,8,2,1,0,0,71,1,0
C:\Users\user\Desktop\STUFF A LOT OF 'EM\er\Design_Pattern\argouml\org\argouml\uml\ui\foundation\core\UMLStructuralFeatureChangeabilityRadioButtonPanel.java,org.argouml.uml.ui.foundation.core.UMLStructuralFeatureChangeabilityRadioButtonPanel,class,2,3,1,2,8,6,0,12,1,0.5,0.0,0.0,2,0,2,0,0,0,3,0,0,0,1,1,0,1,0,0,0,0,1,29,0,0,2,0,0,4,0,3,0,3,2,0,0,0,34,1,0
C:\Users\user\Desktop\STUFF A LOT OF 'EM\er\Design_Pattern\argouml\org\argouml\uml\ui\behavior\common_behavior\PropPanelNodeInstance.java,org.argouml.uml.ui.behavior.common_behavior.PropPanelNodeInstance,class,14,15,1,14,1,5,0,13,0,0.0,NaN,NaN,1,0,1,0,0,0,1,0,0,0,0,0,0,0,0,0,0,0,4,20,0,0,0,0,0,11,0,3,0,3,0,0,0,0,47,1,0
C:\Users\user\Desktop\STUFF A LOT OF 'EM\er\Design_Pattern\argouml\org\argouml\kernel\Project.java,org.argouml.kernel.Project,class,27,71,44,27,168,1,0,135,2508,0.93636364,0.0,0.0,80,0,69,7,4,0,73,0,0,0,22,3,0,21,0,1,3,0,18,650,50,14,31,2,9,35,20,134,13,82,4,0,1,0,363,1,16
C:\Users\user\Desktop\STUFF A LOT OF 'EM\er\Design_Pattern\argouml\org\argouml\ui\ZoomSliderButton.java,org.argouml.ui.ZoomSliderButton$Anonymous3,anonymous,1,1,0,1,1,1,0,1,0,0.0,NaN,NaN,1,0,1,0,0,0,1,0,0,0,0,0,0,0,0,0,0,0,0,5,0,0,0,0,0,0,0,0,0,0,0,0,0,0,8,-1,0
C:\Users\user\Desktop\STUFF A LOT OF 'EM\er\Design_Pattern\argouml\org\argouml\uml\TMResults.java,org.argouml.uml.TMResults,class,3,4,1,3,40,2,0,18,29,0.6969697,0.0,0.0,11,0,10,1,0,0,10,0,0,0,3,0,0,3,0,0,0,0,0,93,26,0,7,0,3,17,24,15,1,12,3,0,0,0,91,1,0
C:\Users\user\Desktop\STUFF A LOT OF 'EM\er\Design_Pattern\argouml\org\argouml\ui\ZoomSliderButton.java,org.argouml.ui.ZoomSliderButton$Anonymous2,anonymous,1,1,0,1,1,1,0,1,0,0.0,NaN,NaN,1,0,1,0,0,0,1,0,0,0,0,0,0,0,0,0,0,0,0,5,0,0,0,0,0,0,0,0,0,0,0,0,0,0,8,-1,0
C:\Users\user\Desktop\STUFF A LOT OF 'EM\er\Design_Pattern\argouml\org\argouml\ui\ZoomSliderButton.java,org.argouml.ui.ZoomSliderButton$Anonymous1,anonymous,1,1,0,1,1,1,0,1,0,0.0,NaN,NaN,1,0,1,0,0,0,1,0,0,0,0,0,0,0,0,0,0,0,0,5,0,0,0,0,0,0,0,0,0,0,0,0,0,0,8,-1,0
C:\Users\user\Desktop\STUFF A LOT OF 'EM\er\Design_Pattern\argouml\org\argouml\uml\ui\behavior\common_behavior\PropPanelDestroyAction.java,org.argouml.uml.ui.behavior.common_behavior.PropPanelDestroyAction,class,2,2,0,2,1,5,0,1,0,0.0,NaN,NaN,1,0,1,0,0,0,1,0,0,0,0,0,0,0,0,0,0,0,1,5,0,0,0,0,0,2,0,0,0,0,0,0,0,0,17,1,0
C:\Users\user\Desktop\STUFF A LOT OF 'EM\er\Design_Pattern\argouml\org\argouml\cognitive\ToDoListListener.java,org.argouml.cognitive.ToDoListListener,interface,1,9,8,1,4,1,0,0,6,0.0,0.0,0.0,4,0,0,0,0,4,4,0,0,0,0,0,0,0,0,0,0,0,0,6,0,0,0,0,0,0,0,0,0,0,0,0,0,0,25,1,0
C:\Users\user\Desktop\STUFF A LOT OF 'EM\er\Design_Pattern\argouml\org\argouml\uml\cognitive\critics\CrComponentInstanceWithoutClassifier.java,org.argouml.uml.cognitive.critics.CrComponentInstanceWithoutClassifier,class,9,10,1,9,17,3,0,19,10,0.0,0.0,0.0,5,0,5,0,0,0,5,0,0,0,0,0,0,0,0,0,0,0,0,56,7,1,7,0,4,0,1,17,0,15,4,0,0,0,94,1,0
C:\Users\user\Desktop\STUFF A LOT OF 'EM\er\Design_Pattern\argouml\org\argouml\model\uml\UmlHelperImpl.java,org.argouml.model.uml.UmlHelperImpl,class,21,23,2,21,39,1,0,33,0,0.5588235,0.0,0.0,17,0,15,0,1,1,17,0,0,0,2,1,0,2,0,0,1,0,0,127,21,3,3,1,7,6,4,12,3,10,4,0,0,0,146,0,2
C:\Users\user\Desktop\STUFF A LOT OF 'EM\er\Design_Pattern\argouml\org\argouml\uml\diagram\layout\Layouter.java,org.argouml.uml.diagram.layout.Layouter,interface,1,2,1,1,6,1,0,0,15,0.0,0.0,0.0,6,0,0,0,0,6,6,0,0,0,0,0,0,0,0,0,0,0,0,8,0,0,0,0,0,0,0,0,0,0,0,0,0,0,53,1,0
C:\Users\user\Desktop\STUFF A LOT OF 'EM\er\Design_Pattern\argouml\org\argouml\uml\ui\UMLExpressionExpressionModel.java,org.argouml.uml.ui.UMLExpressionExpressionModel,class,2,3,1,2,4,2,0,8,6,0.0,0.0,0.0,4,0,4,0,0,0,4,0,0,0,0,0,0,0,0,0,0,0,0,14,2,0,0,0,0,2,0,0,0,0,0,0,0,0,32,1,0
C:\Users\user\Desktop\STUFF A LOT OF 'EM\er\Design_Pattern\argouml\org\argouml\ui\explorer\rules\GoStateToInternalTrans.java,org.argouml.ui.explorer.rules.GoStateToInternalTrans,class,2,3,1,2,5,2,0,5,3,0.0,0.0,0.0,3,0,3,0,0,0,3,0,0,0,0,0,0,0,0,0,0,0,1,19,5,0,0,0,0,1,0,1,0,1,1,0,0,0,19,1,0
C:\Users\user\Desktop\STUFF A LOT OF 'EM\er\Design_Pattern\argouml\org\argouml\uml\diagram\state\ui\FigShallowHistoryState.java,org.argouml.uml.diagram.state.ui.FigShallowHistoryState,class,2,4,2,2,3,5,0,0,3,0.0,0.0,0.0,3,0,3,0,0,0,3,0,0,0,0,0,0,0,0,0,0,0,0,11,1,0,0,0,0,1,0,0,0,0,0,0,0,0,31,1,0
C:\Users\user\Desktop\STUFF A LOT OF 'EM\er\Design_Pattern\argouml\org\argouml\uml\ui\foundation\core\UMLModelElementElementResidenceListModel.java,org.argouml.uml.ui.foundation.core.UMLModelElementElementResidenceListModel,class,1,2,1,1,3,4,0,6,3,0.0,0.0,0.0,3,0,1,0,2,0,3,0,0,0,0,0,0,0,0,0,0,0,0,11,1,0,0,0,0,1,0,0,0,0,0,0,0,0,20,1,0
C:\Users\user\Desktop\STUFF A LOT OF 'EM\er\Design_Pattern\argouml\org\argouml\uml\ui\behavior\state_machines\UMLTransitionSourceListModel.java,org.argouml.uml.ui.behavior.state_machines.UMLTransitionSourceListModel,class,1,2,1,1,4,4,0,5,3,0.0,0.0,0.0,3,0,1,0,2,0,3,0,0,0,0,0,0,0,0,0,0,0,0,12,1,0,1,0,0,1,0,0,0,0,0,0,0,0,22,1,0
C:\Users\user\Desktop\STUFF A LOT OF 'EM\er\Design_Pattern\argouml\org\argouml\ui\explorer\rules\GoModelElementToComment.java,org.argouml.ui.explorer.rules.GoModelElementToComment,class,2,3,1,2,5,2,0,5,3,0.0,0.0,0.0,3,0,3,0,0,0,3,0,0,0,0,0,0,0,0,0,0,0,1,19,5,0,0,0,0,1,0,1,0,1,1,0,0,0,28,1,0
C:\Users\user\Desktop\STUFF A LOT OF 'EM\er\Design_Pattern\argouml\org\argouml\uml\cognitive\critics\CrNoInitialState.java,org.argouml.uml.cognitive.critics.CrNoInitialState,class,2,3,1,2,9,3,0,16,1,0.0,0.0,0.0,2,0,2,0,0,0,2,0,0,0,0,0,0,0,0,0,0,0,0,32,5,1,3,0,2,1,2,6,0,6,2,0,0,0,53,1,0
C:\Users\user\Desktop\STUFF A LOT OF 'EM\er\Design_Pattern\argouml\org\argouml\ui\FindDialog.java,org.argouml.ui.FindDialog,class,12,14,2,12,40,3,0,104,158,0.89473695,0.0,0.0,21,1,19,1,1,0,20,0,0,0,19,4,0,19,0,0,1,0,41,309,2,1,9,0,4,31,75,97,5,50,2,0,0,0,176,1,0
C:\Users\user\Desktop\STUFF A LOT OF 'EM\er\Design_Pattern\argouml\org\argouml\uml\ui\behavior\state_machines\ActionSetCompositeStateConcurrent.java,org.argouml.uml.ui.behavior.state_machines.ActionSetCompositeStateConcurrent,class,3,5,2,3,5,3,0,9,3,0.6666667,0.0,0.0,3,1,2,0,1,0,3,0,0,0,1,1,0,1,0,0,1,0,0,20,1,0,0,0,0,1,0,4,0,4,2,0,0,0,31,1,0
C:\Users\user\Desktop\STUFF A LOT OF 'EM\er\Design_Pattern\argouml\org\argouml\uml\diagram\layout\LayoutedNode.java,org.argouml.uml.diagram.layout.LayoutedNode,interface,1,2,1,1,3,1,0,0,3,0.0,0.0,0.0,3,0,0,0,0,3,3,0,0,0,0,0,0,0,0,0,0,0,0,5,0,0,0,0,0,0,0,0,0,0,0,0,0,0,35,1,0
C:\Users\user\Desktop\STUFF A LOT OF 'EM\er\Design_Pattern\argouml\org\argouml\uml\diagram\collaboration\ui\FigClassifierRole.java,org.argouml.uml.diagram.collaboration.ui.FigClassifierRole,class,9,12,3,9,43,3,0,68,39,0.65789473,0.0,0.0,19,0,15,0,4,0,19,0,0,0,2,1,0,2,0,0,1,0,5,180,11,1,12,1,8,11,29,50,14,35,2,0,0,0,273,1,0
C:\Users\user\Desktop\STUFF A LOT OF 'EM\er\Design_Pattern\argouml\org\argouml\uml\ui\behavior\collaborations\UMLMessagePredecessorListModel.java,org.argouml.uml.ui.behavior.collaborations.UMLMessagePredecessorListModel,class,1,2,1,1,6,4,0,11,3,0.0,0.0,0.0,3,0,1,0,2,0,3,0,0,0,0,0,0,0,0,0,0,0,0,16,1,1,2,0,0,1,0,2,0,2,1,0,0,0,25,1,0
C:\Users\user\Desktop\STUFF A LOT OF 'EM\er\Design_Pattern\argouml\org\argouml\uml\ui\behavior\state_machines\ActionSetStubStateReferenceState.java,org.argouml.uml.ui.behavior.state_machines.ActionSetStubStateReferenceState,class,3,5,2,3,6,3,0,8,3,0.6666667,0.0,0.0,3,1,2,0,1,0,3,0,0,0,1,1,0,1,0,0,1,0,0,20,1,0,2,0,0,1,0,4,0,4,3,0,0,0,30,1,0
C:\Users\user\Desktop\STUFF A LOT OF 'EM\er\Design_Pattern\argouml\org\argouml\uml\generator\ui\ClassGenerationDialog.java,org.argouml.uml.generator.ui.ClassGenerationDialog$TableModelClassChecks,innerclass,2,2,0,2,63,2,0,30,43,0.5714286,0.0,0.0,14,0,12,2,0,0,12,0,0,0,2,0,0,2,0,0,0,0,0,177,31,6,16,0,7,7,23,25,2,23,3,0,0,0,86,0,0
C:\Users\user\Desktop\STUFF A LOT OF 'EM\er\Design_Pattern\argouml\org\argouml\moduleloader\ModuleLoader2.java,org.argouml.moduleloader.ModuleLoader2$JarFileFilter,innerclass,0,0,0,0,1,1,0,5,0,0.0,NaN,NaN,1,0,1,0,0,0,1,0,0,0,0,0,0,0,0,0,0,0,0,5,1,0,0,0,1,1,0,0,0,0,0,0,0,0,5,0,0
C:\Users\user\Desktop\STUFF A LOT OF 'EM\er\Design_Pattern\argouml\org\argouml\uml\diagram\ui\FigNodeModelElement.java,org.argouml.uml.diagram.ui.FigNodeModelElement$ActionVisibilityPrivate,innerclass,1,1,0,1,2,2,0,9,0,0.0,0.0,0.0,2,0,2,0,0,0,2,0,0,0,1,0,0,1,0,0,0,0,0,11,0,0,0,0,0,2,0,1,0,1,0,0,0,0,21,0,0
C:\Users\user\Desktop\STUFF A LOT OF 'EM\er\Design_Pattern\argouml\org\argouml\uml\ui\behavior\collaborations\UMLClassifierRoleBaseListModel.java,org.argouml.uml.ui.behavior.collaborations.UMLClassifierRoleBaseListModel,class,1,2,1,1,3,4,0,6,3,0.0,0.0,0.0,3,0,1,0,2,0,3,0,0,0,0,0,0,0,0,0,0,0,0,11,1,0,0,0,0,1,0,0,0,0,0,0,0,0,28,1,0
C:\Users\user\Desktop\STUFF A LOT OF 'EM\er\Design_Pattern\argouml\org\argouml\uml\ui\behavior\state_machines\UMLGuardTransitionListModel.java,org.argouml.uml.ui.behavior.state_machines.UMLGuardTransitionListModel,class,1,2,1,1,4,4,0,5,3,0.0,0.0,0.0,3,0,1,0,2,0,3,0,0,0,0,0,0,0,0,0,0,0,0,12,1,0,1,0,0,1,0,0,0,0,0,0,0,0,30,1,0
C:\Users\user\Desktop\STUFF A LOT OF 'EM\er\Design_Pattern\argouml\org\argouml\uml\ui\behavior\collaborations\ActionAddMessagePredecessor.java,org.argouml.uml.ui.behavior.collaborations.ActionAddMessagePredecessor,class,2,3,1,2,9,3,0,8,15,0.8333333,0.0,0.0,6,1,1,0,5,0,6,0,0,0,1,1,0,1,0,0,1,0,0,29,5,0,3,0,0,3,0,4,0,4,1,0,0,0,48,1,0
C:\Users\user\Desktop\STUFF A LOT OF 'EM\er\Design_Pattern\argouml\org\argouml\uml\ui\behavior\collaborations\UMLClassifierRoleAvailableFeaturesListModel.java,org.argouml.uml.ui.behavior.collaborations.UMLClassifierRoleAvailableFeaturesListModel,class,4,6,2,4,21,4,0,29,15,0.0,0.0,0.0,6,0,4,0,2,0,6,0,0,0,0,0,0,0,0,0,0,0,0,60,2,2,4,0,1,10,3,9,1,8,2,0,0,0,53,1,0
C:\Users\user\Desktop\STUFF A LOT OF 'EM\er\Design_Pattern\argouml\org\argouml\ui\explorer\rules\GoTransitionToSource.java,org.argouml.ui.explorer.rules.GoTransitionToSource,class,2,3,1,2,5,2,0,6,3,0.0,0.0,0.0,3,0,3,0,0,0,3,0,0,0,0,0,0,0,0,0,0,0,1,21,5,0,0,0,0,1,0,2,0,2,1,0,0,0,21,1,0
C:\Users\user\Desktop\STUFF A LOT OF 'EM\er\Design_Pattern\argouml\org\argouml\ui\explorer\rules\GoElementToMachine.java,org.argouml.ui.explorer.rules.GoElementToMachine,class,2,3,1,2,5,2,0,5,3,0.0,0.0,0.0,3,0,3,0,0,0,3,0,0,0,0,0,0,0,0,0,0,0,1,19,5,0,0,0,0,1,0,1,0,1,1,0,0,0,20,1,0
C:\Users\user\Desktop\STUFF A LOT OF 'EM\er\Design_Pattern\argouml\org\argouml\uml\diagram\static_structure\ui\FigFeature.java,org.argouml.uml.diagram.static_structure.ui.FigFeature,class,4,6,2,4,2,4,0,0,1,0.0,0.0,0.0,2,0,2,0,0,0,2,0,0,0,0,0,0,0,0,0,0,0,0,40,1,0,0,0,0,0,0,0,0,0,0,0,1,0,34,1,0
C:\Users\user\Desktop\STUFF A LOT OF 'EM\er\Design_Pattern\argouml\org\argouml\uml\ui\ActionAddDiagram.java,org.argouml.uml.ui.ActionAddDiagram,class,5,13,8,5,14,2,6,18,10,0.8,0.0,0.0,5,0,4,1,0,0,4,2,0,0,1,1,0,1,0,0,1,0,0,47,1,0,4,0,0,2,0,13,0,8,3,0,0,0,69,1025,1
C:\Users\user\Desktop\STUFF A LOT OF 'EM\er\Design_Pattern\argouml\org\argouml\model\uml\XmiWriterImpl.java,org.argouml.model.uml.XmiWriterImpl,class,7,9,2,7,8,1,0,11,0,0.16666667,0.0,0.0,3,0,2,1,0,0,2,0,0,0,2,1,0,2,0,0,1,0,0,37,0,1,1,2,0,4,0,4,1,4,2,0,0,0,63,1,2
C:\Users\user\Desktop\STUFF A LOT OF 'EM\er\Design_Pattern\argouml\org\argouml\uml\reveng\java\JavaLexer.java,org.argouml.uml.reveng.java.JavaLexer,class,18,21,3,18,765,2,0,94,2918,0.983471,0.0,0.0,77,9,61,9,7,0,68,0,67,0,11,9,9,1,0,1,9,0,9,2156,13,28,216,2,217,78,373,443,62,279,8,0,0,0,170,1,0
C:\Users\user\Desktop\STUFF A LOT OF 'EM\er\Design_Pattern\argouml\org\argouml\uml\diagram\collaboration\ui\CollabDiagramRenderer.java,org.argouml.uml.diagram.collaboration.ui.CollabDiagramRenderer,class,15,17,2,15,9,2,0,9,0,0.0,0.0,0.0,2,0,2,0,0,0,2,0,0,0,1,1,0,1,0,0,1,0,0,35,9,0,0,0,0,2,0,4,0,4,1,0,0,0,82,1,2
C:\Users\user\Desktop\STUFF A LOT OF 'EM\er\Design_Pattern\argouml\org\argouml\cognitive\Offender.java,org.argouml.cognitive.Offender,interface,1,2,1,1,1,1,0,0,0,0.0,NaN,NaN,1,0,1,0,0,0,1,0,0,0,0,0,0,0,0,0,0,0,0,3,0,0,0,0,0,0,0,0,0,0,0,0,0,0,47,1,0
C:\Users\user\Desktop\STUFF A LOT OF 'EM\er\Design_Pattern\argouml\org\argouml\application\security\ArgoJarClassLoader.java,org.argouml.application.security.ArgoJarClassLoader,class,0,1,1,0,8,4,0,12,1,0.33333334,0.0,0.0,3,0,3,0,0,0,3,0,0,0,1,0,0,1,0,0,0,0,2,27,1,0,2,1,0,5,0,7,1,7,1,0,0,0,95,1,0
C:\Users\user\Desktop\STUFF A LOT OF 'EM\er\Design_Pattern\argouml\org\argouml\uml\ui\foundation\core\PropPanelRelationship.java,org.argouml.uml.ui.foundation.core.PropPanelRelationship,class,3,6,3,3,2,4,3,1,1,0.0,0.0,0.0,2,0,2,0,0,0,2,0,0,0,0,0,0,0,0,0,0,0,1,8,0,0,0,0,0,1,0,0,0,0,0,0,0,0,29,1,0
C:\Users\user\Desktop\STUFF A LOT OF 'EM\er\Design_Pattern\argouml\org\argouml\uml\ui\foundation\core\UMLStructuralFeatureTypeComboBoxModel.java,org.argouml.uml.ui.foundation.core.UMLStructuralFeatureTypeComboBoxModel,class,3,7,4,3,10,3,2,24,10,0.0,0.0,0.0,5,1,1,1,3,0,4,0,0,0,0,0,0,0,0,0,0,0,2,56,2,2,2,0,0,3,0,11,0,9,2,1,0,0,80,1,0
C:\Users\user\Desktop\STUFF A LOT OF 'EM\er\Design_Pattern\argouml\org\argouml\uml\ui\behavior\collaborations\UMLAssociationRoleAssociationEndRoleListModel.java,org.argouml.uml.ui.behavior.collaborations.UMLAssociationRoleAssociationEndRoleListModel,class,3,5,2,3,4,5,0,11,6,0.0,0.0,0.0,4,0,2,0,2,0,4,0,0,0,0,0,0,0,0,0,0,0,0,21,1,0,0,0,0,1,0,4,0,4,0,0,0,0,39,1,0
C:\Users\user\Desktop\STUFF A LOT OF 'EM\er\Design_Pattern\argouml\org\argouml\ui\explorer\rules\PerspectiveRule.java,org.argouml.ui.explorer.rules.PerspectiveRule,interface,0,5,5,0,3,1,0,0,3,0.0,0.0,0.0,3,0,3,0,0,0,3,0,0,0,0,0,0,0,0,0,0,0,0,5,0,0,0,0,0,0,0,0,0,0,0,0,0,0,47,1,0
C:\Users\user\Desktop\STUFF A LOT OF 'EM\er\Design_Pattern\argouml\org\argouml\cognitive\ToDoItem.java,org.argouml.cognitive.ToDoItem,class,11,52,41,11,51,1,0,38,256,0.8636365,0.0,0.0,33,0,33,0,0,0,33,0,0,0,14,4,4,10,0,0,4,0,1,199,27,2,9,0,5,2,6,56,1,22,2,0,0,0,246,1,0
C:\Users\user\Desktop\STUFF A LOT OF 'EM\er\Design_Pattern\argouml\org\argouml\language\java\generator\CodeGenerator.java,org.argouml.language.java.generator.CodeGenerator,class,7,9,2,7,18,1,0,24,6,0.0,0.0,0.0,4,4,4,0,0,0,4,0,0,0,0,0,0,0,0,0,0,0,8,80,0,4,0,0,0,7,12,22,0,22,2,0,0,0,74,0,0
C:\Users\user\Desktop\STUFF A LOT OF 'EM\er\Design_Pattern\argouml\org\argouml\uml\diagram\static_structure\layout\ClassdiagramNoteEdge.java,org.argouml.uml.diagram.static_structure.layout.ClassdiagramNoteEdge,class,5,8,3,5,4,2,0,12,3,0.0,0.0,0.0,3,0,2,1,0,0,2,0,0,0,0,0,0,0,0,0,0,0,0,27,0,0,0,0,0,0,1,6,0,5,1,0,0,0,54,1,0
C:\Users\user\Desktop\STUFF A LOT OF 'EM\er\Design_Pattern\argouml\org\argouml\uml\cognitive\critics\WizAddOperation.java,org.argouml.uml.cognitive.critics.WizAddOperation,class,2,3,1,2,8,3,0,12,2,0.5833333,0.0,0.0,4,0,4,0,0,0,4,0,0,0,3,0,0,3,0,0,0,0,0,35,2,0,2,0,0,2,2,10,0,8,2,0,0,0,56,1,0
C:\Users\user\Desktop\STUFF A LOT OF 'EM\er\Design_Pattern\argouml\org\argouml\uml\ui\behavior\state_machines\UMLStateVertexIncomingListModel.java,org.argouml.uml.ui.behavior.state_machines.UMLStateVertexIncomingListModel,class,1,2,1,1,5,4,0,8,3,0.0,0.0,0.0,3,0,1,0,2,0,3,0,0,0,0,0,0,0,0,0,0,0,0,21,1,0,0,0,0,1,0,4,0,4,1,0,0,0,31,1,0
C:\Users\user\Desktop\STUFF A LOT OF 'EM\er\Design_Pattern\argouml\org\argouml\uml\reveng\java\ClassifierContext.java,org.argouml.uml.reveng.java.ClassifierContext,class,1,2,1,1,8,2,0,7,0,0.0,0.0,0.0,3,0,3,0,0,0,3,0,0,0,1,0,0,1,0,0,0,0,0,33,6,0,2,0,0,0,0,1,0,1,2,0,0,0,31,0,0
C:\Users\user\Desktop\STUFF A LOT OF 'EM\er\Design_Pattern\argouml\org\argouml\uml\cognitive\critics\CrInvalidJoin.java,org.argouml.uml.cognitive.critics.CrInvalidJoin,class,2,3,1,2,8,3,0,11,1,0.0,0.0,0.0,2,0,2,0,0,0,2,0,0,0,0,0,0,0,0,0,0,0,0,27,5,0,3,0,1,1,4,5,0,5,1,0,0,0,57,1,0
C:\Users\user\Desktop\STUFF A LOT OF 'EM\er\Design_Pattern\argouml\org\argouml\uml\ui\behavior\state_machines\UMLStateInternalTransition.java,org.argouml.uml.ui.behavior.state_machines.UMLStateInternalTransition,class,1,2,1,1,3,4,0,5,3,0.0,0.0,0.0,3,0,1,0,2,0,3,0,0,0,0,0,0,0,0,0,0,0,0,11,1,0,0,0,0,1,0,0,0,0,0,0,0,0,22,1,0
C:\Users\user\Desktop\STUFF A LOT OF 'EM\er\Design_Pattern\argouml\org\argouml\ui\explorer\rules\GoStateToOutgoingTrans.java,org.argouml.ui.explorer.rules.GoStateToOutgoingTrans,class,2,3,1,2,5,2,0,5,3,0.0,0.0,0.0,3,0,3,0,0,0,3,0,0,0,0,0,0,0,0,0,0,0,1,19,5,0,0,0,0,1,0,1,0,1,1,0,0,0,19,1,0
C:\Users\user\Desktop\STUFF A LOT OF 'EM\er\Design_Pattern\argouml\org\argouml\kernel\ProjectMember.java,org.argouml.kernel.ProjectMember,interface,0,10,10,0,4,1,0,0,6,0.0,0.0,0.0,4,0,0,0,0,4,4,0,0,0,0,0,0,0,0,0,0,0,0,6,0,0,0,0,0,0,0,0,0,0,0,0,0,0,60,1,0
C:\Users\user\Desktop\STUFF A LOT OF 'EM\er\Design_Pattern\argouml\org\argouml\language\java\cognitive\critics\CrMultipleRealization.java,org.argouml.language.java.cognitive.critics.CrMultipleRealization,class,2,2,0,2,5,2,0,8,1,0.0,0.0,0.0,2,0,2,0,0,0,2,0,0,0,0,0,0,0,0,0,0,0,0,20,3,0,1,0,1,1,1,2,0,2,1,0,0,0,44,1,0
C:\Users\user\Desktop\STUFF A LOT OF 'EM\er\Design_Pattern\argouml\org\argouml\uml\ui\foundation\core\UMLClassifierClassifierInStateListModel.java,org.argouml.uml.ui.foundation.core.UMLClassifierClassifierInStateListModel,class,1,2,1,1,4,4,0,5,3,0.0,0.0,0.0,3,0,1,0,2,0,3,0,0,0,0,0,0,0,0,0,0,0,0,13,1,0,1,0,0,1,0,0,0,0,1,0,0,0,23,1,0
C:\Users\user\Desktop\STUFF A LOT OF 'EM\er\Design_Pattern\argouml\org\argouml\uml\reveng\Import.java,org.argouml.uml.reveng.Import$Anonymous1,anonymous,1,1,0,1,3,1,0,11,0,0.0,NaN,NaN,1,0,1,0,0,0,1,0,0,0,0,0,0,0,0,0,0,0,0,21,0,0,2,0,0,0,4,7,0,4,1,0,0,0,20,-1,0
C:\Users\user\Desktop\STUFF A LOT OF 'EM\er\Design_Pattern\argouml\org\argouml\application\modules\ModuleLoader.java,org.argouml.application.modules.ModuleLoader,class,10,12,2,10,118,1,0,89,198,0.8616072,0.0,0.0,28,3,21,7,0,0,21,0,0,0,8,6,1,7,0,0,2,0,15,462,36,12,18,16,9,71,15,88,41,67,6,0,1,0,272,1,30
C:\Users\user\Desktop\STUFF A LOT OF 'EM\er\Design_Pattern\argouml\org\argouml\uml\reveng\Import.java,org.argouml.uml.reveng.Import$Anonymous2,anonymous,0,0,0,0,2,1,0,2,0,0.0,NaN,NaN,1,0,1,0,0,0,1,0,0,0,0,0,0,0,0,0,0,0,0,8,0,0,0,0,0,0,0,0,0,0,1,0,0,0,5,-1,0
C:\Users\user\Desktop\STUFF A LOT OF 'EM\er\Design_Pattern\argouml\org\argouml\uml\ui\foundation\core\UMLGeneralizationPowertypeComboBoxModel.java,org.argouml.uml.ui.foundation.core.UMLGeneralizationPowertypeComboBoxModel,class,2,3,1,2,6,3,0,20,6,0.0,0.0,0.0,4,0,1,0,3,0,4,0,0,0,0,0,0,0,0,0,0,0,0,26,3,1,1,0,0,2,0,4,0,4,1,0,0,0,32,1,0
C:\Users\user\Desktop\STUFF A LOT OF 'EM\er\Design_Pattern\argouml\org\argouml\cognitive\ui\WizStepTextField.java,org.argouml.cognitive.ui.WizStepTextField,class,3,3,0,3,3,6,0,16,0,0.22222222,0.0,0.0,3,0,2,1,0,0,2,0,0,0,3,0,0,3,0,0,0,0,1,66,1,0,0,0,0,2,24,34,0,7,0,0,0,0,62,1,0
C:\Users\user\Desktop\STUFF A LOT OF 'EM\er\Design_Pattern\argouml\org\argouml\uml\ui\behavior\common_behavior\UMLLinkConnectionListModel.java,org.argouml.uml.ui.behavior.common_behavior.UMLLinkConnectionListModel,class,3,5,2,3,5,5,0,10,6,0.0,0.0,0.0,4,0,2,0,2,0,4,0,0,0,0,0,0,0,0,0,0,0,0,23,1,0,1,0,0,1,0,4,0,4,1,0,0,0,30,1,0
C:\Users\user\Desktop\STUFF A LOT OF 'EM\er\Design_Pattern\argouml\org\argouml\uml\ui\behavior\collaborations\UMLMessageReceiverListModel.java,org.argouml.uml.ui.behavior.collaborations.UMLMessageReceiverListModel,class,1,2,1,1,4,4,0,5,3,0.0,0.0,0.0,3,0,1,0,2,0,3,0,0,0,0,0,0,0,0,0,0,0,0,12,1,0,1,0,0,1,0,0,0,0,0,0,0,0,22,1,0
C:\Users\user\Desktop\STUFF A LOT OF 'EM\er\Design_Pattern\argouml\org\argouml\uml\ui\foundation\core\UMLClassifierParameterListModel.java,org.argouml.uml.ui.foundation.core.UMLClassifierParameterListModel,class,3,6,3,3,5,5,0,11,6,0.0,0.0,0.0,4,0,2,0,2,0,4,0,0,0,0,0,0,0,0,0,0,0,0,27,1,0,1,0,0,1,0,5,0,5,1,0,0,0,54,1,0
C:\Users\user\Desktop\STUFF A LOT OF 'EM\er\Design_Pattern\argouml\org\argouml\uml\ui\ActionNavigateAssociation.java,org.argouml.uml.ui.ActionNavigateAssociation,class,1,1,0,1,1,3,0,2,0,0.0,NaN,NaN,1,0,0,0,1,0,1,0,0,0,0,0,0,0,0,0,0,0,0,5,1,0,0,0,0,0,0,0,0,0,0,0,0,0,11,1,0
C:\Users\user\Desktop\STUFF A LOT OF 'EM\er\Design_Pattern\argouml\org\argouml\cognitive\ui\TabToDo.java,org.argouml.cognitive.ui.TabToDo,class,17,23,6,17,20,6,0,27,42,0.8148148,0.0,0.0,12,2,11,0,1,0,12,0,0,0,9,5,0,9,0,0,0,0,4,99,1,0,4,0,3,6,1,17,0,13,1,0,0,0,102,1,0
C:\Users\user\Desktop\STUFF A LOT OF 'EM\er\Design_Pattern\argouml\org\argouml\uml\Profile.java,org.argouml.uml.Profile,class,0,3,3,0,3,1,1,0,3,0.0,0.0,0.0,3,0,3,0,0,0,3,3,0,0,0,0,0,0,0,0,0,0,0,5,0,0,0,0,0,0,0,0,0,0,0,0,0,0,46,1025,0
C:\Users\user\Desktop\STUFF A LOT OF 'EM\er\Design_Pattern\argouml\org\argouml\uml\ui\ActionGenerateProjectCode.java,org.argouml.uml.ui.ActionGenerateProjectCode,class,6,7,1,6,16,2,0,22,10,0.8,0.0,0.0,5,1,3,1,1,0,4,0,0,0,1,1,0,1,0,0,1,0,3,56,8,3,7,0,5,1,4,15,0,12,2,0,0,0,65,1,0
C:\Users\user\Desktop\STUFF A LOT OF 'EM\er\Design_Pattern\argouml\org\argouml\uml\ui\behavior\state_machines\UMLTransitionEffectList.java,org.argouml.uml.ui.behavior.state_machines.UMLTransitionEffectList,class,3,4,1,3,2,8,0,0,1,0.0,0.0,0.0,2,0,2,0,0,0,2,0,0,0,0,0,0,0,0,0,0,0,0,8,1,0,0,0,0,0,0,0,0,0,0,0,0,0,22,1,0
C:\Users\user\Desktop\STUFF A LOT OF 'EM\er\Design_Pattern\argouml\org\argouml\ui\JasonsBigTheme.java,org.argouml.ui.JasonsBigTheme,class,0,1,1,0,13,2,0,0,76,0.91608393,0.0,0.0,13,0,7,0,6,0,13,0,0,0,11,0,0,11,0,0,11,0,0,52,13,0,0,0,0,6,23,11,0,11,0,0,0,0,42,1,0
C:\Users\user\Desktop\STUFF A LOT OF 'EM\er\Design_Pattern\argouml\org\argouml\uml\diagram\ui\FigDependency.java,org.argouml.uml.diagram.ui.FigDependency,class,8,17,9,8,13,3,2,35,26,0.75,0.0,0.0,8,0,6,0,2,0,8,0,0,0,1,0,0,1,0,0,0,0,0,68,1,2,2,0,2,0,4,11,0,10,2,0,0,0,82,1,0
C:\Users\user\Desktop\STUFF A LOT OF 'EM\er\Design_Pattern\argouml\org\argouml\model\uml\DefaultModelImplementation.java,org.argouml.model.uml.DefaultModelImplementation,class,2,2,0,2,0,2,0,0,0,0.0,-1.0,-1.0,0,0,0,0,0,0,0,0,0,0,0,0,0,0,0,0,0,0,0,2,0,0,0,0,0,0,0,0,0,0,0,0,0,0,25,1,0
C:\Users\user\Desktop\STUFF A LOT OF 'EM\er\Design_Pattern\argouml\org\argouml\uml\ui\behavior\use_cases\UMLUseCaseIncludeListModel.java,org.argouml.uml.ui.behavior.use_cases.UMLUseCaseIncludeListModel,class,1,2,1,1,3,4,0,5,3,0.0,0.0,0.0,3,0,1,0,2,0,3,0,0,0,0,0,0,0,0,0,0,0,0,11,1,0,0,0,0,1,0,0,0,0,0,0,0,0,22,1,0
C:\Users\user\Desktop\STUFF A LOT OF 'EM\er\Design_Pattern\argouml\org\argouml\uml\ui\behavior\state_machines\ActionNewStubState.java,org.argouml.uml.ui.behavior.state_machines.ActionNewStubState,class,2,5,3,2,3,2,0,6,3,0.6666667,0.0,0.0,3,1,2,0,1,0,3,0,0,0,1,1,0,1,0,0,1,0,0,14,1,0,0,0,0,1,0,1,0,1,0,0,0,0,28,1,0
C:\Users\user\Desktop\STUFF A LOT OF 'EM\er\Design_Pattern\argouml\org\argouml\uml\ui\foundation\core\PropPanelOperation.java,org.argouml.uml.ui.foundation.core.PropPanelOperation,class,24,26,2,24,8,6,0,27,6,0.0,0.0,0.0,4,0,3,0,1,0,4,0,0,0,0,0,0,0,0,0,0,0,6,68,1,0,1,0,0,13,3,8,0,7,2,0,1,0,78,1,0
C:\Users\user\Desktop\STUFF A LOT OF 'EM\er\Design_Pattern\argouml\org\argouml\ui\SystemInfoDialog.java,org.argouml.ui.SystemInfoDialog$ClipboardObserver,innerclass,0,0,0,0,1,1,0,0,0,0.0,NaN,NaN,1,0,1,0,0,0,1,0,0,0,0,0,0,0,0,0,0,0,0,4,0,0,0,0,0,0,0,0,0,0,0,0,0,0,7,8,0
C:\Users\user\Desktop\STUFF A LOT OF 'EM\er\Design_Pattern\argouml\org\argouml\persistence\AbstractFilePersister.java,org.argouml.persistence.AbstractFilePersister,class,8,13,5,8,31,2,2,29,147,0.9166666,0.0,0.0,18,2,7,5,6,0,13,4,1,0,2,1,0,2,0,0,1,0,2,94,12,2,6,0,2,4,12,15,6,12,3,0,0,0,185,1025,0
C:\Users\user\Desktop\STUFF A LOT OF 'EM\er\Design_Pattern\argouml\org\argouml\ui\explorer\rules\GoClassifierToSequenceDiagram.java,org.argouml.ui.explorer.rules.GoClassifierToSequenceDiagram,class,7,8,1,7,7,2,0,14,3,0.0,0.0,0.0,3,0,3,0,0,0,3,0,0,0,0,0,0,0,0,0,0,0,2,24,4,1,0,0,2,1,0,5,0,5,3,0,0,0,41,1,0
C:\Users\user\Desktop\STUFF A LOT OF 'EM\er\Design_Pattern\argouml\org\argouml\cognitive\UnresolvableException.java,org.argouml.cognitive.UnresolvableException,class,0,2,2,0,1,3,0,0,0,0.0,NaN,NaN,1,0,1,0,0,0,1,0,0,0,0,0,0,0,0,0,0,0,0,5,0,0,0,0,0,0,0,0,0,0,0,0,0,0,17,1,0
C:\Users\user\Desktop\STUFF A LOT OF 'EM\er\Design_Pattern\argouml\org\argouml\ui\explorer\ExplorerTree.java,org.argouml.ui.explorer.ExplorerTree,class,14,18,4,14,27,7,1,41,1,0.77777785,0.0,0.0,3,0,2,1,0,0,2,0,0,0,3,0,0,3,0,0,0,0,4,259,5,2,7,0,4,13,11,19,5,11,3,0,6,0,104,1,0
C:\Users\user\Desktop\STUFF A LOT OF 'EM\er\Design_Pattern\argouml\org\argouml\uml\ui\behavior\state_machines\PropPanelSignalEvent.java,org.argouml.uml.ui.behavior.state_machines.PropPanelSignalEvent,class,6,6,0,6,2,5,0,4,1,0.0,0.0,0.0,2,0,2,0,0,0,2,0,0,0,0,0,0,0,0,0,0,0,4,10,0,0,0,0,0,4,0,0,0,0,0,0,0,0,18,1,0
C:\Users\user\Desktop\STUFF A LOT OF 'EM\er\Design_Pattern\argouml\org\argouml\uml\ui\behavior\state_machines\ActionNewTimeEvent.java,org.argouml.uml.ui.behavior.state_machines.ActionNewTimeEvent,class,2,4,2,2,3,3,0,7,3,0.6666667,0.0,0.0,3,1,1,0,2,0,3,0,0,0,1,1,0,1,0,0,0,0,0,14,2,0,0,0,0,1,0,2,0,2,0,0,0,0,16,1,0
C:\Users\user\Desktop\STUFF A LOT OF 'EM\er\Design_Pattern\argouml\org\argouml\uml\diagram\ui\FigNameCompartment.java,org.argouml.uml.diagram.ui.FigNameCompartment,class,4,5,1,4,6,3,0,5,0,0.33333334,0.0,0.0,6,0,6,0,0,0,6,0,0,0,2,0,0,2,0,0,0,0,0,28,3,0,0,0,0,0,5,5,4,3,0,0,0,0,46,1,0
C:\Users\user\Desktop\STUFF A LOT OF 'EM\er\Design_Pattern\argouml\org\argouml\uml\ui\behavior\collaborations\UMLMessageActivatorComboBoxModel.java,org.argouml.uml.ui.behavior.collaborations.UMLMessageActivatorComboBoxModel,class,1,2,1,1,13,3,0,15,10,0.0,0.0,0.0,5,0,1,0,4,0,5,0,0,0,0,0,0,0,0,0,0,0,0,33,3,0,5,0,4,3,0,4,0,4,2,0,0,0,44,1,0
C:\Users\user\Desktop\STUFF A LOT OF 'EM\er\Design_Pattern\argouml\org\argouml\uml\ui\foundation\core\UMLDiscriminatorNameDocument.java,org.argouml.uml.ui.foundation.core.UMLDiscriminatorNameDocument,class,1,2,1,1,3,4,0,5,3,0.0,0.0,0.0,3,0,1,0,2,0,3,0,0,0,0,0,0,0,0,0,0,0,0,11,1,0,0,0,0,1,0,0,0,0,0,0,0,0,26,1,0
C:\Users\user\Desktop\STUFF A LOT OF 'EM\er\Design_Pattern\argouml\org\argouml\ui\explorer\NameOrder.java,org.argouml.ui.explorer.NameOrder,class,2,5,3,2,13,1,1,7,10,0.0,0.0,0.0,5,0,3,1,1,0,4,0,0,0,0,0,0,0,0,0,0,0,0,40,6,0,1,0,3,2,1,9,0,6,1,0,0,0,59,1,0
C:\Users\user\Desktop\STUFF A LOT OF 'EM\er\Design_Pattern\argouml\org\argouml\uml\diagram\ui\ActionNavigability.java,org.argouml.uml.diagram.ui.ActionNavigability,class,2,4,2,2,15,2,0,7,0,0.43333337,0.0,0.0,5,2,3,1,1,0,4,0,0,0,6,3,3,3,0,0,3,0,1,39,5,0,10,0,2,5,5,13,2,8,1,0,0,0,84,1,0
C:\Users\user\Desktop\STUFF A LOT OF 'EM\er\Design_Pattern\argouml\org\argouml\uml\ui\behavior\common_behavior\UMLStimulusSenderListModel.java,org.argouml.uml.ui.behavior.common_behavior.UMLStimulusSenderListModel,class,1,2,1,1,4,4,0,5,3,0.0,0.0,0.0,3,0,1,0,2,0,3,0,0,0,0,0,0,0,0,0,0,0,0,12,1,0,1,0,0,1,0,0,0,0,0,0,0,0,29,1,0
C:\Users\user\Desktop\STUFF A LOT OF 'EM\er\Design_Pattern\argouml\org\argouml\uml\ui\behavior\state_machines\UMLStateMachineContextListModel.java,org.argouml.uml.ui.behavior.state_machines.UMLStateMachineContextListModel,class,1,2,1,1,4,4,0,5,3,0.0,0.0,0.0,3,0,1,0,2,0,3,0,0,0,0,0,0,0,0,0,0,0,0,12,1,0,1,0,0,1,0,0,0,0,0,0,0,0,28,1,0
C:\Users\user\Desktop\STUFF A LOT OF 'EM\er\Design_Pattern\argouml\org\argouml\application\helpers\ResourceLoaderWrapper.java,org.argouml.application.helpers.ResourceLoaderWrapper,class,4,15,11,4,36,1,0,43,118,0.90460527,0.0,0.0,16,14,13,3,0,0,13,0,0,0,19,18,0,19,0,0,1,0,9,168,10,0,3,0,0,37,4,47,3,32,3,0,0,0,153,17,1
C:\Users\user\Desktop\STUFF A LOT OF 'EM\er\Design_Pattern\argouml\org\argouml\uml\ui\UMLEditableComboBox.java,org.argouml.uml.ui.UMLEditableComboBox$UMLComboBoxEditor,innerclass,4,4,0,4,11,6,0,14,0,0.5,0.0,0.0,9,0,9,0,0,0,9,0,0,0,2,0,0,2,0,0,0,0,0,80,3,0,0,0,2,0,0,2,0,2,2,0,1,0,71,4,0
C:\Users\user\Desktop\STUFF A LOT OF 'EM\er\Design_Pattern\argouml\org\argouml\uml\reveng\Import.java,org.argouml.uml.reveng.ImportClasspathDialog$AddListener$Anonymous5,anonymous,0,0,0,0,4,1,0,5,0,0.0,NaN,NaN,1,0,1,0,0,0,1,0,0,0,0,0,0,0,0,0,0,0,0,13,0,0,1,0,0,0,0,1,0,1,2,0,0,0,8,-1,0
C:\Users\user\Desktop\STUFF A LOT OF 'EM\er\Design_Pattern\argouml\org\argouml\ui\DetailsPane.java,org.argouml.ui.UpArrowIcon,class,1,3,2,1,3,1,0,5,3,0.0,0.0,0.0,3,0,3,0,0,0,3,0,0,0,0,0,0,0,0,0,0,0,0,17,2,0,0,0,0,0,4,3,6,3,0,0,0,0,24,0,0
C:\Users\user\Desktop\STUFF A LOT OF 'EM\er\Design_Pattern\argouml\org\argouml\persistence\ProgressEvent.java,org.argouml.persistence.ProgressEvent,class,0,4,4,0,5,1,0,0,0,0.46666667,0.0,0.0,5,0,5,0,0,0,5,0,0,0,3,0,0,3,0,0,0,0,0,25,3,0,0,0,0,0,0,5,0,3,0,0,0,0,62,1,0
C:\Users\user\Desktop\STUFF A LOT OF 'EM\er\Design_Pattern\argouml\org\argouml\ui\explorer\ExplorerTree.java,org.argouml.ui.explorer.ExplorerTree$ExplorerTreeExpansionListener,innerclass,2,2,0,2,2,1,0,4,1,0.0,0.0,0.0,2,0,2,0,0,0,2,0,0,0,0,0,0,0,0,0,0,0,1,7,0,0,0,0,0,0,0,0,0,0,0,0,0,0,19,0,0
C:\Users\user\Desktop\STUFF A LOT OF 'EM\er\Design_Pattern\argouml\org\argouml\ui\explorer\rules\GoMessageToAction.java,org.argouml.ui.explorer.rules.GoMessageToAction,class,2,3,1,2,6,2,0,6,3,0.0,0.0,0.0,3,0,3,0,0,0,3,0,0,0,0,0,0,0,0,0,0,0,1,24,5,0,1,0,0,1,0,3,0,3,2,0,0,0,29,1,0
C:\Users\user\Desktop\STUFF A LOT OF 'EM\er\Design_Pattern\argouml\org\argouml\uml\cognitive\critics\CrUnconventionalOperName.java,org.argouml.uml.cognitive.critics.CrUnconventionalOperName,class,9,11,2,9,30,2,0,33,36,0.0,0.0,0.0,9,0,7,0,2,0,9,0,0,0,0,0,0,0,0,0,0,0,1,102,19,0,7,0,7,11,7,25,4,21,2,0,0,0,116,1,0
C:\Users\user\Desktop\STUFF A LOT OF 'EM\er\Design_Pattern\argouml\org\argouml\language\java\generator\InterfaceCodePiece.java,org.argouml.language.java.generator.InterfaceCodePiece,class,4,6,2,4,9,3,0,13,0,0.42857143,0.0,0.0,7,0,7,0,0,0,7,0,0,0,2,0,0,2,0,0,0,0,1,38,5,0,2,0,0,0,0,5,0,5,2,0,0,0,56,1,0
C:\Users\user\Desktop\STUFF A LOT OF 'EM\er\Design_Pattern\argouml\org\argouml\model\uml\UmlModelEventPump.java,org.argouml.model.uml.EventTreeDefinition,class,8,10,2,8,22,1,0,31,13,0.7142858,0.0,0.0,7,0,3,2,0,2,5,0,0,5,3,2,0,3,0,0,2,0,9,119,8,7,2,3,1,5,18,46,2,37,3,0,0,0,156,0,1
C:\Users\user\Desktop\STUFF A LOT OF 'EM\er\Design_Pattern\argouml\org\argouml\ui\explorer\rules\AttributesNode.java,org.argouml.ui.explorer.rules.AttributesNode,class,2,5,3,2,4,1,0,0,4,0.5,0.0,0.0,4,0,4,0,0,0,4,0,0,0,1,0,0,1,0,0,0,0,0,15,3,0,0,0,0,1,0,1,0,1,0,0,0,0,39,1,0
C:\Users\user\Desktop\STUFF A LOT OF 'EM\er\Design_Pattern\argouml\org\argouml\ui\explorer\DnDExplorerTree.java,org.argouml.ui.explorer.DnDExplorerTree$ArgoDropTargetListener,innerclass,1,1,0,1,20,1,0,22,15,0.0,0.0,0.0,6,0,5,1,0,0,5,0,0,0,0,0,0,0,0,0,0,0,1,92,4,0,5,2,5,11,0,14,2,14,3,1,0,0,67,0,10
C:\Users\user\Desktop\STUFF A LOT OF 'EM\er\Design_Pattern\argouml\org\argouml\application\api\PluggableResourceBundle.java,org.argouml.application.api.PluggableResourceBundle,interface,1,2,1,1,0,1,0,0,0,0.0,-1.0,-1.0,0,0,0,0,0,0,0,0,0,0,0,0,0,0,0,0,0,0,0,2,0,0,0,0,0,0,0,0,0,0,0,0,0,0,26,1,0
C:\Users\user\Desktop\STUFF A LOT OF 'EM\er\Design_Pattern\argouml\org\argouml\uml\ui\foundation\core\UMLAssociationEndChangeabilityRadioButtonPanel.java,org.argouml.uml.ui.foundation.core.UMLAssociationEndChangeabilityRadioButtonPanel,class,2,3,1,2,8,6,0,8,1,0.5,0.0,0.0,2,0,2,0,0,0,3,0,0,0,1,1,0,1,0,0,0,0,1,29,0,0,2,0,0,4,0,3,0,3,2,0,0,0,34,1,0
C:\Users\user\Desktop\STUFF A LOT OF 'EM\er\Design_Pattern\argouml\org\argouml\uml\ui\behavior\collaborations\UMLAssociationEndRoleBaseListModel.java,org.argouml.uml.ui.behavior.collaborations.UMLAssociationEndRoleBaseListModel,class,1,1,0,1,6,4,0,8,3,0.0,0.0,0.0,3,0,1,0,2,0,3,0,0,0,0,0,0,0,0,0,0,0,0,18,2,0,2,0,0,1,0,2,0,2,1,0,0,0,24,1,0
C:\Users\user\Desktop\STUFF A LOT OF 'EM\er\Design_Pattern\argouml\org\argouml\ui\cmd\ActionFind.java,org.argouml.ui.cmd.ActionFind,class,2,3,1,2,2,2,0,2,1,0.0,0.0,0.0,2,0,2,0,0,0,2,0,0,0,0,0,0,0,0,0,0,0,1,8,0,0,0,0,0,1,0,0,0,0,0,0,0,0,10,0,0
C:\Users\user\Desktop\STUFF A LOT OF 'EM\er\Design_Pattern\argouml\org\argouml\cognitive\Poster.java,org.argouml.cognitive.Poster,interface,5,17,12,5,14,1,0,0,91,0.0,0.0,0.0,14,0,0,0,0,14,14,0,0,0,0,0,0,0,0,0,0,0,0,16,0,0,0,0,0,0,0,0,0,0,0,0,0,0,134,1,0
C:\Users\user\Desktop\STUFF A LOT OF 'EM\er\Design_Pattern\argouml\org\argouml\uml\diagram\sequence\ui\FigDestroyActionLink.java,org.argouml.uml.diagram.sequence.ui.FigDestroyActionLink,class,1,2,1,1,3,4,0,0,3,0.0,0.0,0.0,3,0,2,0,1,0,3,0,0,0,0,0,0,0,0,0,0,0,0,10,0,0,0,0,0,0,0,0,0,0,0,0,0,0,28,1,0
C:\Users\user\Desktop\STUFF A LOT OF 'EM\er\Design_Pattern\argouml\org\argouml\cognitive\critics\ui\CriticBrowserDialog.java,org.argouml.cognitive.critics.ui.CriticBrowserDialog,class,9,11,2,9,35,3,0,72,0,0.85294104,0.0,0.0,13,0,7,6,0,0,7,0,0,0,34,13,0,34,0,0,12,0,23,261,11,0,18,0,0,36,58,88,7,58,1,1,0,0,147,1,10
C:\Users\user\Desktop\STUFF A LOT OF 'EM\er\Design_Pattern\argouml\org\argouml\uml\diagram\use_case\ui\StylePanelFigUseCase.java,org.argouml.uml.diagram.use_case.ui.StylePanelFigUseCase,class,2,2,0,2,5,2,0,16,0,0.33333334,0.0,0.0,3,0,3,0,0,0,3,0,0,0,3,0,0,3,0,0,0,0,0,50,0,0,1,0,0,2,10,22,0,9,2,0,0,0,78,1,0
C:\Users\user\Desktop\STUFF A LOT OF 'EM\er\Design_Pattern\argouml\org\argouml\ui\explorer\rules\OutgoingDependencyNode.java,org.argouml.ui.explorer.rules.OutgoingDependencyNode,class,2,5,3,2,4,1,0,0,4,0.5,0.0,0.0,4,0,4,0,0,0,4,0,0,0,1,0,0,1,0,0,0,0,0,15,3,0,0,0,0,1,0,1,0,1,0,0,0,0,41,1,0
C:\Users\user\Desktop\STUFF A LOT OF 'EM\er\Design_Pattern\argouml\org\argouml\persistence\PGMLParser.java,org.argouml.persistence.PGMLParser$NameVal,innerclass,0,0,0,0,3,1,0,1,0,0.33333334,0.0,0.0,3,0,0,0,0,3,3,0,0,0,2,0,0,2,0,0,0,0,0,14,2,0,0,0,0,0,0,2,0,2,0,0,0,0,16,4,0
C:\Users\user\Desktop\STUFF A LOT OF 'EM\er\Design_Pattern\argouml\org\argouml\uml\ui\behavior\collaborations\UMLCollaborationConstrainingElementListModel.java,org.argouml.uml.ui.behavior.collaborations.UMLCollaborationConstrainingElementListModel,class,1,2,1,1,3,4,0,5,3,0.0,0.0,0.0,3,0,1,0,2,0,3,0,0,0,0,0,0,0,0,0,0,0,0,11,1,0,0,0,1,1,0,0,0,0,0,0,0,0,29,1,0
C:\Users\user\Desktop\STUFF A LOT OF 'EM\er\Design_Pattern\argouml\org\argouml\application\api\Notation.java,org.argouml.application.api.Notation,class,11,17,6,11,104,1,0,114,2234,0.9742648,0.0,0.0,68,65,40,27,1,0,41,0,0,0,12,12,9,3,0,0,11,0,133,340,96,0,6,0,0,38,1,19,4,17,1,0,0,0,255,17,4
C:\Users\user\Desktop\STUFF A LOT OF 'EM\er\Design_Pattern\argouml\org\argouml\uml\cognitive\critics\CrDupParamName.java,org.argouml.uml.cognitive.critics.CrDupParamName,class,2,3,1,2,8,3,0,14,1,0.0,0.0,0.0,2,0,2,0,0,0,2,0,0,0,0,0,0,0,0,0,0,0,0,30,3,1,1,0,0,1,0,5,0,5,2,0,0,0,50,1,0
C:\Users\user\Desktop\STUFF A LOT OF 'EM\er\Design_Pattern\argouml\org\argouml\uml\cognitive\critics\ClAttributeCompartment.java,org.argouml.uml.cognitive.critics.ClAttributeCompartment,class,6,8,2,6,15,1,0,7,15,0.8,0.0,0.0,7,1,7,0,0,0,7,0,0,0,5,4,0,5,0,0,3,0,0,62,6,1,0,0,1,1,9,21,15,14,3,0,0,0,59,1,1
C:\Users\user\Desktop\STUFF A LOT OF 'EM\er\Design_Pattern\argouml\org\argouml\uml\diagram\state\ui\FigStateVertex.java,org.argouml.uml.diagram.state.ui.FigStateVertex,class,10,25,15,10,16,3,12,26,10,0.0,0.0,0.0,5,0,5,0,0,0,5,0,0,0,0,0,0,0,0,0,0,0,0,51,5,2,4,0,6,0,1,11,0,9,3,0,0,0,75,1025,0
C:\Users\user\Desktop\STUFF A LOT OF 'EM\er\Design_Pattern\argouml\org\argouml\uml\diagram\static_structure\ui\FigPackage.java,org.argouml.uml.diagram.static_structure.ui.FigPackage$Anonymous1,anonymous,2,2,0,2,1,1,0,2,0,0.0,NaN,NaN,1,0,1,0,0,0,1,0,0,0,0,0,0,0,0,0,0,0,0,7,0,0,0,0,0,0,0,1,0,0,0,0,0,0,11,-1,0
C:\Users\user\Desktop\STUFF A LOT OF 'EM\er\Design_Pattern\argouml\org\argouml\uml\cognitive\critics\AbstractCrTooMany.java,org.argouml.uml.cognitive.critics.AbstractCrTooMany,class,3,9,6,3,3,2,6,3,1,0.33333334,0.0,0.0,3,0,3,0,0,0,3,0,0,0,1,1,0,1,0,0,1,0,0,12,2,0,0,0,1,1,0,1,0,1,0,0,0,0,45,1025,0
C:\Users\user\Desktop\STUFF A LOT OF 'EM\er\Design_Pattern\argouml\org\argouml\uml\diagram\static_structure\ui\FigPackage.java,org.argouml.uml.diagram.static_structure.ui.FigPackage$Anonymous2,anonymous,2,2,0,2,1,1,0,2,0,0.0,NaN,NaN,1,0,1,0,0,0,1,0,0,0,0,0,0,0,0,0,0,0,0,7,0,0,0,0,0,0,0,1,0,0,0,0,0,0,11,-1,0
C:\Users\user\Desktop\STUFF A LOT OF 'EM\er\Design_Pattern\argouml\org\argouml\ui\PerspectiveSupport.java,org.argouml.ui.PerspectiveSupport,class,2,12,10,2,13,1,1,6,19,0.69696975,0.0,0.0,11,1,9,1,1,0,10,0,0,0,3,1,0,3,0,0,0,0,1,41,6,0,1,0,0,0,0,5,0,3,1,0,0,0,84,1,0
C:\Users\user\Desktop\STUFF A LOT OF 'EM\er\Design_Pattern\argouml\org\argouml\uml\generator\ParserDisplay.java,org.argouml.uml.generator.ParserDisplay$ModelElementInfoList$InfoItem,innerclass,2,2,0,2,6,1,0,2,5,0.61111116,0.0,0.0,6,0,0,0,0,6,6,0,0,0,3,0,0,3,0,0,0,0,1,25,3,0,0,0,0,0,0,5,0,3,0,0,0,0,46,0,0
C:\Users\user\Desktop\STUFF A LOT OF 'EM\er\Design_Pattern\argouml\org\argouml\uml\cognitive\critics\ChildGenUML.java,org.argouml.uml.cognitive.critics.ChildGenUML,class,7,9,2,7,20,1,0,29,0,0.0,NaN,NaN,1,0,1,0,0,0,1,0,0,0,1,1,0,1,0,0,1,0,0,75,11,0,9,0,1,3,0,13,2,13,2,0,0,0,78,1,3
C:\Users\user\Desktop\STUFF A LOT OF 'EM\er\Design_Pattern\argouml\org\argouml\uml\cognitive\critics\CrOppEndConflict.java,org.argouml.uml.cognitive.critics.CrOppEndConflict,class,2,3,1,2,7,3,0,14,1,0.0,0.0,0.0,2,0,2,0,0,0,2,0,0,0,0,0,0,0,0,0,0,0,0,30,1,1,1,0,0,2,0,7,0,5,3,0,0,0,53,1,0
C:\Users\user\Desktop\STUFF A LOT OF 'EM\er\Design_Pattern\argouml\org\argouml\uml\ui\foundation\core\UMLClassifierParticipantListModel.java,org.argouml.uml.ui.foundation.core.UMLClassifierParticipantListModel,class,1,2,1,1,3,4,0,0,3,0.0,0.0,0.0,3,0,1,0,2,0,3,0,0,0,0,0,0,0,0,0,0,0,0,10,1,0,0,0,0,1,0,0,0,0,0,0,0,0,17,1,0
C:\Users\user\Desktop\STUFF A LOT OF 'EM\er\Design_Pattern\argouml\org\argouml\uml\ui\ActionDeploymentDiagram.java,org.argouml.uml.ui.ActionDeploymentDiagram,class,5,6,1,5,6,3,0,9,1,0.6666667,0.0,0.0,3,0,2,1,0,0,2,0,0,0,2,2,1,1,0,0,2,0,0,26,2,0,1,0,1,7,0,5,2,3,1,0,0,0,37,1,4
C:\Users\user\Desktop\STUFF A LOT OF 'EM\er\Design_Pattern\argouml\org\argouml\uml\ui\TabStyle.java,org.argouml.uml.ui.TabStyle,class,14,15,1,14,55,2,0,52,168,0.8835979,0.0,0.0,21,0,14,5,2,0,16,0,0,0,9,1,0,9,0,0,1,0,5,221,18,5,18,3,6,14,13,56,12,31,4,0,0,0,252,1,6
C:\Users\user\Desktop\STUFF A LOT OF 'EM\er\Design_Pattern\argouml\org\argouml\uml\ui\foundation\core\UMLModelElementConstraintListModel.java,org.argouml.uml.ui.foundation.core.UMLModelElementConstraintListModel,class,1,2,1,1,4,4,0,6,3,0.0,0.0,0.0,3,0,1,0,2,0,3,0,0,0,0,0,0,0,0,0,0,0,0,13,1,0,1,0,0,1,0,0,0,0,1,0,0,0,21,1,0
C:\Users\user\Desktop\STUFF A LOT OF 'EM\er\Design_Pattern\argouml\org\argouml\uml\diagram\static_structure\ui\FigPackage.java,org.argouml.uml.diagram.static_structure.ui.FigPackage$FigPackageFigText,innerclass,5,5,0,5,16,2,0,22,1,0.0,0.0,0.0,2,0,2,0,0,0,2,0,0,0,0,0,0,0,0,0,0,0,1,63,3,1,9,1,2,6,1,16,2,14,5,0,0,0,42,0,1
C:\Users\user\Desktop\STUFF A LOT OF 'EM\er\Design_Pattern\argouml\org\argouml\uml\ui\foundation\core\UMLAssociationEndMultiplicityComboBoxModel.java,org.argouml.uml.ui.foundation.core.UMLAssociationEndMultiplicityComboBoxModel,class,2,3,1,2,4,4,0,4,1,0.0,0.0,0.0,2,0,1,0,1,0,2,0,0,0,0,0,0,0,0,0,0,0,0,11,2,0,1,0,1,1,0,0,0,0,1,0,0,0,16,1,0
C:\Users\user\Desktop\STUFF A LOT OF 'EM\er\Design_Pattern\argouml\org\argouml\application\api\PluggablePropertyPanel.java,org.argouml.application.api.PluggablePropertyPanel,interface,2,2,0,2,2,1,0,0,1,0.0,0.0,0.0,2,0,0,0,0,2,2,0,0,0,0,0,0,0,0,0,0,0,0,4,0,0,0,0,0,0,0,0,0,0,0,0,0,0,51,1,0
C:\Users\user\Desktop\STUFF A LOT OF 'EM\er\Design_Pattern\argouml\org\argouml\uml\cognitive\critics\WizNavigable.java,org.argouml.uml.cognitive.critics.WizNavigable,class,4,6,2,4,25,3,0,19,7,0.75,0.0,0.0,6,0,6,0,0,0,6,0,0,0,6,1,0,6,0,0,1,0,0,69,7,0,13,1,0,11,15,21,3,16,2,0,0,0,96,1,2
C:\Users\user\Desktop\STUFF A LOT OF 'EM\er\Design_Pattern\argouml\org\argouml\ui\explorer\DnDExplorerTree.java,org.argouml.ui.explorer.DnDExplorerTree,class,7,9,2,7,10,7,0,16,19,0.8571429,0.0,0.0,7,0,7,0,0,0,7,0,0,0,4,2,0,4,0,0,2,0,2,140,1,0,3,0,1,2,0,12,0,11,2,0,2,0,90,1,0
C:\Users\user\Desktop\STUFF A LOT OF 'EM\er\Design_Pattern\argouml\org\argouml\model\uml\NSUMLModelEventPump.java,org.argouml.model.uml.NSUMLModelEventListener,class,2,3,1,2,4,2,0,6,3,0.0,0.0,0.0,3,0,3,0,0,0,3,0,0,0,0,0,0,0,0,0,0,0,3,17,0,0,1,0,0,0,0,0,0,0,1,0,0,0,22,0,0
C:\Users\user\Desktop\STUFF A LOT OF 'EM\er\Design_Pattern\argouml\org\argouml\ui\explorer\ExplorerPerspective.java,org.argouml.ui.explorer.ExplorerPerspective,class,3,12,9,3,8,1,0,5,0,0.4375,0.0,0.0,8,0,7,0,1,0,8,0,0,0,2,0,0,2,0,0,0,0,1,31,4,0,0,0,0,0,0,4,0,3,0,0,0,0,73,1,0
C:\Users\user\Desktop\STUFF A LOT OF 'EM\er\Design_Pattern\argouml\org\argouml\uml\ui\behavior\state_machines\PropPanelStubState.java,org.argouml.uml.ui.behavior.state_machines.PropPanelStubState,class,8,8,0,8,1,5,0,11,0,0.0,NaN,NaN,1,0,1,0,0,0,1,0,0,0,0,0,0,0,0,0,0,0,3,13,0,0,0,0,0,9,0,1,0,1,0,0,0,0,20,1,0
C:\Users\user\Desktop\STUFF A LOT OF 'EM\er\Design_Pattern\argouml\org\argouml\ui\ShadowComboBox.java,org.argouml.ui.ShadowComboBox$ShadowRenderer,innerclass,2,2,0,2,11,4,0,17,1,0.33333334,0.0,0.0,3,0,2,0,1,0,3,0,0,0,1,0,0,1,0,0,0,0,0,46,1,2,3,0,0,0,10,9,2,4,3,0,0,0,46,2,0
C:\Users\user\Desktop\STUFF A LOT OF 'EM\er\Design_Pattern\argouml\org\argouml\uml\diagram\sequence\SequenceDiagramGraphModel.java,org.argouml.uml.diagram.sequence.SequenceDiagramGraphModel$CanConnectReturnActionCmd,innerclass,7,7,0,7,9,2,0,13,1,0.0,0.0,0.0,2,0,2,0,0,0,2,0,0,0,0,0,0,0,0,0,0,0,0,28,6,0,0,0,5,0,1,3,0,3,2,0,0,0,21,2,0
C:\Users\user\Desktop\STUFF A LOT OF 'EM\er\Design_Pattern\argouml\org\argouml\uml\cognitive\critics\CrInvalidJoinTriggerOrGuard.java,org.argouml.uml.cognitive.critics.CrInvalidJoinTriggerOrGuard,class,2,3,1,2,14,3,0,17,1,0.0,0.0,0.0,2,0,2,0,0,0,2,0,0,0,0,0,0,0,0,0,0,0,0,23,6,0,6,0,4,2,2,7,0,7,1,0,0,0,42,1,0
C:\Users\user\Desktop\STUFF A LOT OF 'EM\er\Design_Pattern\argouml\org\argouml\ui\GotoDialog.java,org.argouml.ui.GotoDialog,class,6,7,1,6,4,3,0,18,1,0.33333334,0.0,0.0,3,0,2,0,1,0,3,0,0,0,1,0,0,1,0,0,1,0,3,26,0,0,1,0,0,3,2,3,1,3,1,0,0,0,76,1,0
C:\Users\user\Desktop\STUFF A LOT OF 'EM\er\Design_Pattern\argouml\org\argouml\uml\diagram\use_case\ui\FigUseCase.java,org.argouml.uml.diagram.use_case.ui.FigUseCase$FigMyCircle,innerclass,1,1,0,1,2,2,0,2,1,0.0,0.0,0.0,2,0,2,0,0,0,2,0,0,0,0,0,0,0,0,0,0,0,1,16,1,0,0,0,4,1,2,7,18,7,0,0,0,0,69,1,1
C:\Users\user\Desktop\STUFF A LOT OF 'EM\er\Design_Pattern\argouml\org\argouml\uml\ui\behavior\state_machines\UMLStateDoActivityList.java,org.argouml.uml.ui.behavior.state_machines.UMLStateDoActivityList,class,3,4,1,3,2,8,0,0,1,0.0,0.0,0.0,2,0,2,0,0,0,2,0,0,0,0,0,0,0,0,0,0,0,0,8,1,0,0,0,0,0,0,0,0,0,0,0,0,0,23,1,0
C:\Users\user\Desktop\STUFF A LOT OF 'EM\er\Design_Pattern\argouml\org\argouml\uml\diagram\static_structure\ui\StylePanelFigInterface.java,org.argouml.uml.diagram.static_structure.ui.StylePanelFigInterface,class,3,4,1,3,7,2,0,18,4,0.6,0.0,0.0,5,0,5,0,0,0,5,0,0,0,3,0,0,3,0,0,0,0,0,53,0,0,1,0,1,2,10,21,0,8,2,0,0,0,59,1,0
C:\Users\user\Desktop\STUFF A LOT OF 'EM\er\Design_Pattern\argouml\org\argouml\application\Main.java,org.argouml.application.Main,class,26,29,3,26,63,1,0,107,24,0.7916667,0.0,0.0,8,8,3,5,0,0,4,0,0,0,3,3,1,2,0,0,2,0,72,343,4,3,15,5,6,103,20,77,25,56,3,1,0,0,275,1,8
C:\Users\user\Desktop\STUFF A LOT OF 'EM\er\Design_Pattern\argouml\org\argouml\uml\ui\behavior\state_machines\UMLTransitionStateListModel.java,org.argouml.uml.ui.behavior.state_machines.UMLTransitionStateListModel,class,1,2,1,1,4,4,0,5,3,0.0,0.0,0.0,3,0,1,0,2,0,3,0,0,0,0,0,0,0,0,0,0,0,0,12,1,0,1,0,0,1,0,0,0,0,0,0,0,0,22,1,0
C:\Users\user\Desktop\STUFF A LOT OF 'EM\er\Design_Pattern\argouml\org\argouml\uml\cognitive\ChildGenRelated.java,org.argouml.uml.cognitive.ChildGenRelated,class,3,4,1,3,15,1,0,37,1,0.5,0.0,0.0,2,1,2,0,0,0,2,0,0,0,1,1,0,1,0,0,1,0,0,70,8,2,2,0,0,0,0,16,0,16,2,0,0,0,54,1,0
C:\Users\user\Desktop\STUFF A LOT OF 'EM\er\Design_Pattern\argouml\org\argouml\uml\ProfileException.java,org.argouml.uml.ProfileException,class,0,1,1,0,10,3,0,5,0,0.14285715,0.0,0.0,7,0,7,0,0,0,7,0,0,0,1,0,0,1,0,0,0,0,0,36,1,0,3,0,0,3,0,1,0,1,1,0,0,0,32,1,0
C:\Users\user\Desktop\STUFF A LOT OF 'EM\er\Design_Pattern\argouml\org\argouml\uml\cognitive\critics\WizBreakCircularComp.java,org.argouml.uml.cognitive.critics.WizBreakCircularComp,class,9,11,2,9,37,3,0,33,20,0.8055556,0.0,0.0,8,0,6,0,2,0,8,0,0,0,9,1,0,9,0,0,1,0,4,137,13,3,18,1,0,13,21,46,4,37,3,0,0,0,127,1,2
C:\Users\user\Desktop\STUFF A LOT OF 'EM\er\Design_Pattern\argouml\org\argouml\ui\explorer\ExplorerTree.java,org.argouml.ui.explorer.ExplorerTree$ExplorerTreeWillExpandListener,innerclass,2,2,0,2,3,1,0,4,1,0.0,0.0,0.0,2,0,2,0,0,0,2,0,0,0,0,0,0,0,0,0,0,0,1,10,0,0,0,0,1,0,0,1,0,0,1,0,0,0,30,0,0
C:\Users\user\Desktop\STUFF A LOT OF 'EM\er\Design_Pattern\argouml\org\argouml\uml\diagram\static_structure\ui\FigSubsystem.java,org.argouml.uml.diagram.static_structure.ui.FigSubsystem,class,6,9,3,6,7,4,0,14,4,0.5,0.0,0.0,4,0,4,0,0,0,4,0,0,0,1,0,0,1,0,0,0,0,0,32,1,0,2,0,3,1,15,6,4,6,1,0,0,0,50,1,0
C:\Users\user\Desktop\STUFF A LOT OF 'EM\er\Design_Pattern\argouml\org\argouml\ui\explorer\PerspectiveConfigurator.java,org.argouml.ui.explorer.PerspectiveConfigurator$MoveUpListener,innerclass,0,0,0,0,2,1,0,5,0,0.0,NaN,NaN,1,0,1,0,0,0,1,0,0,0,0,0,0,0,0,0,0,0,0,13,0,0,0,0,0,0,5,3,4,3,1,0,0,0,17,0,0
C:\Users\user\Desktop\STUFF A LOT OF 'EM\er\Design_Pattern\argouml\org\argouml\uml\ui\foundation\core\ActionSetAssociationEndMultiplicity.java,org.argouml.uml.ui.foundation.core.ActionSetAssociationEndMultiplicity,class,2,4,2,2,6,2,0,5,3,0.6666667,0.0,0.0,3,1,3,0,0,0,3,0,0,0,1,1,0,1,0,0,1,0,0,19,1,0,1,0,0,0,0,1,0,1,2,0,0,0,25,1,0
C:\Users\user\Desktop\STUFF A LOT OF 'EM\er\Design_Pattern\argouml\org\argouml\uml\diagram\ui\FigNodeModelElement.java,org.argouml.uml.diagram.ui.FigNodeModelElement$ActionVisibilityProtected,innerclass,1,1,0,1,2,2,0,9,0,0.0,0.0,0.0,2,0,2,0,0,0,2,0,0,0,1,0,0,1,0,0,0,0,0,11,0,0,0,0,0,2,0,1,0,1,0,0,0,0,21,0,0
C:\Users\user\Desktop\STUFF A LOT OF 'EM\er\Design_Pattern\argouml\org\argouml\uml\diagram\static_structure\layout\ClassdiagramAssociationEdge.java,org.argouml.uml.diagram.static_structure.layout.ClassdiagramAssociationEdge,class,4,6,2,4,5,2,0,13,6,0.0,0.0,0.0,4,0,2,2,0,0,2,0,0,0,0,0,0,0,0,0,0,0,1,30,2,0,1,0,0,0,3,5,6,4,1,0,0,0,33,1,0
C:\Users\user\Desktop\STUFF A LOT OF 'EM\er\Design_Pattern\argouml\org\argouml\uml\util\namespace\StringNamespaceElement.java,org.argouml.uml.util.namespace.StringNamespaceElement,class,1,3,2,1,3,1,0,0,0,0.0,0.0,0.0,3,0,3,0,0,0,3,0,0,0,1,0,0,1,0,0,1,0,0,12,2,0,0,0,0,0,0,1,0,1,0,0,0,0,20,1,0
C:\Users\user\Desktop\STUFF A LOT OF 'EM\er\Design_Pattern\argouml\org\argouml\uml\ui\foundation\core\UMLClassAttributeListModel.java,org.argouml.uml.ui.foundation.core.UMLClassAttributeListModel,class,3,7,4,3,5,5,0,11,6,0.0,0.0,0.0,4,0,2,0,2,0,4,0,0,0,0,0,0,0,0,0,0,0,0,27,1,0,1,0,1,1,0,5,0,5,1,0,0,0,33,1,0
C:\Users\user\Desktop\STUFF A LOT OF 'EM\er\Design_Pattern\argouml\org\argouml\uml\ui\behavior\state_machines\PropPanelState.java,org.argouml.uml.ui.behavior.state_machines.PropPanelState,class,13,17,4,13,6,5,3,2,5,0.7407407,0.0,0.0,6,0,1,0,5,0,6,0,0,0,9,0,0,9,0,0,0,0,1,42,5,0,0,0,0,0,3,10,0,10,0,0,0,0,50,1025,0
C:\Users\user\Desktop\STUFF A LOT OF 'EM\er\Design_Pattern\argouml\org\argouml\uml\ui\behavior\state_machines\UMLStateVertexOutgoingListModel.java,org.argouml.uml.ui.behavior.state_machines.UMLStateVertexOutgoingListModel,class,1,2,1,1,5,4,0,8,3,0.0,0.0,0.0,3,0,1,0,2,0,3,0,0,0,0,0,0,0,0,0,0,0,0,21,1,0,0,0,0,1,0,4,0,4,1,0,0,0,31,1,0
C:\Users\user\Desktop\STUFF A LOT OF 'EM\er\Design_Pattern\argouml\org\argouml\uml\diagram\deployment\ui\FigComponentInstance.java,org.argouml.uml.diagram.deployment.ui.FigComponentInstance,class,12,17,5,12,53,3,0,69,106,0.8125,0.0,0.0,16,0,13,0,3,0,16,0,0,0,5,2,0,4,0,1,2,0,1,200,8,3,22,0,5,8,48,47,23,36,5,0,0,0,140,1,0
C:\Users\user\Desktop\STUFF A LOT OF 'EM\er\Design_Pattern\argouml\org\argouml\uml\cognitive\critics\CrNoGuard.java,org.argouml.uml.cognitive.critics.CrNoGuard,class,2,3,1,2,10,3,0,15,1,0.0,0.0,0.0,2,0,2,0,0,0,2,0,0,0,0,0,0,0,0,0,0,0,0,26,5,0,4,0,4,1,1,3,0,3,1,0,0,0,43,1,0
C:\Users\user\Desktop\STUFF A LOT OF 'EM\er\Design_Pattern\argouml\org\argouml\uml\ui\foundation\core\ActionSetOperationConcurrencyKind.java,org.argouml.uml.ui.foundation.core.ActionSetOperationConcurrencyKind,class,3,5,2,3,7,3,0,15,3,0.75000006,0.0,0.0,3,1,2,0,1,0,3,0,0,0,4,4,3,1,0,0,4,0,0,34,1,0,0,0,1,4,0,12,0,9,3,0,0,0,49,1,0
C:\Users\user\Desktop\STUFF A LOT OF 'EM\er\Design_Pattern\argouml\org\argouml\uml\ui\TabTaggedValues.java,org.argouml.uml.ui.ActionRemoveTaggedValue,class,2,3,1,2,4,2,0,12,0,0.0,0.0,0.0,2,0,2,0,0,0,2,0,0,0,1,0,0,1,0,0,0,0,0,18,0,0,1,0,2,2,1,5,0,5,1,0,0,0,23,0,0
C:\Users\user\Desktop\STUFF A LOT OF 'EM\er\Design_Pattern\argouml\org\argouml\uml\diagram\static_structure\ui\FigLink.java,org.argouml.uml.diagram.static_structure.ui.FigLink,class,2,6,4,2,7,3,0,7,10,0.0,0.0,0.0,5,0,2,0,3,0,5,0,0,0,0,0,0,0,0,0,0,0,0,25,5,0,2,0,0,0,0,0,0,0,1,0,0,0,37,1,0
C:\Users\user\Desktop\STUFF A LOT OF 'EM\er\Design_Pattern\argouml\org\argouml\uml\cognitive\critics\CrForkOutgoingTransition.java,org.argouml.uml.cognitive.critics.CrForkOutgoingTransition,class,2,3,1,2,6,3,0,12,1,0.0,0.0,0.0,2,0,2,0,0,0,2,0,0,0,0,0,0,0,0,0,0,0,0,17,5,0,0,0,2,1,0,3,0,3,1,0,0,0,36,1,0
C:\Users\user\Desktop\STUFF A LOT OF 'EM\er\Design_Pattern\argouml\org\argouml\ui\explorer\TypeThenNameOrder.java,org.argouml.ui.explorer.TypeThenNameOrder,class,1,3,2,1,17,2,0,6,3,0.0,0.0,0.0,3,0,3,0,0,0,3,0,0,0,0,0,0,0,0,0,0,0,0,33,10,0,12,0,0,9,16,7,0,5,2,0,0,0,59,1,0
C:\Users\user\Desktop\STUFF A LOT OF 'EM\er\Design_Pattern\argouml\org\argouml\uml\diagram\static_structure\ui\FigClass.java,org.argouml.uml.diagram.static_structure.ui.FigClass,class,26,37,11,26,183,3,1,166,596,0.92222226,0.0,0.0,36,0,22,2,12,0,34,0,0,0,5,2,0,5,0,0,2,0,25,720,32,20,49,2,51,20,116,178,83,114,4,0,0,0,428,1,0
C:\Users\user\Desktop\STUFF A LOT OF 'EM\er\Design_Pattern\argouml\org\argouml\uml\ui\foundation\core\UMLGeneralizableElementSpecializationListModel.java,org.argouml.uml.ui.foundation.core.UMLGeneralizableElementSpecializationListModel,class,1,4,3,1,4,4,0,6,3,0.0,0.0,0.0,3,0,1,0,2,0,3,0,0,0,0,0,0,0,0,0,0,0,0,13,1,0,1,0,0,1,0,0,0,0,1,0,0,0,22,1,0
C:\Users\user\Desktop\STUFF A LOT OF 'EM\er\Design_Pattern\argouml\org\argouml\uml\cognitive\critics\CrMissingAttrName.java,org.argouml.uml.cognitive.critics.CrMissingAttrName,class,5,6,1,5,12,3,0,18,10,0.0,0.0,0.0,5,0,5,0,0,0,5,0,0,0,0,0,0,0,0,0,0,0,0,38,6,0,3,0,4,5,4,10,2,8,3,0,0,0,64,1,0
C:\Users\user\Desktop\STUFF A LOT OF 'EM\er\Design_Pattern\argouml\org\argouml\application\events\ArgoModuleEvent.java,org.argouml.application.events.ArgoModuleEvent,class,2,10,8,2,2,2,0,0,1,0.0,0.0,0.0,2,0,2,0,0,0,2,0,0,0,0,0,0,0,0,0,0,0,0,8,1,0,0,0,0,0,0,0,0,0,0,0,0,0,49,1,0
C:\Users\user\Desktop\STUFF A LOT OF 'EM\er\Design_Pattern\argouml\org\argouml\uml\ui\foundation\core\UMLAssociationEndNavigableCheckBox.java,org.argouml.uml.ui.foundation.core.UMLAssociationEndNavigableCheckBox,class,2,3,1,2,3,8,0,6,1,0.0,0.0,0.0,2,0,2,0,0,0,2,0,0,0,0,0,0,0,0,0,0,0,1,10,0,0,1,0,0,2,0,0,0,0,1,0,0,0,18,1,0
C:\Users\user\Desktop\STUFF A LOT OF 'EM\er\Design_Pattern\argouml\org\argouml\uml\util\namespace\StringNamespace.java,org.argouml.uml.util.namespace.StringNamespace,class,4,6,2,4,32,1,0,28,148,0.71428573,0.0,0.0,21,2,21,0,0,0,21,0,0,0,2,0,0,2,0,0,0,0,1,116,14,5,0,1,1,0,5,22,1,17,2,0,0,0,114,1,0
C:\Users\user\Desktop\STUFF A LOT OF 'EM\er\Design_Pattern\argouml\org\argouml\uml\diagram\ui\PropPanelString.java,org.argouml.uml.diagram.ui.PropPanelString,class,5,6,1,5,18,2,0,20,54,0.7692308,0.0,0.0,13,0,12,0,1,0,13,0,0,0,3,0,0,3,0,0,0,0,0,69,2,0,2,0,0,3,9,17,0,5,1,0,0,0,54,1,0
C:\Users\user\Desktop\STUFF A LOT OF 'EM\er\Design_Pattern\argouml\org\argouml\uml\ui\ActionExit.java,org.argouml.uml.ui.ActionExit,class,8,9,1,8,13,2,0,16,1,0.5,0.0,0.0,3,0,3,0,0,0,3,0,0,0,2,1,1,1,0,0,1,0,5,44,3,0,4,0,0,2,1,14,0,7,3,0,0,0,51,1,0
C:\Users\user\Desktop\STUFF A LOT OF 'EM\er\Design_Pattern\argouml\org\argouml\uml\ui\foundation\core\ActionSetAssociationEndNavigable.java,org.argouml.uml.ui.foundation.core.ActionSetAssociationEndNavigable,class,3,5,2,3,5,3,0,9,3,0.6666667,0.0,0.0,3,1,2,0,1,0,3,0,0,0,1,1,0,1,0,0,1,0,0,20,1,0,0,0,0,1,0,4,0,4,2,0,0,0,31,1,0
C:\Users\user\Desktop\STUFF A LOT OF 'EM\er\Design_Pattern\argouml\org\argouml\uml\ui\UMLStimulusActionTextProperty.java,org.argouml.uml.ui.UMLStimulusActionTextProperty,class,3,6,3,3,15,1,0,8,8,0.6,0.0,0.0,5,0,3,0,0,2,5,0,0,0,1,0,0,1,0,0,0,0,0,36,3,0,8,0,0,0,0,10,0,9,3,0,0,0,45,1,0
C:\Users\user\Desktop\STUFF A LOT OF 'EM\er\Design_Pattern\argouml\org\argouml\model\uml\ModelManagementFactoryImpl.java,org.argouml.model.uml.ModelManagementFactoryImpl,class,10,13,3,10,21,2,0,16,87,0.88095236,0.0,0.0,14,0,8,1,0,5,13,0,0,0,3,1,0,2,0,1,1,0,0,79,7,0,1,0,7,3,0,9,1,9,1,0,0,0,110,1,1
C:\Users\user\Desktop\STUFF A LOT OF 'EM\er\Design_Pattern\argouml\org\argouml\uml\ui\behavior\use_cases\ActionSetIncludeBase.java,org.argouml.uml.ui.behavior.use_cases.ActionSetIncludeBase,class,3,5,2,3,9,3,0,12,3,0.6666667,0.0,0.0,3,1,2,0,1,0,3,0,0,0,1,1,0,1,0,0,1,0,0,37,1,0,2,0,0,2,0,12,0,7,4,0,0,0,35,1,0
C:\Users\user\Desktop\STUFF A LOT OF 'EM\er\Design_Pattern\argouml\org\argouml\uml\ui\behavior\use_cases\ActionSetExtendExtension.java,org.argouml.uml.ui.behavior.use_cases.ActionSetExtendExtension,class,3,5,2,3,9,3,0,12,3,0.6666667,0.0,0.0,3,1,2,0,1,0,3,0,0,0,1,1,0,1,0,0,1,0,0,37,1,0,2,0,0,2,0,12,0,7,4,0,0,0,35,1,0
C:\Users\user\Desktop\STUFF A LOT OF 'EM\er\Design_Pattern\argouml\org\argouml\uml\ui\foundation\core\ActionNewClass.java,org.argouml.uml.ui.foundation.core.ActionNewClass,class,1,3,2,1,4,2,0,11,1,0.0,0.0,0.0,2,0,2,0,0,0,2,0,0,0,0,0,0,0,0,0,0,0,0,18,0,0,1,0,0,2,0,4,0,4,2,0,0,0,23,1,0
C:\Users\user\Desktop\STUFF A LOT OF 'EM\er\Design_Pattern\argouml\org\argouml\uml\ui\foundation\core\ActionNewParameter.java,org.argouml.uml.ui.foundation.core.ActionNewParameter,class,2,7,5,2,3,2,0,11,3,0.6666667,0.0,0.0,3,1,3,0,0,0,3,0,0,0,1,1,0,1,0,0,1,0,0,18,1,0,0,0,0,2,0,6,0,6,0,0,0,0,51,1,0
C:\Users\user\Desktop\STUFF A LOT OF 'EM\er\Design_Pattern\argouml\org\argouml\uml\ui\foundation\core\PropPanelStructuralFeature.java,org.argouml.uml.ui.foundation.core.PropPanelStructuralFeature,class,12,13,1,12,11,5,1,4,10,0.8,0.0,0.0,5,0,4,0,1,0,5,0,0,0,6,2,0,6,0,0,0,0,2,42,4,0,6,0,0,1,0,6,0,6,2,0,0,0,40,1,0
C:\Users\user\Desktop\STUFF A LOT OF 'EM\er\Design_Pattern\argouml\org\argouml\cognitive\Goal.java,org.argouml.cognitive.Goal,class,2,14,12,2,11,1,0,4,18,0.7037037,0.0,0.0,9,1,9,0,0,0,9,0,0,0,3,1,0,3,0,0,1,0,1,39,8,0,1,0,2,1,2,5,0,3,1,0,0,0,36,1,0
C:\Users\user\Desktop\STUFF A LOT OF 'EM\er\Design_Pattern\argouml\org\argouml\uml\diagram\ui\PropPanelUMLUseCaseDiagram.java,org.argouml.uml.diagram.ui.PropPanelUMLUseCaseDiagram,class,1,1,0,1,1,3,0,1,0,0.0,NaN,NaN,1,0,1,0,0,0,1,0,0,0,0,0,0,0,0,0,0,0,0,5,0,0,0,0,0,1,0,0,0,0,0,0,0,0,10,1,0
C:\Users\user\Desktop\STUFF A LOT OF 'EM\er\Design_Pattern\argouml\org\argouml\uml\ui\UMLExpressionModel2.java,org.argouml.uml.ui.UMLExpressionModel2,class,3,12,9,3,31,1,3,12,26,0.7,0.0,0.0,12,0,10,1,1,0,11,3,0,0,5,1,0,5,0,0,1,0,0,91,6,0,12,0,0,1,0,24,0,13,2,0,0,0,60,1025,0
C:\Users\user\Desktop\STUFF A LOT OF 'EM\er\Design_Pattern\argouml\org\argouml\model\uml\XmiReaderImpl.java,org.argouml.model.uml.XmiReaderImpl,class,6,7,1,6,7,1,0,3,0,0.5,0.0,0.0,3,0,3,0,0,0,3,0,0,0,2,1,0,2,0,0,1,0,0,29,2,0,0,2,0,0,0,2,0,2,1,0,0,0,69,1,0
C:\Users\user\Desktop\STUFF A LOT OF 'EM\er\Design_Pattern\argouml\org\argouml\uml\ui\behavior\common_behavior\UMLInstanceReceiverStimulusListModel.java,org.argouml.uml.ui.behavior.common_behavior.UMLInstanceReceiverStimulusListModel,class,1,2,1,1,3,4,0,6,3,0.0,0.0,0.0,3,0,1,0,2,0,3,0,0,0,0,0,0,0,0,0,0,0,0,12,1,0,0,0,0,1,0,0,0,0,0,0,0,0,26,1,0
C:\Users\user\Desktop\STUFF A LOT OF 'EM\er\Design_Pattern\argouml\org\argouml\application\api\PluggableAboutTab.java,org.argouml.application.api.PluggableAboutTab,interface,2,3,1,2,1,1,0,0,0,0.0,NaN,NaN,1,0,0,0,0,1,1,0,0,0,0,0,0,0,0,0,0,0,0,3,0,0,0,0,0,0,0,0,0,0,0,0,0,0,27,1,0
C:\Users\user\Desktop\STUFF A LOT OF 'EM\er\Design_Pattern\argouml\org\argouml\ui\explorer\PerspectiveConfigurator.java,org.argouml.ui.explorer.PerspectiveConfigurator$Anonymous2,anonymous,0,0,0,0,1,1,0,2,0,0.0,NaN,NaN,1,0,1,0,0,0,1,0,0,0,0,0,0,0,0,0,0,0,0,5,1,0,0,0,0,0,0,0,0,0,0,0,0,0,3,-1,0
C:\Users\user\Desktop\STUFF A LOT OF 'EM\er\Design_Pattern\argouml\org\argouml\uml\cognitive\critics\CrOperNameConflict.java,org.argouml.uml.cognitive.critics.CrOperNameConflict,class,4,6,2,4,28,3,0,21,6,0.0,0.0,0.0,4,0,3,1,0,0,3,0,0,0,0,0,0,0,0,0,0,0,1,64,13,5,10,0,1,2,1,17,0,13,3,0,0,0,262,1,0
C:\Users\user\Desktop\STUFF A LOT OF 'EM\er\Design_Pattern\argouml\org\argouml\uml\ui\behavior\collaborations\ActionRemoveClassifierRoleBase.java,org.argouml.uml.ui.behavior.collaborations.ActionRemoveClassifierRoleBase,class,2,3,1,2,3,3,0,6,3,0.6666667,0.0,0.0,3,1,2,0,1,0,3,0,0,0,1,1,0,1,0,0,1,0,0,13,1,0,0,0,0,1,0,1,0,1,0,0,0,0,31,1,0
C:\Users\user\Desktop\STUFF A LOT OF 'EM\er\Design_Pattern\argouml\org\argouml\uml\cognitive\critics\CrCircularInheritance.java,org.argouml.uml.cognitive.critics.CrCircularInheritance,class,8,10,2,8,11,3,0,25,8,0.6,0.0,0.0,5,0,4,0,1,0,5,0,0,0,1,1,0,1,0,0,1,0,0,54,6,1,0,1,1,5,0,13,2,12,2,0,0,0,78,1,2
C:\Users\user\Desktop\STUFF A LOT OF 'EM\er\Design_Pattern\argouml\org\argouml\ui\explorer\PerspectiveConfigurator.java,org.argouml.ui.explorer.PerspectiveConfigurator$Anonymous1,anonymous,0,0,0,0,1,1,0,2,0,0.0,NaN,NaN,1,0,1,0,0,0,1,0,0,0,0,0,0,0,0,0,0,0,0,5,1,0,0,0,0,0,0,0,0,0,0,0,0,0,3,-1,0
C:\Users\user\Desktop\STUFF A LOT OF 'EM\er\Design_Pattern\argouml\org\argouml\uml\cognitive\critics\CrCircularAssocClass.java,org.argouml.uml.cognitive.critics.CrCircularAssocClass,class,2,3,1,2,7,3,0,11,1,0.0,0.0,0.0,2,0,2,0,0,0,2,0,0,0,0,0,0,0,0,0,0,0,0,21,4,1,1,0,0,0,0,4,0,4,3,0,0,0,57,1,0
C:\Users\user\Desktop\STUFF A LOT OF 'EM\er\Design_Pattern\argouml\org\argouml\uml\cognitive\critics\CrMissingStateName.java,org.argouml.uml.cognitive.critics.CrMissingStateName,class,5,6,1,5,18,3,0,24,10,0.0,0.0,0.0,5,0,5,0,0,0,5,0,0,0,0,0,0,0,0,0,0,0,0,41,10,0,3,0,3,5,4,9,2,7,3,0,0,0,73,1,0
C:\Users\user\Desktop\STUFF A LOT OF 'EM\er\Design_Pattern\argouml\org\argouml\language\java\generator\JavaTokenTypes.java,org.argouml.language.java.generator.JavaTokenTypes,interface,0,2,2,0,0,1,0,0,0,NaN,-1.0,-1.0,0,0,0,0,0,0,0,0,0,0,146,0,0,0,0,146,0,0,0,148,0,0,0,0,0,0,146,146,0,146,0,0,0,0,76,1,0
C:\Users\user\Desktop\STUFF A LOT OF 'EM\er\Design_Pattern\argouml\org\argouml\uml\ui\behavior\common_behavior\ActionAddInstanceClassifier.java,org.argouml.uml.ui.behavior.common_behavior.ActionAddInstanceClassifier,class,2,5,3,2,7,2,0,14,13,0.6666667,0.0,0.0,6,0,2,0,4,0,6,0,0,0,1,0,0,1,0,0,0,0,0,30,3,0,1,0,0,1,0,6,0,5,1,0,0,0,64,1,0
C:\Users\user\Desktop\STUFF A LOT OF 'EM\er\Design_Pattern\argouml\org\argouml\uml\ui\ActionNew.java,org.argouml.uml.ui.ActionNew,class,3,4,1,3,4,3,0,20,1,1.0,0.0,0.0,2,0,1,0,1,0,2,0,0,0,1,1,1,0,0,0,1,0,0,23,1,1,0,0,0,3,2,5,0,4,1,0,0,0,31,1,0
C:\Users\user\Desktop\STUFF A LOT OF 'EM\er\Design_Pattern\argouml\org\argouml\uml\ui\behavior\state_machines\ActionNewSynchState.java,org.argouml.uml.ui.behavior.state_machines.ActionNewSynchState,class,2,4,2,2,3,2,0,6,3,0.6666667,0.0,0.0,3,1,2,0,1,0,3,0,0,0,1,1,0,1,0,0,1,0,0,14,1,0,0,0,0,1,0,1,0,1,0,0,0,0,28,1,0
C:\Users\user\Desktop\STUFF A LOT OF 'EM\er\Design_Pattern\argouml\org\argouml\uml\diagram\state\ui\ActionCreatePseudostate.java,org.argouml.uml.diagram.state.ui.ActionCreatePseudostate,class,1,3,2,1,3,2,0,9,1,0.0,0.0,0.0,2,0,2,0,0,0,2,0,0,0,0,0,0,0,0,0,0,0,0,16,1,0,0,0,0,3,0,2,0,2,1,0,0,0,47,1,0
C:\Users\user\Desktop\STUFF A LOT OF 'EM\er\Design_Pattern\argouml\org\argouml\ui\explorer\DnDExplorerTree.java,org.argouml.ui.explorer.TransferableModelElement,class,0,1,1,0,5,1,0,1,2,0.5833333,0.0,0.0,4,0,4,0,0,0,4,0,0,0,3,2,1,2,0,0,1,0,0,22,3,0,0,0,0,1,0,3,0,3,1,0,0,0,31,0,0
C:\Users\user\Desktop\STUFF A LOT OF 'EM\er\Design_Pattern\argouml\org\argouml\uml\diagram\sequence\ActivationNode.java,org.argouml.uml.diagram.sequence.ActivationNode,class,1,8,7,1,13,2,2,0,20,0.7222222,0.0,0.0,9,0,9,0,0,0,9,0,0,0,4,0,0,4,0,0,0,0,0,38,4,0,0,0,2,6,0,4,2,4,1,0,0,0,31,1,0
C:\Users\user\Desktop\STUFF A LOT OF 'EM\er\Design_Pattern\argouml\org\argouml\uml\ui\foundation\core\PropPanelAssociationClass.java,org.argouml.uml.ui.foundation.core.PropPanelAssociationClass,class,20,21,1,20,5,6,0,21,3,0.6666667,0.0,0.0,3,0,3,0,0,0,3,0,0,0,5,2,0,5,0,0,0,0,4,53,2,0,2,0,0,16,0,10,0,10,1,0,0,0,60,1,0
C:\Users\user\Desktop\STUFF A LOT OF 'EM\er\Design_Pattern\argouml\org\argouml\persistence\PersistenceException.java,org.argouml.persistence.PersistenceException,class,0,3,3,0,11,3,2,5,0,0.25,0.0,0.0,8,0,8,0,0,0,8,0,0,0,1,0,0,1,0,0,0,0,0,41,1,0,3,0,0,3,0,3,0,1,1,0,0,0,28,1,0
C:\Users\user\Desktop\STUFF A LOT OF 'EM\er\Design_Pattern\argouml\org\argouml\uml\diagram\state\ui\FigConcurrentRegion.java,org.argouml.uml.diagram.state.ui.FigConcurrentRegion$Anonymous1,anonymous,0,0,0,0,9,1,0,10,0,0.0,NaN,NaN,1,0,1,0,0,0,1,0,0,0,0,0,0,0,0,0,0,0,0,17,0,0,4,0,4,2,0,3,0,1,2,0,0,0,8,-1,0
C:\Users\user\Desktop\STUFF A LOT OF 'EM\er\Design_Pattern\argouml\org\argouml\uml\ui\behavior\collaborations\PropPanelCollaboration.java,org.argouml.uml.ui.behavior.collaborations.PropPanelCollaboration,class,13,13,0,13,1,5,0,10,0,0.0,NaN,NaN,1,0,1,0,0,0,1,0,0,0,0,0,0,0,0,0,0,0,3,24,0,0,0,0,0,10,3,4,0,4,0,0,0,0,66,1,0
C:\Users\user\Desktop\STUFF A LOT OF 'EM\er\Design_Pattern\argouml\org\argouml\uml\ui\foundation\core\PropPanelModelElement.java,org.argouml.uml.ui.foundation.core.PropPanelModelElement,class,27,83,56,27,38,3,25,27,298,0.95826066,0.0,0.0,25,0,11,0,14,0,25,0,0,0,23,9,0,23,0,0,1,0,4,159,20,0,13,0,0,12,1,30,0,30,1,0,0,0,137,1025,1
C:\Users\user\Desktop\STUFF A LOT OF 'EM\er\Design_Pattern\argouml\org\argouml\ui\explorer\PerspectiveConfigurator.java,org.argouml.ui.explorer.PerspectiveConfigurator$ResetListener,innerclass,2,2,0,2,3,1,0,9,0,0.0,NaN,NaN,1,0,1,0,0,0,1,0,0,0,0,0,0,0,0,0,0,0,1,13,0,1,0,0,0,0,1,2,0,2,2,0,0,0,25,0,0
C:\Users\user\Desktop\STUFF A LOT OF 'EM\er\Design_Pattern\argouml\org\argouml\ui\CmdCreateNode.java,org.argouml.ui.CmdCreateNode,class,3,4,1,3,8,2,0,6,28,0.875,0.0,0.0,8,0,7,1,0,0,7,0,0,0,1,1,0,1,0,0,1,0,2,34,1,0,0,0,0,3,0,2,1,2,0,0,0,0,97,1,0
C:\Users\user\Desktop\STUFF A LOT OF 'EM\er\Design_Pattern\argouml\org\argouml\uml\diagram\ui\FigName.java,org.argouml.uml.diagram.ui.FigName,class,1,2,1,1,2,2,0,1,1,0.0,0.0,0.0,2,0,2,0,0,0,2,0,0,0,0,0,0,0,0,0,0,0,0,8,0,0,0,0,0,0,1,0,0,0,0,0,0,0,38,1,0
C:\Users\user\Desktop\STUFF A LOT OF 'EM\er\Design_Pattern\argouml\org\argouml\ui\explorer\rules\GoSignalToReception.java,org.argouml.ui.explorer.rules.GoSignalToReception,class,2,3,1,2,5,2,0,5,3,0.0,0.0,0.0,3,0,3,0,0,0,3,0,0,0,0,0,0,0,0,0,0,0,1,19,5,0,0,0,0,1,0,1,0,1,1,0,0,0,29,1,0
C:\Users\user\Desktop\STUFF A LOT OF 'EM\er\Design_Pattern\argouml\org\argouml\uml\cognitive\critics\CrReservedName.java,org.argouml.uml.cognitive.critics.CrReservedName,class,7,9,2,7,18,3,0,27,15,0.9166666,0.0,0.0,6,0,5,1,0,0,6,0,0,0,2,2,0,2,0,0,0,0,0,159,10,1,4,0,5,113,2,11,0,11,2,0,0,0,89,1,0
C:\Users\user\Desktop\STUFF A LOT OF 'EM\er\Design_Pattern\argouml\org\argouml\uml\ui\behavior\common_behavior\ActionNewCreateAction.java,org.argouml.uml.ui.behavior.common_behavior.ActionNewCreateAction,class,2,4,2,2,3,3,0,4,3,0.6666667,0.0,0.0,3,1,1,0,2,0,3,0,0,0,1,1,0,1,0,0,1,0,0,13,2,0,0,0,0,1,0,1,0,1,0,0,0,0,21,1,0
C:\Users\user\Desktop\STUFF A LOT OF 'EM\er\Design_Pattern\argouml\org\argouml\persistence\ProgressListener.java,org.argouml.persistence.ProgressListener,interface,1,4,3,1,1,1,0,0,0,0.0,NaN,NaN,1,0,0,0,0,1,1,0,0,0,0,0,0,0,0,0,0,0,0,3,0,0,0,0,0,0,0,0,0,0,0,0,0,0,21,1,0
C:\Users\user\Desktop\STUFF A LOT OF 'EM\er\Design_Pattern\argouml\org\argouml\uml\ui\ActionSaveProjectAs.java,org.argouml.uml.ui.ActionSaveProjectAs,class,7,11,4,7,13,4,0,27,6,0.875,0.0,0.0,4,0,2,0,2,0,4,0,0,0,2,2,1,1,0,0,2,0,0,55,4,0,6,0,2,8,1,17,3,14,3,0,0,0,56,1,1
C:\Users\user\Desktop\STUFF A LOT OF 'EM\er\Design_Pattern\argouml\org\argouml\uml\ui\foundation\core\UMLGeneralizableElementRootCheckBox.java,org.argouml.uml.ui.foundation.core.UMLGeneralizableElementRootCheckBox,class,2,8,6,2,3,8,0,6,1,0.0,0.0,0.0,2,0,2,0,0,0,2,0,0,0,0,0,0,0,0,0,0,0,1,10,0,0,1,0,0,2,0,0,0,0,1,0,0,0,18,1,0
C:\Users\user\Desktop\STUFF A LOT OF 'EM\er\Design_Pattern\argouml\org\argouml\cognitive\checklist\CheckItem.java,org.argouml.cognitive.checklist.CheckItem,class,2,8,6,2,16,1,1,8,89,0.8333334,0.0,0.0,15,0,15,0,0,0,15,0,0,0,4,0,0,4,0,0,0,0,0,58,10,0,0,0,1,1,0,8,0,5,1,0,0,0,123,1,0
C:\Users\user\Desktop\STUFF A LOT OF 'EM\er\Design_Pattern\argouml\org\argouml\uml\cognitive\critics\CrNameConflict.java,org.argouml.uml.cognitive.critics.CrNameConflict,class,8,10,2,8,16,3,0,28,21,0.0,0.0,0.0,7,0,6,0,1,0,7,0,0,0,0,0,0,0,0,0,0,0,0,61,7,1,1,0,3,4,1,16,0,16,3,0,0,0,79,1,0
C:\Users\user\Desktop\STUFF A LOT OF 'EM\er\Design_Pattern\argouml\org\argouml\cognitive\checklist\ui\TabChecklist.java,org.argouml.cognitive.checklist.ui.TableModelChecklist$Anonymous1,anonymous,1,1,0,1,1,1,0,2,0,0.0,NaN,NaN,1,0,1,0,0,0,1,0,0,0,0,0,0,0,0,0,0,0,0,6,0,0,0,0,0,0,0,0,0,0,0,0,0,0,5,-1,0
C:\Users\user\Desktop\STUFF A LOT OF 'EM\er\Design_Pattern\argouml\org\argouml\persistence\DiagramMemberFilePersister.java,org.argouml.persistence.DiagramMemberFilePersister,class,11,12,1,11,11,2,0,15,3,0.6666667,0.0,0.0,3,0,3,0,0,0,3,0,0,0,2,2,0,2,0,0,2,0,1,60,1,0,2,4,0,4,0,8,0,8,2,0,0,0,68,1,1
C:\Users\user\Desktop\STUFF A LOT OF 'EM\er\Design_Pattern\argouml\org\argouml\persistence\PersistenceManager.java,org.argouml.persistence.PersistenceManager,class,9,14,5,9,20,1,0,18,44,0.78333336,0.0,0.0,12,1,10,1,0,1,11,0,0,0,5,1,0,5,0,0,1,0,0,83,11,2,2,2,0,3,2,16,5,13,2,0,0,0,152,1,0
C:\Users\user\Desktop\STUFF A LOT OF 'EM\er\Design_Pattern\argouml\org\argouml\uml\diagram\ui\ActionDeleteConcurrentRegion.java,org.argouml.uml.diagram.ui.ActionDeleteConcurrentRegion,class,10,13,3,10,14,2,0,29,6,0.75,0.0,0.0,4,1,3,1,0,0,3,0,0,0,2,2,0,2,0,0,1,0,0,61,2,2,1,2,9,1,11,23,5,17,4,0,0,0,59,1,1
C:\Users\user\Desktop\STUFF A LOT OF 'EM\er\Design_Pattern\argouml\org\argouml\cognitive\ui\AddToDoItemDialog.java,org.argouml.cognitive.ui.AddToDoItemDialog,class,11,13,2,11,10,3,0,35,1,0.4814815,0.0,0.0,3,0,2,1,0,0,2,0,0,0,9,4,0,9,0,0,4,0,13,87,0,2,2,0,0,10,9,30,1,27,2,0,0,0,91,1,0
C:\Users\user\Desktop\STUFF A LOT OF 'EM\er\Design_Pattern\argouml\org\argouml\model\uml\CoreHelperImpl.java,org.argouml.model.uml.CoreHelperImpl,class,79,81,2,79,673,1,0,198,9325,0.9136691,0.0,0.0,139,0,131,7,0,1,132,0,2,0,2,1,0,2,0,0,1,0,0,1911,249,54,73,1,238,174,19,226,93,214,5,0,0,0,597,0,16
C:\Users\user\Desktop\STUFF A LOT OF 'EM\er\Design_Pattern\argouml\org\argouml\application\api\NotationProvider2.java,org.argouml.application.api.NotationProvider2,interface,1,4,3,1,27,1,0,0,351,0.0,0.0,0.0,27,0,0,0,0,27,27,0,0,0,0,0,0,0,0,0,0,0,0,29,0,0,0,0,0,0,0,0,0,0,0,0,0,0,99,1,0
C:\Users\user\Desktop\STUFF A LOT OF 'EM\er\Design_Pattern\argouml\org\argouml\cognitive\ResolvedCritic.java,org.argouml.cognitive.ResolvedCritic,class,6,10,4,6,37,1,0,22,0,0.56666666,0.0,0.0,10,0,8,0,2,0,10,0,0,0,3,1,0,3,0,0,1,0,1,130,13,4,13,2,1,12,7,19,6,13,3,0,0,0,143,1,1
C:\Users\user\Desktop\STUFF A LOT OF 'EM\er\Design_Pattern\argouml\org\argouml\application\events\ArgoNotationEventListener.java,org.argouml.application.events.ArgoNotationEventListener,interface,2,4,2,2,5,1,0,0,10,0.0,0.0,0.0,5,0,5,0,0,0,5,0,0,0,0,0,0,0,0,0,0,0,0,7,0,0,0,0,0,0,0,0,0,0,0,0,0,0,34,1,0
C:\Users\user\Desktop\STUFF A LOT OF 'EM\er\Design_Pattern\argouml\org\argouml\ui\explorer\rules\GoComponentToResidentModelElement.java,org.argouml.ui.explorer.rules.GoComponentToResidentModelElement,class,2,3,1,2,5,2,0,9,3,0.0,0.0,0.0,3,0,3,0,0,0,3,0,0,0,0,0,0,0,0,0,0,0,1,19,4,1,0,0,0,1,0,2,0,2,2,0,0,0,23,1,0
C:\Users\user\Desktop\STUFF A LOT OF 'EM\er\Design_Pattern\argouml\org\argouml\ui\SettingsTabAppearance.java,org.argouml.ui.SettingsTabAppearance,class,7,9,2,7,11,6,0,31,43,0.70454544,0.0,0.0,11,0,10,1,0,0,10,0,0,0,4,0,0,4,0,0,0,0,15,80,6,0,0,0,0,9,10,14,0,14,0,1,0,0,73,1,0
C:\Users\user\Desktop\STUFF A LOT OF 'EM\er\Design_Pattern\argouml\org\argouml\ui\DetailsPane.java,org.argouml.ui.LeftArrowIcon,class,1,3,2,1,3,1,0,5,3,0.0,0.0,0.0,3,0,3,0,0,0,3,0,0,0,0,0,0,0,0,0,0,0,0,17,2,0,0,0,0,0,5,3,7,3,0,0,0,0,24,0,0
C:\Users\user\Desktop\STUFF A LOT OF 'EM\er\Design_Pattern\argouml\org\argouml\uml\diagram\ui\AttributesCompartmentContainer.java,org.argouml.uml.diagram.ui.AttributesCompartmentContainer,interface,0,2,2,0,3,1,0,0,3,0.0,0.0,0.0,3,0,0,0,0,3,3,0,0,0,0,0,0,0,0,0,0,0,0,5,0,0,0,0,0,0,0,0,0,0,0,0,0,0,33,1,0
C:\Users\user\Desktop\STUFF A LOT OF 'EM\er\Design_Pattern\argouml\org\argouml\uml\ui\behavior\common_behavior\PropPanelCallAction.java,org.argouml.uml.ui.behavior.common_behavior.PropPanelCallAction,class,2,2,0,2,1,5,0,1,0,0.0,NaN,NaN,1,0,1,0,0,0,1,0,0,0,0,0,0,0,0,0,0,0,1,5,0,0,0,0,0,2,0,0,0,0,0,0,0,0,17,1,0
C:\Users\user\Desktop\STUFF A LOT OF 'EM\er\Design_Pattern\argouml\org\argouml\uml\ui\behavior\common_behavior\UMLInstanceClassifierListModel.java,org.argouml.uml.ui.behavior.common_behavior.UMLInstanceClassifierListModel,class,1,4,3,1,4,4,0,6,3,0.0,0.0,0.0,3,0,1,0,2,0,3,0,0,0,0,0,0,0,0,0,0,0,0,11,1,0,1,0,0,1,0,0,0,0,1,0,0,0,39,1,0
C:\Users\user\Desktop\STUFF A LOT OF 'EM\er\Design_Pattern\argouml\org\argouml\uml\cognitive\critics\CrIllegalGeneralization.java,org.argouml.uml.cognitive.critics.CrIllegalGeneralization,class,2,3,1,2,6,3,0,8,1,0.0,0.0,0.0,2,0,2,0,0,0,2,0,0,0,0,0,0,0,0,0,0,0,0,25,4,0,3,0,1,2,0,5,0,5,1,0,0,0,59,1,0
C:\Users\user\Desktop\STUFF A LOT OF 'EM\er\Design_Pattern\argouml\org\argouml\ui\cmd\ActionSystemInfo.java,org.argouml.ui.cmd.ActionSystemInfo,class,2,3,1,2,3,2,0,6,1,0.0,0.0,0.0,2,0,2,0,0,0,2,0,0,0,0,0,0,0,0,0,0,0,0,19,0,0,0,0,0,1,4,4,4,4,1,0,0,0,20,0,0
C:\Users\user\Desktop\STUFF A LOT OF 'EM\er\Design_Pattern\argouml\org\argouml\uml\cognitive\critics\CrNoTransitions.java,org.argouml.uml.cognitive.critics.CrNoTransitions,class,2,3,1,2,17,3,0,19,1,0.0,0.0,0.0,2,0,2,0,0,0,2,0,0,0,0,0,0,0,0,0,0,0,0,44,6,0,6,0,1,2,2,9,0,7,2,0,0,0,70,1,0
C:\Users\user\Desktop\STUFF A LOT OF 'EM\er\Design_Pattern\argouml\org\argouml\uml\ui\foundation\core\UMLComponentResidentListModel.java,org.argouml.uml.ui.foundation.core.UMLComponentResidentListModel,class,1,2,1,1,5,4,0,19,3,0.0,0.0,0.0,3,0,1,0,2,0,3,0,0,0,0,0,0,0,0,0,0,0,0,18,1,1,0,0,1,1,0,2,0,2,2,0,0,0,28,1,0
C:\Users\user\Desktop\STUFF A LOT OF 'EM\er\Design_Pattern\argouml\org\argouml\ui\DetailsPane.java,org.argouml.ui.DetailsPane,class,19,21,2,19,99,5,0,65,252,0.8541667,0.0,0.0,32,0,25,7,0,0,25,0,0,0,9,1,0,9,0,0,1,0,2,338,18,17,10,0,19,7,37,76,10,56,5,0,0,0,230,1,4
C:\Users\user\Desktop\STUFF A LOT OF 'EM\er\Design_Pattern\argouml\org\argouml\uml\ui\foundation\core\UMLAssociationConnectionListModel.java,org.argouml.uml.ui.foundation.core.UMLAssociationConnectionListModel,class,3,6,3,3,5,5,0,11,6,0.0,0.0,0.0,4,0,2,0,2,0,4,0,0,0,0,0,0,0,0,0,0,0,0,23,1,0,1,0,0,1,0,4,0,4,1,0,0,0,31,1,0
C:\Users\user\Desktop\STUFF A LOT OF 'EM\er\Design_Pattern\argouml\org\argouml\uml\cognitive\critics\CrNoInstanceVariables.java,org.argouml.uml.cognitive.critics.CrNoInstanceVariables,class,7,9,2,7,22,3,0,24,15,0.0,0.0,0.0,6,0,5,1,0,0,5,0,0,0,0,0,0,0,0,0,0,0,0,48,13,2,2,0,6,4,3,6,1,6,3,0,0,0,111,1,0
C:\Users\user\Desktop\STUFF A LOT OF 'EM\er\Design_Pattern\argouml\org\argouml\ui\ActionGoToDetails.java,org.argouml.ui.ActionGoToDetails,class,5,5,0,5,8,2,0,6,0,0.0,0.0,0.0,3,0,3,0,0,0,3,0,0,0,1,0,0,1,0,0,0,0,5,27,2,0,4,0,2,0,0,7,0,4,1,0,0,0,48,1,0
C:\Users\user\Desktop\STUFF A LOT OF 'EM\er\Design_Pattern\argouml\org\argouml\persistence\PGMLParser.java,org.argouml.persistence.PGMLParser,class,21,23,2,21,111,2,0,86,123,0.8552632,0.0,0.0,19,0,6,5,8,0,14,0,0,1,8,1,0,8,0,0,1,0,7,446,19,6,27,3,9,160,23,104,11,66,5,0,1,0,284,1,15
C:\Users\user\Desktop\STUFF A LOT OF 'EM\er\Design_Pattern\argouml\org\argouml\ui\explorer\WeakExplorerNode.java,org.argouml.ui.explorer.WeakExplorerNode,interface,0,7,7,0,1,1,0,0,0,0.0,NaN,NaN,1,0,1,0,0,0,1,0,0,0,0,0,0,0,0,0,0,0,0,3,0,0,0,0,0,0,0,0,0,0,0,0,0,0,116,1,0
C:\Users\user\Desktop\STUFF A LOT OF 'EM\er\Design_Pattern\argouml\org\argouml\uml\cognitive\critics\CrMergeClasses.java,org.argouml.uml.cognitive.critics.CrMergeClasses,class,2,3,1,2,11,3,0,19,1,0.0,0.0,0.0,2,0,2,0,0,0,2,0,0,0,0,0,0,0,0,0,0,0,0,33,6,0,2,0,3,1,3,7,0,7,1,0,0,0,56,1,0
C:\Users\user\Desktop\STUFF A LOT OF 'EM\er\Design_Pattern\argouml\org\argouml\uml\cognitive\checklist\Init.java,org.argouml.uml.cognitive.checklist.Init,class,6,8,2,6,3,1,0,17,3,0.0,NaN,NaN,3,3,1,2,0,0,1,0,0,0,0,0,0,0,0,0,0,0,265,287,0,0,0,0,0,256,0,64,4,3,0,0,0,0,127,1,0
C:\Users\user\Desktop\STUFF A LOT OF 'EM\er\Design_Pattern\argouml\org\argouml\application\security\ArgoClassLoader.java,org.argouml.application.security.ArgoClassLoader,class,1,1,0,1,6,2,0,9,0,0.0,0.0,0.0,2,0,2,0,0,0,2,0,0,0,1,0,0,1,0,0,0,0,0,31,1,0,2,2,0,1,1,9,1,6,3,0,0,0,47,17,0
C:\Users\user\Desktop\STUFF A LOT OF 'EM\er\Design_Pattern\argouml\org\argouml\uml\diagram\ui\FigNodeModelElement.java,org.argouml.uml.diagram.ui.FigNodeModelElement$ActionVisibilityPublic,innerclass,1,1,0,1,2,2,0,9,0,0.0,0.0,0.0,2,0,2,0,0,0,2,0,0,0,1,0,0,1,0,0,0,0,0,11,0,0,0,0,0,2,0,1,0,1,0,0,0,0,21,0,0
C:\Users\user\Desktop\STUFF A LOT OF 'EM\er\Design_Pattern\argouml\org\argouml\cognitive\Designer.java,org.argouml.cognitive.Designer,class,16,59,43,16,87,1,0,63,1572,0.95156246,0.0,0.0,60,11,59,1,0,0,60,0,0,3,32,11,2,30,0,0,3,0,33,379,28,7,7,2,4,12,27,64,9,51,6,0,1,0,411,17,6
C:\Users\user\Desktop\STUFF A LOT OF 'EM\er\Design_Pattern\argouml\org\argouml\uml\diagram\ui\ActionAddConcurrentRegion.java,org.argouml.uml.diagram.ui.ActionAddConcurrentRegion,class,14,17,3,14,14,2,0,40,6,0.75,0.0,0.0,4,1,3,1,0,0,3,0,0,0,2,2,0,2,0,0,1,0,0,74,3,1,0,2,6,1,12,24,9,21,4,0,0,0,67,1,1
C:\Users\user\Desktop\STUFF A LOT OF 'EM\er\Design_Pattern\argouml\org\argouml\uml\cognitive\critics\CrTooManyAttr.java,org.argouml.uml.cognitive.critics.CrTooManyAttr,class,2,3,1,2,7,2,0,12,1,0.0,0.0,0.0,2,0,2,0,0,0,2,0,0,0,0,0,0,0,0,0,0,0,0,21,4,1,1,0,1,1,2,5,0,5,2,0,0,0,53,1,0
C:\Users\user\Desktop\STUFF A LOT OF 'EM\er\Design_Pattern\argouml\org\argouml\uml\diagram\static_structure\layout\ClassdiagramLayouter.java,org.argouml.uml.diagram.static_structure.layout.ClassdiagramLayouter,class,12,16,4,12,44,1,0,65,57,0.86666673,0.0,0.0,15,0,8,7,0,0,8,0,0,0,14,5,0,14,0,0,1,0,9,283,6,10,7,0,10,9,22,69,16,60,4,0,1,0,226,1,4
C:\Users\user\Desktop\STUFF A LOT OF 'EM\er\Design_Pattern\argouml\org\argouml\application\api\ArgoModule.java,org.argouml.application.api.ArgoModule,interface,0,6,6,0,10,1,0,0,45,1.0,0.0,0.0,10,0,0,0,0,10,10,0,0,0,2,0,0,0,0,2,0,0,0,14,0,0,0,0,0,2,0,2,0,2,0,0,0,0,104,1,0
C:\Users\user\Desktop\STUFF A LOT OF 'EM\er\Design_Pattern\argouml\org\argouml\uml\cognitive\critics\CrUnconventionalAttrName.java,org.argouml.uml.cognitive.critics.CrUnconventionalAttrName,class,8,10,2,8,30,2,0,31,36,0.0,0.0,0.0,9,0,8,0,1,0,9,0,0,0,0,0,0,0,0,0,0,0,3,108,16,3,5,0,2,6,7,24,3,20,2,0,0,0,106,1,0
C:\Users\user\Desktop\STUFF A LOT OF 'EM\er\Design_Pattern\argouml\org\argouml\ui\cmd\ActionSnooze.java,org.argouml.ui.cmd.ActionSnooze,class,4,5,1,4,3,3,0,4,1,0.0,0.0,0.0,2,0,2,0,0,0,2,0,0,0,0,0,0,0,0,0,0,0,1,12,1,0,0,0,1,1,0,2,0,2,1,0,0,0,21,1,0
C:\Users\user\Desktop\STUFF A LOT OF 'EM\er\Design_Pattern\argouml\org\argouml\uml\ui\ActionStateDiagram.java,org.argouml.uml.ui.ActionStateDiagram,class,5,7,2,5,5,3,0,12,6,0.875,0.0,0.0,4,0,3,1,0,0,3,0,0,0,2,2,1,1,0,0,2,0,0,24,3,0,0,0,0,4,0,5,1,5,1,0,0,0,51,1,2
C:\Users\user\Desktop\STUFF A LOT OF 'EM\er\Design_Pattern\argouml\org\argouml\uml\ProfileJava.java,org.argouml.uml.ProfileJava,class,6,7,1,6,47,2,0,43,76,0.8846154,0.0,0.0,13,0,5,1,7,0,12,0,0,0,2,1,0,2,0,0,1,0,3,196,12,2,20,4,0,17,8,50,1,29,3,1,0,0,136,1,2
C:\Users\user\Desktop\STUFF A LOT OF 'EM\er\Design_Pattern\argouml\org\argouml\util\CustomSeparator.java,org.argouml.util.CustomSeparator,class,1,5,4,1,13,1,3,1,8,0.44444445,0.0,0.0,9,0,8,0,1,0,9,0,0,0,2,0,0,2,0,0,0,0,0,40,6,3,1,0,0,0,11,13,3,4,2,0,0,0,167,1,0
C:\Users\user\Desktop\STUFF A LOT OF 'EM\er\Design_Pattern\argouml\org\argouml\ui\StylePanelFig.java,org.argouml.ui.StylePanelFig,class,10,14,4,10,65,7,3,58,198,0.8763637,0.0,0.0,25,0,11,0,14,0,25,0,0,0,11,2,0,11,0,0,2,0,19,310,20,0,19,1,4,20,65,67,12,30,3,0,0,0,228,1,0
C:\Users\user\Desktop\STUFF A LOT OF 'EM\er\Design_Pattern\argouml\org\argouml\uml\diagram\sequence\ui\FigReturnActionLink.java,org.argouml.uml.diagram.sequence.ui.FigReturnActionLink,class,2,4,2,2,3,4,0,2,3,0.0,0.0,0.0,3,0,2,0,1,0,3,0,0,0,0,0,0,0,0,0,0,0,0,12,0,0,0,0,0,0,0,0,0,0,0,0,0,0,19,1,0
C:\Users\user\Desktop\STUFF A LOT OF 'EM\er\Design_Pattern\argouml\org\argouml\uml\diagram\ui\FigEmptyRect.java,org.argouml.uml.diagram.ui.FigEmptyRect,class,1,2,1,1,2,2,0,1,1,0.0,0.0,0.0,2,0,2,0,0,0,2,0,0,0,0,0,0,0,0,0,0,0,0,8,0,0,0,0,0,0,0,0,0,0,0,0,0,0,20,1,0
C:\Users\user\Desktop\STUFF A LOT OF 'EM\er\Design_Pattern\argouml\org\argouml\uml\ui\behavior\state_machines\ActionNewTransition.java,org.argouml.uml.ui.behavior.state_machines.ActionNewTransition,class,2,4,2,2,5,2,0,6,3,0.6666667,0.0,0.0,3,1,2,0,1,0,3,0,0,0,3,3,2,1,0,0,3,0,0,20,1,0,2,0,0,2,0,3,0,3,1,0,0,0,56,1,0
C:\Users\user\Desktop\STUFF A LOT OF 'EM\er\Design_Pattern\argouml\org\argouml\uml\ui\behavior\state_machines\UMLSubmachineStateComboBoxModel.java,org.argouml.uml.ui.behavior.state_machines.UMLSubmachineStateComboBoxModel,class,2,3,1,2,6,3,0,12,6,0.0,0.0,0.0,4,0,1,0,3,0,4,0,0,0,0,0,0,0,0,0,0,0,0,20,3,0,2,0,1,1,0,2,0,2,1,0,0,0,29,1,0
C:\Users\user\Desktop\STUFF A LOT OF 'EM\er\Design_Pattern\argouml\org\argouml\ui\cmd\ActionOpenDecisions.java,org.argouml.ui.cmd.ActionOpenDecisions,class,3,4,1,3,2,2,0,2,1,0.0,0.0,0.0,2,0,2,0,0,0,2,0,0,0,0,0,0,0,0,0,0,0,1,9,0,0,0,0,0,1,0,1,0,1,0,0,0,0,14,0,0
C:\Users\user\Desktop\STUFF A LOT OF 'EM\er\Design_Pattern\argouml\org\argouml\uml\cognitive\critics\CrTooManyTransitions.java,org.argouml.uml.cognitive.critics.CrTooManyTransitions,class,2,3,1,2,6,2,0,10,1,0.0,0.0,0.0,2,0,2,0,0,0,2,0,0,0,0,0,0,0,0,0,0,0,0,20,3,0,2,0,3,2,3,6,1,6,1,0,0,0,54,1,0
C:\Users\user\Desktop\STUFF A LOT OF 'EM\er\Design_Pattern\argouml\org\argouml\ui\explorer\rules\GoLinkToStimuli.java,org.argouml.ui.explorer.rules.GoLinkToStimuli,class,2,3,1,2,5,2,0,5,3,0.0,0.0,0.0,3,0,3,0,0,0,3,0,0,0,0,0,0,0,0,0,0,0,1,17,5,0,0,0,0,1,0,1,0,1,1,0,0,0,18,1,0
C:\Users\user\Desktop\STUFF A LOT OF 'EM\er\Design_Pattern\argouml\org\argouml\cognitive\ui\Wizard.java,org.argouml.cognitive.ui.Wizard,class,2,14,12,2,32,1,0,10,115,0.7909091,0.0,0.0,22,0,20,0,2,0,22,3,0,0,5,0,0,5,0,0,0,0,0,80,11,1,4,0,0,0,7,13,3,8,2,0,0,0,231,1025,0
C:\Users\user\Desktop\STUFF A LOT OF 'EM\er\Design_Pattern\argouml\org\argouml\uml\cognitive\critics\CrUnconventionalPackName.java,org.argouml.uml.cognitive.critics.CrUnconventionalPackName,class,6,8,2,6,21,2,0,20,15,0.0,0.0,0.0,6,0,6,0,0,0,6,0,0,0,0,0,0,0,0,0,0,0,4,65,8,2,6,0,3,6,4,17,0,14,3,0,0,0,67,1,0
C:\Users\user\Desktop\STUFF A LOT OF 'EM\er\Design_Pattern\argouml\org\argouml\util\FileFilters.java,org.argouml.util.FileFilters,class,1,1,0,1,2,1,0,2,0,1.0,NaN,NaN,1,1,1,0,0,0,1,0,0,0,16,16,16,0,0,0,16,0,0,24,2,0,0,0,1,30,2,16,0,16,1,0,0,0,183,1,0
C:\Users\user\Desktop\STUFF A LOT OF 'EM\er\Design_Pattern\argouml\org\argouml\uml\ui\behavior\use_cases\PropPanelExtensionPoint.java,org.argouml.uml.ui.behavior.use_cases.PropPanelExtensionPoint,class,14,14,0,14,4,5,0,15,1,0.0,0.0,0.0,2,0,2,0,0,0,2,0,0,0,0,0,0,0,0,0,0,0,4,42,1,0,1,0,1,9,1,5,0,5,1,0,1,0,71,1,0
C:\Users\user\Desktop\STUFF A LOT OF 'EM\er\Design_Pattern\argouml\org\argouml\uml\diagram\sequence\LinkNode.java,org.argouml.uml.diagram.sequence.LinkNode,class,4,7,3,4,8,3,0,2,15,0.7142857,0.0,0.0,7,0,7,0,0,0,7,0,0,0,3,0,0,3,0,0,0,0,0,29,3,0,1,0,0,0,0,3,0,3,1,0,0,0,22,1,0
C:\Users\user\Desktop\STUFF A LOT OF 'EM\er\Design_Pattern\argouml\org\argouml\ui\ArgoJMenu.java,org.argouml.ui.ArgoJMenu,class,2,4,2,2,6,7,0,16,3,0.0,0.0,0.0,3,1,3,0,0,0,3,0,1,0,0,0,0,0,0,0,0,0,3,26,1,0,3,0,1,2,2,5,1,5,1,0,0,0,58,1,0
C:\Users\user\Desktop\STUFF A LOT OF 'EM\er\Design_Pattern\argouml\org\argouml\cognitive\critics\StandardCM.java,org.argouml.cognitive.critics.OrCM,class,4,4,0,4,3,2,0,5,0,0.0,NaN,NaN,1,0,1,0,0,0,1,0,0,0,0,0,0,0,0,0,0,0,0,10,2,1,0,0,0,0,0,2,0,2,2,0,0,0,18,0,0
C:\Users\user\Desktop\STUFF A LOT OF 'EM\er\Design_Pattern\argouml\org\argouml\cognitive\critics\StandardCM.java,org.argouml.cognitive.critics.AndCM,class,4,5,1,4,3,2,1,5,0,0.0,NaN,NaN,1,0,1,0,0,0,1,0,0,0,0,0,0,0,0,0,0,0,0,10,2,1,0,0,0,0,0,2,0,2,2,0,0,0,18,0,0
C:\Users\user\Desktop\STUFF A LOT OF 'EM\er\Design_Pattern\argouml\org\argouml\application\events\ArgoModuleEventListener.java,org.argouml.application.events.ArgoModuleEventListener,interface,2,7,5,2,4,1,0,0,6,0.0,0.0,0.0,4,0,4,0,0,0,4,0,0,0,0,0,0,0,0,0,0,0,0,6,0,0,0,0,0,0,0,0,0,0,0,0,0,0,26,1,0
C:\Users\user\Desktop\STUFF A LOT OF 'EM\er\Design_Pattern\argouml\org\argouml\uml\cognitive\critics\CrNoOutgoingTransitions.java,org.argouml.uml.cognitive.critics.CrNoOutgoingTransitions,class,2,3,1,2,13,3,0,16,1,0.0,0.0,0.0,2,0,2,0,0,0,2,0,0,0,0,0,0,0,0,0,0,0,0,37,6,0,4,0,1,1,1,6,0,5,2,0,0,0,65,1,0
C:\Users\user\Desktop\STUFF A LOT OF 'EM\er\Design_Pattern\argouml\org\argouml\cognitive\ui\PriorityNode.java,org.argouml.cognitive.ui.PriorityNode,class,2,7,5,2,6,1,0,3,6,0.73333335,0.0,0.0,5,1,5,0,0,0,5,0,0,0,6,4,0,6,0,0,3,0,3,30,4,0,1,0,0,3,0,7,0,6,1,0,0,0,36,1,0
C:\Users\user\Desktop\STUFF A LOT OF 'EM\er\Design_Pattern\argouml\org\argouml\uml\reveng\Import.java,org.argouml.uml.reveng.ImportClasspathDialog$AddListener,innerclass,0,0,0,0,2,1,0,5,0,0.0,NaN,NaN,1,0,1,0,0,0,1,0,0,0,0,0,0,0,0,0,0,0,0,24,0,0,1,0,0,0,0,5,0,4,1,1,0,0,15,0,0
C:\Users\user\Desktop\STUFF A LOT OF 'EM\er\Design_Pattern\argouml\org\argouml\model\uml\UmlModelEventPump.java,org.argouml.model.uml.EventListenerList,class,4,8,4,4,59,1,0,14,0,0.6,0.0,0.0,10,0,6,2,0,2,8,0,0,5,3,2,0,3,0,0,2,0,4,143,7,9,25,0,6,4,58,46,31,27,3,0,0,0,134,0,1
C:\Users\user\Desktop\STUFF A LOT OF 'EM\er\Design_Pattern\argouml\org\argouml\uml\ui\behavior\state_machines\UMLStateDoActivityListModel.java,org.argouml.uml.ui.behavior.state_machines.UMLStateDoActivityListModel,class,1,2,1,1,4,4,0,5,3,0.0,0.0,0.0,3,0,1,0,2,0,3,0,0,0,0,0,0,0,0,0,0,0,0,12,1,0,1,0,0,1,0,0,0,0,0,0,0,0,23,1,0
