file,class,type,cbo,cboModified,fanin,fanout,wmc,dit,noc,rfc,lcom,lcom*,tcc,lcc,totalMethodsQty,staticMethodsQty,publicMethodsQty,privateMethodsQty,protectedMethodsQty,defaultMethodsQty,visibleMethodsQty,abstractMethodsQty,finalMethodsQty,synchronizedMethodsQty,totalFieldsQty,staticFieldsQty,publicFieldsQty,privateFieldsQty,protectedFieldsQty,defaultFieldsQty,finalFieldsQty,synchronizedFieldsQty,nosi,loc,returnQty,loopQty,comparisonsQty,tryCatchQty,parenthesizedExpsQty,stringLiteralsQty,numbersQty,assignmentsQty,mathOperationsQty,variablesQty,maxNestedBlocksQty,anonymousClassesQty,innerClassesQty,lambdasQty,uniqueWordsQty,modifiers,logStatementsQty
C:\Users\user\Desktop\STUFF A LOT OF 'EM\er\Design_Pattern\awt\Color.java,java.awt.Color,class,1,1,0,1,115,1,1,27,500,0.97222227,0.0,0.0,36,10,33,3,0,0,34,0,0,1,35,28,26,8,0,1,28,0,18,446,33,5,33,0,112,21,274,201,147,87,3,0,0,0,376,1,0
C:\Users\user\Desktop\STUFF A LOT OF 'EM\er\Design_Pattern\awt\peer\WindowPeer.java,java.awt.peer.WindowPeer,interface,0,0,0,0,2,1,0,0,1,0.0,0.0,0.0,2,0,0,0,0,2,2,0,0,0,0,0,0,0,0,0,0,0,0,4,0,0,0,0,0,0,0,0,0,0,0,0,0,0,32,1,0
C:\Users\user\Desktop\STUFF A LOT OF 'EM\er\Design_Pattern\awt\event\InputMethodListener.java,java.awt.event.InputMethodListener,interface,0,0,0,0,2,1,0,0,1,0.0,0.0,0.0,2,0,0,0,0,2,2,0,0,0,0,0,0,0,0,0,0,0,0,4,0,0,0,0,0,0,0,0,0,0,0,0,0,0,41,1,0
C:\Users\user\Desktop\STUFF A LOT OF 'EM\er\Design_Pattern\awt\image\renderable\ContextualRenderedImageFactory.java,java.awt.image.renderable.ContextualRenderedImageFactory,interface,0,0,0,0,6,1,0,0,15,0.0,0.0,0.0,6,0,0,0,0,6,6,0,0,0,0,0,0,0,0,0,0,0,0,8,0,0,0,0,0,0,0,0,0,0,0,0,0,0,176,1,0
C:\Users\user\Desktop\STUFF A LOT OF 'EM\er\Design_Pattern\awt\font\LineBreakMeasurer.java,java.awt.font.LineBreakMeasurer,class,0,0,0,0,23,1,0,18,0,0.4666667,0.0,0.0,10,0,10,0,0,0,10,0,0,0,6,0,0,6,0,0,0,0,3,102,7,0,3,0,0,3,3,26,4,11,4,0,0,0,357,17,0
C:\Users\user\Desktop\STUFF A LOT OF 'EM\er\Design_Pattern\awt\image\RasterFormatException.java,java.awt.image.RasterFormatException,class,0,0,0,0,1,4,0,0,0,0.0,NaN,NaN,1,0,1,0,0,0,1,0,0,0,0,0,0,0,0,0,0,0,0,5,0,0,0,0,0,0,0,0,0,0,0,0,0,0,23,1,0
C:\Users\user\Desktop\STUFF A LOT OF 'EM\er\Design_Pattern\awt\JobAttributes.java,java.awt.JobAttributes$MultipleDocumentHandlingType,innerclass,0,0,0,0,1,2,0,0,0,0.8,-1.0,-1.0,1,0,0,1,0,0,0,0,0,0,5,5,2,3,0,0,5,0,0,10,0,0,0,0,0,2,2,5,0,5,0,0,0,0,56,25,0
C:\Users\user\Desktop\STUFF A LOT OF 'EM\er\Design_Pattern\awt\dnd\DropTargetContext.java,java.awt.dnd.DropTargetContext$TransferableProxy,innerclass,2,2,0,2,4,1,0,3,6,0.75,0.0,0.0,4,0,3,0,0,1,4,0,0,0,3,0,0,1,2,0,0,0,0,19,3,0,0,0,0,0,0,3,0,3,0,0,0,0,95,4,0
C:\Users\user\Desktop\STUFF A LOT OF 'EM\er\Design_Pattern\awt\image\SampleModel.java,java.awt.image.SampleModel,class,5,5,0,5,141,1,3,12,628,0.8719512,0.0,0.0,41,1,40,1,0,0,41,10,4,0,4,0,0,0,4,0,0,0,2,396,17,66,15,0,25,8,39,167,59,124,4,0,0,0,288,1025,0
C:\Users\user\Desktop\STUFF A LOT OF 'EM\er\Design_Pattern\awt\image\ColorConvertOp.java,java.awt.image.ColorConvertOp,class,11,11,0,11,155,1,0,56,77,0.8030303,0.0,0.0,22,0,13,9,0,0,14,0,10,0,7,0,0,0,0,7,0,0,1,652,17,27,70,1,77,21,137,276,51,141,5,0,0,0,288,1,0
C:\Users\user\Desktop\STUFF A LOT OF 'EM\er\Design_Pattern\awt\peer\ScrollbarPeer.java,java.awt.peer.ScrollbarPeer,interface,0,0,0,0,3,1,0,0,3,0.0,0.0,0.0,3,0,0,0,0,3,3,0,0,0,0,0,0,0,0,0,0,0,0,5,0,0,0,0,0,0,0,0,0,0,0,0,0,0,36,1,0
C:\Users\user\Desktop\STUFF A LOT OF 'EM\er\Design_Pattern\awt\dnd\DropTargetEvent.java,java.awt.dnd.DropTargetEvent,class,0,0,0,0,2,1,2,1,1,0.75,0.0,0.0,2,0,2,0,0,0,2,0,0,0,2,1,0,1,1,0,1,0,0,11,1,0,0,0,0,0,1,2,0,2,0,0,0,0,37,1,0
C:\Users\user\Desktop\STUFF A LOT OF 'EM\er\Design_Pattern\awt\Component.java,java.awt.Component$AccessibleAWTComponent$AccessibleAWTFocusHandler,innerclass,0,0,0,0,4,1,0,1,1,0.0,0.0,0.0,2,0,2,0,0,0,2,0,0,0,0,0,0,0,0,0,0,0,0,12,0,0,2,0,0,0,0,0,0,0,1,0,0,0,23,4,0
C:\Users\user\Desktop\STUFF A LOT OF 'EM\er\Design_Pattern\awt\peer\ButtonPeer.java,java.awt.peer.ButtonPeer,interface,0,0,0,0,1,1,0,0,0,0.0,NaN,NaN,1,0,0,0,0,1,1,0,0,0,0,0,0,0,0,0,0,0,0,3,0,0,0,0,0,0,0,0,0,0,0,0,0,0,32,1,0
C:\Users\user\Desktop\STUFF A LOT OF 'EM\er\Design_Pattern\awt\print\Printable.java,java.awt.print.Printable,interface,0,0,0,0,1,1,0,0,0,1.0,NaN,NaN,1,0,0,0,0,1,1,0,0,0,2,0,0,0,0,2,0,0,0,5,0,0,0,0,0,0,2,2,0,2,0,0,0,0,100,1,0
C:\Users\user\Desktop\STUFF A LOT OF 'EM\er\Design_Pattern\awt\dnd\DragSourceDropEvent.java,java.awt.dnd.DragSourceDropEvent,class,0,0,0,0,5,2,0,0,10,0.8666666,0.0,0.0,5,0,5,0,0,0,5,0,0,0,3,1,0,3,0,0,1,0,0,25,2,0,0,0,0,0,1,7,0,3,0,0,0,0,90,1,0
C:\Users\user\Desktop\STUFF A LOT OF 'EM\er\Design_Pattern\awt\IllegalComponentStateException.java,java.awt.IllegalComponentStateException,class,0,0,0,0,2,5,0,0,1,1.0,0.0,0.0,2,0,2,0,0,0,2,0,0,0,1,1,0,1,0,0,1,0,0,9,0,0,0,0,0,0,1,1,0,1,0,0,0,0,39,1,0
C:\Users\user\Desktop\STUFF A LOT OF 'EM\er\Design_Pattern\awt\peer\ContainerPeer.java,java.awt.peer.ContainerPeer,interface,1,1,0,1,7,1,0,0,21,0.0,0.0,0.0,7,0,0,0,0,7,7,0,0,0,0,0,0,0,0,0,0,0,0,9,0,0,0,0,0,0,0,0,0,0,0,0,0,0,40,1,0
C:\Users\user\Desktop\STUFF A LOT OF 'EM\er\Design_Pattern\awt\datatransfer\SystemFlavorMap.java,java.awt.datatransfer.SystemFlavorMap$Anonymous1,anonymous,0,0,0,0,3,1,0,5,0,0.0,NaN,NaN,1,0,1,0,0,0,1,0,0,0,0,0,0,0,0,0,0,0,1,15,2,0,0,1,0,8,0,1,3,1,1,0,0,0,19,-1,0
C:\Users\user\Desktop\STUFF A LOT OF 'EM\er\Design_Pattern\awt\image\RasterOp.java,java.awt.image.RasterOp,interface,0,0,0,0,5,1,0,0,10,0.0,0.0,0.0,5,0,5,0,0,0,5,0,0,0,0,0,0,0,0,0,0,0,0,7,0,0,0,0,0,0,0,0,0,0,0,0,0,0,133,1,0
C:\Users\user\Desktop\STUFF A LOT OF 'EM\er\Design_Pattern\awt\datatransfer\SystemFlavorMap.java,java.awt.datatransfer.SystemFlavorMap$Anonymous2,anonymous,0,0,0,0,4,1,0,4,0,0.0,NaN,NaN,1,0,1,0,0,0,1,0,0,0,0,0,0,0,0,0,0,0,0,18,3,0,1,1,0,6,0,1,2,1,1,0,0,0,17,-1,0
C:\Users\user\Desktop\STUFF A LOT OF 'EM\er\Design_Pattern\awt\dnd\DropTargetDragEvent.java,java.awt.dnd.DropTargetDragEvent,class,0,0,0,0,17,2,0,6,36,0.9166666,0.0,0.0,9,0,9,0,0,0,9,0,0,0,4,1,0,4,0,0,1,0,0,39,6,0,6,0,2,3,2,4,1,4,1,0,0,0,143,1,0
C:\Users\user\Desktop\STUFF A LOT OF 'EM\er\Design_Pattern\awt\dnd\SerializationTester.java,java.awt.dnd.SerializationTester,class,0,0,0,0,7,1,0,2,1,0.5,0.0,0.0,2,1,0,1,0,1,2,0,0,0,1,1,0,1,0,0,0,0,0,35,3,0,0,3,1,0,0,1,0,1,2,1,0,0,30,16,0
C:\Users\user\Desktop\STUFF A LOT OF 'EM\er\Design_Pattern\awt\TextField.java,java.awt.TextField$AccessibleAWTTextField,innerclass,0,0,0,0,1,4,0,2,0,0.0,NaN,NaN,1,0,1,0,0,0,1,0,0,0,0,0,0,0,0,0,0,0,0,7,1,0,0,0,0,0,0,1,0,1,0,0,0,0,36,4,0
C:\Users\user\Desktop\STUFF A LOT OF 'EM\er\Design_Pattern\awt\event\KeyEvent.java,java.awt.event.KeyEvent,class,0,1,1,0,299,4,0,22,57,0.93151695,0.0,0.0,18,3,13,5,0,0,14,0,0,0,202,198,197,2,0,3,198,0,14,778,141,0,34,0,29,309,228,224,7,208,2,0,0,0,635,1,0
C:\Users\user\Desktop\STUFF A LOT OF 'EM\er\Design_Pattern\awt\Scrollbar.java,java.awt.Scrollbar,class,2,2,0,2,80,4,0,39,589,0.9076922,0.0,0.0,39,1,31,3,3,2,37,0,0,5,15,5,2,4,0,9,4,0,9,301,24,1,25,0,19,10,20,40,7,25,2,0,1,0,495,1,0
C:\Users\user\Desktop\STUFF A LOT OF 'EM\er\Design_Pattern\awt\TextArea.java,java.awt.TextArea,class,0,0,0,0,60,6,0,30,193,0.85641026,0.0,0.0,30,1,26,2,1,1,29,0,0,3,12,8,4,6,0,2,6,0,5,206,14,0,9,0,12,15,28,35,5,20,2,0,1,0,297,1,0
C:\Users\user\Desktop\STUFF A LOT OF 'EM\er\Design_Pattern\awt\dnd\DropTargetListener.java,java.awt.dnd.DropTargetListener,interface,0,0,0,0,5,1,0,0,10,0.0,0.0,0.0,5,0,0,0,0,5,5,0,0,0,0,0,0,0,0,0,0,0,0,7,0,0,0,0,0,0,0,0,0,0,0,0,0,0,135,1,0
C:\Users\user\Desktop\STUFF A LOT OF 'EM\er\Design_Pattern\awt\geom\GeneralPath.java,java.awt.geom.GeneralPath,class,4,4,0,4,78,1,0,34,211,0.81336415,0.0,0.0,31,0,28,1,0,2,30,0,0,10,14,9,2,5,0,7,9,0,2,266,17,3,16,1,5,5,69,83,28,36,3,0,0,0,330,17,0
C:\Users\user\Desktop\STUFF A LOT OF 'EM\er\Design_Pattern\awt\image\ShortLookupTable.java,java.awt.image.ShortLookupTable,class,2,2,0,2,18,2,0,0,0,0.0,0.0,0.0,5,0,5,0,0,0,5,0,1,0,1,0,0,0,0,1,0,0,0,70,3,5,4,0,4,12,21,23,8,10,3,0,0,0,114,1,0
C:\Users\user\Desktop\STUFF A LOT OF 'EM\er\Design_Pattern\awt\PaintContext.java,java.awt.PaintContext,interface,0,0,0,0,3,1,0,0,3,0.0,0.0,0.0,3,0,1,0,0,2,3,0,0,0,0,0,0,0,0,0,0,0,0,5,0,0,0,0,0,0,0,0,0,0,0,0,0,0,88,1,0
C:\Users\user\Desktop\STUFF A LOT OF 'EM\er\Design_Pattern\awt\Container.java,java.awt.Container$DropTargetEventTargetFilter,innerclass,1,1,0,1,3,1,0,2,1,1.0,NaN,NaN,2,0,1,1,0,0,1,0,0,0,1,1,0,0,0,1,1,0,0,9,1,0,1,0,0,0,0,2,0,2,0,0,0,0,15,8,0
C:\Users\user\Desktop\STUFF A LOT OF 'EM\er\Design_Pattern\awt\geom\ArcIterator.java,java.awt.geom.ArcIterator,class,2,2,0,2,32,1,0,16,3,0.5285715,0.0,0.0,7,1,5,1,0,1,6,0,0,0,5,0,0,0,0,5,0,0,21,152,11,0,10,0,19,2,65,62,64,21,2,0,0,0,126,0,0
C:\Users\user\Desktop\STUFF A LOT OF 'EM\er\Design_Pattern\awt\peer\PanelPeer.java,java.awt.peer.PanelPeer,interface,0,0,0,0,0,1,0,0,0,0.0,-1.0,-1.0,0,0,0,0,0,0,0,0,0,0,0,0,0,0,0,0,0,0,0,2,0,0,0,0,0,0,0,0,0,0,0,0,0,0,29,1,0
C:\Users\user\Desktop\STUFF A LOT OF 'EM\er\Design_Pattern\awt\event\ActionListener.java,java.awt.event.ActionListener,interface,0,0,0,0,1,1,0,0,0,0.0,NaN,NaN,1,0,1,0,0,0,1,0,0,0,0,0,0,0,0,0,0,0,0,3,0,0,0,0,0,0,0,0,0,0,0,0,0,0,43,1,0
C:\Users\user\Desktop\STUFF A LOT OF 'EM\er\Design_Pattern\awt\geom\Dimension2D.java,java.awt.geom.Dimension2D,class,0,0,0,0,7,1,0,4,15,0.0,0.0,0.0,6,0,5,0,1,0,6,3,0,0,0,0,0,0,0,0,0,0,0,18,1,0,0,1,0,0,0,0,0,0,1,0,0,0,84,1025,0
C:\Users\user\Desktop\STUFF A LOT OF 'EM\er\Design_Pattern\awt\font\TextLayout.java,java.awt.font.TextLayout,class,12,12,0,12,290,1,0,119,1385,0.91001576,0.0,0.0,71,4,44,22,2,3,49,0,1,0,18,4,1,17,0,0,2,0,40,1213,90,19,111,3,36,27,165,325,108,186,5,0,2,0,712,17,0
C:\Users\user\Desktop\STUFF A LOT OF 'EM\er\Design_Pattern\awt\dnd\DragSourceMotionListener.java,java.awt.dnd.DragSourceMotionListener,interface,0,0,0,0,1,1,0,0,0,0.0,NaN,NaN,1,0,0,0,0,1,1,0,0,0,0,0,0,0,0,0,0,0,0,3,0,0,0,0,0,0,0,0,0,0,0,0,0,0,51,1,0
C:\Users\user\Desktop\STUFF A LOT OF 'EM\er\Design_Pattern\awt\font\TextAttribute.java,java.awt.font.TextAttribute,class,0,0,0,0,5,2,0,4,0,0.49074075,0.0,0.0,2,0,0,0,2,0,2,0,0,0,54,54,52,1,0,1,54,0,0,74,1,0,3,0,0,22,30,55,0,55,1,0,0,0,462,17,0
C:\Users\user\Desktop\STUFF A LOT OF 'EM\er\Design_Pattern\awt\peer\MenuComponentPeer.java,java.awt.peer.MenuComponentPeer,interface,0,0,0,0,1,1,0,0,0,0.0,NaN,NaN,1,0,0,0,0,1,1,0,0,0,0,0,0,0,0,0,0,0,0,3,0,0,0,0,0,0,0,0,0,0,0,0,0,0,30,1,0
C:\Users\user\Desktop\STUFF A LOT OF 'EM\er\Design_Pattern\awt\image\ImageConsumer.java,java.awt.image.ImageConsumer,interface,2,2,0,2,7,1,0,0,21,0.85714287,0.0,0.0,7,0,0,0,0,7,7,0,0,0,9,0,0,0,0,9,0,0,0,18,0,0,0,0,0,0,9,9,0,9,0,0,0,0,261,1,0
C:\Users\user\Desktop\STUFF A LOT OF 'EM\er\Design_Pattern\awt\image\DataBufferInt.java,java.awt.image.DataBufferInt,class,1,1,0,1,14,2,0,1,0,0.26923078,0.0,0.0,13,0,13,0,0,0,13,0,0,0,2,0,0,0,0,2,0,0,0,61,5,1,0,0,0,0,11,19,4,3,1,0,0,0,85,17,0
C:\Users\user\Desktop\STUFF A LOT OF 'EM\er\Design_Pattern\awt\Container.java,java.awt.Container,class,2,2,0,2,451,4,3,174,4580,0.9408436,0.0,0.0,108,1,63,6,5,34,103,0,3,3,18,4,0,9,0,9,4,0,42,1366,87,37,155,2,71,17,91,237,39,166,8,0,4,0,800,1,0
C:\Users\user\Desktop\STUFF A LOT OF 'EM\er\Design_Pattern\awt\DefaultKeyboardFocusManager.java,java.awt.DefaultKeyboardFocusManager$TypeAheadMarker,innerclass,0,0,0,0,1,1,0,0,0,0.0,NaN,NaN,1,0,0,0,0,1,1,0,0,0,2,0,0,0,0,2,0,0,0,8,0,0,0,0,0,0,0,2,0,2,0,0,0,0,7,10,0
C:\Users\user\Desktop\STUFF A LOT OF 'EM\er\Design_Pattern\awt\Component.java,java.awt.Component$AccessibleAWTComponent$AccessibleAWTComponentHandler,innerclass,0,0,0,0,6,1,0,1,6,0.0,0.0,0.0,4,0,4,0,0,0,4,0,0,0,0,0,0,0,0,0,0,0,0,16,0,0,2,0,0,0,0,0,0,0,1,0,0,0,24,4,0
C:\Users\user\Desktop\STUFF A LOT OF 'EM\er\Design_Pattern\awt\geom\IllegalPathStateException.java,java.awt.geom.IllegalPathStateException,class,0,0,0,0,2,4,0,0,1,0.0,0.0,0.0,2,0,2,0,0,0,2,0,0,0,0,0,0,0,0,0,0,0,0,7,0,0,0,0,0,0,0,0,0,0,0,0,0,0,40,1,0
C:\Users\user\Desktop\STUFF A LOT OF 'EM\er\Design_Pattern\awt\event\MouseMotionAdapter.java,java.awt.event.MouseMotionAdapter,class,0,0,0,0,2,1,0,0,1,0.0,0.0,0.0,2,0,2,0,0,0,2,0,0,0,0,0,0,0,0,0,0,0,0,6,0,0,0,0,0,0,0,0,0,0,0,0,0,0,112,1025,0
C:\Users\user\Desktop\STUFF A LOT OF 'EM\er\Design_Pattern\awt\font\MultipleMaster.java,java.awt.font.MultipleMaster,interface,1,1,0,1,6,1,0,0,15,0.0,0.0,0.0,6,0,6,0,0,0,6,0,0,0,0,0,0,0,0,0,0,0,0,8,0,0,0,0,0,0,0,0,0,0,0,0,0,0,114,1,0
C:\Users\user\Desktop\STUFF A LOT OF 'EM\er\Design_Pattern\awt\font\FontRenderContext.java,java.awt.font.FontRenderContext,class,1,1,0,1,20,1,0,4,4,0.5,0.0,0.0,8,0,7,0,1,0,8,0,0,0,3,0,0,3,0,0,0,0,0,50,9,0,9,1,1,0,3,6,0,4,1,0,0,0,159,1,0
C:\Users\user\Desktop\STUFF A LOT OF 'EM\er\Design_Pattern\awt\KeyboardFocusManager.java,java.awt.KeyboardFocusManager,class,2,2,0,2,321,1,1,107,3634,0.9572465,0.0,0.0,92,30,43,6,16,27,87,11,7,10,30,23,4,21,0,5,12,0,61,1048,72,15,164,5,59,28,33,169,2,122,5,1,2,0,641,1025,0
C:\Users\user\Desktop\STUFF A LOT OF 'EM\er\Design_Pattern\awt\KeyEventDispatcher.java,java.awt.KeyEventDispatcher,interface,0,0,0,0,1,1,0,0,0,0.0,NaN,NaN,1,0,0,0,0,1,1,0,0,0,0,0,0,0,0,0,0,0,0,3,0,0,0,0,0,0,0,0,0,0,0,0,0,0,132,1,0
C:\Users\user\Desktop\STUFF A LOT OF 'EM\er\Design_Pattern\awt\im\spi\InputMethodContext.java,java.awt.im.spi.InputMethodContext,interface,0,0,0,0,4,1,0,0,6,0.0,0.0,0.0,4,0,4,0,0,0,4,0,0,0,0,0,0,0,0,0,0,0,0,6,0,0,0,0,0,0,0,0,0,0,0,0,0,0,162,1,0
C:\Users\user\Desktop\STUFF A LOT OF 'EM\er\Design_Pattern\awt\event\MouseWheelListener.java,java.awt.event.MouseWheelListener,interface,0,0,0,0,1,1,0,0,0,0.0,NaN,NaN,1,0,1,0,0,0,1,0,0,0,0,0,0,0,0,0,0,0,0,3,0,0,0,0,0,0,0,0,0,0,0,0,0,0,48,1,0
C:\Users\user\Desktop\STUFF A LOT OF 'EM\er\Design_Pattern\awt\Button.java,java.awt.Button$AccessibleAWTButton,innerclass,1,1,0,1,15,3,0,5,55,0.0,0.0,0.0,11,0,11,0,0,0,11,0,0,0,0,0,0,0,0,0,0,0,1,56,15,0,4,0,0,1,6,0,0,0,2,0,0,0,98,4,0
C:\Users\user\Desktop\STUFF A LOT OF 'EM\er\Design_Pattern\awt\KeyEventPostProcessor.java,java.awt.KeyEventPostProcessor,interface,0,0,0,0,1,1,0,0,0,0.0,NaN,NaN,1,0,0,0,0,1,1,0,0,0,0,0,0,0,0,0,0,0,0,3,0,0,0,0,0,0,0,0,0,0,0,0,0,0,141,1,0
C:\Users\user\Desktop\STUFF A LOT OF 'EM\er\Design_Pattern\awt\font\TextJustifier.java,java.awt.font.TextJustifier,class,1,1,0,1,40,1,0,3,0,0.0,0.0,0.0,2,0,1,0,0,1,2,0,0,0,5,2,1,3,0,1,1,0,0,139,1,5,11,0,9,19,24,52,18,28,6,0,0,0,80,0,0
C:\Users\user\Desktop\STUFF A LOT OF 'EM\er\Design_Pattern\awt\ItemSelectable.java,java.awt.ItemSelectable,interface,0,0,0,0,3,1,0,0,3,0.0,0.0,0.0,3,0,3,0,0,0,3,0,0,0,0,0,0,0,0,0,0,0,0,5,0,0,0,0,0,0,0,0,0,0,0,0,0,0,53,1,0
C:\Users\user\Desktop\STUFF A LOT OF 'EM\er\Design_Pattern\awt\geom\LineIterator.java,java.awt.geom.LineIterator,class,2,2,0,2,13,1,0,7,0,0.44444445,0.0,0.0,6,0,5,0,0,1,6,0,0,0,3,0,0,0,0,3,0,0,0,58,4,0,4,0,1,2,17,14,0,5,1,0,0,0,107,0,0
C:\Users\user\Desktop\STUFF A LOT OF 'EM\er\Design_Pattern\awt\event\ItemListener.java,java.awt.event.ItemListener,interface,0,0,0,0,1,1,0,0,0,0.0,NaN,NaN,1,0,0,0,0,1,1,0,0,0,0,0,0,0,0,0,0,0,0,3,0,0,0,0,0,0,0,0,0,0,0,0,0,0,59,1,0
C:\Users\user\Desktop\STUFF A LOT OF 'EM\er\Design_Pattern\awt\geom\PathIterator.java,java.awt.geom.PathIterator,interface,2,2,0,2,5,1,0,0,8,0.6571428,0.0,0.0,5,0,5,0,0,0,5,0,0,0,7,7,7,0,0,0,7,0,0,14,0,0,0,0,0,0,7,7,0,7,0,0,0,0,227,1,0
C:\Users\user\Desktop\STUFF A LOT OF 'EM\er\Design_Pattern\awt\PopupMenu.java,java.awt.PopupMenu,class,0,0,0,0,20,8,0,13,15,0.88888884,0.0,0.0,6,0,5,0,0,1,6,0,0,0,3,3,0,2,0,1,2,0,1,67,2,1,8,0,4,6,6,11,1,8,3,0,1,0,131,1,0
C:\Users\user\Desktop\STUFF A LOT OF 'EM\er\Design_Pattern\awt\event\ComponentListener.java,java.awt.event.ComponentListener,interface,0,0,0,0,4,1,0,0,6,0.0,0.0,0.0,4,0,4,0,0,0,4,0,0,0,0,0,0,0,0,0,0,0,0,6,0,0,0,0,0,0,0,0,0,0,0,0,0,0,97,1,0
C:\Users\user\Desktop\STUFF A LOT OF 'EM\er\Design_Pattern\awt\Component.java,java.awt.Component$FlipBufferStrategy,innerclass,1,1,0,1,25,2,0,14,29,0.74545455,0.0,0.0,11,0,5,0,6,0,11,0,0,0,5,0,0,0,5,0,0,0,0,91,6,0,9,0,3,7,1,8,0,6,2,0,0,0,148,4,0
C:\Users\user\Desktop\STUFF A LOT OF 'EM\er\Design_Pattern\awt\peer\RobotPeer.java,java.awt.peer.RobotPeer,interface,1,1,0,1,8,1,0,0,28,0.0,0.0,0.0,8,0,8,0,0,0,8,0,0,0,0,0,0,0,0,0,0,0,0,10,0,0,0,0,0,0,0,0,0,0,0,0,0,0,53,1,0
C:\Users\user\Desktop\STUFF A LOT OF 'EM\er\Design_Pattern\awt\HeadlessException.java,java.awt.HeadlessException,class,0,0,0,0,2,5,0,0,1,0.0,0.0,0.0,2,0,2,0,0,0,2,0,0,0,0,0,0,0,0,0,0,0,0,7,0,0,0,0,0,0,0,0,0,0,0,0,0,0,24,1,0
C:\Users\user\Desktop\STUFF A LOT OF 'EM\er\Design_Pattern\awt\ScrollPane.java,java.awt.ScrollPane$PeerFixer,innerclass,0,0,0,0,5,1,0,7,1,0.5,0.0,0.0,2,0,1,0,0,1,2,0,0,0,1,0,0,1,0,0,0,0,0,25,0,0,1,0,2,1,1,5,0,5,1,0,0,0,27,0,0
C:\Users\user\Desktop\STUFF A LOT OF 'EM\er\Design_Pattern\awt\image\renderable\RenderableImage.java,java.awt.image.renderable.RenderableImage,interface,0,0,0,0,11,1,0,0,55,1.0,0.0,0.0,11,0,0,0,0,11,11,0,0,0,1,1,0,0,0,1,1,0,0,14,0,0,0,0,0,1,0,1,0,1,0,0,0,0,209,1,0
C:\Users\user\Desktop\STUFF A LOT OF 'EM\er\Design_Pattern\awt\event\WindowStateListener.java,java.awt.event.WindowStateListener,interface,0,0,0,0,1,1,0,0,0,0.0,NaN,NaN,1,0,1,0,0,0,1,0,0,0,0,0,0,0,0,0,0,0,0,3,0,0,0,0,0,0,0,0,0,0,0,0,0,0,49,1,0
C:\Users\user\Desktop\STUFF A LOT OF 'EM\er\Design_Pattern\awt\image\BufferStrategy.java,java.awt.image.BufferStrategy,class,0,0,0,0,5,1,0,0,10,0.0,0.0,0.0,5,0,5,0,0,0,5,5,0,0,0,0,0,0,0,0,0,0,0,7,0,0,0,0,0,0,0,0,0,0,0,0,0,0,202,1025,0
C:\Users\user\Desktop\STUFF A LOT OF 'EM\er\Design_Pattern\awt\Component.java,java.awt.Component$AWTTreeLock,innerclass,0,0,0,0,0,1,0,0,0,0.0,-1.0,-1.0,0,0,0,0,0,0,0,0,0,0,0,0,0,0,0,0,0,0,0,2,0,0,0,0,0,0,0,0,0,0,0,0,0,0,5,8,0
C:\Users\user\Desktop\STUFF A LOT OF 'EM\er\Design_Pattern\awt\geom\Rectangle2D.java,java.awt.geom.Rectangle2D$Double,innerclass,0,0,0,0,22,3,0,9,3,0.5,0.0,0.0,14,0,14,0,0,0,14,0,0,0,4,0,4,0,0,0,0,0,2,76,10,0,0,0,2,5,5,17,3,7,1,0,0,0,119,9,0
C:\Users\user\Desktop\STUFF A LOT OF 'EM\er\Design_Pattern\awt\image\PixelGrabber.java,java.awt.image.PixelGrabber,class,2,2,0,2,80,1,0,12,72,0.7619048,0.0,0.0,21,0,20,1,0,0,20,0,0,10,14,2,0,4,0,10,2,0,9,293,21,9,19,0,22,0,34,98,44,36,3,0,0,0,299,1,0
C:\Users\user\Desktop\STUFF A LOT OF 'EM\er\Design_Pattern\awt\JobAttributes.java,java.awt.JobAttributes$DialogType,innerclass,0,0,0,0,1,2,0,0,0,0.85714287,-1.0,-1.0,1,0,0,1,0,0,0,0,0,0,7,7,3,4,0,0,7,0,0,12,0,0,0,0,0,3,3,7,0,7,0,0,0,0,33,25,0
C:\Users\user\Desktop\STUFF A LOT OF 'EM\er\Design_Pattern\awt\Composite.java,java.awt.Composite,interface,0,0,0,0,1,1,0,0,0,0.0,NaN,NaN,1,0,1,0,0,0,1,0,0,0,0,0,0,0,0,0,0,0,0,3,0,0,0,0,0,0,0,0,0,0,0,0,0,0,149,1,0
C:\Users\user\Desktop\STUFF A LOT OF 'EM\er\Design_Pattern\awt\DefaultKeyboardFocusManager.java,java.awt.DefaultKeyboardFocusManager$DefaultKeyboardFocusManagerSentEvent,innerclass,0,0,0,0,5,3,0,2,1,0.0,0.0,0.0,2,0,2,0,0,0,2,0,1,0,0,0,0,0,0,0,0,0,1,20,0,0,2,0,1,0,0,2,0,2,2,0,0,0,31,10,0
C:\Users\user\Desktop\STUFF A LOT OF 'EM\er\Design_Pattern\awt\dnd\DragSourceAdapter.java,java.awt.dnd.DragSourceAdapter,class,0,0,0,0,6,1,0,0,15,0.0,0.0,0.0,6,0,6,0,0,0,6,0,0,0,0,0,0,0,0,0,0,0,0,14,0,0,0,0,0,0,0,0,0,0,0,0,0,0,137,1025,0
C:\Users\user\Desktop\STUFF A LOT OF 'EM\er\Design_Pattern\awt\peer\FontPeer.java,java.awt.peer.FontPeer,interface,0,0,0,0,0,1,0,0,0,0.0,-1.0,-1.0,0,0,0,0,0,0,0,0,0,0,0,0,0,0,0,0,0,0,0,2,0,0,0,0,0,0,0,0,0,0,0,0,0,0,28,1,0
C:\Users\user\Desktop\STUFF A LOT OF 'EM\er\Design_Pattern\awt\EventQueue.java,java.awt.EventQueue$Anonymous1,anonymous,0,0,0,0,1,1,0,3,0,0.0,NaN,NaN,1,0,1,0,0,0,1,0,0,0,0,0,0,0,0,0,0,0,0,9,1,0,0,0,0,0,1,1,1,1,0,0,0,0,9,-1,0
C:\Users\user\Desktop\STUFF A LOT OF 'EM\er\Design_Pattern\awt\GraphicsCallback.java,java.awt.GraphicsCallback$PaintAllCallback,innerclass,0,0,0,0,3,3,0,1,3,0.6666667,0.0,0.0,3,1,1,1,0,1,2,0,0,0,1,1,0,1,0,0,0,0,0,11,1,0,0,0,0,0,0,1,0,1,0,0,0,0,10,24,0
C:\Users\user\Desktop\STUFF A LOT OF 'EM\er\Design_Pattern\awt\geom\CubicCurve2D.java,java.awt.geom.CubicCurve2D,class,2,2,0,2,161,3,4,44,1023,0.9304348,0.0,0.0,46,15,38,7,1,0,39,13,0,0,5,5,0,5,0,0,5,0,62,582,51,6,29,1,78,0,194,166,232,105,3,0,2,0,381,1025,0
C:\Users\user\Desktop\STUFF A LOT OF 'EM\er\Design_Pattern\awt\image\renderable\RenderContext.java,java.awt.image.renderable.RenderContext,class,2,2,0,2,15,1,0,5,5,0.5777778,0.0,0.0,15,0,15,0,0,0,15,0,0,0,3,0,0,0,0,3,0,0,0,53,4,0,0,0,0,0,0,7,0,4,0,0,0,0,153,1,0
C:\Users\user\Desktop\STUFF A LOT OF 'EM\er\Design_Pattern\awt\MediaTracker.java,java.awt.MediaTracker,class,0,0,0,0,80,1,0,16,132,0.82000005,0.0,0.0,25,0,20,4,0,1,21,0,0,15,8,6,4,1,0,3,6,0,5,261,22,15,41,0,14,0,33,77,4,41,3,0,0,0,278,1,0
C:\Users\user\Desktop\STUFF A LOT OF 'EM\er\Design_Pattern\awt\ContainerOrderFocusTraversalPolicy.java,java.awt.ContainerOrderFocusTraversalPolicy,class,0,0,0,0,76,2,1,17,31,0.70000005,0.0,0.0,10,0,7,2,1,0,8,0,0,0,2,1,0,2,0,0,1,0,0,195,32,5,18,0,15,6,6,27,2,19,4,0,1,0,156,1,0
C:\Users\user\Desktop\STUFF A LOT OF 'EM\er\Design_Pattern\awt\PageAttributes.java,java.awt.PageAttributes,class,1,1,0,1,56,6,0,22,181,0.7530864,0.0,0.0,27,0,27,0,0,0,27,0,0,0,6,0,0,6,0,0,0,0,1,438,11,0,18,1,5,21,50,22,15,10,1,0,5,0,241,17,0
C:\Users\user\Desktop\STUFF A LOT OF 'EM\er\Design_Pattern\awt\Paint.java,java.awt.Paint,interface,0,0,0,0,1,1,0,0,0,0.0,NaN,NaN,1,0,1,0,0,0,1,0,0,0,0,0,0,0,0,0,0,0,0,3,0,0,0,0,0,0,0,0,0,0,0,0,0,0,138,1,0
C:\Users\user\Desktop\STUFF A LOT OF 'EM\er\Design_Pattern\awt\peer\LightweightPeer.java,java.awt.peer.LightweightPeer,interface,0,0,0,0,0,1,0,0,0,0.0,-1.0,-1.0,0,0,0,0,0,0,0,0,0,0,0,0,0,0,0,0,0,0,0,2,0,0,0,0,0,0,0,0,0,0,0,0,0,0,50,1,0
C:\Users\user\Desktop\STUFF A LOT OF 'EM\er\Design_Pattern\awt\peer\MenuItemPeer.java,java.awt.peer.MenuItemPeer,interface,0,0,0,0,4,1,0,0,6,0.0,0.0,0.0,4,0,0,0,0,4,4,0,0,0,0,0,0,0,0,0,0,0,0,6,0,0,0,0,0,0,0,0,0,0,0,0,0,0,38,1,0
C:\Users\user\Desktop\STUFF A LOT OF 'EM\er\Design_Pattern\awt\geom\QuadIterator.java,java.awt.geom.QuadIterator,class,2,2,0,2,15,1,0,9,0,0.44444445,0.0,0.0,6,0,5,0,0,1,6,0,0,0,3,0,0,0,0,3,0,0,0,62,4,0,6,0,1,2,25,18,0,5,1,0,0,0,110,0,0
C:\Users\user\Desktop\STUFF A LOT OF 'EM\er\Design_Pattern\awt\geom\Ellipse2D.java,java.awt.geom.Ellipse2D$Float,innerclass,0,0,0,0,12,3,0,1,0,0.5,0.0,0.0,10,0,10,0,0,0,10,0,0,0,4,0,4,0,0,0,0,0,0,41,6,0,0,0,1,0,2,8,0,4,0,0,0,0,64,9,0
C:\Users\user\Desktop\STUFF A LOT OF 'EM\er\Design_Pattern\awt\geom\QuadCurve2D.java,java.awt.geom.QuadCurve2D,class,1,1,0,1,125,3,4,29,768,0.91999996,0.0,0.0,40,12,35,4,1,0,36,10,0,0,5,5,0,5,0,0,5,0,38,436,43,2,26,1,47,0,119,100,140,66,2,0,2,0,346,1025,0
C:\Users\user\Desktop\STUFF A LOT OF 'EM\er\Design_Pattern\awt\Toolkit.java,java.awt.Toolkit,class,7,7,0,7,149,2,0,67,3273,0.96674055,0.0,0.0,82,9,45,3,29,5,80,41,3,6,11,6,0,9,2,0,4,0,42,577,46,6,45,3,12,15,24,56,5,46,4,3,2,0,888,1025,0
C:\Users\user\Desktop\STUFF A LOT OF 'EM\er\Design_Pattern\awt\event\InputEvent.java,java.awt.event.InputEvent,class,0,0,0,0,37,3,2,9,4,0.8961538,0.0,0.0,13,2,11,1,0,1,13,0,0,0,20,18,16,0,0,4,18,0,2,103,10,0,13,0,13,24,37,22,12,21,1,0,0,0,199,1025,0
C:\Users\user\Desktop\STUFF A LOT OF 'EM\er\Design_Pattern\awt\TextComponent.java,java.awt.TextComponent,class,3,3,0,3,79,4,2,48,451,0.8942857,0.0,0.0,35,0,23,4,3,5,31,0,0,15,10,1,0,4,1,5,1,0,9,442,23,1,27,2,10,9,10,64,2,34,3,0,1,0,424,1,0
C:\Users\user\Desktop\STUFF A LOT OF 'EM\er\Design_Pattern\awt\geom\CubicCurve2D.java,java.awt.geom.CubicCurve2D$Float,innerclass,0,0,0,0,17,2,0,3,12,0.6470589,0.0,0.0,17,0,17,0,0,0,17,0,0,0,8,0,8,0,0,0,0,0,12,78,13,0,0,0,0,0,0,20,2,12,0,0,0,0,75,9,0
C:\Users\user\Desktop\STUFF A LOT OF 'EM\er\Design_Pattern\awt\Insets.java,java.awt.Insets,class,0,0,0,0,10,1,0,6,3,0.46666664,0.0,0.0,6,1,5,1,0,0,6,0,0,0,5,1,4,1,0,0,1,0,3,46,5,0,4,1,8,5,7,11,16,11,1,0,0,0,121,1,0
C:\Users\user\Desktop\STUFF A LOT OF 'EM\er\Design_Pattern\awt\datatransfer\DataFlavor.java,java.awt.datatransfer.DataFlavor$Anonymous1,anonymous,0,0,0,0,2,1,0,3,0,0.0,NaN,NaN,1,0,1,0,0,0,1,0,0,0,0,0,0,0,0,0,0,0,2,6,1,0,1,0,1,0,0,1,0,1,0,0,0,0,6,-1,0
C:\Users\user\Desktop\STUFF A LOT OF 'EM\er\Design_Pattern\awt\MediaTracker.java,java.awt.ImageMediaEntry,class,0,0,0,0,28,2,0,5,1,0.53571427,0.0,0.0,7,0,1,0,0,6,7,0,0,0,4,1,0,1,0,3,1,0,0,60,9,0,12,0,9,0,9,7,0,7,3,0,0,0,47,0,0
C:\Users\user\Desktop\STUFF A LOT OF 'EM\er\Design_Pattern\awt\image\BufferedImageOp.java,java.awt.image.BufferedImageOp,interface,0,0,0,0,5,1,0,0,10,0.0,0.0,0.0,5,0,5,0,0,0,5,0,0,0,0,0,0,0,0,0,0,0,0,7,0,0,0,0,0,0,0,0,0,0,0,0,0,0,152,1,0
C:\Users\user\Desktop\STUFF A LOT OF 'EM\er\Design_Pattern\awt\print\Paper.java,java.awt.print.Paper,class,1,1,0,1,11,1,0,6,5,0.75,0.0,0.0,10,0,10,0,0,0,10,0,0,0,6,3,0,6,0,0,3,0,0,49,7,0,0,1,0,0,5,11,6,7,1,0,0,0,139,1,0
C:\Users\user\Desktop\STUFF A LOT OF 'EM\er\Design_Pattern\awt\event\NativeLibLoader.java,java.awt.event.NativeLibLoader,class,1,1,0,1,1,1,0,1,0,0.0,NaN,NaN,1,1,0,0,0,1,1,0,0,0,0,0,0,0,0,0,0,0,1,5,0,0,0,0,0,1,0,0,0,0,0,0,0,0,82,0,0
C:\Users\user\Desktop\STUFF A LOT OF 'EM\er\Design_Pattern\awt\Window.java,java.awt.FocusManager,class,0,0,0,0,0,1,0,0,0,NaN,-1.0,-1.0,0,0,0,0,0,0,0,0,0,0,3,1,0,0,0,3,1,0,0,5,0,0,0,0,0,0,1,1,0,3,0,0,0,0,22,0,0
C:\Users\user\Desktop\STUFF A LOT OF 'EM\er\Design_Pattern\awt\GridLayout.java,java.awt.GridLayout,class,0,0,0,0,40,1,0,11,4,0.5294118,0.0,0.0,17,0,17,0,0,0,17,0,0,0,4,0,0,0,0,4,0,0,0,154,8,6,7,0,22,8,38,59,60,39,5,0,0,0,235,1,0
C:\Users\user\Desktop\STUFF A LOT OF 'EM\er\Design_Pattern\awt\peer\ScrollPanePeer.java,java.awt.peer.ScrollPanePeer,interface,0,0,0,0,6,1,0,0,15,0.0,0.0,0.0,6,0,0,0,0,6,6,0,0,0,0,0,0,0,0,0,0,0,0,8,0,0,0,0,0,0,0,0,0,0,0,0,0,0,48,1,0
C:\Users\user\Desktop\STUFF A LOT OF 'EM\er\Design_Pattern\awt\Graphics2D.java,java.awt.Graphics2D,class,0,2,2,0,46,2,0,7,780,0.0,0.0,0.0,40,0,39,0,1,0,40,37,0,0,0,0,0,0,0,0,0,0,0,74,0,0,1,0,0,0,23,8,19,8,1,0,0,0,850,1025,0
C:\Users\user\Desktop\STUFF A LOT OF 'EM\er\Design_Pattern\awt\LayoutManager.java,java.awt.LayoutManager,interface,0,0,0,0,5,1,0,0,10,0.0,0.0,0.0,5,0,0,0,0,5,5,0,0,0,0,0,0,0,0,0,0,0,0,7,0,0,0,0,0,0,0,0,0,0,0,0,0,0,56,1,0
C:\Users\user\Desktop\STUFF A LOT OF 'EM\er\Design_Pattern\awt\geom\QuadCurve2D.java,java.awt.geom.QuadCurve2D$Double,innerclass,0,0,0,0,13,2,0,3,6,0.61538464,0.0,0.0,13,0,13,0,0,0,13,0,0,0,6,0,6,0,0,0,0,0,8,55,10,0,0,0,0,0,0,10,2,10,0,0,0,0,73,9,0
C:\Users\user\Desktop\STUFF A LOT OF 'EM\er\Design_Pattern\awt\color\ICC_Profile.java,java.awt.color.ICC_Profile,class,7,7,0,7,180,1,2,44,634,0.97437453,0.0,0.0,40,16,15,4,2,19,36,0,0,0,120,115,110,9,0,1,110,0,49,763,38,6,49,10,52,34,217,282,31,188,3,2,0,0,594,1,0
C:\Users\user\Desktop\STUFF A LOT OF 'EM\er\Design_Pattern\awt\Label.java,java.awt.Label,class,0,0,0,0,30,4,0,16,40,0.8173078,0.0,0.0,13,1,9,2,1,1,12,0,0,1,8,6,3,3,0,2,5,0,5,121,6,0,6,0,1,8,5,20,3,12,2,0,1,0,182,1,0
C:\Users\user\Desktop\STUFF A LOT OF 'EM\er\Design_Pattern\awt\event\ContainerListener.java,java.awt.event.ContainerListener,interface,0,0,0,0,2,1,0,0,1,0.0,0.0,0.0,2,0,2,0,0,0,2,0,0,0,0,0,0,0,0,0,0,0,0,4,0,0,0,0,0,0,0,0,0,0,0,0,0,0,96,1,0
C:\Users\user\Desktop\STUFF A LOT OF 'EM\er\Design_Pattern\awt\image\DataBufferFloat.java,java.awt.image.DataBufferFloat,class,2,2,0,2,22,2,0,1,0,0.35714287,0.0,0.0,21,0,21,0,0,0,21,0,0,0,2,0,0,0,0,2,0,0,0,85,9,1,0,0,2,0,11,23,12,3,1,0,0,0,86,17,0
C:\Users\user\Desktop\STUFF A LOT OF 'EM\er\Design_Pattern\awt\geom\FlatteningPathIterator.java,java.awt.geom.FlatteningPathIterator,class,3,3,0,3,35,1,0,13,21,0.80000013,0.0,0.0,11,0,9,1,0,1,10,0,0,0,13,1,0,0,0,13,1,0,6,175,7,2,5,0,0,4,60,66,30,21,3,0,0,0,197,1,0
C:\Users\user\Desktop\STUFF A LOT OF 'EM\er\Design_Pattern\awt\dnd\DropTarget.java,java.awt.dnd.DropTarget,class,2,2,0,2,78,1,0,39,465,0.97096777,0.0,0.0,31,0,23,2,5,1,29,0,0,10,10,1,0,8,0,2,1,0,1,262,15,1,27,4,6,7,1,35,0,14,3,0,1,0,235,1,0
C:\Users\user\Desktop\STUFF A LOT OF 'EM\er\Design_Pattern\awt\Choice.java,java.awt.Choice,class,2,2,0,2,68,4,0,43,333,0.8847926,0.0,0.0,31,0,21,4,3,3,27,0,1,7,7,3,0,4,0,3,2,0,6,254,20,3,18,0,9,7,23,30,6,21,2,0,1,0,379,1,0
C:\Users\user\Desktop\STUFF A LOT OF 'EM\er\Design_Pattern\awt\event\FocusListener.java,java.awt.event.FocusListener,interface,0,0,0,0,2,1,0,0,1,0.0,0.0,0.0,2,0,2,0,0,0,2,0,0,0,0,0,0,0,0,0,0,0,0,4,0,0,0,0,0,0,0,0,0,0,0,0,0,0,66,1,0
C:\Users\user\Desktop\STUFF A LOT OF 'EM\er\Design_Pattern\awt\font\ImageGraphicAttribute.java,java.awt.font.ImageGraphicAttribute,class,2,2,0,2,17,2,0,8,1,0.58000004,0.0,0.0,10,0,10,0,0,0,10,0,0,0,3,0,0,3,0,0,0,0,3,60,13,0,5,1,2,0,5,5,4,5,1,0,0,0,113,17,0
C:\Users\user\Desktop\STUFF A LOT OF 'EM\er\Design_Pattern\awt\Container.java,java.awt.LightweightDispatcher$Anonymous1,anonymous,0,0,0,0,1,1,0,2,0,0.0,NaN,NaN,1,0,1,0,0,0,1,0,0,0,0,0,0,0,0,0,0,0,0,6,1,0,0,0,0,0,0,0,0,0,0,0,0,0,3,-1,0
C:\Users\user\Desktop\STUFF A LOT OF 'EM\er\Design_Pattern\awt\image\DataBufferByte.java,java.awt.image.DataBufferByte,class,2,2,0,2,14,2,0,1,0,0.26923078,0.0,0.0,13,0,13,0,0,0,13,0,0,0,2,0,0,0,0,2,0,0,0,61,5,1,0,0,2,0,13,19,4,3,1,0,0,0,91,17,0
C:\Users\user\Desktop\STUFF A LOT OF 'EM\er\Design_Pattern\awt\geom\Rectangle2D.java,java.awt.geom.Rectangle2D$Float,innerclass,0,0,0,0,25,3,0,9,0,0.46666667,0.0,0.0,15,0,15,0,0,0,15,0,0,0,4,0,4,0,0,0,0,0,2,94,10,0,0,0,2,5,5,23,3,7,1,0,0,0,119,9,0
C:\Users\user\Desktop\STUFF A LOT OF 'EM\er\Design_Pattern\awt\Component.java,java.awt.Component$NativeInLightFixer,innerclass,0,0,0,0,20,1,0,15,28,0.875,0.0,0.0,8,0,6,0,0,2,8,0,0,0,2,0,0,0,0,2,0,0,0,76,0,4,6,0,2,0,2,17,0,13,3,0,0,0,123,18,0
C:\Users\user\Desktop\STUFF A LOT OF 'EM\er\Design_Pattern\awt\FileDialog.java,java.awt.FileDialog,class,0,0,0,0,36,5,0,18,82,0.8366014,0.0,0.0,17,1,12,2,1,2,16,0,0,1,9,5,2,3,0,4,4,0,3,104,7,0,11,0,4,11,4,18,4,13,2,0,0,0,208,1,0
C:\Users\user\Desktop\STUFF A LOT OF 'EM\er\Design_Pattern\awt\Container.java,java.awt.LightweightDispatcher$Anonymous2,anonymous,0,0,0,0,1,1,0,2,0,0.0,NaN,NaN,1,0,1,0,0,0,1,0,0,0,0,0,0,0,0,0,0,0,0,6,1,0,0,0,0,0,0,0,0,0,0,0,0,0,3,-1,0
C:\Users\user\Desktop\STUFF A LOT OF 'EM\er\Design_Pattern\awt\Event.java,java.awt.Event,class,0,0,0,0,47,1,0,11,35,0.94982994,0.0,0.0,14,2,8,1,1,4,14,0,0,0,84,72,74,10,0,0,72,0,3,199,10,2,8,0,3,11,88,97,38,88,2,0,0,0,310,1,0
C:\Users\user\Desktop\STUFF A LOT OF 'EM\er\Design_Pattern\awt\image\ConvolveOp.java,java.awt.image.ConvolveOp,class,2,2,0,2,28,1,0,25,50,0.76666665,0.0,0.0,12,0,12,0,0,0,12,0,7,0,5,2,2,0,0,3,2,0,1,120,10,0,12,1,0,9,4,31,3,15,2,0,0,0,200,1,0
C:\Users\user\Desktop\STUFF A LOT OF 'EM\er\Design_Pattern\awt\font\TextLine.java,java.awt.font.TextLine$TextLineMetrics,innerclass,0,0,0,0,1,1,0,0,0,0.0,NaN,NaN,1,0,1,0,0,0,1,0,0,0,4,0,4,0,0,0,4,0,0,12,0,0,0,0,0,0,0,4,0,4,0,0,0,0,7,24,0
C:\Users\user\Desktop\STUFF A LOT OF 'EM\er\Design_Pattern\awt\Toolkit.java,java.awt.Toolkit$Anonymous1,anonymous,0,0,0,0,8,1,0,6,0,0.0,NaN,NaN,1,0,1,0,0,0,1,0,0,0,0,0,0,0,0,0,0,0,6,37,1,0,5,2,0,11,1,8,2,6,2,0,0,0,15,-1,0
C:\Users\user\Desktop\STUFF A LOT OF 'EM\er\Design_Pattern\awt\Toolkit.java,java.awt.Toolkit$Anonymous2,anonymous,1,1,0,1,8,1,0,6,0,0.0,NaN,NaN,1,0,1,0,0,0,1,0,0,0,0,0,0,0,0,0,0,0,4,36,1,0,2,3,0,5,0,8,3,3,4,0,0,0,26,-1,0
C:\Users\user\Desktop\STUFF A LOT OF 'EM\er\Design_Pattern\awt\Toolkit.java,java.awt.Toolkit$Anonymous3,anonymous,0,0,0,0,2,1,0,1,0,0.0,NaN,NaN,1,0,1,0,0,0,1,0,0,0,0,0,0,0,0,0,0,0,1,10,1,0,0,1,0,1,0,1,0,0,1,0,0,0,8,-1,0
C:\Users\user\Desktop\STUFF A LOT OF 'EM\er\Design_Pattern\awt\PageAttributes.java,java.awt.PageAttributes$OriginType,innerclass,0,0,0,0,1,2,0,0,0,0.8,-1.0,-1.0,1,0,0,1,0,0,0,0,0,0,5,5,2,3,0,0,5,0,0,10,0,0,0,0,0,2,2,5,0,5,0,0,0,0,31,25,0
C:\Users\user\Desktop\STUFF A LOT OF 'EM\er\Design_Pattern\awt\geom\AffineTransform.java,java.awt.geom.AffineTransform,class,2,2,0,2,687,1,0,29,0,0.75745183,0.0,0.0,59,6,52,6,0,1,53,0,0,0,29,21,10,8,0,11,20,0,34,1779,135,41,129,1,323,23,257,788,491,162,4,0,0,0,567,1,0
C:\Users\user\Desktop\STUFF A LOT OF 'EM\er\Design_Pattern\awt\Canvas.java,java.awt.Canvas,class,0,0,0,0,13,4,0,10,55,0.939394,0.0,0.0,11,0,9,0,0,2,11,0,0,0,3,3,0,3,0,0,2,0,0,52,4,0,2,0,0,1,6,6,1,3,2,0,1,0,204,1,0
C:\Users\user\Desktop\STUFF A LOT OF 'EM\er\Design_Pattern\awt\event\HierarchyBoundsAdapter.java,java.awt.event.HierarchyBoundsAdapter,class,0,0,0,0,2,1,0,0,1,0.0,0.0,0.0,2,0,2,0,0,0,2,0,0,0,0,0,0,0,0,0,0,0,0,6,0,0,0,0,0,0,0,0,0,0,0,0,0,0,73,1025,0
C:\Users\user\Desktop\STUFF A LOT OF 'EM\er\Design_Pattern\awt\Menu.java,java.awt.Menu$AccessibleAWTMenu,innerclass,0,0,0,0,1,4,0,0,0,0.0,NaN,NaN,1,0,1,0,0,0,1,0,0,0,0,0,0,0,0,0,0,0,0,5,1,0,0,0,0,0,0,0,0,0,0,0,0,0,46,4,0
C:\Users\user\Desktop\STUFF A LOT OF 'EM\er\Design_Pattern\awt\print\Book.java,java.awt.print.Book,class,0,0,0,0,11,1,0,8,0,0.25,0.0,0.0,8,0,7,1,0,0,7,0,0,0,1,0,0,1,0,0,0,0,0,56,4,1,2,0,0,2,0,5,1,5,1,0,1,0,97,1,0
C:\Users\user\Desktop\STUFF A LOT OF 'EM\er\Design_Pattern\awt\Transparency.java,java.awt.Transparency,interface,0,0,0,0,1,1,0,0,0,1.0,NaN,NaN,1,0,1,0,0,0,1,0,0,0,3,3,3,0,0,0,3,0,0,6,0,0,0,0,0,0,3,3,0,3,0,0,0,0,59,1,0
C:\Users\user\Desktop\STUFF A LOT OF 'EM\er\Design_Pattern\awt\geom\RectangularShape.java,java.awt.geom.RectangularShape,class,1,1,0,1,31,1,4,18,325,0.0,0.0,0.0,26,0,25,0,1,0,26,6,0,0,0,0,0,0,0,0,0,0,6,95,14,0,0,1,2,0,6,16,18,12,1,0,0,0,216,1025,0
C:\Users\user\Desktop\STUFF A LOT OF 'EM\er\Design_Pattern\awt\geom\GeneralPathIterator.java,java.awt.geom.GeneralPathIterator,class,2,2,0,2,13,1,0,4,0,0.4285714,0.0,0.0,7,0,5,0,0,2,7,0,0,0,5,1,0,1,0,4,1,0,1,48,4,1,2,0,1,0,15,13,3,11,2,0,0,0,113,0,0
C:\Users\user\Desktop\STUFF A LOT OF 'EM\er\Design_Pattern\awt\image\BandCombineOp.java,java.awt.image.BandCombineOp,class,3,3,0,3,26,1,0,16,9,0.60714287,0.0,0.0,7,0,7,0,0,0,7,0,4,0,4,0,0,0,0,4,0,0,1,102,7,9,10,0,5,18,19,37,14,24,5,0,0,0,178,1,0
C:\Users\user\Desktop\STUFF A LOT OF 'EM\er\Design_Pattern\awt\geom\RoundRectIterator.java,java.awt.geom.RoundRectIterator,class,2,2,0,2,15,1,0,14,0,0.6041667,0.0,0.0,6,0,5,0,0,1,6,0,0,0,11,8,0,8,0,3,6,0,7,64,4,2,2,0,5,2,90,28,38,22,1,0,0,0,123,0,0
C:\Users\user\Desktop\STUFF A LOT OF 'EM\er\Design_Pattern\awt\BasicStroke.java,java.awt.BasicStroke,class,5,5,0,5,51,1,0,22,0,0.74489796,0.0,0.0,14,0,14,0,0,0,14,0,0,0,14,8,6,2,0,6,8,0,5,240,18,3,20,1,1,9,45,41,11,30,4,0,1,0,376,1,0
C:\Users\user\Desktop\STUFF A LOT OF 'EM\er\Design_Pattern\awt\GridBagLayout.java,java.awt.GridBagLayout,class,2,2,0,2,198,1,0,28,328,0.91666675,0.0,0.0,28,0,18,1,9,0,27,0,0,0,12,4,4,0,6,2,4,0,12,553,20,41,40,0,39,2,179,290,79,75,6,0,0,0,504,1,0
C:\Users\user\Desktop\STUFF A LOT OF 'EM\er\Design_Pattern\awt\image\AreaAveragingScaleFilter.java,java.awt.image.AreaAveragingScaleFilter,class,3,3,0,3,38,3,0,10,9,0.6984127,0.0,0.0,7,0,4,3,0,0,4,0,0,0,6,2,0,6,0,0,2,0,5,176,1,5,12,0,15,0,51,78,21,36,4,0,0,0,225,1,0
C:\Users\user\Desktop\STUFF A LOT OF 'EM\er\Design_Pattern\awt\event\TextEvent.java,java.awt.event.TextEvent,class,0,0,0,0,3,2,0,0,1,0.875,0.0,0.0,2,0,2,0,0,0,2,0,0,0,4,4,3,1,0,0,4,0,0,20,1,0,0,0,0,2,3,6,0,5,1,0,0,0,116,1,0
C:\Users\user\Desktop\STUFF A LOT OF 'EM\er\Design_Pattern\awt\AWTError.java,java.awt.AWTError,class,0,0,0,0,1,3,0,0,0,1.0,NaN,NaN,1,0,1,0,0,0,1,0,0,0,1,1,0,1,0,0,1,0,0,6,0,0,0,0,0,0,1,1,0,1,0,0,0,0,33,1,0
C:\Users\user\Desktop\STUFF A LOT OF 'EM\er\Design_Pattern\awt\event\KeyListener.java,java.awt.event.KeyListener,interface,0,0,0,0,3,1,0,0,3,0.0,0.0,0.0,3,0,3,0,0,0,3,0,0,0,0,0,0,0,0,0,0,0,0,5,0,0,0,0,0,0,0,0,0,0,0,0,0,0,75,1,0
C:\Users\user\Desktop\STUFF A LOT OF 'EM\er\Design_Pattern\awt\image\MemoryImageSource.java,java.awt.image.MemoryImageSource,class,2,2,0,2,37,1,0,19,172,0.8380952,0.0,0.0,21,0,18,3,0,0,18,0,0,9,10,0,0,0,0,10,0,0,2,126,2,0,1,1,5,0,4,18,3,11,3,0,0,0,254,1,0
C:\Users\user\Desktop\STUFF A LOT OF 'EM\er\Design_Pattern\awt\CardLayout.java,java.awt.CardLayout,class,0,0,0,0,70,1,0,38,145,0.79487187,0.0,0.0,26,0,22,2,0,2,24,0,0,0,6,2,0,2,0,4,2,0,0,295,11,13,5,0,10,21,46,80,25,55,4,0,1,0,241,1,0
C:\Users\user\Desktop\STUFF A LOT OF 'EM\er\Design_Pattern\awt\peer\ListPeer.java,java.awt.peer.ListPeer,interface,1,1,0,1,15,1,0,0,105,0.0,0.0,0.0,15,0,0,0,0,15,15,0,0,0,0,0,0,0,0,0,0,0,0,17,0,0,0,0,0,0,0,0,0,0,0,0,0,0,59,1,0
C:\Users\user\Desktop\STUFF A LOT OF 'EM\er\Design_Pattern\awt\im\spi\InputMethodDescriptor.java,java.awt.im.spi.InputMethodDescriptor,interface,0,0,0,0,5,1,0,0,10,0.0,0.0,0.0,5,0,0,0,0,5,5,0,0,0,0,0,0,0,0,0,0,0,0,7,0,0,0,0,0,0,0,0,0,0,0,0,0,0,147,1,0
C:\Users\user\Desktop\STUFF A LOT OF 'EM\er\Design_Pattern\awt\GraphicsCallback.java,java.awt.GraphicsCallback$PeerPaintCallback,innerclass,0,0,0,0,4,3,0,3,3,0.6666667,0.0,0.0,3,1,1,1,0,1,2,0,0,0,1,1,0,1,0,0,0,0,0,17,1,0,0,0,0,0,0,1,0,1,1,0,0,0,11,24,0
C:\Users\user\Desktop\STUFF A LOT OF 'EM\er\Design_Pattern\awt\EventQueue.java,java.awt.EventQueueItem,class,0,0,0,0,1,1,0,1,0,0.33333334,NaN,NaN,1,0,0,0,0,1,1,0,0,0,3,0,0,0,0,3,0,0,0,9,0,0,0,0,0,0,0,2,0,3,0,0,0,0,10,0,0
C:\Users\user\Desktop\STUFF A LOT OF 'EM\er\Design_Pattern\awt\AWTKeyStroke.java,java.awt.AWTKeyStroke,class,1,1,0,1,89,1,0,28,0,0.74537045,0.0,0.0,24,12,14,6,4,0,19,0,6,1,9,5,0,9,0,0,0,0,18,286,26,1,34,3,21,25,25,64,9,31,2,0,0,0,301,1,0
C:\Users\user\Desktop\STUFF A LOT OF 'EM\er\Design_Pattern\awt\image\BandedSampleModel.java,java.awt.image.BandedSampleModel,class,5,5,0,5,131,3,0,12,231,0.0,0.0,0.0,22,2,20,2,0,0,20,0,0,0,0,0,0,0,0,0,0,0,2,338,13,25,9,0,56,18,62,111,64,73,3,0,0,0,283,17,0
C:\Users\user\Desktop\STUFF A LOT OF 'EM\er\Design_Pattern\awt\image\Kernel.java,java.awt.image.Kernel,class,1,1,0,1,13,1,0,4,18,0.75,0.0,0.0,8,1,7,1,0,0,8,0,5,0,5,0,0,5,0,0,0,0,4,54,6,0,1,1,2,7,8,7,9,6,1,0,0,0,97,1,0
C:\Users\user\Desktop\STUFF A LOT OF 'EM\er\Design_Pattern\awt\List.java,java.awt.List$AccessibleAWTList,innerclass,0,0,0,0,23,5,0,12,120,0.0,0.0,0.0,16,0,16,0,0,0,16,0,0,0,0,0,0,0,0,0,0,0,0,188,12,2,1,0,0,0,4,5,1,5,2,0,1,0,135,4,0
C:\Users\user\Desktop\STUFF A LOT OF 'EM\er\Design_Pattern\awt\datatransfer\StringSelection.java,java.awt.datatransfer.StringSelection,class,0,0,0,0,9,1,0,2,2,0.65000004,0.0,0.0,5,0,5,0,0,0,5,0,0,0,4,3,0,4,0,0,3,0,0,33,5,1,0,0,0,0,3,5,0,5,2,0,0,0,102,1,0
C:\Users\user\Desktop\STUFF A LOT OF 'EM\er\Design_Pattern\awt\dnd\MouseDragGestureRecognizer.java,java.awt.dnd.MouseDragGestureRecognizer,class,0,0,0,0,13,2,0,4,78,1.0,0.0,0.0,13,0,7,0,6,0,13,0,0,0,1,1,0,1,0,0,1,0,0,37,0,0,0,0,0,0,1,1,0,1,0,0,0,0,93,1025,0
C:\Users\user\Desktop\STUFF A LOT OF 'EM\er\Design_Pattern\awt\image\SinglePixelPackedSampleModel.java,java.awt.image.SinglePixelPackedSampleModel,class,3,3,0,3,126,2,0,8,0,0.58461535,0.0,0.0,26,1,24,2,0,0,25,0,0,0,5,0,0,5,0,0,0,0,5,331,19,22,25,0,62,16,83,125,69,68,3,0,0,0,266,1,0
C:\Users\user\Desktop\STUFF A LOT OF 'EM\er\Design_Pattern\awt\color\ProfileDataException.java,java.awt.color.ProfileDataException,class,0,0,0,0,1,4,0,0,0,0.0,NaN,NaN,1,0,1,0,0,0,1,0,0,0,0,0,0,0,0,0,0,0,0,5,0,0,0,0,0,0,0,0,0,0,0,0,0,0,26,1,0
C:\Users\user\Desktop\STUFF A LOT OF 'EM\er\Design_Pattern\awt\font\GlyphMetrics.java,java.awt.font.GlyphMetrics,class,2,2,0,2,22,1,0,1,0,0.7642857,0.0,0.0,14,0,14,0,0,0,14,0,0,0,10,5,5,5,0,0,5,0,0,64,12,0,5,0,5,0,11,15,2,10,0,0,0,0,229,17,0
C:\Users\user\Desktop\STUFF A LOT OF 'EM\er\Design_Pattern\awt\Window.java,java.awt.Window$1DisposeAction,innerclass,0,0,0,0,4,1,0,8,0,0.0,NaN,NaN,1,0,1,0,0,0,1,0,0,0,0,0,0,0,0,0,0,0,0,22,0,1,2,0,3,0,1,4,0,2,3,0,0,0,31,0,0
C:\Users\user\Desktop\STUFF A LOT OF 'EM\er\Design_Pattern\awt\TextArea.java,java.awt.TextArea$AccessibleAWTTextArea,innerclass,0,0,0,0,1,4,0,2,0,0.0,NaN,NaN,1,0,1,0,0,0,1,0,0,0,0,0,0,0,0,0,0,0,0,7,1,0,0,0,0,0,0,1,0,1,0,0,0,0,37,4,0
C:\Users\user\Desktop\STUFF A LOT OF 'EM\er\Design_Pattern\awt\TexturePaintContext.java,java.awt.TexturePaintContext$Any,innerclass,2,2,0,2,17,2,0,7,0,0.16666667,0.0,0.0,3,0,3,0,0,0,3,0,0,0,2,0,0,0,0,2,0,0,2,78,1,2,0,0,10,0,15,46,2,15,4,0,0,0,45,8,0
C:\Users\user\Desktop\STUFF A LOT OF 'EM\er\Design_Pattern\awt\ActiveEvent.java,java.awt.ActiveEvent,interface,0,0,0,0,1,1,0,0,0,0.0,NaN,NaN,1,0,1,0,0,0,1,0,0,0,0,0,0,0,0,0,0,0,0,3,0,0,0,0,0,0,0,0,0,0,0,0,0,0,97,1,0
C:\Users\user\Desktop\STUFF A LOT OF 'EM\er\Design_Pattern\awt\font\GlyphVector.java,java.awt.font.GlyphVector,class,6,6,0,6,29,1,0,13,351,0.962963,0.0,0.0,27,0,27,0,0,0,27,21,0,0,5,5,5,0,0,0,5,0,8,64,6,1,1,0,0,0,6,21,12,19,1,0,0,0,418,1025,0
C:\Users\user\Desktop\STUFF A LOT OF 'EM\er\Design_Pattern\awt\MenuContainer.java,java.awt.MenuContainer,interface,0,0,0,0,3,1,0,0,3,0.0,0.0,0.0,3,0,0,0,0,3,3,0,0,0,0,0,0,0,0,0,0,0,0,5,0,0,0,0,0,0,0,0,0,0,0,0,0,0,28,1,0
C:\Users\user\Desktop\STUFF A LOT OF 'EM\er\Design_Pattern\awt\peer\DialogPeer.java,java.awt.peer.DialogPeer,interface,0,0,0,0,2,1,0,0,1,0.0,0.0,0.0,2,0,0,0,0,2,2,0,0,0,0,0,0,0,0,0,0,0,0,4,0,0,0,0,0,0,0,0,0,0,0,0,0,0,34,1,0
C:\Users\user\Desktop\STUFF A LOT OF 'EM\er\Design_Pattern\awt\image\renderable\ParameterBlock.java,java.awt.image.renderable.ParameterBlock,class,1,1,0,1,57,1,0,21,533,0.67441857,0.0,0.0,43,0,43,0,0,0,43,0,0,0,2,0,0,0,2,0,0,0,0,195,38,1,2,2,7,0,3,23,2,11,2,0,0,0,260,1,0
C:\Users\user\Desktop\STUFF A LOT OF 'EM\er\Design_Pattern\awt\image\TileObserver.java,java.awt.image.TileObserver,interface,0,0,0,0,1,1,0,0,0,0.0,NaN,NaN,1,0,1,0,0,0,1,0,0,0,0,0,0,0,0,0,0,0,0,3,0,0,0,0,0,0,0,0,0,0,0,0,0,0,57,1,0
C:\Users\user\Desktop\STUFF A LOT OF 'EM\er\Design_Pattern\awt\font\TextLayout.java,java.awt.font.TextLayout$OptInfo,innerclass,6,6,0,6,24,1,0,20,18,0.73846155,0.0,0.0,13,1,6,1,0,6,12,0,0,0,10,1,0,10,0,0,1,0,2,90,11,0,8,0,0,0,5,16,0,13,2,0,0,0,57,8,0
C:\Users\user\Desktop\STUFF A LOT OF 'EM\er\Design_Pattern\awt\peer\MenuPeer.java,java.awt.peer.MenuPeer,interface,0,0,0,0,3,1,0,0,3,0.0,0.0,0.0,3,0,0,0,0,3,3,0,0,0,0,0,0,0,0,0,0,0,0,5,0,0,0,0,0,0,0,0,0,0,0,0,0,0,34,1,0
C:\Users\user\Desktop\STUFF A LOT OF 'EM\er\Design_Pattern\awt\Scrollbar.java,java.awt.Scrollbar$AccessibleAWTScrollBar,innerclass,0,0,0,0,10,3,0,9,21,0.0,0.0,0.0,7,0,7,0,0,0,7,0,0,0,0,0,0,0,0,0,0,0,0,39,8,0,1,0,0,0,0,1,0,1,1,0,0,0,74,4,0
C:\Users\user\Desktop\STUFF A LOT OF 'EM\er\Design_Pattern\awt\FontMetrics.java,java.awt.FontMetrics,class,4,4,0,4,34,1,0,30,250,0.7758621,0.0,0.0,29,1,26,2,1,0,28,0,0,0,2,1,0,1,1,0,1,0,3,109,29,1,0,0,1,5,14,8,2,7,1,0,0,0,340,1025,0
C:\Users\user\Desktop\STUFF A LOT OF 'EM\er\Design_Pattern\awt\geom\Point2D.java,java.awt.geom.Point2D$Float,innerclass,0,0,0,0,7,2,0,0,0,0.2857143,0.0,0.0,7,0,7,0,0,0,7,0,0,0,2,0,2,0,0,0,0,0,0,27,3,0,0,0,0,3,0,6,1,2,0,0,0,0,38,9,0
C:\Users\user\Desktop\STUFF A LOT OF 'EM\er\Design_Pattern\awt\geom\Line2D.java,java.awt.geom.Line2D$Double,innerclass,0,0,0,0,13,2,0,2,21,0.6363636,0.0,0.0,11,0,11,0,0,0,11,0,0,0,4,0,4,0,0,0,0,0,0,58,7,0,0,0,0,0,0,12,4,8,1,0,0,0,64,9,0
C:\Users\user\Desktop\STUFF A LOT OF 'EM\er\Design_Pattern\awt\RenderingHints.java,java.awt.RenderingHints$Key,innerclass,0,0,0,0,11,1,0,9,15,0.71428573,0.0,0.0,7,1,3,2,2,0,5,1,3,1,2,1,0,2,0,0,0,0,5,32,4,0,4,0,1,3,1,5,2,5,2,0,0,0,110,1033,0
C:\Users\user\Desktop\STUFF A LOT OF 'EM\er\Design_Pattern\awt\ColorPaintContext.java,java.awt.ColorPaintContext,class,3,3,0,3,9,1,0,7,4,0.625,0.0,0.0,4,0,3,0,1,0,4,0,0,1,2,0,0,0,0,2,0,0,1,25,2,0,1,0,0,0,2,6,0,5,2,0,0,0,20,0,0
C:\Users\user\Desktop\STUFF A LOT OF 'EM\er\Design_Pattern\awt\GradientPaint.java,java.awt.GradientPaint,class,2,2,0,2,19,1,0,3,0,0.5272727,0.0,0.0,11,0,11,0,0,0,11,0,0,0,5,0,0,0,0,5,0,0,0,56,7,0,7,0,9,2,1,12,0,7,1,0,0,0,174,1,0
C:\Users\user\Desktop\STUFF A LOT OF 'EM\er\Design_Pattern\awt\EventQueue.java,java.awt.Queue,class,0,0,0,0,0,1,0,0,0,NaN,-1.0,-1.0,0,0,0,0,0,0,0,0,0,0,2,0,0,0,0,2,0,0,0,4,0,0,0,0,0,0,0,0,0,2,0,0,0,0,32,0,0
C:\Users\user\Desktop\STUFF A LOT OF 'EM\er\Design_Pattern\awt\im\InputMethodHighlight.java,java.awt.im.InputMethodHighlight,class,0,0,0,0,9,1,0,0,9,0.82857144,0.0,0.0,7,0,7,0,0,0,7,0,0,0,10,6,6,4,0,0,6,0,0,39,4,0,2,0,1,1,3,10,0,10,1,0,0,0,147,1,0
C:\Users\user\Desktop\STUFF A LOT OF 'EM\er\Design_Pattern\awt\event\ContainerEvent.java,java.awt.event.ContainerEvent,class,1,1,0,1,6,3,0,1,0,0.7916667,0.0,0.0,4,0,4,0,0,0,4,0,0,0,6,5,4,1,0,1,5,0,0,32,3,0,0,0,0,4,4,9,2,7,1,0,0,0,146,1,0
C:\Users\user\Desktop\STUFF A LOT OF 'EM\er\Design_Pattern\awt\image\LookupOp.java,java.awt.image.LookupOp,class,4,4,0,4,65,1,0,42,42,0.6944444,0.0,0.0,12,0,10,2,0,0,10,0,9,0,3,0,0,2,0,1,0,0,0,261,10,10,28,0,1,31,60,102,21,68,6,0,0,0,234,1,0
C:\Users\user\Desktop\STUFF A LOT OF 'EM\er\Design_Pattern\awt\peer\LabelPeer.java,java.awt.peer.LabelPeer,interface,0,0,0,0,2,1,0,0,1,0.0,0.0,0.0,2,0,0,0,0,2,2,0,0,0,0,0,0,0,0,0,0,0,0,4,0,0,0,0,0,0,0,0,0,0,0,0,0,0,34,1,0
C:\Users\user\Desktop\STUFF A LOT OF 'EM\er\Design_Pattern\awt\KeyboardFocusManager.java,java.awt.KeyboardFocusManager$Anonymous1,anonymous,0,0,0,0,1,1,0,1,0,0.0,NaN,NaN,1,0,1,0,0,0,1,0,0,0,0,0,0,0,0,0,0,0,1,5,0,0,0,0,0,0,0,0,0,0,0,0,0,0,5,-1,0
C:\Users\user\Desktop\STUFF A LOT OF 'EM\er\Design_Pattern\awt\geom\Area.java,java.awt.geom.Area,class,4,4,0,4,57,1,0,42,135,0.7530864,0.0,0.0,27,0,25,2,0,0,25,0,0,0,3,1,0,3,0,0,0,0,0,195,28,2,14,0,6,0,29,49,5,22,2,0,0,0,284,1,0
C:\Users\user\Desktop\STUFF A LOT OF 'EM\er\Design_Pattern\awt\CardLayout.java,java.awt.CardLayout$Card,innerclass,0,0,0,0,1,1,0,0,0,0.33333334,NaN,NaN,1,0,1,0,0,0,1,0,0,0,3,1,2,0,0,1,1,0,0,9,0,0,0,0,0,0,1,3,0,3,0,0,0,0,14,0,0
C:\Users\user\Desktop\STUFF A LOT OF 'EM\er\Design_Pattern\awt\Polygon.java,java.awt.Polygon$PolygonPathIterator,innerclass,2,2,0,2,14,1,0,1,0,0.33333334,0.0,0.0,6,0,6,0,0,0,6,0,0,0,3,0,0,0,0,3,0,0,0,43,6,0,5,0,2,0,14,7,0,3,1,0,0,0,93,0,0
C:\Users\user\Desktop\STUFF A LOT OF 'EM\er\Design_Pattern\awt\Component.java,java.awt.Component$BltBufferStrategy,innerclass,0,0,0,0,21,2,0,14,12,0.6666667,0.0,0.0,9,0,5,0,3,1,9,0,0,0,5,0,0,0,5,0,0,0,0,85,9,2,9,1,1,0,9,15,4,9,2,0,0,0,92,4,0
C:\Users\user\Desktop\STUFF A LOT OF 'EM\er\Design_Pattern\awt\Point.java,java.awt.Point,class,0,0,0,0,14,2,0,6,0,0.43589744,0.0,0.0,13,0,13,0,0,0,13,0,0,0,3,1,2,1,0,0,1,0,2,52,6,0,2,0,2,3,5,10,3,4,1,0,0,0,125,1,0
C:\Users\user\Desktop\STUFF A LOT OF 'EM\er\Design_Pattern\awt\RenderingHints.java,java.awt.RenderingHints,class,0,0,0,0,28,1,0,29,0,0.972973,0.0,0.0,19,0,19,0,0,0,19,0,0,0,37,36,36,0,0,1,36,0,2,161,17,1,3,1,3,3,1,41,2,40,2,0,1,0,264,1,0
C:\Users\user\Desktop\STUFF A LOT OF 'EM\er\Design_Pattern\awt\image\DataBufferShort.java,java.awt.image.DataBufferShort,class,2,2,0,2,14,2,0,1,0,0.26923078,0.0,0.0,13,0,13,0,0,0,13,0,0,0,2,0,0,0,0,2,0,0,0,61,5,1,0,0,2,0,11,19,4,3,1,0,0,0,86,17,0
C:\Users\user\Desktop\STUFF A LOT OF 'EM\er\Design_Pattern\awt\image\ImageObserver.java,java.awt.image.ImageObserver,interface,0,0,0,0,1,1,0,0,0,0.0,NaN,NaN,1,0,1,0,0,0,1,0,0,0,8,8,8,0,0,0,8,0,0,11,0,0,0,0,0,0,8,8,0,8,0,0,0,0,162,1,0
C:\Users\user\Desktop\STUFF A LOT OF 'EM\er\Design_Pattern\awt\JobAttributes.java,java.awt.JobAttributes,class,1,1,0,1,110,6,0,32,344,0.81261265,0.0,0.0,37,0,37,0,0,0,37,0,0,0,15,0,0,15,0,0,0,0,0,379,33,6,45,1,8,38,57,64,22,35,3,0,5,0,291,17,0
C:\Users\user\Desktop\STUFF A LOT OF 'EM\er\Design_Pattern\awt\dnd\DragGestureRecognizer.java,java.awt.dnd.DragGestureRecognizer,class,1,1,0,1,34,1,1,14,171,0.95614034,0.0,0.0,19,0,9,2,8,0,17,2,0,8,6,1,0,1,5,0,1,0,1,89,4,0,11,2,2,1,3,10,0,6,3,0,0,0,215,1025,0
C:\Users\user\Desktop\STUFF A LOT OF 'EM\er\Design_Pattern\awt\event\MouseAdapter.java,java.awt.event.MouseAdapter,class,0,0,0,0,5,1,0,0,10,0.0,0.0,0.0,5,0,5,0,0,0,5,0,0,0,0,0,0,0,0,0,0,0,0,12,0,0,0,0,0,0,0,0,0,0,0,0,0,0,95,1025,0
C:\Users\user\Desktop\STUFF A LOT OF 'EM\er\Design_Pattern\awt\TexturePaintContext.java,java.awt.TexturePaintContext$ByteFilter,innerclass,5,5,0,5,16,2,0,9,0,0.37499997,0.0,0.0,3,0,3,0,0,0,3,0,0,0,8,0,0,0,0,8,0,0,2,89,1,2,1,0,12,0,22,53,11,25,3,0,0,0,54,8,0
C:\Users\user\Desktop\STUFF A LOT OF 'EM\er\Design_Pattern\awt\Component.java,java.awt.Component$AccessibleAWTComponent,innerclass,0,0,0,0,54,2,0,36,774,0.925,0.0,0.0,40,0,39,0,1,0,40,0,0,0,2,0,0,0,2,0,0,0,0,210,29,0,10,0,0,0,1,9,0,5,3,0,2,0,255,1028,0
C:\Users\user\Desktop\STUFF A LOT OF 'EM\er\Design_Pattern\awt\event\MouseListener.java,java.awt.event.MouseListener,interface,0,0,0,0,5,1,0,0,10,0.0,0.0,0.0,5,0,5,0,0,0,5,0,0,0,0,0,0,0,0,0,0,0,0,7,0,0,0,0,0,0,0,0,0,0,0,0,0,0,84,1,0
C:\Users\user\Desktop\STUFF A LOT OF 'EM\er\Design_Pattern\awt\event\ItemEvent.java,java.awt.event.ItemEvent,class,1,1,0,1,8,2,0,0,0,0.725,0.0,0.0,5,0,5,0,0,0,5,0,0,0,8,6,5,1,0,2,6,0,0,46,4,0,0,0,0,7,5,13,1,10,1,0,0,0,132,1,0
C:\Users\user\Desktop\STUFF A LOT OF 'EM\er\Design_Pattern\awt\datatransfer\UnsupportedFlavorException.java,java.awt.datatransfer.UnsupportedFlavorException,class,0,0,0,0,2,3,0,1,0,1.0,NaN,NaN,1,0,1,0,0,0,1,0,0,0,1,1,0,1,0,0,1,0,0,6,0,0,1,0,1,0,1,1,0,1,0,0,0,0,31,1,0
C:\Users\user\Desktop\STUFF A LOT OF 'EM\er\Design_Pattern\awt\FocusTraversalPolicy.java,java.awt.FocusTraversalPolicy,class,0,0,0,0,8,1,1,2,15,0.0,0.0,0.0,6,0,6,0,0,0,6,5,0,0,0,0,0,0,0,0,0,0,0,14,1,0,1,0,0,0,0,2,0,1,1,0,0,0,139,1025,0
C:\Users\user\Desktop\STUFF A LOT OF 'EM\er\Design_Pattern\awt\Font.java,java.awt.Font,class,13,13,0,13,184,2,0,103,2111,0.9524846,0.0,0.0,74,10,56,15,1,2,60,0,2,0,31,16,11,16,4,0,14,0,21,807,70,6,70,4,33,32,124,187,27,102,4,2,2,0,673,1,0
C:\Users\user\Desktop\STUFF A LOT OF 'EM\er\Design_Pattern\awt\geom\CubicCurve2D.java,java.awt.geom.CubicCurve2D$Double,innerclass,0,0,0,0,16,2,0,3,26,0.6875,0.0,0.0,16,0,16,0,0,0,16,0,0,0,8,0,8,0,0,0,0,0,12,68,13,0,0,0,0,0,0,12,2,12,0,0,0,0,75,9,0
C:\Users\user\Desktop\STUFF A LOT OF 'EM\er\Design_Pattern\awt\image\ReplicateScaleFilter.java,java.awt.image.ReplicateScaleFilter,class,2,2,0,2,29,2,1,8,0,0.3333333,0.0,0.0,6,0,5,1,0,0,5,0,0,0,7,0,0,0,7,0,0,0,0,106,0,6,9,0,19,6,27,41,53,28,2,0,0,0,162,1,0
C:\Users\user\Desktop\STUFF A LOT OF 'EM\er\Design_Pattern\awt\dnd\peer\DropTargetPeer.java,java.awt.dnd.peer.DropTargetPeer,interface,0,0,0,0,2,1,0,0,1,0.0,0.0,0.0,2,0,0,0,0,2,2,0,0,0,0,0,0,0,0,0,0,0,0,4,0,0,0,0,0,0,0,0,0,0,0,0,0,0,36,1,0
C:\Users\user\Desktop\STUFF A LOT OF 'EM\er\Design_Pattern\awt\event\ComponentEvent.java,java.awt.event.ComponentEvent,class,2,2,0,2,9,2,5,1,3,0.80952376,0.0,0.0,3,0,3,0,0,0,3,0,0,0,7,7,6,1,0,0,7,0,0,36,2,0,1,0,3,13,6,13,5,9,1,0,0,0,155,1,0
C:\Users\user\Desktop\STUFF A LOT OF 'EM\er\Design_Pattern\awt\GridBagConstraints.java,java.awt.GridBagConstraints,class,0,0,0,0,4,1,0,2,0,0.78861797,0.0,0.0,3,0,3,0,0,0,3,0,0,0,41,24,34,1,0,6,24,0,0,79,1,0,0,1,0,0,34,48,0,42,1,0,0,0,245,1,0
C:\Users\user\Desktop\STUFF A LOT OF 'EM\er\Design_Pattern\awt\font\ShapeGraphicAttribute.java,java.awt.font.ShapeGraphicAttribute,class,2,2,0,2,17,2,0,13,0,0.6666667,0.0,0.0,9,0,9,0,0,0,9,0,0,0,5,2,2,3,0,0,2,0,3,74,13,0,6,2,0,0,3,6,0,6,2,0,0,0,123,17,0
C:\Users\user\Desktop\STUFF A LOT OF 'EM\er\Design_Pattern\awt\AttributeValue.java,java.awt.AttributeValue,class,0,0,0,0,4,1,22,2,0,0.33333334,0.0,0.0,3,0,2,0,1,0,3,0,0,0,3,1,0,3,0,0,3,0,0,18,2,0,1,0,0,0,1,3,0,3,1,0,0,0,12,1024,0
C:\Users\user\Desktop\STUFF A LOT OF 'EM\er\Design_Pattern\awt\image\ComponentColorModel.java,java.awt.image.ComponentColorModel,class,6,6,0,6,403,2,0,63,382,0.882353,0.0,0.0,36,2,29,7,0,0,29,0,0,0,17,0,0,17,0,0,0,0,28,1693,82,86,77,0,328,43,687,615,441,283,6,0,0,0,490,1,0
C:\Users\user\Desktop\STUFF A LOT OF 'EM\er\Design_Pattern\awt\image\VolatileImage.java,java.awt.image.VolatileImage,class,0,0,0,0,10,2,0,3,45,0.8999999,0.0,0.0,10,0,10,0,0,0,10,7,0,0,3,3,3,0,0,0,3,0,0,20,2,0,0,0,0,0,3,3,0,3,0,0,0,0,342,1025,0
C:\Users\user\Desktop\STUFF A LOT OF 'EM\er\Design_Pattern\awt\Dimension.java,java.awt.Dimension,class,0,0,0,0,16,2,0,7,0,0.48717952,0.0,0.0,13,1,12,1,0,0,13,0,0,0,3,1,2,1,0,0,1,0,5,56,7,0,2,0,3,3,5,9,6,5,1,0,0,0,129,1,0
C:\Users\user\Desktop\STUFF A LOT OF 'EM\er\Design_Pattern\awt\peer\CheckboxMenuItemPeer.java,java.awt.peer.CheckboxMenuItemPeer,interface,0,0,0,0,1,1,0,0,0,0.0,NaN,NaN,1,0,0,0,0,1,1,0,0,0,0,0,0,0,0,0,0,0,0,3,0,0,0,0,0,0,0,0,0,0,0,0,0,0,33,1,0
C:\Users\user\Desktop\STUFF A LOT OF 'EM\er\Design_Pattern\awt\ScrollPane.java,java.awt.ScrollPane$AccessibleAWTScrollPane,innerclass,0,0,0,0,1,4,0,0,0,0.0,NaN,NaN,1,0,1,0,0,0,1,0,0,0,0,0,0,0,0,0,0,0,0,5,1,0,0,0,0,0,0,0,0,0,0,0,0,0,33,4,0
C:\Users\user\Desktop\STUFF A LOT OF 'EM\er\Design_Pattern\awt\JobAttributes.java,java.awt.JobAttributes$DefaultSelectionType,innerclass,0,0,0,0,1,2,0,0,0,0.85714287,-1.0,-1.0,1,0,0,1,0,0,0,0,0,0,7,7,3,4,0,0,7,0,0,12,0,0,0,0,0,3,3,7,0,7,0,0,0,0,39,25,0
C:\Users\user\Desktop\STUFF A LOT OF 'EM\er\Design_Pattern\awt\Graphics.java,java.awt.Graphics,class,3,4,1,3,64,1,1,19,1275,0.0,0.0,0.0,51,0,50,0,1,0,51,36,0,0,0,0,0,0,0,0,0,0,0,133,9,0,6,0,2,4,29,13,49,9,1,0,0,0,586,1025,0
C:\Users\user\Desktop\STUFF A LOT OF 'EM\er\Design_Pattern\awt\Frame.java,java.awt.Frame$AccessibleAWTFrame,innerclass,0,0,0,0,4,5,0,4,1,0.0,0.0,0.0,2,0,2,0,0,0,2,0,0,0,0,0,0,0,0,0,0,0,0,15,2,0,1,0,0,0,0,1,0,1,1,0,0,0,43,4,0
C:\Users\user\Desktop\STUFF A LOT OF 'EM\er\Design_Pattern\awt\Toolkit.java,java.awt.Toolkit$ToolkitEventMulticaster,innerclass,1,1,0,1,11,2,0,3,10,0.0,0.0,0.0,5,2,1,0,1,3,5,0,0,0,0,0,0,0,0,0,0,0,4,27,8,0,6,0,2,0,0,2,0,2,1,0,0,0,18,10,0
C:\Users\user\Desktop\STUFF A LOT OF 'EM\er\Design_Pattern\awt\image\DataBuffer.java,java.awt.image.DataBuffer,class,3,3,0,3,33,1,6,5,201,0.90635455,0.0,0.0,23,2,18,0,4,1,23,2,0,0,13,8,7,1,5,0,8,0,0,127,16,3,2,0,0,3,25,38,2,20,2,0,0,0,196,1025,0
C:\Users\user\Desktop\STUFF A LOT OF 'EM\er\Design_Pattern\awt\Rectangle.java,java.awt.Rectangle,class,1,2,1,1,100,2,0,24,0,0.46666664,0.0,0.0,45,1,44,1,0,0,45,0,0,0,5,1,4,1,0,0,1,0,19,286,34,0,4,0,17,5,24,99,25,49,2,0,0,0,291,1,0
C:\Users\user\Desktop\STUFF A LOT OF 'EM\er\Design_Pattern\awt\TexturePaint.java,java.awt.TexturePaint,class,3,3,0,3,6,1,0,10,0,0.32,0.0,0.0,5,0,5,0,0,0,5,0,0,0,5,0,0,0,0,5,0,0,1,34,4,0,1,0,1,0,0,7,4,5,1,0,0,0,119,1,0
C:\Users\user\Desktop\STUFF A LOT OF 'EM\er\Design_Pattern\awt\PageAttributes.java,java.awt.PageAttributes$PrintQualityType,innerclass,0,0,0,0,1,2,0,0,0,0.85714287,-1.0,-1.0,1,0,0,1,0,0,0,0,0,0,7,7,3,4,0,0,7,0,0,12,0,0,0,0,0,3,3,7,0,7,0,0,0,0,40,25,0
C:\Users\user\Desktop\STUFF A LOT OF 'EM\er\Design_Pattern\awt\TexturePaintContext.java,java.awt.TexturePaintContext$Byte,innerclass,3,3,0,3,26,2,0,8,0,0.5,0.0,0.0,4,0,4,0,0,0,4,0,0,0,7,0,0,0,0,7,0,0,3,107,1,4,6,0,11,0,17,56,12,26,5,0,0,0,50,8,0
C:\Users\user\Desktop\STUFF A LOT OF 'EM\er\Design_Pattern\awt\image\RescaleOp.java,java.awt.image.RescaleOp,class,5,5,0,5,78,1,0,42,38,0.7291667,0.0,0.0,16,0,13,3,0,0,13,0,9,0,6,0,0,2,0,4,0,0,4,295,22,13,33,0,11,19,64,115,24,78,6,0,0,0,263,1,0
C:\Users\user\Desktop\STUFF A LOT OF 'EM\er\Design_Pattern\awt\color\CMMException.java,java.awt.color.CMMException,class,0,0,0,0,1,4,0,0,0,0.0,NaN,NaN,1,0,1,0,0,0,1,0,0,0,0,0,0,0,0,0,0,0,0,5,0,0,0,0,0,0,0,0,0,0,0,0,0,0,17,1,0
C:\Users\user\Desktop\STUFF A LOT OF 'EM\er\Design_Pattern\awt\font\GraphicAttribute.java,java.awt.font.GraphicAttribute,class,2,2,0,2,10,1,2,3,26,0.9166667,0.0,0.0,8,0,7,0,1,0,8,4,1,0,6,5,5,1,0,0,5,0,0,29,3,0,0,0,0,1,9,8,3,8,1,0,0,0,156,1025,0
C:\Users\user\Desktop\STUFF A LOT OF 'EM\er\Design_Pattern\awt\color\ColorSpace.java,java.awt.color.ColorSpace,class,1,1,0,1,29,1,1,1,60,0.9635627,0.0,0.0,13,2,11,0,1,1,13,4,0,0,38,36,30,7,0,1,31,0,5,120,8,0,7,0,6,5,37,50,3,44,2,0,0,0,330,1025,0
C:\Users\user\Desktop\STUFF A LOT OF 'EM\er\Design_Pattern\awt\image\ImageProducer.java,java.awt.image.ImageProducer,interface,0,0,0,0,5,1,0,0,10,0.0,0.0,0.0,5,0,5,0,0,0,5,0,0,0,0,0,0,0,0,0,0,0,0,7,0,0,0,0,0,0,0,0,0,0,0,0,0,0,143,1,0
C:\Users\user\Desktop\STUFF A LOT OF 'EM\er\Design_Pattern\awt\TextField.java,java.awt.TextField,class,2,2,0,2,62,6,0,38,376,0.8961039,0.0,0.0,33,1,25,3,3,2,31,0,0,5,7,3,0,4,0,3,2,0,7,200,23,1,19,0,11,5,15,24,2,16,2,0,1,0,357,1,0
C:\Users\user\Desktop\STUFF A LOT OF 'EM\er\Design_Pattern\awt\AWTEvent.java,java.awt.AWTEvent,class,5,5,0,5,74,1,4,27,42,0.9711538,0.0,0.0,12,1,6,2,2,2,11,0,0,0,26,22,20,2,2,2,22,0,3,213,17,1,12,0,11,3,32,62,1,41,2,0,0,0,303,1025,0
C:\Users\user\Desktop\STUFF A LOT OF 'EM\er\Design_Pattern\awt\event\FocusAdapter.java,java.awt.event.FocusAdapter,class,0,0,0,0,2,1,0,0,1,0.0,0.0,0.0,2,0,2,0,0,0,2,0,0,0,0,0,0,0,0,0,0,0,0,6,0,0,0,0,0,0,0,0,0,0,0,0,0,0,79,1025,0
C:\Users\user\Desktop\STUFF A LOT OF 'EM\er\Design_Pattern\awt\font\CharArrayIterator.java,java.awt.font.CharArrayIterator,class,1,1,0,1,21,1,0,2,0,0.35714284,0.0,0.0,14,0,10,0,0,4,14,0,0,0,3,0,0,3,0,0,0,0,0,82,13,0,0,0,0,1,12,12,4,4,1,0,0,0,82,0,0
C:\Users\user\Desktop\STUFF A LOT OF 'EM\er\Design_Pattern\awt\geom\Arc2D.java,java.awt.geom.Arc2D,class,0,0,0,0,165,6,4,38,280,0.72413796,0.0,0.0,29,1,25,1,2,1,28,6,0,0,4,3,3,1,0,0,3,0,64,527,49,1,11,0,315,1,188,109,308,59,3,0,2,0,292,1025,0
C:\Users\user\Desktop\STUFF A LOT OF 'EM\er\Design_Pattern\awt\DisplayMode.java,java.awt.DisplayMode,class,0,0,0,0,11,1,0,4,7,0.68571436,0.0,0.0,7,0,7,0,0,0,7,0,0,0,5,2,2,3,0,0,2,0,0,30,6,0,4,0,1,0,4,5,4,5,0,0,0,0,83,17,0
C:\Users\user\Desktop\STUFF A LOT OF 'EM\er\Design_Pattern\awt\font\TextLine.java,java.awt.font.TextLine,class,14,14,0,14,150,1,0,86,617,0.8953489,0.0,0.0,43,13,32,7,0,4,36,0,0,0,14,3,0,14,0,0,0,0,36,701,48,31,42,2,9,14,106,268,58,187,5,3,2,0,279,16,0
C:\Users\user\Desktop\STUFF A LOT OF 'EM\er\Design_Pattern\awt\JobAttributes.java,java.awt.JobAttributes$SidesType,innerclass,0,0,0,0,1,2,0,0,0,0.85714287,-1.0,-1.0,1,0,0,1,0,0,0,0,0,0,7,7,3,4,0,0,7,0,0,12,0,0,0,0,0,3,3,7,0,7,0,0,0,0,66,25,0
C:\Users\user\Desktop\STUFF A LOT OF 'EM\er\Design_Pattern\awt\geom\QuadCurve2D.java,java.awt.geom.QuadCurve2D$Float,innerclass,0,0,0,0,14,2,0,3,0,0.5714286,0.0,0.0,14,0,14,0,0,0,14,0,0,0,6,0,6,0,0,0,0,0,8,63,10,0,0,0,0,0,0,16,2,10,0,0,0,0,74,9,0
C:\Users\user\Desktop\STUFF A LOT OF 'EM\er\Design_Pattern\awt\dnd\DragGestureListener.java,java.awt.dnd.DragGestureListener,interface,0,0,0,0,1,1,0,0,0,0.0,NaN,NaN,1,0,0,0,0,1,1,0,0,0,0,0,0,0,0,0,0,0,0,3,0,0,0,0,0,0,0,0,0,0,0,0,0,0,49,1,0
C:\Users\user\Desktop\STUFF A LOT OF 'EM\er\Design_Pattern\awt\geom\Line2D.java,java.awt.geom.Line2D,class,0,0,0,0,50,3,4,19,703,0.0,0.0,0.0,38,6,37,0,1,0,38,7,0,0,0,0,0,0,0,0,0,0,20,278,28,0,1,1,8,0,19,31,40,7,3,0,2,0,295,1025,0
C:\Users\user\Desktop\STUFF A LOT OF 'EM\er\Design_Pattern\awt\image\renderable\RenderableImageProducer.java,java.awt.image.renderable.RenderableImageProducer,class,7,7,0,7,16,1,0,26,10,0.625,0.0,0.0,8,0,8,0,0,0,8,0,0,5,3,0,0,0,0,3,0,0,0,78,1,5,2,0,0,1,6,28,0,20,2,0,0,0,142,1,0
C:\Users\user\Desktop\STUFF A LOT OF 'EM\er\Design_Pattern\awt\Container.java,java.awt.Container$EventTargetFilter,interface,0,0,0,0,1,1,0,0,0,0.0,NaN,NaN,1,0,0,0,0,1,1,0,0,0,0,0,0,0,0,0,0,0,0,3,0,0,0,0,0,0,0,0,0,0,0,0,0,0,6,8,0
C:\Users\user\Desktop\STUFF A LOT OF 'EM\er\Design_Pattern\awt\print\PrinterIOException.java,java.awt.print.PrinterIOException,class,0,0,0,0,3,4,0,1,0,0.5,0.0,0.0,3,0,3,0,0,0,3,0,0,0,2,1,0,1,0,1,1,0,0,14,2,0,0,0,0,0,1,2,0,2,0,0,0,0,74,1,0
C:\Users\user\Desktop\STUFF A LOT OF 'EM\er\Design_Pattern\awt\List.java,java.awt.List,class,5,5,0,5,118,4,0,69,1618,0.93852454,0.0,0.0,61,0,52,2,4,3,59,0,1,19,12,4,0,4,0,8,3,0,12,583,45,7,38,0,17,5,37,70,8,44,4,0,1,0,580,1,0
C:\Users\user\Desktop\STUFF A LOT OF 'EM\er\Design_Pattern\awt\geom\RoundRectangle2D.java,java.awt.geom.RoundRectangle2D$Float,innerclass,0,0,0,0,15,3,0,7,0,0.5897436,0.0,0.0,13,0,13,0,0,0,13,0,0,0,6,0,6,0,0,0,0,0,0,61,8,0,0,0,2,0,2,18,0,6,0,0,0,0,82,9,0
C:\Users\user\Desktop\STUFF A LOT OF 'EM\er\Design_Pattern\awt\Window.java,java.awt.Window$AccessibleAWTWindow,innerclass,0,0,0,0,3,4,0,3,1,0.0,0.0,0.0,2,0,2,0,0,0,2,0,0,0,0,0,0,0,0,0,0,0,0,12,2,0,1,0,0,0,0,1,0,1,1,0,0,0,41,4,0
C:\Users\user\Desktop\STUFF A LOT OF 'EM\er\Design_Pattern\awt\event\InputMethodEvent.java,java.awt.event.InputMethodEvent,class,0,0,0,0,27,2,0,10,20,0.78333324,0.0,0.0,12,0,11,1,0,0,11,0,0,0,10,5,4,5,0,1,5,0,0,115,7,2,8,0,0,19,9,29,7,19,2,0,0,0,215,1,0
C:\Users\user\Desktop\STUFF A LOT OF 'EM\er\Design_Pattern\awt\print\PrinterJob.java,java.awt.print.PrinterJob$Anonymous1,anonymous,1,1,0,1,4,1,0,3,0,0.0,NaN,NaN,1,0,1,0,0,0,1,0,0,0,0,0,0,0,0,0,0,0,2,17,1,0,0,1,0,4,0,1,3,1,1,0,0,0,20,-1,0
C:\Users\user\Desktop\STUFF A LOT OF 'EM\er\Design_Pattern\awt\PrintJob.java,java.awt.PrintJob,class,0,0,0,0,6,1,0,1,15,0.0,0.0,0.0,6,0,6,0,0,0,6,5,0,0,0,0,0,0,0,0,0,0,0,10,0,0,0,0,0,0,0,0,0,0,0,0,0,0,71,1025,0
C:\Users\user\Desktop\STUFF A LOT OF 'EM\er\Design_Pattern\awt\GridBagLayout.java,java.awt.GridBagLayoutInfo,class,2,2,0,2,1,1,0,0,0,0.5,NaN,NaN,1,0,0,0,0,1,1,0,0,0,6,0,0,0,0,6,0,0,0,14,0,0,0,0,0,0,0,4,0,8,0,0,0,0,12,0,0
C:\Users\user\Desktop\STUFF A LOT OF 'EM\er\Design_Pattern\awt\event\PaintEvent.java,java.awt.event.PaintEvent,class,0,0,0,0,7,3,0,1,0,0.75,0.0,0.0,4,0,4,0,0,0,4,0,0,0,6,5,4,1,0,1,5,0,0,32,2,0,1,0,1,5,4,10,2,7,1,0,0,0,103,1,0
C:\Users\user\Desktop\STUFF A LOT OF 'EM\er\Design_Pattern\awt\dnd\DragSourceEvent.java,java.awt.dnd.DragSourceEvent,class,1,1,0,1,7,1,2,1,0,0.5416667,0.0,0.0,6,0,6,0,0,0,6,0,0,0,4,1,0,4,0,0,4,0,0,35,5,0,0,0,0,0,3,7,0,4,1,0,0,0,101,1,0
C:\Users\user\Desktop\STUFF A LOT OF 'EM\er\Design_Pattern\awt\dnd\SerializationTester.java,java.awt.dnd.SerializationTester$Anonymous1,anonymous,0,0,0,0,1,1,0,0,0,0.0,NaN,NaN,1,0,1,0,0,0,1,0,0,0,0,0,0,0,0,0,0,0,0,4,0,0,0,0,0,0,0,0,0,0,0,0,0,0,2,-1,0
C:\Users\user\Desktop\STUFF A LOT OF 'EM\er\Design_Pattern\awt\ContainerOrderFocusTraversalPolicy.java,java.awt.ContainerOrderFocusTraversalPolicy$MutableBoolean,innerclass,0,0,0,0,0,1,0,0,0,NaN,-1.0,-1.0,0,0,0,0,0,0,0,0,0,0,1,0,0,0,0,1,0,0,0,3,0,0,0,0,0,0,0,1,0,1,0,0,0,0,4,10,0
C:\Users\user\Desktop\STUFF A LOT OF 'EM\er\Design_Pattern\awt\Checkbox.java,java.awt.Checkbox$AccessibleAWTCheckbox,innerclass,0,0,0,0,16,3,0,6,78,0.0,0.0,0.0,13,0,13,0,0,0,13,0,0,0,0,0,0,0,0,0,0,0,0,54,11,0,1,0,0,0,1,2,0,2,2,0,0,0,112,4,0
C:\Users\user\Desktop\STUFF A LOT OF 'EM\er\Design_Pattern\awt\GraphicsCallback.java,java.awt.GraphicsCallback$PrintHeavyweightComponentsCallback,innerclass,0,0,0,0,4,3,0,2,3,0.6666667,0.0,0.0,3,1,1,1,0,1,2,0,0,0,1,1,0,1,0,0,0,0,0,16,1,0,0,0,0,0,0,1,0,1,1,0,0,0,13,24,0
C:\Users\user\Desktop\STUFF A LOT OF 'EM\er\Design_Pattern\awt\event\WindowFocusListener.java,java.awt.event.WindowFocusListener,interface,0,0,0,0,2,1,0,0,1,0.0,0.0,0.0,2,0,2,0,0,0,2,0,0,0,0,0,0,0,0,0,0,0,0,4,0,0,0,0,0,0,0,0,0,0,0,0,0,0,85,1,0
C:\Users\user\Desktop\STUFF A LOT OF 'EM\er\Design_Pattern\awt\Cursor.java,java.awt.Cursor,class,1,1,0,1,33,1,0,24,38,0.9051281,0.0,0.0,13,6,7,4,2,0,10,0,0,0,30,27,15,11,2,2,25,0,14,164,8,0,7,3,0,55,23,52,14,43,3,2,0,0,164,1,0
C:\Users\user\Desktop\STUFF A LOT OF 'EM\er\Design_Pattern\awt\LayoutManager2.java,java.awt.LayoutManager2,interface,0,0,0,0,5,1,0,0,10,0.0,0.0,0.0,5,0,4,0,0,1,5,0,0,0,0,0,0,0,0,0,0,0,0,7,0,0,0,0,0,0,0,0,0,0,0,0,0,0,101,1,0
C:\Users\user\Desktop\STUFF A LOT OF 'EM\er\Design_Pattern\awt\Panel.java,java.awt.Panel,class,0,0,0,0,7,6,0,6,10,0.8666666,0.0,0.0,5,0,4,0,0,1,5,0,0,0,3,3,0,3,0,0,2,0,0,33,2,0,2,0,0,1,2,5,1,3,2,0,1,0,86,1,0
C:\Users\user\Desktop\STUFF A LOT OF 'EM\er\Design_Pattern\awt\GraphicsCallback.java,java.awt.GraphicsCallback$PrintAllCallback,innerclass,0,0,0,0,3,3,0,1,3,0.6666667,0.0,0.0,3,1,1,1,0,1,2,0,0,0,1,1,0,1,0,0,0,0,0,11,1,0,0,0,0,0,0,1,0,1,0,0,0,0,10,24,0
C:\Users\user\Desktop\STUFF A LOT OF 'EM\er\Design_Pattern\awt\SequencedEvent.java,java.awt.SequencedEvent$Anonymous1,anonymous,0,0,0,0,1,1,0,1,0,0.0,NaN,NaN,1,0,1,0,0,0,1,0,0,0,0,0,0,0,0,0,0,0,0,5,1,0,0,0,0,0,0,0,0,0,0,0,0,0,1,-1,0
C:\Users\user\Desktop\STUFF A LOT OF 'EM\er\Design_Pattern\awt\geom\Line2D.java,java.awt.geom.Line2D$Float,innerclass,0,0,0,0,14,2,0,2,16,0.5833333,0.0,0.0,12,0,12,0,0,0,12,0,0,0,4,0,4,0,0,0,0,0,0,64,7,0,0,0,0,0,0,16,4,8,1,0,0,0,65,9,0
C:\Users\user\Desktop\STUFF A LOT OF 'EM\er\Design_Pattern\awt\event\MouseWheelEvent.java,java.awt.event.MouseWheelEvent,class,0,0,0,0,9,5,0,6,3,0.6944444,0.0,0.0,6,0,6,0,0,0,6,0,0,0,6,3,2,1,0,3,3,0,0,42,5,0,2,0,0,7,2,10,2,7,1,0,0,0,295,1,0
C:\Users\user\Desktop\STUFF A LOT OF 'EM\er\Design_Pattern\awt\geom\EllipseIterator.java,java.awt.geom.EllipseIterator,class,2,2,0,2,22,1,0,10,0,0.6111111,0.0,0.0,6,0,5,0,0,1,7,0,0,0,9,6,0,6,0,3,5,0,3,93,8,2,8,0,9,2,84,35,46,18,2,0,0,0,118,0,0
C:\Users\user\Desktop\STUFF A LOT OF 'EM\er\Design_Pattern\awt\PrintGraphics.java,java.awt.PrintGraphics,interface,0,0,0,0,1,1,0,0,0,0.0,NaN,NaN,1,0,1,0,0,0,1,0,0,0,0,0,0,0,0,0,0,0,0,3,0,0,0,0,0,0,0,0,0,0,0,0,0,0,17,1,0
C:\Users\user\Desktop\STUFF A LOT OF 'EM\er\Design_Pattern\awt\geom\RectIterator.java,java.awt.geom.RectIterator,class,2,2,0,2,25,1,0,7,0,0.44444445,0.0,0.0,6,0,5,0,0,1,6,0,0,0,3,0,0,0,0,3,0,0,0,64,6,0,14,0,2,2,30,14,0,6,1,0,0,0,111,0,0
C:\Users\user\Desktop\STUFF A LOT OF 'EM\er\Design_Pattern\awt\MenuShortcut.java,java.awt.MenuShortcut,class,0,0,0,0,17,1,0,8,0,0.5925926,0.0,0.0,9,0,8,0,1,0,9,0,0,0,3,1,0,1,0,2,1,0,2,47,8,0,3,0,5,3,2,8,2,5,1,0,0,0,118,1,0
C:\Users\user\Desktop\STUFF A LOT OF 'EM\er\Design_Pattern\awt\image\CropImageFilter.java,java.awt.image.CropImageFilter,class,3,3,0,3,17,2,0,6,0,0.1,0.0,0.0,5,0,5,0,0,0,5,0,0,0,4,0,0,0,0,4,0,0,0,64,2,0,0,0,8,1,0,21,30,12,1,0,0,0,119,1,0
C:\Users\user\Desktop\STUFF A LOT OF 'EM\er\Design_Pattern\awt\image\ImagingOpException.java,java.awt.image.ImagingOpException,class,0,0,0,0,1,4,0,0,0,0.0,NaN,NaN,1,0,1,0,0,0,1,0,0,0,0,0,0,0,0,0,0,0,0,5,0,0,0,0,0,0,0,0,0,0,0,0,0,0,28,1,0
C:\Users\user\Desktop\STUFF A LOT OF 'EM\er\Design_Pattern\awt\dnd\DropTargetContext.java,java.awt.dnd.DropTargetContext,class,1,1,0,1,29,1,0,20,153,0.9583333,0.0,0.0,18,0,5,0,11,2,18,0,0,0,4,1,0,4,0,0,1,0,1,122,9,0,11,0,2,0,2,17,0,15,4,0,1,0,139,1,0
C:\Users\user\Desktop\STUFF A LOT OF 'EM\er\Design_Pattern\awt\font\GlyphJustificationInfo.java,java.awt.font.GlyphJustificationInfo,class,0,0,0,0,11,1,0,1,1,0.5,NaN,NaN,2,1,1,1,0,0,1,0,0,0,13,4,13,0,0,0,13,0,2,50,1,0,0,0,0,7,9,13,0,13,1,0,0,0,158,17,0
C:\Users\user\Desktop\STUFF A LOT OF 'EM\er\Design_Pattern\awt\GraphicsConfiguration.java,java.awt.GraphicsConfiguration,class,0,0,0,0,15,2,0,2,78,0.9230769,0.0,0.0,13,0,12,0,1,0,13,9,0,0,2,2,0,2,0,0,0,0,0,35,3,0,2,0,0,0,0,2,0,2,1,0,1,0,250,1025,0
C:\Users\user\Desktop\STUFF A LOT OF 'EM\er\Design_Pattern\awt\peer\ComponentPeer.java,java.awt.peer.ComponentPeer,interface,7,7,0,7,42,1,0,0,861,0.0,0.0,0.0,42,0,0,0,0,42,42,0,0,0,0,0,0,0,0,0,0,0,0,44,0,0,0,0,0,0,0,0,0,0,0,0,0,0,109,1,0
C:\Users\user\Desktop\STUFF A LOT OF 'EM\er\Design_Pattern\awt\Frame.java,java.awt.Frame,class,0,0,0,0,99,8,0,58,540,0.9574118,0.0,0.0,37,2,27,4,2,4,34,0,0,6,33,22,19,6,0,8,21,0,6,382,15,2,39,1,14,16,19,89,2,58,4,0,1,0,461,1,0
C:\Users\user\Desktop\STUFF A LOT OF 'EM\er\Design_Pattern\awt\GraphicsCallback.java,java.awt.GraphicsCallback$PrintCallback,innerclass,0,0,0,0,3,3,0,1,3,0.6666667,0.0,0.0,3,1,1,1,0,1,2,0,0,0,1,1,0,1,0,0,0,0,0,11,1,0,0,0,0,0,0,1,0,1,0,0,0,0,9,24,0
C:\Users\user\Desktop\STUFF A LOT OF 'EM\er\Design_Pattern\awt\event\AWTEventListenerProxy.java,java.awt.event.AWTEventListenerProxy,class,0,0,0,0,3,2,0,2,1,0.33333334,0.0,0.0,3,0,3,0,0,0,3,0,0,0,1,0,0,1,0,0,0,0,0,13,1,0,0,0,1,0,0,1,0,1,0,0,0,0,46,1,0
C:\Users\user\Desktop\STUFF A LOT OF 'EM\er\Design_Pattern\awt\datatransfer\FlavorMap.java,java.awt.datatransfer.FlavorMap,interface,0,0,0,0,2,1,0,0,1,0.0,0.0,0.0,2,0,0,0,0,2,2,0,0,0,0,0,0,0,0,0,0,0,0,4,0,0,0,0,0,0,0,0,0,0,0,0,0,0,62,1,0
C:\Users\user\Desktop\STUFF A LOT OF 'EM\er\Design_Pattern\awt\print\Book.java,java.awt.print.Book$BookPage,innerclass,0,0,0,0,5,1,0,0,0,0.33333334,0.0,0.0,3,0,0,0,0,3,3,0,0,0,2,0,0,2,0,0,0,0,0,17,2,0,2,0,0,0,0,2,0,2,1,0,0,0,40,2,0
C:\Users\user\Desktop\STUFF A LOT OF 'EM\er\Design_Pattern\awt\image\PixelInterleavedSampleModel.java,java.awt.image.PixelInterleavedSampleModel,class,1,1,0,1,13,3,0,3,6,0.0,0.0,0.0,4,0,4,0,0,0,4,0,0,0,0,0,0,0,0,0,0,0,2,51,3,4,0,0,0,10,9,17,6,10,2,0,0,0,164,1,0
C:\Users\user\Desktop\STUFF A LOT OF 'EM\er\Design_Pattern\awt\event\WindowAdapter.java,java.awt.event.WindowAdapter,class,0,0,0,0,10,1,0,0,45,0.0,0.0,0.0,10,0,10,0,0,0,10,0,0,0,0,0,0,0,0,0,0,0,0,22,0,0,0,0,0,0,0,0,0,0,0,0,0,0,120,1025,0
C:\Users\user\Desktop\STUFF A LOT OF 'EM\er\Design_Pattern\awt\ScrollPane.java,java.awt.ScrollPane,class,0,0,0,0,64,6,0,51,264,0.8401253,0.0,0.0,29,1,20,3,3,3,27,0,2,0,11,7,3,8,0,0,6,0,5,301,14,0,10,1,0,24,35,71,10,45,3,0,2,0,407,1,0
C:\Users\user\Desktop\STUFF A LOT OF 'EM\er\Design_Pattern\awt\color\ICC_ProfileRGB.java,java.awt.color.ICC_ProfileRGB,class,2,2,0,2,12,2,0,4,13,0.6666667,0.0,0.0,6,0,4,0,0,2,6,0,0,0,3,3,3,0,0,0,3,0,0,69,4,0,0,0,0,2,32,24,0,9,1,0,0,0,197,1,0
C:\Users\user\Desktop\STUFF A LOT OF 'EM\er\Design_Pattern\awt\KeyboardFocusManager.java,java.awt.KeyboardFocusManager$HeavyweightFocusRequest,innerclass,0,0,0,0,13,1,0,9,0,0.33333334,0.0,0.0,5,0,1,1,0,3,4,0,0,0,3,1,0,0,0,3,3,0,0,59,5,1,6,0,3,6,1,16,1,7,3,0,0,0,40,26,0
C:\Users\user\Desktop\STUFF A LOT OF 'EM\er\Design_Pattern\awt\MenuItem.java,java.awt.MenuItem,class,2,2,0,2,65,4,2,37,425,0.8971429,0.0,0.0,35,1,22,3,4,6,33,0,2,7,10,3,0,5,0,5,2,0,9,260,17,1,20,0,8,4,5,37,4,22,2,0,1,0,349,1,0
C:\Users\user\Desktop\STUFF A LOT OF 'EM\er\Design_Pattern\awt\JobAttributes.java,java.awt.JobAttributes$DestinationType,innerclass,0,0,0,0,1,2,0,0,0,0.8,-1.0,-1.0,1,0,0,1,0,0,0,0,0,0,5,5,2,3,0,0,5,0,0,10,0,0,0,0,0,2,2,5,0,5,0,0,0,0,27,25,0
C:\Users\user\Desktop\STUFF A LOT OF 'EM\er\Design_Pattern\awt\font\OpenType.java,java.awt.font.OpenType,interface,1,1,0,1,7,1,0,0,21,1.0,0.0,0.0,7,0,7,0,0,0,7,0,0,0,51,51,51,0,0,0,51,0,0,60,0,0,0,0,0,0,51,51,0,51,0,0,0,0,197,1,0
C:\Users\user\Desktop\STUFF A LOT OF 'EM\er\Design_Pattern\awt\PageAttributes.java,java.awt.PageAttributes$OrientationRequestedType,innerclass,0,0,0,0,1,2,0,0,0,0.8,-1.0,-1.0,1,0,0,1,0,0,0,0,0,0,5,5,2,3,0,0,5,0,0,10,0,0,0,0,0,2,2,5,0,5,0,0,0,0,38,25,0
C:\Users\user\Desktop\STUFF A LOT OF 'EM\er\Design_Pattern\awt\Adjustable.java,java.awt.Adjustable,interface,0,0,0,0,15,1,0,0,105,1.0,0.0,0.0,15,0,0,0,0,15,15,0,0,0,3,3,3,0,0,0,3,0,0,20,0,0,0,0,0,0,3,3,0,3,0,0,0,0,94,1,0
C:\Users\user\Desktop\STUFF A LOT OF 'EM\er\Design_Pattern\awt\Polygon.java,java.awt.Polygon,class,2,2,0,2,58,1,0,24,127,0.7130436,0.0,0.0,23,0,20,1,0,2,22,0,0,0,5,1,3,1,1,0,1,0,10,253,20,4,9,0,9,1,29,60,27,31,3,0,1,0,312,1,0
C:\Users\user\Desktop\STUFF A LOT OF 'EM\er\Design_Pattern\awt\MenuComponent.java,java.awt.MenuComponent$AccessibleAWTMenuComponent,innerclass,0,0,0,0,49,2,0,7,1035,0.0,0.0,0.0,46,0,45,0,1,0,46,0,0,0,0,0,0,0,0,0,0,0,1,135,32,0,1,0,1,0,2,2,0,2,2,0,0,0,279,1028,0
C:\Users\user\Desktop\STUFF A LOT OF 'EM\er\Design_Pattern\awt\PopupMenu.java,java.awt.PopupMenu$AccessibleAWTPopupMenu,innerclass,0,0,0,0,1,5,0,0,0,0.0,NaN,NaN,1,0,1,0,0,0,1,0,0,0,0,0,0,0,0,0,0,0,0,5,1,0,0,0,0,0,0,0,0,0,0,0,0,0,38,4,0
C:\Users\user\Desktop\STUFF A LOT OF 'EM\er\Design_Pattern\awt\dnd\DragSourceContext.java,java.awt.dnd.DragSourceContext$Anonymous1,anonymous,1,1,0,1,3,1,0,0,3,0.0,0.0,0.0,3,0,3,0,0,0,3,0,0,0,0,0,0,0,0,0,0,0,0,11,2,0,0,0,0,0,1,0,0,0,0,0,0,0,12,-1,0
C:\Users\user\Desktop\STUFF A LOT OF 'EM\er\Design_Pattern\awt\dnd\DnDConstants.java,java.awt.dnd.DnDConstants,class,0,0,0,0,1,1,0,0,0,0.0,-1.0,-1.0,1,0,0,1,0,0,0,0,0,0,6,6,6,0,0,0,6,0,0,10,0,0,0,0,0,0,4,6,0,6,0,0,0,0,86,17,0
C:\Users\user\Desktop\STUFF A LOT OF 'EM\er\Design_Pattern\awt\event\KeyAdapter.java,java.awt.event.KeyAdapter,class,0,0,0,0,3,1,0,0,3,0.0,0.0,0.0,3,0,3,0,0,0,3,0,0,0,0,0,0,0,0,0,0,0,0,8,0,0,0,0,0,0,0,0,0,0,0,0,0,0,88,1025,0
C:\Users\user\Desktop\STUFF A LOT OF 'EM\er\Design_Pattern\awt\event\AdjustmentListener.java,java.awt.event.AdjustmentListener,interface,0,0,0,0,1,1,0,0,0,0.0,NaN,NaN,1,0,1,0,0,0,1,0,0,0,0,0,0,0,0,0,0,0,0,3,0,0,0,0,0,0,0,0,0,0,0,0,0,0,19,1,0
C:\Users\user\Desktop\STUFF A LOT OF 'EM\er\Design_Pattern\awt\Dialog.java,java.awt.Dialog$Anonymous1,anonymous,0,0,0,0,1,1,0,2,0,0.0,NaN,NaN,1,0,1,0,0,0,1,0,0,0,0,0,0,0,0,0,0,0,1,11,0,0,0,0,0,0,0,1,0,1,0,1,0,0,6,-1,0
C:\Users\user\Desktop\STUFF A LOT OF 'EM\er\Design_Pattern\awt\Container.java,java.awt.Container$AccessibleAWTContainer,innerclass,0,0,0,0,3,3,0,3,3,0.6666667,0.0,0.0,3,0,3,0,0,0,3,0,0,0,1,0,0,0,1,0,0,0,0,26,3,0,0,0,0,0,0,1,0,1,0,0,1,0,79,4,0
C:\Users\user\Desktop\STUFF A LOT OF 'EM\er\Design_Pattern\awt\AlphaComposite.java,java.awt.AlphaComposite,class,1,1,0,1,29,1,0,2,0,0.80555576,0.0,0.0,9,2,7,2,0,0,7,0,0,0,28,26,24,2,0,2,26,0,2,104,22,0,3,0,2,3,17,29,2,29,1,0,0,0,213,17,0
C:\Users\user\Desktop\STUFF A LOT OF 'EM\er\Design_Pattern\awt\geom\Point2D.java,java.awt.geom.Point2D$Double,innerclass,0,0,0,0,6,2,0,0,0,0.33333334,0.0,0.0,6,0,6,0,0,0,6,0,0,0,2,0,2,0,0,0,0,0,0,23,3,0,0,0,0,3,0,4,1,2,0,0,0,0,38,9,0
C:\Users\user\Desktop\STUFF A LOT OF 'EM\er\Design_Pattern\awt\image\AffineTransformOp.java,java.awt.image.AffineTransformOp,class,8,8,0,8,59,1,0,36,12,0.6282051,0.0,0.0,13,0,12,0,0,1,13,0,8,0,6,3,2,2,0,2,3,0,1,229,10,1,30,1,5,19,31,66,16,38,3,0,0,0,242,1,0
C:\Users\user\Desktop\STUFF A LOT OF 'EM\er\Design_Pattern\awt\datatransfer\FlavorTable.java,java.awt.datatransfer.FlavorTable,interface,0,0,0,0,2,1,0,0,1,0.0,0.0,0.0,2,0,0,0,0,2,2,0,0,0,0,0,0,0,0,0,0,0,0,4,0,0,0,0,0,0,0,0,0,0,0,0,0,0,82,1,0
C:\Users\user\Desktop\STUFF A LOT OF 'EM\er\Design_Pattern\awt\image\Raster.java,java.awt.image.Raster,class,12,12,0,12,152,1,1,42,407,0.80727273,0.0,0.0,50,14,46,1,3,0,50,0,9,0,11,0,0,0,11,0,0,0,14,470,65,5,35,0,31,46,60,74,91,51,2,0,0,0,430,1,0
C:\Users\user\Desktop\STUFF A LOT OF 'EM\er\Design_Pattern\awt\AWTPermission.java,java.awt.AWTPermission,class,0,0,0,0,2,3,0,0,1,1.0,0.0,0.0,2,0,2,0,0,0,2,0,0,0,1,1,0,1,0,0,1,0,0,9,0,0,0,0,0,0,1,1,0,1,0,0,0,0,232,17,0
C:\Users\user\Desktop\STUFF A LOT OF 'EM\er\Design_Pattern\awt\peer\CheckboxPeer.java,java.awt.peer.CheckboxPeer,interface,0,0,0,0,3,1,0,0,3,0.0,0.0,0.0,3,0,0,0,0,3,3,0,0,0,0,0,0,0,0,0,0,0,0,5,0,0,0,0,0,0,0,0,0,0,0,0,0,0,36,1,0
C:\Users\user\Desktop\STUFF A LOT OF 'EM\er\Design_Pattern\awt\CheckboxGroup.java,java.awt.CheckboxGroup,class,0,0,0,0,14,1,0,7,9,0.75,0.0,0.0,6,0,6,0,0,0,6,0,0,1,2,1,0,1,0,1,1,0,0,31,4,0,7,0,0,2,1,4,1,3,1,0,0,0,116,1,0
C:\Users\user\Desktop\STUFF A LOT OF 'EM\er\Design_Pattern\awt\Stroke.java,java.awt.Stroke,interface,0,0,0,0,1,1,0,0,0,0.0,NaN,NaN,1,0,0,0,0,1,1,0,0,0,0,0,0,0,0,0,0,0,0,3,0,0,0,0,0,0,0,0,0,0,0,0,0,0,92,1,0
C:\Users\user\Desktop\STUFF A LOT OF 'EM\er\Design_Pattern\awt\Panel.java,java.awt.Panel$AccessibleAWTPanel,innerclass,0,0,0,0,1,4,0,0,0,0.0,NaN,NaN,1,0,1,0,0,0,1,0,0,0,0,0,0,0,0,0,0,0,0,5,1,0,0,0,0,0,0,0,0,0,0,0,0,0,31,4,0
C:\Users\user\Desktop\STUFF A LOT OF 'EM\er\Design_Pattern\awt\Component.java,java.awt.Component$SingleBufferStrategy,innerclass,0,0,0,0,6,2,0,1,13,0.6666667,0.0,0.0,6,0,6,0,0,0,6,0,0,0,1,0,0,1,0,0,0,0,0,20,4,0,0,0,0,0,0,1,0,1,0,0,0,0,28,2,0
C:\Users\user\Desktop\STUFF A LOT OF 'EM\er\Design_Pattern\awt\BasicStroke.java,java.awt.BasicStroke$FillAdapter,innerclass,1,1,0,1,14,1,0,6,20,0.5833333,0.0,0.0,12,0,12,0,0,0,12,0,0,0,2,0,0,0,0,2,0,0,0,45,2,0,0,0,0,0,1,4,0,2,1,0,0,0,28,2,0
C:\Users\user\Desktop\STUFF A LOT OF 'EM\er\Design_Pattern\awt\Choice.java,java.awt.Choice$AccessibleAWTChoice,innerclass,0,0,0,0,6,3,0,0,15,0.0,0.0,0.0,6,0,6,0,0,0,6,0,0,0,0,0,0,0,0,0,0,0,0,20,5,0,0,0,0,0,1,0,0,0,0,0,0,0,74,4,0
C:\Users\user\Desktop\STUFF A LOT OF 'EM\er\Design_Pattern\awt\event\MouseEvent.java,java.awt.event.MouseEvent,class,1,1,0,1,103,4,1,18,39,0.8466667,0.0,0.0,15,2,11,4,0,0,12,0,0,1,20,15,14,1,0,5,15,0,4,253,8,0,45,0,31,41,52,55,8,24,3,0,0,0,346,1,0
C:\Users\user\Desktop\STUFF A LOT OF 'EM\er\Design_Pattern\awt\ComponentOrientation.java,java.awt.ComponentOrientation,class,0,0,0,0,14,1,0,6,8,0.82857144,0.0,0.0,5,2,4,1,0,0,4,0,0,0,7,6,3,4,0,0,6,0,3,42,5,0,4,1,2,5,5,12,0,9,1,0,0,0,178,17,0
C:\Users\user\Desktop\STUFF A LOT OF 'EM\er\Design_Pattern\awt\GraphicsConfigTemplate.java,java.awt.GraphicsConfigTemplate,class,0,0,0,0,3,1,0,0,3,0.6666667,0.0,0.0,3,0,3,0,0,0,3,2,0,0,3,3,3,0,0,0,3,0,0,9,0,0,0,0,0,0,3,3,0,3,0,0,0,0,115,1025,0
C:\Users\user\Desktop\STUFF A LOT OF 'EM\er\Design_Pattern\awt\Canvas.java,java.awt.Canvas$AccessibleAWTCanvas,innerclass,0,0,0,0,1,3,0,0,0,0.0,NaN,NaN,1,0,1,0,0,0,1,0,0,0,0,0,0,0,0,0,0,0,0,5,1,0,0,0,0,0,0,0,0,0,0,0,0,0,31,4,0
C:\Users\user\Desktop\STUFF A LOT OF 'EM\er\Design_Pattern\awt\datatransfer\MimeTypeParameterList.java,java.awt.datatransfer.MimeTypeParameterList,class,0,0,0,0,65,1,0,34,136,0.9411765,0.0,0.0,17,4,12,4,1,0,13,0,0,0,2,1,0,2,0,0,1,0,12,239,16,10,13,1,20,9,12,62,4,33,10,0,0,0,157,0,0
C:\Users\user\Desktop\STUFF A LOT OF 'EM\er\Design_Pattern\awt\event\AWTEventListener.java,java.awt.event.AWTEventListener,interface,0,0,0,0,1,1,0,0,0,0.0,NaN,NaN,1,0,1,0,0,0,1,0,0,0,0,0,0,0,0,0,0,0,0,3,0,0,0,0,0,0,0,0,0,0,0,0,0,0,65,1,0
C:\Users\user\Desktop\STUFF A LOT OF 'EM\er\Design_Pattern\awt\im\spi\InputMethod.java,java.awt.im.spi.InputMethod,interface,0,0,0,0,16,1,0,0,120,0.0,0.0,0.0,16,0,16,0,0,0,16,0,0,0,0,0,0,0,0,0,0,0,0,18,0,0,0,0,0,0,0,0,0,0,0,0,0,0,344,1,0
C:\Users\user\Desktop\STUFF A LOT OF 'EM\er\Design_Pattern\awt\print\Pageable.java,java.awt.print.Pageable,interface,0,0,0,0,3,1,0,0,3,1.0,0.0,0.0,3,0,0,0,0,3,3,0,0,0,1,0,0,0,0,1,0,0,0,6,0,0,0,0,0,0,1,1,0,1,0,0,0,0,84,1,0
C:\Users\user\Desktop\STUFF A LOT OF 'EM\er\Design_Pattern\awt\geom\Point2D.java,java.awt.geom.Point2D,class,0,0,0,0,16,3,4,7,91,0.0,0.0,0.0,14,2,13,0,1,0,14,3,0,0,0,0,0,0,0,0,0,0,5,110,10,0,2,1,9,0,2,15,24,6,1,0,2,0,127,1025,0
C:\Users\user\Desktop\STUFF A LOT OF 'EM\er\Design_Pattern\awt\print\PrinterAbortException.java,java.awt.print.PrinterAbortException,class,0,0,0,0,2,4,0,0,1,0.0,0.0,0.0,2,0,2,0,0,0,2,0,0,0,0,0,0,0,0,0,0,0,0,8,0,0,0,0,0,0,0,0,0,0,0,0,0,0,36,1,0
C:\Users\user\Desktop\STUFF A LOT OF 'EM\er\Design_Pattern\awt\dnd\peer\DragSourceContextPeer.java,java.awt.dnd.peer.DragSourceContextPeer,interface,0,0,0,0,4,1,0,0,6,0.0,0.0,0.0,4,0,0,0,0,4,4,0,0,0,0,0,0,0,0,0,0,0,0,6,0,0,0,0,0,0,0,0,0,0,0,0,0,0,51,1,0
C:\Users\user\Desktop\STUFF A LOT OF 'EM\er\Design_Pattern\awt\font\TextLayout.java,java.awt.font.TextLayout$CaretPolicy,innerclass,0,0,0,0,2,1,0,1,1,0.0,0.0,0.0,2,0,2,0,0,0,2,0,0,0,0,0,0,0,0,0,0,0,0,7,1,0,0,0,0,0,0,0,0,0,0,0,0,0,68,9,0
C:\Users\user\Desktop\STUFF A LOT OF 'EM\er\Design_Pattern\awt\Dialog.java,java.awt.Dialog$WakingRunnable,innerclass,0,0,0,0,1,1,0,0,0,0.0,NaN,NaN,1,0,1,0,0,0,1,0,0,0,0,0,0,0,0,0,0,0,0,4,0,0,0,0,0,0,0,0,0,0,0,0,0,0,3,24,0
C:\Users\user\Desktop\STUFF A LOT OF 'EM\er\Design_Pattern\awt\image\RGBImageFilter.java,java.awt.image.RGBImageFilter,class,2,2,0,2,21,2,0,17,15,0.6666667,0.0,0.0,7,0,7,0,0,0,7,1,0,0,3,0,0,0,3,0,0,0,2,94,2,7,4,0,7,0,19,34,11,24,3,0,0,0,223,1025,0
C:\Users\user\Desktop\STUFF A LOT OF 'EM\er\Design_Pattern\awt\image\renderable\RenderableImageOp.java,java.awt.image.renderable.RenderableImageOp,class,2,2,0,2,28,1,0,25,0,0.4888889,0.0,0.0,15,0,14,1,0,0,14,0,0,0,3,0,0,0,0,3,0,0,1,112,16,2,6,1,1,0,6,27,4,20,4,0,0,0,243,1,0
C:\Users\user\Desktop\STUFF A LOT OF 'EM\er\Design_Pattern\awt\image\WritableRenderedImage.java,java.awt.image.WritableRenderedImage,interface,0,0,0,0,8,1,0,0,28,0.0,0.0,0.0,8,0,8,0,0,0,8,0,0,0,0,0,0,0,0,0,0,0,0,10,0,0,0,0,0,0,0,0,0,0,0,0,0,0,170,1,0
C:\Users\user\Desktop\STUFF A LOT OF 'EM\er\Design_Pattern\awt\geom\NoninvertibleTransformException.java,java.awt.geom.NoninvertibleTransformException,class,0,0,0,0,1,3,0,0,0,0.0,NaN,NaN,1,0,1,0,0,0,1,0,0,0,0,0,0,0,0,0,0,0,0,5,0,0,0,0,0,0,0,0,0,0,0,0,0,0,31,1,0
C:\Users\user\Desktop\STUFF A LOT OF 'EM\er\Design_Pattern\awt\BorderLayout.java,java.awt.BorderLayout,class,0,0,0,0,67,1,0,14,77,0.8555556,0.0,0.0,18,0,17,1,0,0,17,0,0,0,25,14,13,1,0,11,14,0,10,276,9,0,36,0,19,20,9,118,32,55,2,0,0,0,307,1,0
C:\Users\user\Desktop\STUFF A LOT OF 'EM\er\Design_Pattern\awt\datatransfer\Clipboard.java,java.awt.datatransfer.Clipboard,class,0,0,0,0,6,1,0,1,2,0.5833333,0.0,0.0,4,0,4,0,0,0,4,0,0,2,3,0,0,0,2,1,0,0,0,23,2,0,2,0,0,0,0,5,0,5,1,0,0,0,78,1,0
C:\Users\user\Desktop\STUFF A LOT OF 'EM\er\Design_Pattern\awt\TextComponent.java,java.awt.TextComponent$AccessibleAWTTextComponent,innerclass,0,0,0,0,44,3,0,19,120,0.0,0.0,0.0,16,0,16,0,0,0,16,0,0,0,0,0,0,0,0,0,0,0,6,157,34,0,7,0,0,0,10,26,6,24,2,0,0,0,158,4,0
C:\Users\user\Desktop\STUFF A LOT OF 'EM\er\Design_Pattern\awt\Image.java,java.awt.Image,class,5,5,0,5,10,1,0,3,21,0.85714287,0.0,0.0,7,0,7,0,0,0,7,6,0,0,6,6,6,0,0,0,6,0,1,26,1,0,1,0,2,0,6,9,0,8,1,0,0,0,222,1025,0
C:\Users\user\Desktop\STUFF A LOT OF 'EM\er\Design_Pattern\awt\dnd\DragSource.java,java.awt.dnd.DragSource,class,4,4,0,4,53,1,0,36,343,0.95156705,0.0,0.0,27,3,17,3,1,6,24,0,0,0,13,10,6,5,0,2,10,0,13,195,12,1,18,3,5,11,1,33,1,26,2,0,0,0,330,1,0
C:\Users\user\Desktop\STUFF A LOT OF 'EM\er\Design_Pattern\awt\GraphicsCallback.java,java.awt.GraphicsCallback$PaintCallback,innerclass,0,0,0,0,3,3,0,1,3,0.6666667,0.0,0.0,3,1,1,1,0,1,2,0,0,0,1,1,0,1,0,0,0,0,0,11,1,0,0,0,0,0,0,1,0,1,0,0,0,0,9,24,0
C:\Users\user\Desktop\STUFF A LOT OF 'EM\er\Design_Pattern\awt\image\RenderedImage.java,java.awt.image.RenderedImage,interface,0,0,0,0,21,1,0,0,210,0.0,0.0,0.0,21,0,0,0,0,21,21,0,0,0,0,0,0,0,0,0,0,0,0,23,0,0,0,0,0,0,0,0,0,0,0,0,0,0,155,1,0
C:\Users\user\Desktop\STUFF A LOT OF 'EM\er\Design_Pattern\awt\Menu.java,java.awt.Menu,class,0,0,0,0,57,6,1,38,399,0.9380953,0.0,0.0,30,1,20,3,0,7,28,0,2,1,7,3,0,4,0,3,2,0,4,226,15,13,7,0,1,7,17,48,4,43,3,0,1,0,252,1,0
C:\Users\user\Desktop\STUFF A LOT OF 'EM\er\Design_Pattern\awt\event\WindowEvent.java,java.awt.event.WindowEvent,class,1,1,0,1,22,3,0,3,12,0.85416675,0.0,0.0,9,0,9,0,0,0,9,0,0,0,16,13,12,1,0,3,13,0,0,86,6,0,2,0,2,14,15,27,10,17,1,0,0,0,228,1,0
C:\Users\user\Desktop\STUFF A LOT OF 'EM\er\Design_Pattern\awt\dnd\peer\DropTargetContextPeer.java,java.awt.dnd.peer.DropTargetContextPeer,interface,0,0,0,0,11,1,0,0,55,0.0,0.0,0.0,11,0,0,0,0,11,11,0,0,0,0,0,0,0,0,0,0,0,0,13,0,0,0,0,0,0,0,0,0,0,0,0,0,0,62,1,0
C:\Users\user\Desktop\STUFF A LOT OF 'EM\er\Design_Pattern\awt\image\PackedColorModel.java,java.awt.image.PackedColorModel,class,2,2,0,2,56,2,1,21,10,0.6111111,0.0,0.0,12,3,8,4,0,0,8,0,5,0,3,0,0,0,0,3,0,0,15,178,20,7,25,0,11,18,64,40,16,21,2,0,0,0,273,1025,0
C:\Users\user\Desktop\STUFF A LOT OF 'EM\er\Design_Pattern\awt\print\PrinterException.java,java.awt.print.PrinterException,class,0,0,0,0,2,3,2,0,1,0.0,0.0,0.0,2,0,2,0,0,0,2,0,0,0,0,0,0,0,0,0,0,0,0,7,0,0,0,0,0,0,0,0,0,0,0,0,0,0,33,1,0
C:\Users\user\Desktop\STUFF A LOT OF 'EM\er\Design_Pattern\awt\AWTException.java,java.awt.AWTException,class,0,0,0,0,1,3,0,0,0,1.0,NaN,NaN,1,0,1,0,0,0,1,0,0,0,1,1,0,1,0,0,1,0,0,6,0,0,0,0,0,0,1,1,0,1,0,0,0,0,35,1,0
C:\Users\user\Desktop\STUFF A LOT OF 'EM\er\Design_Pattern\awt\image\ImageFilter.java,java.awt.image.ImageFilter,class,2,2,0,2,13,1,4,14,0,0.2,0.0,0.0,10,0,10,0,0,0,10,0,0,0,1,0,0,0,1,0,0,0,0,48,2,0,1,1,1,3,0,4,1,3,1,0,0,0,193,1,0
C:\Users\user\Desktop\STUFF A LOT OF 'EM\er\Design_Pattern\awt\dnd\DropTarget.java,java.awt.dnd.DropTarget$DropTargetAutoScroller,innerclass,4,4,0,4,20,1,0,17,10,0.8000001,0.0,0.0,5,0,1,1,3,0,4,0,0,2,8,0,0,8,0,0,0,0,2,65,0,0,6,3,3,3,5,20,6,15,2,0,0,0,58,12,0
C:\Users\user\Desktop\STUFF A LOT OF 'EM\er\Design_Pattern\awt\Robot.java,java.awt.Robot,class,6,6,0,6,48,1,0,44,310,0.8850574,0.0,0.0,29,2,17,12,0,0,17,0,0,15,6,2,0,6,0,0,2,0,10,176,5,0,7,2,2,14,13,22,2,16,1,1,0,0,331,1,0
C:\Users\user\Desktop\STUFF A LOT OF 'EM\er\Design_Pattern\awt\print\PrinterGraphics.java,java.awt.print.PrinterGraphics,interface,0,0,0,0,1,1,0,0,0,0.0,NaN,NaN,1,0,0,0,0,1,1,0,0,0,0,0,0,0,0,0,0,0,0,3,0,0,0,0,0,0,0,0,0,0,0,0,0,0,29,1,0
C:\Users\user\Desktop\STUFF A LOT OF 'EM\er\Design_Pattern\awt\im\InputMethodRequests.java,java.awt.im.InputMethodRequests,interface,0,0,0,0,7,1,0,0,21,0.0,0.0,0.0,7,0,0,0,0,7,7,0,0,0,0,0,0,0,0,0,0,0,0,9,0,0,0,0,0,0,0,0,0,0,0,0,0,0,240,1,0
C:\Users\user\Desktop\STUFF A LOT OF 'EM\er\Design_Pattern\awt\event\HierarchyBoundsListener.java,java.awt.event.HierarchyBoundsListener,interface,0,0,0,0,2,1,0,0,1,0.0,0.0,0.0,2,0,2,0,0,0,2,0,0,0,0,0,0,0,0,0,0,0,0,4,0,0,0,0,0,0,0,0,0,0,0,0,0,0,87,1,0
C:\Users\user\Desktop\STUFF A LOT OF 'EM\er\Design_Pattern\awt\ScrollPaneAdjustable.java,java.awt.ScrollPaneAdjustable,class,2,2,0,2,32,1,0,15,167,0.85507244,0.0,0.0,23,1,20,1,0,2,23,0,0,5,12,2,0,12,0,0,2,0,12,116,13,0,7,0,4,12,8,22,6,15,2,0,0,0,211,1,0
C:\Users\user\Desktop\STUFF A LOT OF 'EM\er\Design_Pattern\awt\event\HierarchyEvent.java,java.awt.event.HierarchyEvent,class,1,1,0,1,20,2,0,0,0,0.7792208,0.0,0.0,7,0,7,0,0,0,7,0,0,0,11,8,8,0,0,3,8,0,0,82,5,0,3,0,4,16,9,28,5,13,3,0,0,0,205,1,0
C:\Users\user\Desktop\STUFF A LOT OF 'EM\er\Design_Pattern\awt\font\TextHitInfo.java,java.awt.font.TextHitInfo,class,0,0,0,0,20,1,0,3,0,0.39285713,0.0,0.0,14,4,13,1,0,0,13,0,0,0,2,0,0,2,0,0,0,0,2,52,14,0,3,0,2,4,4,2,6,2,1,0,0,0,137,17,0
C:\Users\user\Desktop\STUFF A LOT OF 'EM\er\Design_Pattern\awt\MenuBar.java,java.awt.MenuBar$AccessibleAWTMenuBar,innerclass,0,0,0,0,1,3,0,0,0,0.0,NaN,NaN,1,0,1,0,0,0,1,0,0,0,0,0,0,0,0,0,0,0,0,5,1,0,0,0,0,0,0,0,0,0,0,0,0,0,48,4,0
C:\Users\user\Desktop\STUFF A LOT OF 'EM\er\Design_Pattern\awt\DefaultKeyboardFocusManager.java,java.awt.DefaultKeyboardFocusManager,class,4,4,0,4,202,4,0,105,182,0.8888889,0.0,0.0,21,0,8,10,3,0,11,0,0,3,5,0,0,5,0,0,0,0,9,653,39,13,92,1,26,0,23,119,0,87,5,1,2,0,299,1,0
C:\Users\user\Desktop\STUFF A LOT OF 'EM\er\Design_Pattern\awt\EventQueue.java,java.awt.EventQueue,class,13,13,0,13,125,1,0,52,93,0.86274517,0.0,0.0,27,7,11,7,2,7,20,0,5,7,17,7,0,17,0,0,9,0,19,408,20,17,51,2,21,9,16,86,8,54,6,1,1,0,350,1,0
C:\Users\user\Desktop\STUFF A LOT OF 'EM\er\Design_Pattern\awt\Checkbox.java,java.awt.Checkbox,class,2,2,0,2,63,4,0,36,215,0.86111116,0.0,0.0,27,1,18,3,3,3,25,0,0,3,8,3,0,4,0,4,2,0,9,259,18,1,24,0,7,4,6,34,3,22,3,0,1,0,323,1,0
C:\Users\user\Desktop\STUFF A LOT OF 'EM\er\Design_Pattern\awt\color\ICC_ProfileGray.java,java.awt.color.ICC_ProfileGray,class,2,2,0,2,5,2,0,3,10,0.0,0.0,0.0,5,0,3,0,0,2,5,0,0,0,0,0,0,0,0,0,0,0,0,21,3,0,0,0,0,0,0,2,0,2,0,0,0,0,158,1,0
C:\Users\user\Desktop\STUFF A LOT OF 'EM\er\Design_Pattern\awt\event\ActionEvent.java,java.awt.event.ActionEvent,class,0,0,0,0,8,2,0,1,1,0.8571428,0.0,0.0,7,0,7,0,0,0,7,0,0,0,11,8,7,1,0,3,8,0,1,45,4,0,0,0,0,5,5,13,1,12,1,0,0,0,193,1,0
C:\Users\user\Desktop\STUFF A LOT OF 'EM\er\Design_Pattern\awt\Label.java,java.awt.Label$AccessibleAWTLabel,innerclass,0,0,0,0,5,3,0,2,3,0.0,0.0,0.0,3,0,3,0,0,0,3,0,0,0,0,0,0,0,0,0,0,0,0,21,4,0,2,0,0,0,0,0,0,0,2,0,0,0,43,4,0
C:\Users\user\Desktop\STUFF A LOT OF 'EM\er\Design_Pattern\awt\peer\TextComponentPeer.java,java.awt.peer.TextComponentPeer,interface,0,0,0,0,11,1,0,0,55,0.0,0.0,0.0,11,0,0,0,0,11,11,0,0,0,0,0,0,0,0,0,0,0,0,13,0,0,0,0,0,0,0,0,0,0,0,0,0,0,53,1,0
C:\Users\user\Desktop\STUFF A LOT OF 'EM\er\Design_Pattern\awt\SentEvent.java,java.awt.SentEvent,class,0,0,0,0,9,2,2,6,0,0.55,0.0,0.0,5,0,1,0,0,4,5,0,1,0,4,1,0,2,0,2,1,0,2,42,0,0,4,1,1,0,1,5,1,4,2,0,0,0,47,0,0
C:\Users\user\Desktop\STUFF A LOT OF 'EM\er\Design_Pattern\awt\PageAttributes.java,java.awt.PageAttributes$ColorType,innerclass,0,0,0,0,1,2,0,0,0,0.8,-1.0,-1.0,1,0,0,1,0,0,0,0,0,0,5,5,2,3,0,0,5,0,0,10,0,0,0,0,0,2,2,5,0,5,0,0,0,0,27,25,0
C:\Users\user\Desktop\STUFF A LOT OF 'EM\er\Design_Pattern\awt\Dialog.java,java.awt.Dialog$AccessibleAWTDialog,innerclass,0,0,0,0,5,5,0,5,1,0.0,0.0,0.0,2,0,2,0,0,0,2,0,0,0,0,0,0,0,0,0,0,0,0,18,2,0,1,0,0,0,0,1,0,1,1,0,0,0,44,4,0
C:\Users\user\Desktop\STUFF A LOT OF 'EM\er\Design_Pattern\awt\Dialog.java,java.awt.Dialog$Anonymous1$Anonymous2,anonymous,0,0,0,0,2,1,0,0,0,0.0,NaN,NaN,1,0,1,0,0,0,1,0,0,0,0,0,0,0,0,0,0,0,0,5,1,0,1,0,0,0,0,0,0,0,0,0,0,0,7,-1,0
C:\Users\user\Desktop\STUFF A LOT OF 'EM\er\Design_Pattern\awt\DefaultKeyboardFocusManager.java,java.awt.DefaultKeyboardFocusManager$Anonymous1,anonymous,0,0,0,0,1,1,0,1,0,0.0,NaN,NaN,1,0,1,0,0,0,1,0,0,0,0,0,0,0,0,0,0,0,0,5,1,0,0,0,0,0,0,0,0,0,0,0,0,0,1,-1,0
C:\Users\user\Desktop\STUFF A LOT OF 'EM\er\Design_Pattern\awt\MenuComponent.java,java.awt.MenuComponent,class,1,1,0,1,47,2,2,31,244,0.9305555,0.0,0.0,24,1,12,2,3,7,23,0,4,0,12,3,0,4,0,8,3,0,8,288,18,0,12,0,6,3,2,26,1,21,3,0,1,0,239,1025,0
C:\Users\user\Desktop\STUFF A LOT OF 'EM\er\Design_Pattern\awt\CompositeContext.java,java.awt.CompositeContext,interface,0,0,0,0,2,1,0,0,1,0.0,0.0,0.0,2,0,2,0,0,0,2,0,0,0,0,0,0,0,0,0,0,0,0,4,0,0,0,0,0,0,0,0,0,0,0,0,0,0,65,1,0
C:\Users\user\Desktop\STUFF A LOT OF 'EM\er\Design_Pattern\awt\image\WritableRaster.java,java.awt.image.WritableRaster,class,5,5,0,5,50,2,0,34,253,0.0,0.0,0.0,23,0,20,0,3,0,23,0,0,0,0,0,0,0,0,0,0,0,0,157,4,4,1,0,8,5,16,38,64,25,2,0,0,0,303,1,0
C:\Users\user\Desktop\STUFF A LOT OF 'EM\er\Design_Pattern\awt\ImageCapabilities.java,java.awt.ImageCapabilities,class,0,0,0,0,5,1,0,1,4,0.5,0.0,0.0,4,0,4,0,0,0,4,0,0,0,1,0,0,1,0,0,0,0,0,20,3,0,0,1,0,0,0,2,0,1,1,0,0,0,70,1,0
C:\Users\user\Desktop\STUFF A LOT OF 'EM\er\Design_Pattern\awt\Conditional.java,java.awt.Conditional,interface,0,0,0,0,1,1,0,0,0,0.0,NaN,NaN,1,0,0,0,0,1,1,0,0,0,0,0,0,0,0,0,0,0,0,3,0,0,0,0,0,0,0,0,0,0,0,0,0,0,23,0,0
C:\Users\user\Desktop\STUFF A LOT OF 'EM\er\Design_Pattern\awt\peer\PopupMenuPeer.java,java.awt.peer.PopupMenuPeer,interface,0,0,0,0,1,1,0,0,0,0.0,NaN,NaN,1,0,0,0,0,1,1,0,0,0,0,0,0,0,0,0,0,0,0,3,0,0,0,0,0,0,0,0,0,0,0,0,0,0,32,1,0
C:\Users\user\Desktop\STUFF A LOT OF 'EM\er\Design_Pattern\awt\BufferCapabilities.java,java.awt.BufferCapabilities$FlipContents,innerclass,0,0,0,0,1,2,0,0,0,0.8888889,-1.0,-1.0,1,0,0,1,0,0,0,0,0,0,9,9,4,5,0,0,5,0,0,14,0,0,0,0,0,4,4,9,0,9,0,0,0,0,47,25,0
C:\Users\user\Desktop\STUFF A LOT OF 'EM\er\Design_Pattern\awt\geom\Rectangle2D.java,java.awt.geom.Rectangle2D,class,0,0,0,0,54,6,4,25,247,0.8804348,0.0,0.0,23,2,22,0,1,0,23,4,0,0,4,4,4,0,0,0,4,0,20,300,17,1,11,0,27,0,18,41,32,32,3,0,2,0,290,1025,0
C:\Users\user\Desktop\STUFF A LOT OF 'EM\er\Design_Pattern\awt\dnd\DropTargetAdapter.java,java.awt.dnd.DropTargetAdapter,class,0,0,0,0,4,1,0,0,6,0.0,0.0,0.0,4,0,4,0,0,0,4,0,0,0,0,0,0,0,0,0,0,0,0,10,0,0,0,0,0,0,0,0,0,0,0,0,0,0,121,1025,0
C:\Users\user\Desktop\STUFF A LOT OF 'EM\er\Design_Pattern\awt\Font.java,java.awt.Font$Anonymous1,anonymous,0,0,0,0,2,1,0,2,0,0.0,NaN,NaN,1,0,1,0,0,0,1,0,0,0,0,0,0,0,0,0,0,0,1,12,1,0,0,1,0,2,0,2,0,1,1,0,0,0,9,-1,0
C:\Users\user\Desktop\STUFF A LOT OF 'EM\er\Design_Pattern\awt\Font.java,java.awt.Font$Anonymous2,anonymous,0,0,0,0,2,1,0,0,0,0.0,NaN,NaN,1,0,1,0,0,0,1,0,0,0,0,0,0,0,0,0,0,0,0,11,1,0,0,1,0,0,0,2,0,1,1,0,0,0,12,-1,0
C:\Users\user\Desktop\STUFF A LOT OF 'EM\er\Design_Pattern\awt\image\DataBufferUShort.java,java.awt.image.DataBufferUShort,class,2,2,0,2,24,2,0,1,0,0.26923078,0.0,0.0,13,0,13,0,0,0,13,0,0,0,2,0,0,0,0,2,0,0,0,89,5,3,6,0,6,14,17,21,10,5,2,0,0,0,101,17,0
C:\Users\user\Desktop\STUFF A LOT OF 'EM\er\Design_Pattern\awt\peer\MenuBarPeer.java,java.awt.peer.MenuBarPeer,interface,0,0,0,0,3,1,0,0,3,0.0,0.0,0.0,3,0,0,0,0,3,3,0,0,0,0,0,0,0,0,0,0,0,0,5,0,0,0,0,0,0,0,0,0,0,0,0,0,0,35,1,0
C:\Users\user\Desktop\STUFF A LOT OF 'EM\er\Design_Pattern\awt\dnd\DragGestureEvent.java,java.awt.dnd.DragGestureEvent,class,2,2,0,2,26,1,0,18,105,0.9444445,0.0,0.0,15,0,13,2,0,0,13,0,0,0,6,1,0,6,0,0,1,0,1,75,9,0,8,1,2,10,2,14,0,7,1,0,0,0,181,1,0
C:\Users\user\Desktop\STUFF A LOT OF 'EM\er\Design_Pattern\awt\GraphicsEnvironment.java,java.awt.GraphicsEnvironment,class,2,2,0,2,22,1,0,9,91,0.9285714,0.0,0.0,14,4,11,1,1,1,13,6,0,1,2,2,0,2,0,0,0,0,7,63,6,0,2,1,2,7,2,7,7,5,3,0,0,0,238,1025,0
C:\Users\user\Desktop\STUFF A LOT OF 'EM\er\Design_Pattern\awt\print\PrinterJob.java,java.awt.print.PrinterJob,class,0,0,0,0,28,1,0,10,300,0.0,0.0,0.0,25,3,25,0,0,0,25,15,0,0,0,0,0,0,0,0,0,0,4,73,7,0,3,0,0,3,0,1,0,1,1,1,0,0,343,1025,0
C:\Users\user\Desktop\STUFF A LOT OF 'EM\er\Design_Pattern\awt\MediaTracker.java,java.awt.MediaEntry,class,0,0,0,0,14,1,1,2,16,0.79545456,0.0,0.0,8,1,0,0,0,8,8,2,0,1,11,6,0,0,0,11,6,0,0,57,3,1,3,0,5,0,1,18,0,13,2,0,0,0,41,1024,0
C:\Users\user\Desktop\STUFF A LOT OF 'EM\er\Design_Pattern\awt\Robot.java,java.awt.Robot$Anonymous1,anonymous,0,0,0,0,1,1,0,0,0,0.0,NaN,NaN,1,0,1,0,0,0,1,0,0,0,0,0,0,0,0,0,0,0,0,4,0,0,0,0,0,0,0,0,0,0,0,0,0,0,1,-1,0
C:\Users\user\Desktop\STUFF A LOT OF 'EM\er\Design_Pattern\awt\SequencedEvent.java,java.awt.SequencedEvent,class,0,0,0,0,24,2,0,24,1,0.6,0.0,0.0,7,3,2,3,0,2,4,0,6,1,5,2,0,5,0,0,3,0,11,105,7,2,8,2,1,0,2,11,1,9,6,1,0,0,140,0,0
C:\Users\user\Desktop\STUFF A LOT OF 'EM\er\Design_Pattern\awt\dnd\DropTargetDropEvent.java,java.awt.dnd.DropTargetDropEvent,class,1,1,0,1,21,2,0,8,78,0.9358974,0.0,0.0,13,0,13,0,0,0,13,0,0,0,6,2,0,6,0,0,2,0,0,54,8,0,6,0,2,3,4,10,1,6,1,0,0,0,146,1,0
C:\Users\user\Desktop\STUFF A LOT OF 'EM\er\Design_Pattern\awt\image\IndexColorModel.java,java.awt.image.IndexColorModel,class,3,3,0,3,172,2,0,40,476,0.8434343,0.0,0.0,44,1,36,8,0,0,37,0,12,1,9,3,0,9,0,0,1,0,16,586,32,14,55,0,62,43,216,187,89,88,6,0,0,0,446,1,0
C:\Users\user\Desktop\STUFF A LOT OF 'EM\er\Design_Pattern\awt\KeyboardFocusManager.java,java.awt.KeyboardFocusManager$LightweightFocusRequest,innerclass,0,0,0,0,2,1,0,0,0,0.0,0.0,0.0,2,0,1,0,0,1,2,0,0,0,2,0,0,0,0,2,2,0,0,11,1,0,0,0,0,3,0,2,1,2,0,0,0,0,8,26,0
C:\Users\user\Desktop\STUFF A LOT OF 'EM\er\Design_Pattern\awt\event\TextListener.java,java.awt.event.TextListener,interface,0,0,0,0,1,1,0,0,0,0.0,NaN,NaN,1,0,1,0,0,0,1,0,0,0,0,0,0,0,0,0,0,0,0,3,0,0,0,0,0,0,0,0,0,0,0,0,0,0,54,1,0
C:\Users\user\Desktop\STUFF A LOT OF 'EM\er\Design_Pattern\awt\color\ICC_ColorSpace.java,java.awt.color.ICC_ColorSpace,class,3,3,0,3,41,2,0,12,0,0.71818185,0.0,0.0,10,0,8,2,0,0,8,0,0,0,11,1,0,10,0,1,1,0,4,178,7,10,11,2,31,3,82,89,30,48,2,0,0,0,372,1,0
C:\Users\user\Desktop\STUFF A LOT OF 'EM\er\Design_Pattern\awt\Window.java,java.awt.Window$Anonymous1,anonymous,0,0,0,0,1,1,0,2,0,0.0,NaN,NaN,1,0,1,0,0,0,1,0,0,0,0,0,0,0,0,0,0,0,1,5,1,0,0,0,0,3,0,0,0,0,0,0,0,0,3,-1,0
C:\Users\user\Desktop\STUFF A LOT OF 'EM\er\Design_Pattern\awt\Container.java,java.awt.LightweightDispatcher,class,3,3,0,3,74,1,0,43,64,0.91666675,0.0,0.0,12,0,1,6,0,5,6,0,0,0,12,5,0,12,0,0,5,0,2,238,8,1,32,0,16,2,11,54,5,36,2,2,0,0,208,0,0
C:\Users\user\Desktop\STUFF A LOT OF 'EM\er\Design_Pattern\awt\Dialog.java,java.awt.Dialog,class,2,2,0,2,64,8,1,49,272,0.8888889,0.0,0.0,29,1,22,4,1,2,26,0,0,0,9,3,0,5,0,4,2,0,18,269,8,1,16,1,4,9,4,42,3,20,6,1,2,0,344,1,0
C:\Users\user\Desktop\STUFF A LOT OF 'EM\er\Design_Pattern\awt\image\renderable\RenderedImageFactory.java,java.awt.image.renderable.RenderedImageFactory,interface,0,0,0,0,1,1,0,0,0,0.0,NaN,NaN,1,0,0,0,0,1,1,0,0,0,0,0,0,0,0,0,0,0,0,3,0,0,0,0,0,0,0,0,0,0,0,0,0,0,118,1,0
C:\Users\user\Desktop\STUFF A LOT OF 'EM\er\Design_Pattern\awt\font\LineMetrics.java,java.awt.font.LineMetrics,class,1,1,0,1,11,1,0,0,55,0.0,0.0,0.0,11,0,11,0,0,0,11,11,0,0,0,0,0,0,0,0,0,0,0,13,0,0,0,0,0,0,0,0,0,0,0,0,0,0,118,1025,0
C:\Users\user\Desktop\STUFF A LOT OF 'EM\er\Design_Pattern\awt\datatransfer\ClipboardOwner.java,java.awt.datatransfer.ClipboardOwner,interface,0,0,0,0,1,1,0,0,0,0.0,NaN,NaN,1,0,1,0,0,0,1,0,0,0,0,0,0,0,0,0,0,0,0,3,0,0,0,0,0,0,0,0,0,0,0,0,0,0,55,1,0
C:\Users\user\Desktop\STUFF A LOT OF 'EM\er\Design_Pattern\awt\image\DirectColorModel.java,java.awt.image.DirectColorModel,class,4,4,0,4,164,3,0,39,395,0.93137234,0.0,0.0,30,0,26,4,0,0,26,0,13,0,17,0,0,17,0,0,0,0,17,681,49,24,35,0,133,28,342,220,168,114,6,0,0,0,397,1,0
C:\Users\user\Desktop\STUFF A LOT OF 'EM\er\Design_Pattern\awt\CheckboxMenuItem.java,java.awt.CheckboxMenuItem$AccessibleAWTCheckboxMenuItem,innerclass,0,0,0,0,10,4,0,0,45,0.0,0.0,0.0,10,0,10,0,0,0,10,0,0,0,0,0,0,0,0,0,0,0,0,32,10,0,0,0,0,0,1,0,0,0,0,0,0,0,106,4,0
C:\Users\user\Desktop\STUFF A LOT OF 'EM\er\Design_Pattern\awt\Component.java,java.awt.Component,class,26,26,0,26,957,5,9,352,27588,0.97856444,0.0,0.0,256,1,187,4,20,45,253,0,15,33,80,33,5,14,0,61,30,0,78,3098,258,23,344,10,209,64,142,418,13,280,8,0,6,0,1314,1025,0
C:\Users\user\Desktop\STUFF A LOT OF 'EM\er\Design_Pattern\awt\MenuBar.java,java.awt.MenuBar,class,0,0,0,0,51,4,0,39,199,0.9166667,0.0,0.0,22,1,15,3,0,4,20,0,2,1,6,3,0,4,0,2,2,0,5,186,17,8,16,0,1,1,12,38,1,31,4,0,1,0,224,1,0
C:\Users\user\Desktop\STUFF A LOT OF 'EM\er\Design_Pattern\awt\datatransfer\SystemFlavorMap.java,java.awt.datatransfer.SystemFlavorMap,class,1,1,0,1,170,1,0,72,142,0.87074834,0.0,0.0,21,6,14,7,0,0,14,0,0,8,14,9,0,14,0,0,8,0,10,613,20,21,59,10,16,40,47,145,20,97,7,2,0,0,365,17,0
C:\Users\user\Desktop\STUFF A LOT OF 'EM\er\Design_Pattern\awt\AWTEventMulticaster.java,java.awt.AWTEventMulticaster,class,17,17,0,17,101,1,2,50,0,0.24691358,0.0,0.0,81,40,73,2,6,0,79,0,0,0,1,0,0,0,1,0,1,0,44,344,51,0,9,0,80,0,4,10,2,9,1,0,0,0,223,1,0
C:\Users\user\Desktop\STUFF A LOT OF 'EM\er\Design_Pattern\awt\datatransfer\MimeType.java,java.awt.datatransfer.MimeType,class,1,1,0,1,47,1,0,34,231,0.9636364,0.0,0.0,22,1,19,3,0,0,19,0,0,0,5,2,0,4,0,1,2,0,1,160,18,1,4,2,17,11,21,29,4,17,3,0,0,0,207,0,0
C:\Users\user\Desktop\STUFF A LOT OF 'EM\er\Design_Pattern\awt\dnd\DnDEventMulticaster.java,java.awt.dnd.DnDEventMulticaster,class,0,0,0,0,24,2,0,10,105,0.0,0.0,0.0,15,7,10,0,5,0,15,0,0,0,0,0,0,0,0,0,0,0,7,70,14,0,8,0,13,0,0,2,0,2,1,0,0,0,110,0,0
C:\Users\user\Desktop\STUFF A LOT OF 'EM\er\Design_Pattern\awt\dnd\InvalidDnDOperationException.java,java.awt.dnd.InvalidDnDOperationException,class,0,0,0,0,2,5,0,0,1,0.5,0.0,0.0,2,0,2,0,0,0,2,0,0,0,1,1,0,1,0,0,0,0,0,9,0,0,0,0,0,1,0,1,0,1,0,0,0,0,48,1,0
C:\Users\user\Desktop\STUFF A LOT OF 'EM\er\Design_Pattern\awt\dnd\DragSourceListener.java,java.awt.dnd.DragSourceListener,interface,0,0,0,0,5,1,0,0,10,0.0,0.0,0.0,5,0,0,0,0,5,5,0,0,0,0,0,0,0,0,0,0,0,0,7,0,0,0,0,0,0,0,0,0,0,0,0,0,0,102,1,0
C:\Users\user\Desktop\STUFF A LOT OF 'EM\er\Design_Pattern\awt\MenuItem.java,java.awt.MenuItem$AccessibleAWTMenuItem,innerclass,1,1,0,1,15,3,0,6,55,0.0,0.0,0.0,11,0,11,0,0,0,11,0,0,0,0,0,0,0,0,0,0,0,2,56,15,0,4,0,0,1,7,0,0,0,2,0,0,0,112,4,0
C:\Users\user\Desktop\STUFF A LOT OF 'EM\er\Design_Pattern\awt\GraphicsCallback.java,java.awt.GraphicsCallback$PeerPrintCallback,innerclass,0,0,0,0,4,3,0,3,3,0.6666667,0.0,0.0,3,1,1,1,0,1,2,0,0,0,1,1,0,1,0,0,0,0,0,17,1,0,0,0,0,0,0,1,0,1,1,0,0,0,11,24,0
C:\Users\user\Desktop\STUFF A LOT OF 'EM\er\Design_Pattern\awt\image\BufferedImageFilter.java,java.awt.image.BufferedImageFilter,class,2,2,0,2,70,2,0,27,0,0.44444442,0.0,0.0,9,0,7,2,0,0,7,0,1,0,6,0,0,0,0,6,0,0,6,248,13,8,19,0,1,8,47,86,27,41,3,0,0,0,167,1,0
C:\Users\user\Desktop\STUFF A LOT OF 'EM\er\Design_Pattern\awt\EventQueue.java,java.awt.EventQueue$1AWTInvocationLock,innerclass,0,0,0,0,0,1,0,0,0,0.0,-1.0,-1.0,0,0,0,0,0,0,0,0,0,0,0,0,0,0,0,0,0,0,0,2,0,0,0,0,0,0,0,0,0,0,0,0,0,0,5,0,0
C:\Users\user\Desktop\STUFF A LOT OF 'EM\er\Design_Pattern\awt\event\InvocationEvent.java,java.awt.event.InvocationEvent,class,0,0,0,0,12,2,0,3,0,0.66666675,0.0,0.0,7,0,6,0,1,0,7,0,0,0,9,4,3,3,3,0,4,0,1,59,3,0,1,1,1,6,2,12,1,10,2,0,0,0,167,1,0
C:\Users\user\Desktop\STUFF A LOT OF 'EM\er\Design_Pattern\awt\geom\Area.java,java.awt.geom.AreaIterator,class,3,3,0,3,24,1,0,10,3,0.6,0.0,0.0,6,0,6,0,0,0,6,0,0,0,5,0,0,5,0,0,0,0,0,74,5,1,15,0,4,1,18,20,1,11,3,0,0,0,52,0,0
C:\Users\user\Desktop\STUFF A LOT OF 'EM\er\Design_Pattern\awt\geom\CubicIterator.java,java.awt.geom.CubicIterator,class,2,2,0,2,15,1,0,11,0,0.44444445,0.0,0.0,6,0,5,0,0,1,6,0,0,0,3,0,0,0,0,3,0,0,0,66,4,0,6,0,1,2,29,22,0,5,1,0,0,0,109,0,0
C:\Users\user\Desktop\STUFF A LOT OF 'EM\er\Design_Pattern\awt\BufferCapabilities.java,java.awt.BufferCapabilities,class,0,0,0,0,12,2,2,2,22,0.75,0.0,0.0,8,0,8,0,0,0,8,0,0,0,3,0,0,3,0,0,0,0,0,53,7,0,3,1,1,1,0,3,0,3,1,0,1,0,115,1,0
C:\Users\user\Desktop\STUFF A LOT OF 'EM\er\Design_Pattern\awt\image\LookupTable.java,java.awt.image.LookupTable,class,1,1,0,1,6,1,2,0,2,0.6666667,0.0,0.0,4,0,3,0,1,0,4,1,0,0,3,0,0,0,0,3,0,0,0,22,2,0,0,0,0,3,2,2,1,3,1,0,0,0,91,1025,0
C:\Users\user\Desktop\STUFF A LOT OF 'EM\er\Design_Pattern\awt\Font.java,java.awt.Font$FontLineMetrics,innerclass,1,1,0,1,15,2,0,0,48,0.8484848,0.0,0.0,12,0,12,0,0,0,12,0,12,0,6,0,0,0,0,6,0,0,0,55,14,0,13,1,0,0,6,1,0,12,2,0,0,0,46,18,0
C:\Users\user\Desktop\STUFF A LOT OF 'EM\er\Design_Pattern\awt\peer\CanvasPeer.java,java.awt.peer.CanvasPeer,interface,0,0,0,0,0,1,0,0,0,0.0,-1.0,-1.0,0,0,0,0,0,0,0,0,0,0,0,0,0,0,0,0,0,0,0,2,0,0,0,0,0,0,0,0,0,0,0,0,0,0,29,1,0
C:\Users\user\Desktop\STUFF A LOT OF 'EM\er\Design_Pattern\awt\EventDispatchThread.java,java.awt.EventDispatchThread,class,1,1,0,1,52,3,0,37,51,0.81632656,0.0,0.0,14,0,3,2,0,9,12,0,0,0,7,5,0,7,0,0,3,0,4,173,11,3,13,5,4,4,1,24,1,16,7,1,1,0,195,0,0
C:\Users\user\Desktop\STUFF A LOT OF 'EM\er\Design_Pattern\awt\FlowLayout.java,java.awt.FlowLayout,class,0,0,0,0,46,1,0,16,28,0.7941176,0.0,0.0,17,0,15,2,0,0,15,0,0,0,12,7,5,3,0,4,7,0,3,196,6,4,1,0,6,9,35,72,28,39,5,0,0,0,252,1,0
C:\Users\user\Desktop\STUFF A LOT OF 'EM\er\Design_Pattern\awt\TexturePaintContext.java,java.awt.TexturePaintContext$Int,innerclass,3,3,0,3,29,2,0,8,0,0.3333333,0.0,0.0,3,0,3,0,0,0,3,0,0,0,8,0,0,0,0,8,0,0,3,124,1,4,6,0,13,0,26,68,27,31,5,0,0,0,52,8,0
C:\Users\user\Desktop\STUFF A LOT OF 'EM\er\Design_Pattern\awt\EventDispatchThread.java,java.awt.EventDispatchThread$Anonymous1,anonymous,0,0,0,0,1,1,0,0,0,0.0,NaN,NaN,1,0,1,0,0,0,1,0,0,0,0,0,0,0,0,0,0,0,0,5,1,0,0,0,0,0,0,0,0,0,0,0,0,0,2,-1,0
C:\Users\user\Desktop\STUFF A LOT OF 'EM\er\Design_Pattern\awt\Window.java,java.awt.Window,class,6,6,0,6,252,6,2,149,3006,0.9693182,0.0,0.0,80,1,50,6,5,19,75,0,6,10,22,6,0,11,0,11,4,0,43,783,53,10,78,2,45,12,30,126,21,71,4,1,2,0,762,1,0
C:\Users\user\Desktop\STUFF A LOT OF 'EM\er\Design_Pattern\awt\Container.java,java.awt.Container$MouseEventTargetFilter,innerclass,0,0,0,0,8,1,0,0,1,1.0,NaN,NaN,2,0,1,1,0,0,1,0,0,0,1,1,0,0,0,1,1,0,0,8,1,0,6,0,3,0,3,1,0,1,0,0,0,0,14,8,0
C:\Users\user\Desktop\STUFF A LOT OF 'EM\er\Design_Pattern\awt\PageAttributes.java,java.awt.PageAttributes$MediaType,innerclass,0,0,0,0,1,2,0,0,0,0.9955157,-1.0,-1.0,1,0,0,1,0,0,0,0,0,0,223,223,147,76,0,0,223,0,0,228,0,0,0,0,0,75,75,223,0,223,0,0,0,0,110,25,0
C:\Users\user\Desktop\STUFF A LOT OF 'EM\er\Design_Pattern\awt\dnd\Autoscroll.java,java.awt.dnd.Autoscroll,interface,0,0,0,0,2,1,0,0,1,0.0,0.0,0.0,2,0,2,0,0,0,2,0,0,0,0,0,0,0,0,0,0,0,0,4,0,0,0,0,0,0,0,0,0,0,0,0,0,0,103,1,0
C:\Users\user\Desktop\STUFF A LOT OF 'EM\er\Design_Pattern\awt\dnd\DragSourceContext.java,java.awt.dnd.DragSourceContext,class,2,2,0,2,63,1,0,31,202,0.941392,0.0,0.0,21,0,17,3,1,0,18,0,0,4,13,6,0,9,4,0,6,0,2,186,8,0,29,0,6,9,5,34,0,20,4,1,0,0,251,1,0
C:\Users\user\Desktop\STUFF A LOT OF 'EM\er\Design_Pattern\awt\event\MouseMotionListener.java,java.awt.event.MouseMotionListener,interface,0,0,0,0,2,1,0,0,1,0.0,0.0,0.0,2,0,2,0,0,0,2,0,0,0,0,0,0,0,0,0,0,0,0,4,0,0,0,0,0,0,0,0,0,0,0,0,0,0,105,1,0
C:\Users\user\Desktop\STUFF A LOT OF 'EM\er\Design_Pattern\awt\font\TextLine.java,java.awt.font.TextLine$Function,innerclass,0,0,0,0,1,1,0,0,0,0.0,NaN,NaN,1,0,0,0,0,1,1,1,0,0,0,0,0,0,0,0,0,0,0,3,0,0,0,0,0,0,0,0,0,0,0,0,0,0,7,1034,0
C:\Users\user\Desktop\STUFF A LOT OF 'EM\er\Design_Pattern\awt\peer\FileDialogPeer.java,java.awt.peer.FileDialogPeer,interface,0,0,0,0,3,1,0,0,3,0.0,0.0,0.0,3,0,0,0,0,3,3,0,0,0,0,0,0,0,0,0,0,0,0,5,0,0,0,0,0,0,0,0,0,0,0,0,0,0,36,1,0
C:\Users\user\Desktop\STUFF A LOT OF 'EM\er\Design_Pattern\awt\datatransfer\MimeTypeParseException.java,java.awt.datatransfer.MimeTypeParseException,class,0,0,0,0,2,3,0,0,1,1.0,0.0,0.0,2,0,2,0,0,0,2,0,0,0,1,1,0,1,0,0,1,0,0,9,0,0,0,0,0,0,1,1,0,1,0,0,0,0,26,1,0
C:\Users\user\Desktop\STUFF A LOT OF 'EM\er\Design_Pattern\awt\font\TextMeasurer.java,java.awt.font.TextMeasurer,class,7,7,0,7,80,1,0,56,0,0.8106062,0.0,0.0,18,0,6,10,1,1,8,0,0,0,22,2,0,20,0,2,0,0,21,358,12,7,20,3,5,5,33,141,43,89,3,0,0,0,313,17,0
C:\Users\user\Desktop\STUFF A LOT OF 'EM\er\Design_Pattern\awt\im\InputContext.java,java.awt.im.InputContext,class,1,1,0,1,13,1,0,0,78,0.0,0.0,0.0,13,1,12,0,1,0,13,0,0,0,0,0,0,0,0,0,0,0,0,33,5,0,0,0,0,0,0,0,0,0,0,0,0,0,319,1,0
C:\Users\user\Desktop\STUFF A LOT OF 'EM\er\Design_Pattern\awt\geom\RoundRectangle2D.java,java.awt.geom.RoundRectangle2D$Double,innerclass,0,0,0,0,14,3,0,7,8,0.63888884,0.0,0.0,12,0,12,0,0,0,12,0,0,0,6,0,6,0,0,0,0,0,0,53,8,0,0,0,2,0,2,12,0,6,0,0,0,0,82,9,0
C:\Users\user\Desktop\STUFF A LOT OF 'EM\er\Design_Pattern\awt\Button.java,java.awt.Button,class,2,2,0,2,42,4,0,29,138,0.88571423,0.0,0.0,20,1,12,3,3,2,18,0,0,3,7,3,0,4,0,3,2,0,9,187,14,1,15,0,7,3,4,20,2,13,3,0,1,0,317,1,0
C:\Users\user\Desktop\STUFF A LOT OF 'EM\er\Design_Pattern\awt\Container.java,java.awt.Container$AccessibleAWTContainer$AccessibleContainerHandler,innerclass,0,0,0,0,6,1,0,3,1,0.0,0.0,0.0,2,0,2,0,0,0,2,0,0,0,0,0,0,0,0,0,0,0,0,14,0,0,2,0,2,0,0,2,0,2,1,0,0,0,21,4,0
C:\Users\user\Desktop\STUFF A LOT OF 'EM\er\Design_Pattern\awt\font\TextLine.java,java.awt.font.TextLine$Anonymous3,anonymous,1,1,0,1,1,1,0,2,0,0.0,NaN,NaN,1,0,0,0,0,1,1,0,0,0,0,0,0,0,0,0,0,0,0,7,1,0,0,0,0,0,0,2,1,2,0,0,0,0,13,-1,0
C:\Users\user\Desktop\STUFF A LOT OF 'EM\er\Design_Pattern\awt\font\TextLine.java,java.awt.font.TextLine$Anonymous2,anonymous,2,2,0,2,4,1,0,3,0,0.0,NaN,NaN,1,0,0,0,0,1,1,0,0,0,0,0,0,0,0,0,0,0,0,20,1,2,2,0,0,0,3,9,1,7,2,0,0,0,18,-1,0
C:\Users\user\Desktop\STUFF A LOT OF 'EM\er\Design_Pattern\awt\font\TextLine.java,java.awt.font.TextLine$Anonymous1,anonymous,1,1,0,1,1,1,0,1,0,0.0,NaN,NaN,1,0,0,0,0,1,1,0,0,0,0,0,0,0,0,0,0,0,0,6,1,0,0,0,0,0,0,1,0,1,0,0,0,0,9,-1,0
C:\Users\user\Desktop\STUFF A LOT OF 'EM\er\Design_Pattern\awt\geom\Ellipse2D.java,java.awt.geom.Ellipse2D,class,0,0,0,0,17,6,4,5,10,0.0,0.0,0.0,5,0,4,0,1,0,5,0,0,0,0,0,0,0,0,0,0,0,0,136,9,0,0,0,7,0,18,16,26,12,1,0,2,0,132,1025,0
C:\Users\user\Desktop\STUFF A LOT OF 'EM\er\Design_Pattern\awt\DefaultFocusTraversalPolicy.java,java.awt.DefaultFocusTraversalPolicy,class,0,0,0,0,11,3,0,9,0,0.0,NaN,NaN,1,0,0,0,1,0,1,0,0,0,0,0,0,0,0,0,0,0,0,23,4,1,2,0,4,0,0,4,0,3,3,0,0,0,119,1,0
C:\Users\user\Desktop\STUFF A LOT OF 'EM\er\Design_Pattern\awt\event\WindowListener.java,java.awt.event.WindowListener,interface,0,0,0,0,7,1,0,0,21,0.0,0.0,0.0,7,0,7,0,0,0,7,0,0,0,0,0,0,0,0,0,0,0,0,9,0,0,0,0,0,0,0,0,0,0,0,0,0,0,126,1,0
C:\Users\user\Desktop\STUFF A LOT OF 'EM\er\Design_Pattern\awt\im\InputSubset.java,java.awt.im.InputSubset,class,0,0,0,0,1,2,0,0,0,0.0,-1.0,-1.0,1,0,0,1,0,0,0,0,0,0,9,9,9,0,0,0,9,0,0,14,0,0,0,0,0,9,0,9,0,9,0,0,0,0,79,17,0
C:\Users\user\Desktop\STUFF A LOT OF 'EM\er\Design_Pattern\awt\GradientPaintContext.java,java.awt.GradientPaintContext,class,6,6,0,6,48,1,0,23,0,0.6145833,0.0,0.0,8,2,4,0,0,4,8,0,0,2,12,4,0,0,0,12,0,0,2,197,6,7,14,1,37,0,74,92,56,57,3,0,0,0,109,0,0
C:\Users\user\Desktop\STUFF A LOT OF 'EM\er\Design_Pattern\awt\geom\Arc2D.java,java.awt.geom.Arc2D$Float,innerclass,0,0,0,0,17,3,0,5,27,0.6666667,0.0,0.0,15,0,14,0,1,0,15,0,0,0,6,0,6,0,0,0,0,0,0,71,8,0,0,0,1,0,2,20,0,6,0,0,0,0,93,9,0
C:\Users\user\Desktop\STUFF A LOT OF 'EM\er\Design_Pattern\awt\print\PageFormat.java,java.awt.print.PageFormat,class,1,1,0,1,29,1,0,10,0,0.56923085,0.0,0.0,13,0,13,0,0,0,13,0,0,0,5,3,3,2,0,0,3,0,0,147,10,0,4,1,2,2,39,45,4,15,1,0,0,0,151,1,0
C:\Users\user\Desktop\STUFF A LOT OF 'EM\er\Design_Pattern\awt\peer\TextFieldPeer.java,java.awt.peer.TextFieldPeer,interface,0,0,0,0,6,1,0,0,15,0.0,0.0,0.0,6,0,0,0,0,6,6,0,0,0,0,0,0,0,0,0,0,0,0,8,0,0,0,0,0,0,0,0,0,0,0,0,0,0,46,1,0
C:\Users\user\Desktop\STUFF A LOT OF 'EM\er\Design_Pattern\awt\CheckboxMenuItem.java,java.awt.CheckboxMenuItem,class,2,2,0,2,39,6,0,30,150,0.88095236,0.0,0.0,21,1,13,3,2,3,19,0,0,5,6,3,0,4,0,2,2,0,9,161,15,1,12,0,5,3,6,20,2,12,2,0,1,0,293,1,0
C:\Users\user\Desktop\STUFF A LOT OF 'EM\er\Design_Pattern\awt\Shape.java,java.awt.Shape,interface,0,0,0,0,10,1,0,0,45,0.0,0.0,0.0,10,0,10,0,0,0,10,0,0,0,0,0,0,0,0,0,0,0,0,12,0,0,0,0,0,0,0,0,0,0,0,0,0,0,279,1,0
C:\Users\user\Desktop\STUFF A LOT OF 'EM\er\Design_Pattern\awt\TexturePaintContext.java,java.awt.TexturePaintContext,class,7,7,0,7,78,5,8,34,117,0.8472223,0.0,0.0,18,12,11,0,0,7,18,2,0,4,24,5,2,3,0,19,0,0,21,621,26,1,31,1,43,0,62,66,40,45,4,0,4,0,131,1024,0
C:\Users\user\Desktop\STUFF A LOT OF 'EM\er\Design_Pattern\awt\image\BufferedImage.java,java.awt.image.BufferedImage,class,16,16,0,16,168,1,0,61,405,0.9319495,0.0,0.0,51,1,50,1,0,0,51,0,0,1,34,27,14,13,0,7,27,0,13,552,43,13,51,0,25,28,167,196,34,125,4,0,0,0,513,1,0
C:\Users\user\Desktop\STUFF A LOT OF 'EM\er\Design_Pattern\awt\List.java,java.awt.List$AccessibleAWTList$AccessibleAWTListChild,innerclass,0,0,0,0,36,3,0,17,381,0.74285716,0.0,0.0,35,0,35,0,0,0,35,0,0,0,2,0,0,2,0,0,0,0,0,109,22,0,0,0,0,0,1,3,0,3,1,0,0,0,243,4,0
C:\Users\user\Desktop\STUFF A LOT OF 'EM\er\Design_Pattern\awt\image\FilteredImageSource.java,java.awt.image.FilteredImageSource,class,0,0,0,0,16,1,0,10,0,0.22222222,0.0,0.0,6,0,6,0,0,0,6,0,0,3,3,0,0,1,0,2,0,0,0,53,1,0,8,0,1,0,0,10,0,7,3,0,0,0,106,1,0
C:\Users\user\Desktop\STUFF A LOT OF 'EM\er\Design_Pattern\awt\geom\RoundRectangle2D.java,java.awt.geom.RoundRectangle2D,class,0,0,0,0,46,6,4,12,55,0.0,0.0,0.0,11,0,9,1,1,0,10,3,0,0,0,0,0,0,0,0,0,0,8,205,18,0,6,0,21,0,25,30,42,16,1,0,2,0,157,1025,0
C:\Users\user\Desktop\STUFF A LOT OF 'EM\er\Design_Pattern\awt\EventDispatchThread.java,java.awt.EventDispatchThread$EmptyEvent,innerclass,0,0,0,0,2,2,0,0,1,0.0,0.0,0.0,2,0,2,0,0,0,2,0,0,0,0,0,0,0,0,0,0,0,0,7,0,0,0,0,0,0,1,0,0,0,0,0,0,0,7,0,0
C:\Users\user\Desktop\STUFF A LOT OF 'EM\er\Design_Pattern\awt\event\HierarchyListener.java,java.awt.event.HierarchyListener,interface,0,0,0,0,1,1,0,0,0,0.0,NaN,NaN,1,0,1,0,0,0,1,0,0,0,0,0,0,0,0,0,0,0,0,3,0,0,0,0,0,0,0,0,0,0,0,0,0,0,77,1,0
C:\Users\user\Desktop\STUFF A LOT OF 'EM\er\Design_Pattern\awt\GraphicsCallback.java,java.awt.GraphicsCallback,class,0,0,0,0,0,18,16,0,0,0.0,-1.0,-1.0,0,0,0,0,0,0,0,0,0,0,0,0,0,0,0,0,0,0,0,112,0,0,0,0,0,0,0,0,0,0,0,0,8,0,3,1024,0
C:\Users\user\Desktop\STUFF A LOT OF 'EM\er\Design_Pattern\awt\datatransfer\DataFlavor.java,java.awt.datatransfer.DataFlavor$TextFlavorComparator,innerclass,1,1,0,1,4,2,0,2,0,0.0,NaN,NaN,1,0,1,0,0,0,1,0,0,0,0,0,0,0,0,0,0,0,0,20,4,0,0,0,0,0,3,2,0,2,2,0,0,0,48,8,0
C:\Users\user\Desktop\STUFF A LOT OF 'EM\er\Design_Pattern\awt\font\TransformAttribute.java,java.awt.font.TransformAttribute,class,1,1,0,1,9,1,0,2,0,0.375,0.0,0.0,4,0,3,1,0,0,3,0,0,0,2,1,0,1,0,1,1,0,0,25,2,0,4,0,2,1,1,4,0,3,1,0,0,0,56,17,0
C:\Users\user\Desktop\STUFF A LOT OF 'EM\er\Design_Pattern\awt\image\ComponentSampleModel.java,java.awt.image.ComponentSampleModel,class,5,5,0,5,187,2,2,20,0,0.46464643,0.0,0.0,33,1,30,2,0,1,32,0,7,0,6,0,0,0,6,0,0,0,11,503,24,36,18,0,66,31,111,202,111,104,4,0,0,0,306,1,0
C:\Users\user\Desktop\STUFF A LOT OF 'EM\er\Design_Pattern\awt\datatransfer\DataFlavor.java,java.awt.datatransfer.DataFlavor,class,4,4,0,4,139,2,0,65,1116,0.97321427,0.0,0.0,48,5,39,6,3,0,42,0,6,2,14,10,7,5,0,2,9,0,11,452,61,0,54,8,13,62,5,65,12,37,4,1,1,0,469,1,0
C:\Users\user\Desktop\STUFF A LOT OF 'EM\er\Design_Pattern\awt\GraphicsCallback.java,java.awt.GraphicsCallback$PaintHeavyweightComponentsCallback,innerclass,0,0,0,0,4,3,0,2,3,0.6666667,0.0,0.0,3,1,1,1,0,1,2,0,0,0,1,1,0,1,0,0,0,0,0,16,1,0,0,0,0,0,0,1,0,1,1,0,0,0,13,24,0
C:\Users\user\Desktop\STUFF A LOT OF 'EM\er\Design_Pattern\awt\GraphicsDevice.java,java.awt.GraphicsDevice,class,1,1,0,1,18,1,0,14,87,0.8714286,0.0,0.0,14,0,13,0,1,0,14,4,0,0,5,3,3,2,0,0,3,0,0,60,7,0,4,0,0,1,7,11,0,10,1,0,0,0,312,1025,0
C:\Users\user\Desktop\STUFF A LOT OF 'EM\er\Design_Pattern\awt\datatransfer\Transferable.java,java.awt.datatransfer.Transferable,interface,0,0,0,0,3,1,0,0,3,0.0,0.0,0.0,3,0,3,0,0,0,3,0,0,0,0,0,0,0,0,0,0,0,0,5,0,0,0,0,0,0,0,0,0,0,0,0,0,0,66,1,0
C:\Users\user\Desktop\STUFF A LOT OF 'EM\er\Design_Pattern\awt\ScrollPane.java,java.awt.PeerFixer,class,0,0,0,0,5,1,0,7,1,0.5,0.0,0.0,2,0,1,0,0,1,2,0,0,0,1,0,0,1,0,0,0,0,0,25,0,0,1,0,2,1,1,5,0,5,1,0,0,0,27,0,0
C:\Users\user\Desktop\STUFF A LOT OF 'EM\er\Design_Pattern\awt\image\ByteLookupTable.java,java.awt.image.ByteLookupTable,class,2,2,0,2,18,2,0,0,0,0.0,0.0,0.0,5,0,5,0,0,0,5,0,1,0,1,0,0,0,0,1,0,0,0,70,3,5,4,0,2,12,19,23,8,10,3,0,0,0,117,1,0
C:\Users\user\Desktop\STUFF A LOT OF 'EM\er\Design_Pattern\awt\FontFormatException.java,java.awt.FontFormatException,class,0,0,0,0,1,3,0,0,0,0.0,NaN,NaN,1,0,1,0,0,0,1,0,0,0,0,0,0,0,0,0,0,0,0,5,0,0,0,0,0,0,0,0,0,0,0,0,0,0,25,1,0
C:\Users\user\Desktop\STUFF A LOT OF 'EM\er\Design_Pattern\awt\peer\FramePeer.java,java.awt.peer.FramePeer,interface,0,0,0,0,7,1,0,0,21,0.0,0.0,0.0,7,0,0,0,0,7,7,0,0,0,0,0,0,0,0,0,0,0,0,9,0,0,0,0,0,0,0,0,0,0,0,0,0,0,47,1,0
C:\Users\user\Desktop\STUFF A LOT OF 'EM\er\Design_Pattern\awt\image\DataBufferDouble.java,java.awt.image.DataBufferDouble,class,2,2,0,2,22,2,0,1,0,0.35714287,0.0,0.0,21,0,21,0,0,0,21,0,0,0,2,0,0,0,0,2,0,0,0,85,9,1,0,0,2,0,11,23,12,3,1,0,0,0,86,17,0
C:\Users\user\Desktop\STUFF A LOT OF 'EM\er\Design_Pattern\awt\Font.java,java.awt.Font$Key,innerclass,3,3,0,3,27,1,0,10,0,0.33333334,0.0,0.0,3,0,2,0,0,1,3,0,0,0,7,0,0,0,0,7,0,0,3,78,4,1,20,0,10,1,12,31,4,15,4,0,0,0,30,10,0
C:\Users\user\Desktop\STUFF A LOT OF 'EM\er\Design_Pattern\awt\image\MultiPixelPackedSampleModel.java,java.awt.image.MultiPixelPackedSampleModel,class,3,3,0,3,84,2,0,5,0,0.5151515,0.0,0.0,22,0,22,0,0,0,22,0,0,0,6,0,0,0,0,6,0,0,3,233,20,0,26,0,69,13,59,90,90,44,2,0,0,0,242,1,0
C:\Users\user\Desktop\STUFF A LOT OF 'EM\er\Design_Pattern\awt\color\ICC_Profile.java,java.awt.color.ICC_Profile$Anonymous2,anonymous,0,0,0,0,1,1,0,1,0,0.0,NaN,NaN,1,0,1,0,0,0,1,0,0,0,0,0,0,0,0,0,0,0,1,5,1,0,0,0,0,0,0,0,0,0,0,0,0,0,7,-1,0
C:\Users\user\Desktop\STUFF A LOT OF 'EM\er\Design_Pattern\awt\peer\ChoicePeer.java,java.awt.peer.ChoicePeer,interface,0,0,0,0,5,1,0,0,10,0.0,0.0,0.0,5,0,0,0,0,5,5,0,0,0,0,0,0,0,0,0,0,0,0,7,0,0,0,0,0,0,0,0,0,0,0,0,0,0,35,1,0
C:\Users\user\Desktop\STUFF A LOT OF 'EM\er\Design_Pattern\awt\color\ICC_Profile.java,java.awt.color.ICC_Profile$Anonymous1,anonymous,0,0,0,0,1,1,0,1,0,0.0,NaN,NaN,1,0,1,0,0,0,1,0,0,0,0,0,0,0,0,0,0,0,0,5,0,0,0,0,0,0,0,0,0,0,0,0,0,0,3,-1,0
C:\Users\user\Desktop\STUFF A LOT OF 'EM\er\Design_Pattern\awt\Toolkit.java,java.awt.Toolkit$SelectiveAWTEventListener,innerclass,1,1,0,1,88,1,0,1,0,0.44444445,0.0,0.0,6,0,5,0,0,1,6,0,0,0,3,0,0,1,0,2,0,0,0,42,3,3,34,0,42,0,29,30,0,8,2,0,0,0,23,2,0
C:\Users\user\Desktop\STUFF A LOT OF 'EM\er\Design_Pattern\awt\SystemColor.java,java.awt.SystemColor,class,1,1,0,1,7,2,0,6,8,0.9927272,0.0,0.0,5,1,3,2,0,0,4,0,0,0,55,55,53,2,0,0,54,0,3,78,3,0,0,0,1,2,57,56,1,55,1,0,0,0,190,17,0
C:\Users\user\Desktop\STUFF A LOT OF 'EM\er\Design_Pattern\awt\event\AdjustmentEvent.java,java.awt.event.AdjustmentEvent,class,0,0,0,0,13,2,0,0,0,0.74725276,0.0,0.0,7,0,7,0,0,0,7,0,0,0,13,9,8,1,0,4,9,0,0,68,5,0,0,0,0,11,8,21,1,15,1,0,0,0,121,1,0
C:\Users\user\Desktop\STUFF A LOT OF 'EM\er\Design_Pattern\awt\geom\Ellipse2D.java,java.awt.geom.Ellipse2D$Double,innerclass,0,0,0,0,11,3,0,1,2,0.5555556,0.0,0.0,9,0,9,0,0,0,9,0,0,0,4,0,4,0,0,0,0,0,0,35,6,0,0,0,1,0,2,4,0,4,0,0,0,0,61,9,0
C:\Users\user\Desktop\STUFF A LOT OF 'EM\er\Design_Pattern\awt\font\NumericShaper.java,java.awt.font.NumericShaper,class,1,1,0,1,73,1,0,13,33,0.9555555,0.0,0.0,18,8,10,8,0,0,10,0,0,1,50,48,20,30,0,0,44,0,9,238,15,7,19,1,21,24,116,102,67,75,4,0,0,0,265,17,0
C:\Users\user\Desktop\STUFF A LOT OF 'EM\er\Design_Pattern\awt\peer\TextAreaPeer.java,java.awt.peer.TextAreaPeer,interface,0,0,0,0,8,1,0,0,28,0.0,0.0,0.0,8,0,0,0,0,8,8,0,0,0,0,0,0,0,0,0,0,0,0,10,0,0,0,0,0,0,0,0,0,0,0,0,0,0,46,1,0
C:\Users\user\Desktop\STUFF A LOT OF 'EM\er\Design_Pattern\awt\event\ContainerAdapter.java,java.awt.event.ContainerAdapter,class,0,0,0,0,2,1,0,0,1,0.0,0.0,0.0,2,0,2,0,0,0,2,0,0,0,0,0,0,0,0,0,0,0,0,6,0,0,0,0,0,0,0,0,0,0,0,0,0,0,84,1025,0
C:\Users\user\Desktop\STUFF A LOT OF 'EM\er\Design_Pattern\awt\event\ComponentAdapter.java,java.awt.event.ComponentAdapter,class,0,0,0,0,4,1,0,0,6,0.0,0.0,0.0,4,0,4,0,0,0,4,0,0,0,0,0,0,0,0,0,0,0,0,10,0,0,0,0,0,0,0,0,0,0,0,0,0,0,83,1025,0
C:\Users\user\Desktop\STUFF A LOT OF 'EM\er\Design_Pattern\awt\Cursor.java,java.awt.Cursor$Anonymous2,anonymous,0,0,0,0,2,1,0,2,0,0.0,NaN,NaN,1,0,1,0,0,0,1,0,0,0,0,0,0,0,0,0,0,0,0,13,1,0,1,1,0,0,0,2,0,1,2,0,0,0,12,-1,0
C:\Users\user\Desktop\STUFF A LOT OF 'EM\er\Design_Pattern\awt\Cursor.java,java.awt.Cursor$Anonymous1,anonymous,0,0,0,0,1,1,0,3,0,0.0,NaN,NaN,1,0,1,0,0,0,1,0,0,0,0,0,0,0,0,0,0,0,1,7,1,0,0,0,0,0,0,2,1,2,0,0,0,0,15,-1,0
C:\Users\user\Desktop\STUFF A LOT OF 'EM\er\Design_Pattern\awt\geom\Arc2D.java,java.awt.geom.Arc2D$Double,innerclass,0,0,0,0,17,3,0,5,27,0.6666667,0.0,0.0,15,0,14,0,1,0,15,0,0,0,6,0,6,0,0,0,0,0,0,71,8,0,0,0,1,0,2,20,0,6,0,0,0,0,91,9,0
C:\Users\user\Desktop\STUFF A LOT OF 'EM\er\Design_Pattern\awt\GraphicsConfiguration.java,java.awt.GraphicsConfiguration$DefaultBufferCapabilities,innerclass,0,0,0,0,1,2,0,0,0,0.0,NaN,NaN,1,0,1,0,0,0,1,0,0,0,0,0,0,0,0,0,0,0,0,5,0,0,0,0,0,0,0,0,0,0,0,0,0,0,6,10,0
C:\Users\user\Desktop\STUFF A LOT OF 'EM\er\Design_Pattern\awt\image\ColorModel.java,java.awt.image.ColorModel,class,7,7,0,7,160,1,3,37,1320,0.9363354,0.0,0.0,56,14,42,1,1,12,56,4,4,0,23,10,0,3,2,18,0,0,20,595,52,19,47,0,60,55,189,191,102,104,3,0,0,0,565,1025,0
C:\Users\user\Desktop\STUFF A LOT OF 'EM\er\Design_Pattern\awt\event\FocusEvent.java,java.awt.event.FocusEvent,class,0,0,0,0,11,3,0,3,1,0.80952376,0.0,0.0,6,0,6,0,0,0,6,0,0,0,7,5,4,1,0,2,5,0,0,43,4,0,2,0,2,6,4,10,2,8,1,0,0,0,192,1,0
C:\Users\user\Desktop\STUFF A LOT OF 'EM\er\Design_Pattern\awt\font\StyledParagraph.java,java.awt.font.StyledParagraph,class,6,6,0,6,65,1,0,37,41,0.69166666,0.0,0.0,15,8,6,8,0,1,7,0,0,0,8,1,0,6,0,2,0,0,19,250,19,6,29,2,1,3,30,66,11,41,3,0,0,0,215,16,0
C:\Users\user\Desktop\STUFF A LOT OF 'EM\er\Design_Pattern\awt\dnd\DragSourceDragEvent.java,java.awt.dnd.DragSourceDragEvent,class,0,0,0,0,37,2,0,6,24,0.82222223,0.0,0.0,9,0,7,2,0,0,7,0,0,0,5,2,0,4,0,1,2,0,0,80,5,0,16,0,16,0,19,23,1,5,1,0,0,0,159,1,0
