file,class,type,cbo,cboModified,fanin,fanout,wmc,dit,noc,rfc,lcom,lcom*,tcc,lcc,totalMethodsQty,staticMethodsQty,publicMethodsQty,privateMethodsQty,protectedMethodsQty,defaultMethodsQty,visibleMethodsQty,abstractMethodsQty,finalMethodsQty,synchronizedMethodsQty,totalFieldsQty,staticFieldsQty,publicFieldsQty,privateFieldsQty,protectedFieldsQty,defaultFieldsQty,finalFieldsQty,synchronizedFieldsQty,nosi,loc,returnQty,loopQty,comparisonsQty,tryCatchQty,parenthesizedExpsQty,stringLiteralsQty,numbersQty,assignmentsQty,mathOperationsQty,variablesQty,maxNestedBlocksQty,anonymousClassesQty,innerClassesQty,lambdasQty,uniqueWordsQty,modifiers,logStatementsQty
C:\Users\user\Desktop\STUFF A LOT OF 'EM\er\Design_Pattern\ant\src\main\org\apache\tools\ant\taskdefs\optional\sitraka\ReportFilters.java,org.apache.tools.ant.taskdefs.optional.sitraka.ReportFilters$FilterElement,innerclass,2,2,0,2,4,1,0,3,2,0.5,0.0,0.0,4,0,4,0,0,0,4,0,0,0,2,0,0,0,2,0,0,0,4,21,2,0,0,0,0,12,0,5,1,3,0,0,0,0,17,1033,0
C:\Users\user\Desktop\STUFF A LOT OF 'EM\er\Design_Pattern\ant\src\main\org\apache\tools\ant\taskdefs\email\MimeMailer.java,org.apache.tools.ant.taskdefs.email.MimeMailer,class,15,16,1,15,20,3,0,43,3,0.6666667,NaN,NaN,3,1,1,2,0,0,1,0,0,0,1,1,0,1,0,0,1,0,8,165,3,2,8,2,1,21,2,27,2,22,3,0,2,0,110,1,0
C:\Users\user\Desktop\STUFF A LOT OF 'EM\er\Design_Pattern\ant\src\main\org\apache\tools\ant\types\FilterSet.java,org.apache.tools.ant.types.FilterSet$Filter,innerclass,0,0,0,0,6,1,0,0,3,0.5,0.0,0.0,6,0,6,0,0,0,6,0,0,0,2,0,0,0,0,2,0,0,0,22,2,0,0,0,0,0,0,4,0,2,0,0,0,0,31,9,0
C:\Users\user\Desktop\STUFF A LOT OF 'EM\er\Design_Pattern\ant\src\main\org\apache\tools\ant\taskdefs\optional\sitraka\XMLReport.java,org.apache.tools.ant.taskdefs.optional.sitraka.XMLReport,class,15,17,2,15,69,1,0,75,152,0.85714287,0.0,0.0,21,1,6,1,14,0,20,0,0,0,8,0,0,8,0,0,0,0,22,380,15,16,19,2,0,106,39,137,23,122,4,0,0,0,215,1,0
C:\Users\user\Desktop\STUFF A LOT OF 'EM\er\Design_Pattern\ant\src\main\org\apache\tools\ant\taskdefs\optional\perforce\P4Submit.java,org.apache.tools.ant.taskdefs.optional.perforce.P4Submit$P4SubmitAdapter,innerclass,3,3,0,3,10,3,0,13,1,0.0,0.0,0.0,2,0,2,0,0,0,2,0,0,0,0,0,0,0,0,0,0,0,1,41,0,1,3,1,2,14,2,8,4,6,5,0,0,0,49,1,0
C:\Users\user\Desktop\STUFF A LOT OF 'EM\er\Design_Pattern\ant\src\testcases\org\apache\tools\ant\taskdefs\optional\script\ScriptDefTest.java,org.apache.tools.ant.taskdefs.optional.script.ScriptDefTest,class,3,3,0,3,18,2,0,11,55,0.0,0.0,0.0,11,0,11,0,0,0,11,0,0,0,0,0,0,0,0,0,0,0,0,53,0,0,7,0,0,35,7,11,2,11,0,0,0,0,79,1,0
C:\Users\user\Desktop\STUFF A LOT OF 'EM\er\Design_Pattern\ant\src\main\org\apache\tools\ant\taskdefs\Javadoc.java,org.apache.tools.ant.taskdefs.Javadoc$TagArgument,innerclass,5,5,0,5,24,2,0,10,7,0.6666667,0.0,0.0,6,0,6,0,0,0,6,0,0,0,4,0,0,4,0,0,0,0,0,80,2,3,3,0,1,17,3,21,5,12,4,0,0,0,93,1,0
C:\Users\user\Desktop\STUFF A LOT OF 'EM\er\Design_Pattern\ant\src\main\org\apache\tools\ant\taskdefs\optional\ide\VAJImportServlet.java,org.apache.tools.ant.taskdefs.optional.ide.VAJImportServlet,class,2,2,0,2,1,3,0,5,0,0.0,NaN,NaN,1,0,0,0,1,0,1,0,0,0,0,0,0,0,0,0,0,0,0,5,0,0,0,0,0,0,0,0,0,0,0,0,0,0,57,1,0
C:\Users\user\Desktop\STUFF A LOT OF 'EM\er\Design_Pattern\ant\src\main\org\apache\tools\ant\types\selectors\DepthSelector.java,org.apache.tools.ant.types.selectors.DepthSelector,class,5,10,5,5,25,5,0,16,3,0.64285713,0.0,0.0,7,0,7,0,0,0,7,0,0,0,4,2,4,0,0,0,2,0,2,87,4,2,1,2,0,17,10,17,6,14,4,0,0,0,144,1,0
C:\Users\user\Desktop\STUFF A LOT OF 'EM\er\Design_Pattern\ant\src\main\org\apache\tools\ant\taskdefs\Mkdir.java,org.apache.tools.ant.taskdefs.Mkdir,class,3,5,2,3,9,3,0,8,1,0.5,0.0,0.0,3,0,2,1,0,0,2,0,0,0,2,1,0,2,0,0,1,0,1,35,3,0,1,1,0,6,1,4,3,4,2,0,0,0,77,1,0
C:\Users\user\Desktop\STUFF A LOT OF 'EM\er\Design_Pattern\ant\src\testcases\org\apache\tools\mail\MailMessageTest.java,org.apache.tools.mail.MailMessageTest,class,3,3,0,3,29,2,0,21,0,0.5555556,0.0,0.0,9,0,9,0,0,0,9,0,0,0,2,1,0,2,0,0,0,0,1,421,0,1,1,8,0,221,30,50,44,49,3,0,2,0,127,1,0
C:\Users\user\Desktop\STUFF A LOT OF 'EM\er\Design_Pattern\ant\src\main\org\apache\tools\ant\taskdefs\optional\depend\constantpool\ConstantPoolEntry.java,org.apache.tools.ant.taskdefs.optional.depend.constantpool.ConstantPoolEntry,class,13,23,10,13,18,1,7,2,11,0.8163265,0.0,0.0,7,1,7,0,0,0,7,1,1,0,14,11,11,3,0,0,11,0,0,77,4,0,0,0,0,1,11,28,1,16,1,0,0,0,141,1025,0
C:\Users\user\Desktop\STUFF A LOT OF 'EM\er\Design_Pattern\ant\src\main\org\apache\tools\ant\taskdefs\optional\vss\MSVSSCHECKOUT.java,org.apache.tools.ant.taskdefs.optional.vss.MSVSSCHECKOUT,class,7,7,0,7,11,3,0,24,45,0.0,0.0,0.0,10,0,9,0,1,0,10,0,0,0,0,0,0,0,0,0,0,0,0,48,1,0,1,0,0,1,0,2,0,2,1,0,0,0,121,1,0
C:\Users\user\Desktop\STUFF A LOT OF 'EM\er\Design_Pattern\ant\src\testcases\org\apache\tools\ant\types\AddTypeTest.java,org.apache.tools.ant.types.AddTypeTest$MyValue,innerclass,0,0,0,0,2,1,0,0,0,0.0,0.0,0.0,2,0,2,0,0,0,2,0,0,0,1,0,0,1,0,0,0,0,0,9,1,0,0,0,0,1,0,2,0,1,0,0,0,0,10,9,0
C:\Users\user\Desktop\STUFF A LOT OF 'EM\er\Design_Pattern\ant\src\main\org\apache\tools\ant\taskdefs\Javadoc.java,org.apache.tools.ant.taskdefs.Javadoc$DocletParam,innerclass,0,0,0,0,4,1,0,0,2,0.5,0.0,0.0,4,0,4,0,0,0,4,0,0,0,2,0,0,2,0,0,0,0,0,16,2,0,0,0,0,0,0,2,0,2,0,0,0,0,30,1,0
C:\Users\user\Desktop\STUFF A LOT OF 'EM\er\Design_Pattern\ant\src\main\org\apache\tools\ant\types\FilterSet.java,org.apache.tools.ant.types.FilterSet,class,5,8,3,5,60,3,0,47,142,0.89285713,0.0,0.0,20,0,15,2,3,0,18,0,0,0,7,2,2,5,0,0,2,0,0,263,18,4,7,4,2,18,11,48,14,30,5,0,2,0,203,1,0
C:\Users\user\Desktop\STUFF A LOT OF 'EM\er\Design_Pattern\ant\src\testcases\org\apache\tools\ant\taskdefs\DynamicTask.java,org.apache.tools.ant.taskdefs.DynamicTask,class,3,3,0,3,3,2,0,2,3,0.0,0.0,0.0,3,0,3,0,0,0,3,0,0,0,0,0,0,0,0,0,0,0,0,18,1,0,0,0,0,0,0,0,0,0,0,0,1,0,14,1,0
C:\Users\user\Desktop\STUFF A LOT OF 'EM\er\Design_Pattern\ant\src\main\org\apache\tools\ant\taskdefs\optional\dotnet\DotnetBaseMatchingTask.java,org.apache.tools.ant.taskdefs.optional.dotnet.DotnetBaseMatchingTask,class,8,14,6,8,19,4,2,25,30,0.77777785,0.0,0.0,9,0,5,0,4,0,9,0,0,0,3,0,0,0,3,0,0,0,0,68,4,2,5,0,2,7,6,18,2,15,2,0,0,0,121,1,0
C:\Users\user\Desktop\STUFF A LOT OF 'EM\er\Design_Pattern\ant\src\testcases\org\apache\tools\ant\taskdefs\optional\ssh\ScpTest.java,org.apache.tools.ant.taskdefs.optional.ssh.ScpTest,class,7,8,1,7,13,2,0,36,24,0.7777778,0.0,0.0,9,0,4,3,2,0,6,0,0,0,5,0,0,5,0,0,0,0,6,96,2,3,1,0,0,19,2,26,4,26,1,0,0,0,116,1,0
C:\Users\user\Desktop\STUFF A LOT OF 'EM\er\Design_Pattern\ant\src\main\org\apache\tools\ant\taskdefs\optional\sitraka\bytecode\ClassPathLoader.java,org.apache.tools.ant.taskdefs.optional.sitraka.bytecode.DirectoryLoader,class,6,8,2,6,12,1,0,10,0,0.53333336,0.0,0.0,5,2,3,1,0,1,4,0,0,0,3,2,0,3,0,0,2,0,4,61,4,3,1,2,0,1,5,19,1,16,4,0,0,0,91,16,0
C:\Users\user\Desktop\STUFF A LOT OF 'EM\er\Design_Pattern\ant\src\main\org\apache\tools\ant\types\FilterSet.java,org.apache.tools.ant.types.FilterSet$FiltersFile,innerclass,1,1,0,1,2,1,0,1,1,0.0,0.0,0.0,2,0,2,0,0,0,2,0,0,0,0,0,0,0,0,0,0,0,0,7,0,0,0,0,0,0,0,0,0,0,0,0,0,0,19,1,0
C:\Users\user\Desktop\STUFF A LOT OF 'EM\er\Design_Pattern\ant\src\main\org\apache\tools\ant\taskdefs\Untar.java,org.apache.tools.ant.taskdefs.Untar$UntarCompressionMethod,innerclass,4,4,0,4,7,2,0,5,0,0.33333334,0.0,0.0,3,0,2,1,0,0,2,0,0,0,3,3,0,3,0,0,3,0,0,30,4,1,1,0,0,4,1,6,1,6,4,0,0,0,65,25,0
C:\Users\user\Desktop\STUFF A LOT OF 'EM\er\Design_Pattern\ant\src\main\org\apache\tools\ant\taskdefs\optional\sitraka\CovReport.java,org.apache.tools.ant.taskdefs.optional.sitraka.CovReport$Reference,innerclass,14,14,0,14,10,1,0,17,0,0.33333334,0.0,0.0,3,0,2,0,1,0,3,0,0,0,2,0,0,0,2,0,0,0,0,48,2,0,6,1,0,9,2,10,2,10,1,0,0,0,51,1,0
C:\Users\user\Desktop\STUFF A LOT OF 'EM\er\Design_Pattern\ant\src\main\org\apache\tools\ant\taskdefs\optional\ide\VAJImport.java,org.apache.tools.ant.taskdefs.optional.ide.VAJImport,class,9,10,1,9,15,5,0,18,12,0.7291667,0.0,0.0,8,0,7,0,1,0,8,0,0,0,6,0,0,0,6,0,0,0,0,66,1,1,3,1,0,3,2,15,0,10,2,0,1,0,139,1,0
C:\Users\user\Desktop\STUFF A LOT OF 'EM\er\Design_Pattern\ant\src\main\org\apache\tools\ant\taskdefs\optional\net\FTP.java,org.apache.tools.ant.taskdefs.optional.net.FTP,class,14,18,4,14,167,5,2,96,608,0.93021667,0.0,0.0,41,0,23,5,13,0,36,0,0,0,36,12,1,25,10,0,12,0,2,1190,17,9,48,12,13,115,42,133,54,95,4,0,2,0,522,1,0
C:\Users\user\Desktop\STUFF A LOT OF 'EM\er\Design_Pattern\ant\src\main\org\apache\tools\ant\taskdefs\optional\jlink\ClassNameReader.java,org.apache.tools.ant.taskdefs.optional.jlink.ConstantPool,class,1,2,1,1,14,1,0,7,0,0.0,NaN,NaN,1,0,0,0,0,1,1,0,0,0,3,1,0,0,0,3,1,0,0,46,0,1,0,0,0,0,13,25,0,17,2,0,0,0,54,0,0
C:\Users\user\Desktop\STUFF A LOT OF 'EM\er\Design_Pattern\ant\src\main\org\apache\tools\zip\ZipFile.java,org.apache.tools.zip.ZipFile,class,6,9,3,6,27,2,0,42,49,0.8095238,0.0,0.0,14,1,9,3,2,0,11,0,0,0,9,4,0,9,0,0,4,0,2,226,9,3,7,1,23,3,79,56,18,36,5,0,1,0,277,1,0
C:\Users\user\Desktop\STUFF A LOT OF 'EM\er\Design_Pattern\ant\src\main\org\apache\tools\ant\DirectoryScanner.java,org.apache.tools.ant.DirectoryScanner,class,9,56,47,9,167,1,7,71,1046,0.92569923,0.0,0.0,52,10,28,13,11,0,40,0,0,0,22,4,0,6,16,0,3,0,9,585,53,18,21,4,1,43,34,115,23,81,7,0,0,0,454,1,0
C:\Users\user\Desktop\STUFF A LOT OF 'EM\er\Design_Pattern\ant\src\main\org\apache\tools\ant\taskdefs\optional\ejb\IPlanetEjbc.java,org.apache.tools.ant.taskdefs.optional.ejb.IPlanetEjbc$RedirectOutput,innerclass,0,0,0,0,5,2,0,4,0,0.0,0.0,0.0,2,0,2,0,0,0,2,0,0,0,1,0,0,0,0,1,0,0,0,25,0,1,1,2,1,0,0,3,0,3,2,0,0,0,50,10,0
C:\Users\user\Desktop\STUFF A LOT OF 'EM\er\Design_Pattern\ant\src\etc\testcases\taskdefs\optional\depend\src4\test\ContainsOnlyInner.java,test.ContainsOnlyInner,class,1,2,1,1,1,1,0,1,0,0.0,NaN,NaN,1,0,0,0,0,1,1,0,0,0,0,0,0,0,0,0,0,0,0,5,0,0,0,0,0,0,0,0,0,0,0,0,0,0,4,1,0
C:\Users\user\Desktop\STUFF A LOT OF 'EM\er\Design_Pattern\ant\src\main\org\apache\tools\ant\taskdefs\optional\ccm\CCMCheck.java,org.apache.tools.ant.taskdefs.optional.ccm.CCMCheck,class,9,13,4,9,25,4,3,26,37,0.81818193,0.0,0.0,11,0,9,2,0,0,9,0,0,0,6,2,2,3,1,0,2,0,1,83,4,2,8,0,0,7,4,19,2,16,2,0,0,0,109,1,0
C:\Users\user\Desktop\STUFF A LOT OF 'EM\er\Design_Pattern\ant\src\main\org\apache\tools\ant\taskdefs\optional\ejb\WLStop.java,org.apache.tools.ant.taskdefs.optional.ejb.WLStop,class,6,6,0,6,13,3,0,10,12,0.7291667,0.0,0.0,8,0,8,0,0,0,8,0,0,0,6,0,0,6,0,0,0,0,1,53,1,0,5,0,0,12,1,12,2,8,1,0,0,0,124,1,0
C:\Users\user\Desktop\STUFF A LOT OF 'EM\er\Design_Pattern\ant\src\main\org\apache\tools\ant\taskdefs\optional\ide\VAJToolsServlet.java,org.apache.tools.ant.taskdefs.optional.ide.VAJToolsServlet,class,9,13,4,9,17,3,3,15,24,0.9191919,0.0,0.0,9,0,1,0,7,1,9,1,0,0,11,8,8,0,0,3,8,0,0,97,8,0,3,2,3,15,1,15,2,15,3,0,1,0,104,1025,0
C:\Users\user\Desktop\STUFF A LOT OF 'EM\er\Design_Pattern\ant\src\testcases\org\apache\tools\ant\taskdefs\PreSetDefTest.java,org.apache.tools.ant.taskdefs.PreSetDefTest,class,2,2,0,2,11,4,0,2,55,0.0,0.0,0.0,11,0,11,0,0,0,11,0,0,0,0,0,0,0,0,0,0,0,0,55,0,0,0,0,0,19,0,0,0,0,0,0,2,0,33,1,0
C:\Users\user\Desktop\STUFF A LOT OF 'EM\er\Design_Pattern\ant\src\main\org\apache\tools\ant\taskdefs\compilers\DefaultCompilerAdapter.java,org.apache.tools.ant.taskdefs.compilers.DefaultCompilerAdapter,class,13,24,11,13,66,1,10,76,63,0.8647345,0.0,0.0,18,0,2,0,16,0,18,0,0,0,23,1,0,1,22,0,1,0,3,305,14,2,19,4,7,56,12,57,12,42,5,0,0,0,189,1025,0
C:\Users\user\Desktop\STUFF A LOT OF 'EM\er\Design_Pattern\ant\src\main\org\apache\tools\ant\taskdefs\optional\ssh\SSHUserInfo.java,org.apache.tools.ant.taskdefs.optional.ssh.SSHUserInfo,class,1,4,3,1,20,1,0,0,135,0.8596491,0.0,0.0,19,0,19,0,0,0,19,0,0,0,6,0,0,6,0,0,0,0,0,71,12,0,0,0,0,0,0,12,0,6,1,0,0,0,39,1,0
C:\Users\user\Desktop\STUFF A LOT OF 'EM\er\Design_Pattern\ant\src\main\org\apache\tools\ant\taskdefs\optional\jsp\JspNameMangler.java,org.apache.tools.ant.taskdefs.optional.jsp.JspNameMangler,class,3,5,2,3,14,1,0,15,10,0.8,0.0,0.0,5,1,2,3,0,0,2,0,1,0,1,1,1,0,0,0,1,0,5,65,5,4,1,0,0,51,12,21,4,15,2,0,0,0,88,1,0
C:\Users\user\Desktop\STUFF A LOT OF 'EM\er\Design_Pattern\ant\src\main\org\apache\tools\ant\types\selectors\DateSelector.java,org.apache.tools.ant.types.selectors.DateSelector$TimeComparisons,innerclass,1,1,0,1,1,2,0,0,0,0.0,NaN,NaN,1,0,1,0,0,0,1,0,0,0,0,0,0,0,0,0,0,0,0,5,1,0,0,0,0,3,0,0,0,0,0,0,0,0,16,9,0
C:\Users\user\Desktop\STUFF A LOT OF 'EM\er\Design_Pattern\ant\src\testcases\org\apache\tools\ant\taskdefs\MacroDefTest.java,org.apache.tools.ant.taskdefs.MacroDefTest,class,1,1,0,1,21,3,0,5,210,0.0,0.0,0.0,21,0,21,0,0,0,21,0,0,0,0,0,0,0,0,0,0,0,0,65,0,0,0,0,0,41,0,0,0,0,0,0,0,0,67,1,0
C:\Users\user\Desktop\STUFF A LOT OF 'EM\er\Design_Pattern\ant\src\main\org\apache\tools\ant\input\DefaultInputHandler.java,org.apache.tools.ant.input.DefaultInputHandler,class,6,9,3,6,11,1,0,16,6,0.0,0.0,0.0,4,0,2,0,2,0,4,0,0,0,0,0,0,0,0,0,0,0,0,55,2,2,1,3,1,6,0,10,1,7,3,0,0,0,69,1,0
C:\Users\user\Desktop\STUFF A LOT OF 'EM\er\Design_Pattern\ant\src\testcases\org\apache\tools\ant\types\XMLCatalogBuildFileTest.java,org.apache.tools.ant.types.XMLCatalogBuildFileTest,class,1,1,0,1,7,2,0,2,21,0.0,0.0,0.0,7,0,7,0,0,0,7,0,0,0,0,0,0,0,0,0,0,0,0,25,0,0,0,0,0,16,0,0,0,0,0,0,0,0,34,1,0
C:\Users\user\Desktop\STUFF A LOT OF 'EM\er\Design_Pattern\ant\src\main\org\apache\tools\ant\taskdefs\optional\XalanLiaison.java,org.apache.tools.ant.taskdefs.optional.XalanLiaison,class,4,5,1,4,10,1,0,7,0,0.375,0.0,0.0,4,0,4,0,0,0,4,0,0,0,2,0,0,0,2,0,0,0,0,52,0,0,3,4,0,0,0,11,0,8,3,0,0,0,38,1,0
C:\Users\user\Desktop\STUFF A LOT OF 'EM\er\Design_Pattern\ant\src\main\org\apache\tools\ant\taskdefs\optional\perforce\P4Edit.java,org.apache.tools.ant.taskdefs.optional.perforce.P4Edit,class,3,3,0,3,4,2,0,1,0,0.0,0.0,0.0,2,0,2,0,0,0,2,0,0,0,1,0,1,0,0,0,0,0,0,15,0,0,2,0,0,4,0,3,2,1,1,0,0,0,73,1,0
C:\Users\user\Desktop\STUFF A LOT OF 'EM\er\Design_Pattern\ant\src\main\org\apache\tools\ant\taskdefs\Javadoc.java,org.apache.tools.ant.taskdefs.Javadoc$GroupArgument,innerclass,3,3,0,3,11,1,0,13,17,0.71428573,0.0,0.0,7,0,7,0,0,0,7,0,0,0,2,0,0,2,0,0,0,0,0,39,2,2,1,0,0,2,2,8,0,8,2,0,0,0,24,1,0
C:\Users\user\Desktop\STUFF A LOT OF 'EM\er\Design_Pattern\ant\src\testcases\org\apache\tools\ant\filters\DynamicFilterTest.java,org.apache.tools.ant.filters.DynamicFilterTest,class,4,5,1,4,14,3,0,12,45,0.0,0.0,0.0,10,0,4,6,0,0,4,0,0,0,0,0,0,0,0,0,0,0,2,67,2,0,1,2,0,15,3,3,3,2,2,0,1,0,46,1,0
C:\Users\user\Desktop\STUFF A LOT OF 'EM\er\Design_Pattern\ant\src\etc\testcases\taskdefs\optional\depend\src5\A.java,A,class,1,4,1,3,0,1,0,0,0,NaN,-1.0,-1.0,0,0,0,0,0,0,0,0,0,0,1,0,0,0,0,1,0,0,0,3,0,0,0,0,0,0,0,1,0,1,0,0,0,0,3,1,0
C:\Users\user\Desktop\STUFF A LOT OF 'EM\er\Design_Pattern\ant\src\etc\testcases\taskdefs\optional\depend\src5\B.java,B,class,0,5,4,1,0,1,6,0,0,0.0,-1.0,-1.0,0,0,0,0,0,0,0,0,0,0,0,0,0,0,0,0,0,0,0,2,0,0,0,0,0,0,0,0,0,0,0,0,0,0,1,1,0
C:\Users\user\Desktop\STUFF A LOT OF 'EM\er\Design_Pattern\ant\src\etc\testcases\taskdefs\optional\depend\src1\C.java,C,class,0,1,1,0,0,1,1,0,0,0.0,-1.0,-1.0,0,0,0,0,0,0,0,0,0,0,0,0,0,0,0,0,0,0,0,2,0,0,0,0,0,0,0,0,0,0,0,0,0,0,1,1,0
C:\Users\user\Desktop\STUFF A LOT OF 'EM\er\Design_Pattern\ant\src\main\org\apache\tools\ant\taskdefs\condition\Not.java,org.apache.tools.ant.taskdefs.condition.Not,class,3,4,1,3,3,3,0,4,0,0.0,NaN,NaN,1,0,1,0,0,0,1,0,0,0,0,0,0,0,0,0,0,0,0,11,1,0,0,0,1,3,2,0,1,0,1,0,0,0,34,1,0
C:\Users\user\Desktop\STUFF A LOT OF 'EM\er\Design_Pattern\ant\src\main\org\apache\tools\ant\taskdefs\cvslib\ChangeLogWriter.java,org.apache.tools.ant.taskdefs.cvslib.ChangeLogWriter,class,3,5,2,3,6,1,0,17,1,0.5,0.0,0.0,2,0,1,1,0,0,2,0,0,0,2,2,0,2,0,0,2,0,1,40,0,2,1,0,0,24,1,8,7,8,2,0,0,0,60,0,0
C:\Users\user\Desktop\STUFF A LOT OF 'EM\er\Design_Pattern\ant\src\etc\testcases\taskdefs\optional\depend\src1\D.java,D,class,0,1,1,0,0,1,0,0,0,0.0,-1.0,-1.0,0,0,0,0,0,0,0,0,0,0,0,0,0,0,0,0,0,0,0,2,0,0,0,0,0,0,0,0,0,0,0,0,0,0,1,1,0
C:\Users\user\Desktop\STUFF A LOT OF 'EM\er\Design_Pattern\ant\src\etc\testcases\taskdefs\optional\depend\src1\E.java,E,class,1,1,0,1,1,1,0,1,0,0.0,NaN,NaN,1,0,0,0,0,1,1,0,0,0,0,0,0,0,0,0,0,0,0,5,0,0,0,0,0,0,0,0,0,0,0,0,0,0,1,1,0
C:\Users\user\Desktop\STUFF A LOT OF 'EM\er\Design_Pattern\ant\src\main\org\apache\tools\ant\taskdefs\optional\extension\resolvers\AntResolver.java,org.apache.tools.ant.taskdefs.optional.extension.resolvers.AntResolver,class,6,8,2,6,10,1,0,11,0,0.44444445,0.0,0.0,6,0,5,1,0,0,5,0,0,0,3,0,0,3,0,0,0,0,0,45,2,0,3,1,0,6,0,7,1,7,1,0,0,0,35,1,0
C:\Users\user\Desktop\STUFF A LOT OF 'EM\er\Design_Pattern\ant\src\testcases\org\apache\tools\ant\taskdefs\optional\PvcsTest.java,org.apache.tools.ant.taskdefs.optional.PvcsTest,class,1,1,0,1,8,2,0,3,28,0.0,0.0,0.0,8,0,8,0,0,0,8,0,0,0,0,0,0,0,0,0,0,0,0,26,0,0,0,0,0,9,0,0,0,0,0,0,0,0,41,1,0
C:\Users\user\Desktop\STUFF A LOT OF 'EM\er\Design_Pattern\ant\src\main\org\apache\tools\ant\taskdefs\Javadoc.java,org.apache.tools.ant.taskdefs.Javadoc$DocletInfo,innerclass,2,2,0,2,2,3,0,2,0,0.0,0.0,0.0,2,0,2,0,0,0,2,0,0,0,1,0,0,1,0,0,0,0,0,11,2,0,0,0,0,0,0,2,0,2,0,0,0,0,29,1,0
C:\Users\user\Desktop\STUFF A LOT OF 'EM\er\Design_Pattern\ant\src\main\org\apache\tools\ant\taskdefs\Rmic.java,org.apache.tools.ant.taskdefs.Rmic$ImplementationSpecificArgument,innerclass,1,1,0,1,1,4,0,1,0,0.0,NaN,NaN,1,0,1,0,0,0,1,0,0,0,0,0,0,0,0,0,0,0,0,5,0,0,0,0,0,0,0,0,0,0,0,0,0,0,39,1,0
C:\Users\user\Desktop\STUFF A LOT OF 'EM\er\Design_Pattern\ant\src\main\org\apache\tools\ant\taskdefs\AbstractCvsTask.java,org.apache.tools.ant.taskdefs.AbstractCvsTask,class,11,16,5,11,99,3,4,61,773,0.9444446,0.0,0.0,42,0,33,1,8,0,41,0,0,0,24,3,1,23,0,0,3,0,9,359,14,2,25,6,1,31,13,55,12,41,3,0,0,0,322,1025,0
C:\Users\user\Desktop\STUFF A LOT OF 'EM\er\Design_Pattern\ant\src\testcases\org\apache\tools\ant\types\selectors\BaseSelectorTest.java,org.apache.tools.ant.types.selectors.BaseSelectorTest$TaskdefForMakingBed,innerclass,1,1,0,1,6,2,0,2,15,0.0,0.0,0.0,6,0,5,0,0,1,6,0,0,0,0,0,0,0,0,0,0,0,0,20,0,0,0,0,0,5,0,0,0,0,0,0,0,0,23,2,0
C:\Users\user\Desktop\STUFF A LOT OF 'EM\er\Design_Pattern\ant\src\testcases\org\apache\tools\ant\taskdefs\TypedefTest.java,org.apache.tools.ant.taskdefs.TypedefTest,class,1,1,0,1,9,2,0,10,36,0.0,0.0,0.0,9,0,9,0,0,0,9,0,0,0,0,0,0,0,0,0,0,0,0,35,0,0,0,0,0,21,0,2,0,2,0,0,0,0,53,1,0
C:\Users\user\Desktop\STUFF A LOT OF 'EM\er\Design_Pattern\ant\src\main\org\apache\tools\ant\taskdefs\CVSPass.java,org.apache.tools.ant.taskdefs.CVSPass,class,4,5,1,4,16,3,0,16,1,0.625,0.0,0.0,6,0,5,1,0,0,5,0,2,0,4,0,0,4,0,0,1,0,2,69,1,2,5,2,1,10,257,18,6,11,4,0,0,0,65,1,0
C:\Users\user\Desktop\STUFF A LOT OF 'EM\er\Design_Pattern\ant\src\main\org\apache\tools\ant\taskdefs\optional\depend\constantpool\FieldRefCPInfo.java,org.apache.tools.ant.taskdefs.optional.depend.constantpool.FieldRefCPInfo,class,4,6,2,4,8,2,0,9,3,0.5714286,0.0,0.0,7,0,7,0,0,0,7,0,0,0,5,0,0,5,0,0,0,0,0,43,4,0,0,0,0,5,1,9,2,8,1,0,0,0,71,1,0
C:\Users\user\Desktop\STUFF A LOT OF 'EM\er\Design_Pattern\ant\src\main\org\apache\tools\ant\types\selectors\modifiedselector\Cache.java,org.apache.tools.ant.types.selectors.modifiedselector.Cache,interface,0,2,2,0,7,1,0,0,21,0.0,0.0,0.0,7,0,0,0,0,7,7,0,0,0,0,0,0,0,0,0,0,0,0,9,0,0,0,0,0,0,0,0,0,0,0,0,0,0,76,1,0
C:\Users\user\Desktop\STUFF A LOT OF 'EM\er\Design_Pattern\ant\src\main\org\apache\tools\tar\TarEntry.java,org.apache.tools.tar.TarEntry,class,4,9,5,4,62,1,0,39,315,0.8511278,0.0,0.0,35,0,34,1,0,0,34,0,0,0,19,4,4,15,0,0,4,0,29,267,22,4,10,0,4,14,33,111,7,34,4,0,0,0,223,1,0
C:\Users\user\Desktop\STUFF A LOT OF 'EM\er\Design_Pattern\ant\src\testcases\org\apache\tools\ant\types\selectors\FilenameSelectorTest.java,org.apache.tools.ant.types.selectors.FilenameSelectorTest,class,6,7,1,6,6,3,0,13,6,1.0,0.0,0.0,4,0,4,0,0,0,4,0,0,0,1,0,0,1,0,0,0,0,0,67,1,0,0,3,0,16,4,16,0,8,1,0,0,0,65,1,0
C:\Users\user\Desktop\STUFF A LOT OF 'EM\er\Design_Pattern\ant\src\main\org\apache\tools\ant\taskdefs\optional\ejb\IPlanetEjbc.java,org.apache.tools.ant.taskdefs.optional.ejb.IPlanetEjbc,class,9,13,4,9,55,5,0,54,76,0.84583336,0.0,0.0,16,2,10,5,1,0,11,0,0,0,15,3,0,15,0,0,3,0,5,727,11,6,9,3,2,64,11,65,14,47,2,0,5,0,317,1,0
C:\Users\user\Desktop\STUFF A LOT OF 'EM\er\Design_Pattern\ant\src\main\org\apache\tools\ant\taskdefs\optional\dotnet\VisualBasicCompile.java,org.apache.tools.ant.taskdefs.optional.dotnet.VisualBasicCompile,class,6,7,1,6,38,6,0,17,253,0.8461538,0.0,0.0,26,0,19,0,7,0,26,0,0,0,6,0,0,6,0,0,0,0,0,126,20,0,7,0,3,22,2,16,6,6,1,0,0,0,224,1,0
C:\Users\user\Desktop\STUFF A LOT OF 'EM\er\Design_Pattern\ant\src\main\org\apache\tools\ant\taskdefs\optional\extension\resolvers\URLResolver.java,org.apache.tools.ant.taskdefs.optional.extension.resolvers.URLResolver,class,6,8,2,6,16,1,0,10,0,0.47619048,0.0,0.0,7,0,5,2,0,0,5,0,0,0,3,0,0,3,0,0,0,0,0,60,4,0,8,0,0,7,3,14,1,11,3,0,0,0,40,1,0
C:\Users\user\Desktop\STUFF A LOT OF 'EM\er\Design_Pattern\ant\src\testcases\org\apache\tools\ant\taskdefs\AntStructureTest.java,org.apache.tools.ant.taskdefs.AntStructureTest,class,1,1,0,1,3,3,0,2,3,0.0,0.0,0.0,3,0,3,0,0,0,3,0,0,0,0,0,0,0,0,0,0,0,0,11,0,0,0,0,0,3,0,0,0,0,0,0,0,0,18,1,0
C:\Users\user\Desktop\STUFF A LOT OF 'EM\er\Design_Pattern\ant\src\main\org\apache\tools\ant\taskdefs\Move.java,org.apache.tools.ant.taskdefs.Move,class,8,9,1,8,52,4,0,37,21,0.0,0.0,0.0,7,0,1,2,4,0,5,0,0,0,0,0,0,0,0,0,0,0,0,182,6,8,8,3,5,37,13,42,17,36,5,0,0,0,160,1,0
C:\Users\user\Desktop\STUFF A LOT OF 'EM\er\Design_Pattern\ant\src\main\org\apache\tools\zip\ZipOutputStream.java,org.apache.tools.zip.ZipOutputStream,class,5,8,3,5,66,3,0,70,142,0.8798077,0.0,0.0,24,1,15,0,9,0,24,0,3,0,26,9,2,18,6,0,9,0,5,340,8,3,31,3,50,14,84,92,21,44,4,0,0,0,279,1,0
C:\Users\user\Desktop\STUFF A LOT OF 'EM\er\Design_Pattern\ant\src\main\org\apache\tools\ant\taskdefs\Definer.java,org.apache.tools.ant.taskdefs.Definer,class,14,16,2,14,55,8,1,50,134,0.86111116,0.0,0.0,21,0,13,4,4,0,17,0,0,0,12,1,0,12,0,0,0,0,7,286,11,2,14,8,3,29,0,42,15,27,5,1,3,0,173,1025,0
C:\Users\user\Desktop\STUFF A LOT OF 'EM\er\Design_Pattern\ant\src\testcases\org\apache\tools\ant\types\AddTypeTest.java,org.apache.tools.ant.types.AddTypeTest$NestedContainer,innerclass,4,4,0,4,3,2,0,1,3,0.0,0.0,0.0,3,0,3,0,0,0,3,0,0,0,0,0,0,0,0,0,0,0,0,11,0,0,0,0,0,3,0,0,0,0,0,0,0,0,9,9,0
C:\Users\user\Desktop\STUFF A LOT OF 'EM\er\Design_Pattern\ant\src\main\org\apache\tools\ant\taskdefs\optional\dotnet\DotnetCompile.java,org.apache.tools.ant.taskdefs.optional.dotnet.DotnetCompile,class,13,17,4,13,100,6,3,63,1805,0.952381,0.0,0.0,63,1,38,0,25,0,63,4,0,0,21,2,0,10,11,0,2,0,1,356,44,4,16,0,3,36,12,62,15,42,3,0,1,0,407,1025,0
C:\Users\user\Desktop\STUFF A LOT OF 'EM\er\Design_Pattern\ant\src\main\org\apache\tools\ant\taskdefs\MatchingTask.java,org.apache.tools.ant.taskdefs.MatchingTask,class,28,56,28,28,49,3,25,50,0,0.048780486,0.0,0.0,41,0,39,0,2,0,41,0,1,0,1,0,0,0,1,0,0,0,0,146,11,2,2,0,0,12,2,4,4,4,3,0,0,0,189,1025,0
C:\Users\user\Desktop\STUFF A LOT OF 'EM\er\Design_Pattern\ant\src\testcases\org\apache\tools\ant\taskdefs\optional\splash\SplashScreenTest.java,org.apache.tools.ant.taskdefs.optional.splash.SplashScreenTest,class,2,2,0,2,3,1,0,7,0,0.0,NaN,NaN,1,1,1,0,0,0,1,0,0,0,0,0,0,0,0,0,0,0,5,22,0,0,0,2,0,2,3,2,0,2,1,0,0,0,31,1,0
C:\Users\user\Desktop\STUFF A LOT OF 'EM\er\Design_Pattern\ant\src\main\org\apache\tools\ant\taskdefs\optional\ccm\CCMCheckin.java,org.apache.tools.ant.taskdefs.optional.ccm.CCMCheckin,class,2,2,0,2,1,5,0,2,0,0.0,NaN,NaN,1,0,1,0,0,0,1,0,0,0,0,0,0,0,0,0,0,0,0,7,0,0,0,0,0,1,0,0,1,0,0,0,0,0,25,1,0
C:\Users\user\Desktop\STUFF A LOT OF 'EM\er\Design_Pattern\ant\src\main\org\apache\tools\ant\taskdefs\optional\jlink\jlink.java,org.apache.tools.ant.taskdefs.optional.jlink.jlink,class,3,5,2,3,57,1,0,59,120,0.9375,0.0,0.0,16,1,8,8,0,0,8,0,0,0,5,0,0,4,0,1,0,0,3,247,13,10,9,7,5,13,24,52,6,44,4,0,0,0,133,1,0
C:\Users\user\Desktop\STUFF A LOT OF 'EM\er\Design_Pattern\ant\src\main\org\apache\tools\ant\filters\ConcatFilter.java,org.apache.tools.ant.filters.ConcatFilter,class,6,7,1,6,24,5,0,18,22,0.72222227,0.0,0.0,9,0,8,1,0,0,8,0,0,0,4,0,0,4,0,0,0,0,0,84,4,1,9,0,0,2,6,17,0,8,3,0,0,0,114,17,0
C:\Users\user\Desktop\STUFF A LOT OF 'EM\er\Design_Pattern\ant\src\main\org\apache\tools\tar\TarUtils.java,org.apache.tools.tar.TarUtils,class,2,4,2,2,23,1,0,5,21,0.0,0.0,0.0,7,7,7,0,0,0,7,0,0,0,0,0,0,0,0,0,0,0,3,84,7,7,6,0,4,0,24,26,25,13,3,0,0,0,64,1,0
C:\Users\user\Desktop\STUFF A LOT OF 'EM\er\Design_Pattern\ant\src\main\org\apache\tools\ant\util\facade\ImplementationSpecificArgument.java,org.apache.tools.ant.util.facade.ImplementationSpecificArgument,class,1,6,5,1,5,3,4,2,1,0.33333334,0.0,0.0,3,0,3,0,0,0,3,0,1,0,1,0,0,1,0,0,0,0,0,17,2,0,1,0,0,0,1,1,0,1,1,0,0,0,21,1,0
C:\Users\user\Desktop\STUFF A LOT OF 'EM\er\Design_Pattern\ant\src\main\org\apache\tools\ant\taskdefs\ExecuteOn.java,org.apache.tools.ant.taskdefs.ExecuteOn$ExtendedDirectoryScanner,innerclass,1,1,0,1,4,2,0,1,1,0.0,0.0,0.0,2,0,2,0,0,0,2,0,0,0,0,0,0,0,0,0,0,0,0,10,2,0,2,0,0,0,0,0,0,0,1,0,0,0,14,2,0
C:\Users\user\Desktop\STUFF A LOT OF 'EM\er\Design_Pattern\ant\src\main\org\apache\tools\ant\taskdefs\XSLTLoggerAware.java,org.apache.tools.ant.taskdefs.XSLTLoggerAware,interface,1,3,2,1,1,1,0,0,0,0.0,NaN,NaN,1,0,0,0,0,1,1,0,0,0,0,0,0,0,0,0,0,0,0,3,0,0,0,0,0,0,0,0,0,0,0,0,0,0,9,1,0
C:\Users\user\Desktop\STUFF A LOT OF 'EM\er\Design_Pattern\ant\src\main\org\apache\tools\ant\taskdefs\Execute.java,org.apache.tools.ant.taskdefs.Execute$MacCommandLauncher,innerclass,3,3,0,3,3,3,0,4,1,0.0,0.0,0.0,2,0,1,0,0,1,2,0,0,0,0,0,0,0,0,0,0,0,2,17,2,0,1,1,0,2,0,0,0,0,1,0,0,0,50,10,0
C:\Users\user\Desktop\STUFF A LOT OF 'EM\er\Design_Pattern\ant\src\main\org\apache\tools\ant\taskdefs\optional\depend\constantpool\Utf8CPInfo.java,org.apache.tools.ant.taskdefs.optional.depend.constantpool.Utf8CPInfo,class,1,6,5,1,4,2,0,1,0,0.25,0.0,0.0,4,0,4,0,0,0,4,0,0,0,1,0,0,1,0,0,0,0,0,15,2,0,0,0,0,1,1,1,1,1,0,0,0,0,50,1,0
C:\Users\user\Desktop\STUFF A LOT OF 'EM\er\Design_Pattern\ant\src\main\org\apache\tools\ant\listener\MailLogger.java,org.apache.tools.ant.listener.MailLogger,class,9,10,1,9,26,2,0,56,13,0.6666667,0.0,0.0,6,0,1,4,1,0,2,0,0,0,1,0,0,1,0,0,0,0,5,129,4,4,5,4,2,33,2,36,6,33,4,0,0,0,163,1,0
C:\Users\user\Desktop\STUFF A LOT OF 'EM\er\Design_Pattern\ant\src\main\org\apache\tools\ant\taskdefs\optional\net\TelnetTask.java,org.apache.tools.ant.taskdefs.optional.net.TelnetTask$TelnetSubTask,innerclass,5,5,0,5,3,1,0,3,3,0.6666667,0.0,0.0,3,0,3,0,0,0,3,0,0,0,1,0,0,0,1,0,0,0,0,12,0,0,0,0,0,2,0,2,0,1,0,0,0,0,39,1,0
C:\Users\user\Desktop\STUFF A LOT OF 'EM\er\Design_Pattern\ant\src\etc\testcases\taskdefs\fixcrlf\input\Junk9.java,Junk1,class,0,0,0,0,2,1,0,1,0,0.0,NaN,NaN,1,1,1,0,0,0,1,0,0,0,1,0,1,0,0,0,0,0,0,9,0,0,0,0,0,1,0,1,0,2,1,0,0,0,7,1,0
C:\Users\user\Desktop\STUFF A LOT OF 'EM\er\Design_Pattern\ant\src\testcases\org\apache\tools\ant\ProjectTest.java,org.apache.tools.ant.ProjectTest$DummyTaskPrivate,innerclass,1,1,0,1,2,2,0,0,1,0.0,0.0,0.0,2,0,2,0,0,0,2,0,0,0,0,0,0,0,0,0,0,0,0,6,0,0,0,0,0,0,0,0,0,0,0,0,0,0,4,2,0
C:\Users\user\Desktop\STUFF A LOT OF 'EM\er\Design_Pattern\ant\src\main\org\apache\tools\ant\taskdefs\optional\jsp\compilers\JspCompilerAdapterFactory.java,org.apache.tools.ant.taskdefs.optional.jsp.compilers.JspCompilerAdapterFactory,class,10,12,2,10,9,1,0,7,6,0.0,0.0,0.0,4,3,2,2,0,0,2,0,0,0,0,0,0,0,0,0,0,0,2,32,5,0,0,1,0,7,0,2,3,2,1,0,0,0,98,1,0
C:\Users\user\Desktop\STUFF A LOT OF 'EM\er\Design_Pattern\ant\src\testcases\org\apache\tools\ant\IncludeTest.java,org.apache.tools.ant.IncludeTest,class,1,1,0,1,19,3,0,11,78,0.0,0.0,0.0,13,0,13,0,0,0,13,0,0,0,0,0,0,0,0,0,0,0,0,77,0,0,0,4,0,46,2,0,6,0,1,0,0,0,69,1,0
C:\Users\user\Desktop\STUFF A LOT OF 'EM\er\Design_Pattern\ant\src\testcases\org\apache\tools\ant\taskdefs\ExecuteOnTest.java,org.apache.tools.ant.taskdefs.ExecuteOnTest,class,3,4,1,3,199,3,0,21,435,0.98333335,0.0,0.0,30,0,26,4,0,0,26,0,0,0,2,2,0,2,0,0,2,0,2,477,18,0,18,2,0,384,90,153,183,151,3,0,0,0,111,1,0
C:\Users\user\Desktop\STUFF A LOT OF 'EM\er\Design_Pattern\ant\src\main\org\apache\tools\ant\taskdefs\Javadoc.java,org.apache.tools.ant.taskdefs.Javadoc$Html,innerclass,0,0,0,0,2,1,0,2,0,0.0,0.0,0.0,2,0,2,0,0,0,2,0,0,0,1,0,0,1,0,0,0,0,0,9,1,0,0,0,0,0,1,1,0,1,0,0,0,0,32,9,0
C:\Users\user\Desktop\STUFF A LOT OF 'EM\er\Design_Pattern\ant\src\main\org\apache\tools\ant\taskdefs\Property.java,org.apache.tools.ant.taskdefs.Property,class,6,11,5,6,86,2,0,53,443,0.8831169,0.0,0.0,35,0,25,2,8,0,33,0,0,0,11,0,0,1,10,0,0,0,1,318,11,4,36,7,4,28,4,50,17,38,5,0,0,0,284,1,0
C:\Users\user\Desktop\STUFF A LOT OF 'EM\er\Design_Pattern\ant\src\main\org\apache\tools\ant\filters\TokenFilter.java,org.apache.tools.ant.filters.TokenFilter$ContainsString,innerclass,3,3,0,3,4,2,0,1,0,0.0,0.0,0.0,2,0,2,0,0,0,2,0,0,0,1,0,0,1,0,0,0,0,0,15,2,0,1,0,0,1,1,1,0,1,1,0,0,0,28,9,0
C:\Users\user\Desktop\STUFF A LOT OF 'EM\er\Design_Pattern\ant\src\main\org\apache\tools\ant\taskdefs\optional\Javah.java,org.apache.tools.ant.taskdefs.optional.Javah,class,9,10,1,9,51,3,0,38,109,0.85858595,0.0,0.0,18,0,15,2,1,0,16,0,0,0,11,1,0,11,0,0,0,0,3,214,4,2,16,2,5,34,7,42,8,28,2,0,1,0,222,1,0
C:\Users\user\Desktop\STUFF A LOT OF 'EM\er\Design_Pattern\ant\src\main\org\apache\tools\ant\util\ClasspathUtils.java,org.apache.tools.ant.util.ClasspathUtils,class,8,10,2,8,23,1,0,14,36,0.8888889,0.0,0.0,9,9,8,1,0,0,8,0,0,0,2,2,1,1,0,0,2,0,6,133,9,0,6,1,2,14,0,12,6,10,2,0,1,0,219,1,0
C:\Users\user\Desktop\STUFF A LOT OF 'EM\er\Design_Pattern\ant\src\main\org\apache\tools\ant\taskdefs\BUnzip2.java,org.apache.tools.ant.taskdefs.BUnzip2,class,4,4,0,4,15,2,0,12,1,0.5,0.0,0.0,2,0,0,0,2,0,2,0,0,0,1,1,0,1,0,0,1,0,0,70,1,1,7,5,0,6,6,15,3,9,4,0,0,0,69,1,0
C:\Users\user\Desktop\STUFF A LOT OF 'EM\er\Design_Pattern\ant\src\main\org\apache\tools\ant\TypeAdapter.java,org.apache.tools.ant.TypeAdapter,interface,1,4,3,1,5,1,0,0,10,0.0,0.0,0.0,5,0,0,0,0,5,5,0,0,0,0,0,0,0,0,0,0,0,0,7,0,0,0,0,0,0,0,0,0,0,0,0,0,0,54,1,0
C:\Users\user\Desktop\STUFF A LOT OF 'EM\er\Design_Pattern\ant\src\main\org\apache\tools\ant\types\CommandlineJava.java,org.apache.tools.ant.types.CommandlineJava,class,12,15,3,12,62,2,0,44,387,0.8507937,0.0,0.0,35,0,31,1,3,0,34,0,0,0,9,0,0,9,0,0,0,0,5,291,25,0,11,1,0,15,4,29,6,15,3,0,1,0,216,1,0
C:\Users\user\Desktop\STUFF A LOT OF 'EM\er\Design_Pattern\ant\src\main\org\apache\tools\bzip2\CRC.java,org.apache.tools.bzip2.CRC,class,1,4,3,1,7,1,0,1,15,0.8333333,0.0,0.0,6,0,1,0,0,5,6,0,0,0,2,1,1,0,0,1,0,0,0,26,2,0,0,0,2,0,261,6,3,3,1,0,0,0,24,0,0
C:\Users\user\Desktop\STUFF A LOT OF 'EM\er\Design_Pattern\ant\src\main\org\apache\tools\ant\taskdefs\optional\sos\SOSCmd.java,org.apache.tools.ant.taskdefs.optional.sos.SOSCmd,interface,0,1,1,0,0,1,0,0,0,NaN,-1.0,-1.0,0,0,0,0,0,0,0,0,0,0,26,0,0,0,0,26,0,0,0,28,0,0,0,0,0,26,0,26,0,26,0,0,0,0,34,1,0
C:\Users\user\Desktop\STUFF A LOT OF 'EM\er\Design_Pattern\ant\src\main\org\apache\tools\ant\types\selectors\FilenameSelector.java,org.apache.tools.ant.types.selectors.FilenameSelector,class,5,10,5,5,18,5,0,15,8,0.7291667,0.0,0.0,8,0,8,0,0,0,8,0,0,0,6,3,3,3,0,0,3,0,1,72,2,1,3,0,2,14,1,14,1,9,3,0,0,0,147,1,0
C:\Users\user\Desktop\STUFF A LOT OF 'EM\er\Design_Pattern\ant\src\main\org\apache\tools\ant\types\selectors\SelectorContainer.java,org.apache.tools.ant.types.selectors.SelectorContainer,interface,20,22,2,20,24,1,0,0,276,0.0,0.0,0.0,24,0,0,0,0,24,24,0,0,0,0,0,0,0,0,0,0,0,0,26,0,0,0,0,0,0,0,0,0,0,0,0,0,0,88,1,0
C:\Users\user\Desktop\STUFF A LOT OF 'EM\er\Design_Pattern\ant\src\main\org\apache\tools\ant\taskdefs\cvslib\RedirectingOutputStream.java,org.apache.tools.ant.taskdefs.cvslib.RedirectingOutputStream,class,2,3,1,2,2,3,0,1,0,0.0,0.0,0.0,2,0,1,0,1,0,2,0,0,0,1,0,0,1,0,0,1,0,0,10,0,0,0,0,0,0,1,1,0,1,0,0,0,0,29,0,0
C:\Users\user\Desktop\STUFF A LOT OF 'EM\er\Design_Pattern\ant\src\main\org\apache\tools\ant\taskdefs\optional\sitraka\CovBase.java,org.apache.tools.ant.taskdefs.optional.sitraka.CovBase,class,2,6,4,2,15,2,3,6,0,0.5714286,0.0,0.0,7,0,1,0,6,0,7,0,0,0,4,2,0,4,0,0,0,0,1,58,6,0,0,0,1,12,0,17,3,8,3,0,0,0,49,1025,0
C:\Users\user\Desktop\STUFF A LOT OF 'EM\er\Design_Pattern\ant\src\main\org\apache\tools\ant\util\WeakishReference.java,org.apache.tools.ant.util.WeakishReference,class,4,7,3,4,9,2,3,6,1,0.5,0.0,0.0,3,2,2,1,0,0,2,1,0,0,2,2,0,2,0,0,1,0,3,44,1,0,1,3,0,3,0,5,0,4,2,0,1,0,58,1025,0
C:\Users\user\Desktop\STUFF A LOT OF 'EM\er\Design_Pattern\ant\src\main\org\apache\tools\ant\taskdefs\DependSet.java,org.apache.tools.ant.taskdefs.DependSet,class,8,8,0,8,41,4,0,18,7,0.6666667,0.0,0.0,6,0,6,0,0,0,6,0,0,0,4,0,0,4,0,0,0,0,1,133,0,9,7,0,5,20,10,43,12,33,4,0,0,0,176,1,0
C:\Users\user\Desktop\STUFF A LOT OF 'EM\er\Design_Pattern\ant\src\main\org\apache\tools\ant\taskdefs\XSLTProcess.java,org.apache.tools.ant.taskdefs.XSLTProcess$Factory,innerclass,2,2,0,2,4,1,0,2,2,0.5,0.0,0.0,4,0,4,0,0,0,4,0,0,0,2,0,0,2,0,0,0,0,0,50,2,0,0,0,0,0,0,2,0,2,0,0,1,0,35,9,0
C:\Users\user\Desktop\STUFF A LOT OF 'EM\er\Design_Pattern\ant\src\main\org\apache\tools\ant\taskdefs\optional\vss\MSVSSHISTORY.java,org.apache.tools.ant.taskdefs.optional.vss.MSVSSHISTORY,class,6,6,0,6,17,4,0,25,55,0.0,0.0,0.0,11,0,10,0,0,1,11,0,0,0,0,0,0,0,0,0,0,0,0,72,1,0,2,0,0,4,0,3,1,3,1,0,1,0,122,1,0
C:\Users\user\Desktop\STUFF A LOT OF 'EM\er\Design_Pattern\ant\src\main\org\apache\tools\ant\taskdefs\cvslib\CvsTagDiff.java,org.apache.tools.ant.taskdefs.cvslib.CvsTagDiff,class,6,7,1,6,45,4,0,37,7,0.78321683,0.0,0.0,11,0,7,4,0,0,7,0,0,0,13,6,0,7,0,6,6,0,0,222,1,3,25,5,5,53,11,53,16,38,5,0,0,0,171,1,0
C:\Users\user\Desktop\STUFF A LOT OF 'EM\er\Design_Pattern\ant\src\main\org\apache\tools\ant\taskdefs\Delete.java,org.apache.tools.ant.taskdefs.Delete,class,27,29,2,27,99,4,0,54,0,0.8609756,0.0,0.0,41,0,38,1,2,0,40,0,0,0,10,1,0,5,5,0,1,0,3,332,8,4,11,3,1,35,14,73,20,34,5,0,0,0,261,1,0
C:\Users\user\Desktop\STUFF A LOT OF 'EM\er\Design_Pattern\ant\src\testcases\org\apache\tools\ant\taskdefs\optional\junit\JUnitVersionHelperTest.java,org.apache.tools.ant.taskdefs.optional.junit.JUnitVersionHelperTest,class,7,7,0,7,7,6,0,2,21,0.0,0.0,0.0,7,0,7,0,0,0,7,0,0,0,0,0,0,0,0,0,0,0,0,47,0,0,0,0,0,6,0,0,0,0,0,0,5,0,26,1,0
C:\Users\user\Desktop\STUFF A LOT OF 'EM\er\Design_Pattern\ant\src\main\org\apache\tools\ant\taskdefs\Javadoc.java,org.apache.tools.ant.taskdefs.Javadoc$AccessType,innerclass,1,1,0,1,1,2,0,0,0,0.0,NaN,NaN,1,0,1,0,0,0,1,0,0,0,0,0,0,0,0,0,0,0,0,5,1,0,0,0,0,4,0,0,0,0,0,0,0,0,11,9,0
C:\Users\user\Desktop\STUFF A LOT OF 'EM\er\Design_Pattern\ant\src\main\org\apache\tools\ant\taskdefs\optional\ide\VAJBuildInfo.java,org.apache.tools.ant.taskdefs.optional.ide.VAJBuildInfo$BuildInterruptedException,innerclass,1,1,0,1,1,5,0,0,0,0.0,NaN,NaN,1,0,1,0,0,0,1,0,0,0,0,0,0,0,0,0,0,0,0,5,1,0,0,0,0,1,0,0,0,0,0,0,0,0,13,9,0
C:\Users\user\Desktop\STUFF A LOT OF 'EM\er\Design_Pattern\ant\src\main\org\apache\tools\ant\taskdefs\FixCRLF.java,org.apache.tools.ant.taskdefs.FixCRLF$OneLiner$BufferLine,innerclass,2,2,0,2,19,1,0,7,101,0.78947365,0.0,0.0,19,0,19,0,0,0,19,0,0,0,5,0,0,5,0,0,0,0,0,67,14,0,0,0,0,0,4,10,0,5,0,0,0,0,34,0,0
C:\Users\user\Desktop\STUFF A LOT OF 'EM\er\Design_Pattern\ant\src\main\org\apache\tools\ant\types\CommandlineJava.java,org.apache.tools.ant.types.CommandlineJava$SysProperties,innerclass,5,5,0,5,19,2,0,25,14,0.625,0.0,0.0,8,0,7,1,0,0,7,0,0,0,2,0,0,1,0,1,0,0,3,86,6,5,3,3,0,6,3,24,3,20,2,0,0,0,96,9,0
C:\Users\user\Desktop\STUFF A LOT OF 'EM\er\Design_Pattern\ant\src\main\org\apache\tools\ant\taskdefs\optional\junit\BriefJUnitResultFormatter.java,org.apache.tools.ant.taskdefs.optional.junit.BriefJUnitResultFormatter,class,6,7,1,6,23,1,0,27,64,0.83516484,0.0,0.0,13,0,11,0,2,0,13,0,0,1,7,0,0,7,0,0,0,0,3,96,2,0,7,2,0,16,3,12,3,10,4,0,0,0,91,1,0
C:\Users\user\Desktop\STUFF A LOT OF 'EM\er\Design_Pattern\ant\src\main\org\apache\tools\ant\taskdefs\optional\sitraka\Coverage.java,org.apache.tools.ant.taskdefs.optional.sitraka.Coverage$Recordfromstart,innerclass,1,1,0,1,1,2,0,0,0,0.0,NaN,NaN,1,0,1,0,0,0,1,0,0,0,0,0,0,0,0,0,0,0,0,5,1,0,0,0,0,3,0,0,0,0,0,0,0,0,5,9,0
C:\Users\user\Desktop\STUFF A LOT OF 'EM\er\Design_Pattern\ant\src\main\org\apache\tools\ant\types\RegularExpression.java,org.apache.tools.ant.types.RegularExpression,class,8,11,3,8,9,3,0,13,0,0.59999996,0.0,0.0,5,0,5,0,0,0,5,0,0,0,3,2,1,2,0,0,2,0,0,38,5,0,0,0,1,2,0,6,1,6,1,0,0,0,100,1,0
C:\Users\user\Desktop\STUFF A LOT OF 'EM\er\Design_Pattern\ant\src\main\org\apache\tools\ant\taskdefs\optional\clearcase\CCUpdate.java,org.apache.tools.ant.taskdefs.optional.clearcase.CCUpdate,class,8,9,1,8,25,4,0,24,93,0.9025641,0.0,0.0,15,0,13,2,0,0,13,0,0,0,13,7,7,6,0,0,7,0,1,108,7,0,2,0,0,9,1,24,2,17,3,0,0,0,155,1,0
C:\Users\user\Desktop\STUFF A LOT OF 'EM\er\Design_Pattern\ant\src\main\org\apache\tools\ant\taskdefs\GenerateKey.java,org.apache.tools.ant.taskdefs.GenerateKey$DistinguishedName,innerclass,2,2,0,2,8,1,0,14,0,0.25,0.0,0.0,4,0,4,0,0,0,4,0,0,0,1,0,0,1,0,0,0,0,0,43,5,2,2,0,0,2,5,13,1,10,2,0,0,0,26,9,0
C:\Users\user\Desktop\STUFF A LOT OF 'EM\er\Design_Pattern\ant\src\testcases\org\apache\tools\ant\taskdefs\condition\IsReferenceTest.java,org.apache.tools.ant.taskdefs.condition.IsReferenceTest,class,1,1,0,1,5,3,0,5,10,0.0,0.0,0.0,5,0,5,0,0,0,5,0,0,0,0,0,0,0,0,0,0,0,0,22,0,0,0,0,0,14,0,0,1,0,0,0,0,0,44,1,0
C:\Users\user\Desktop\STUFF A LOT OF 'EM\er\Design_Pattern\ant\src\main\org\apache\tools\ant\taskdefs\Execute.java,org.apache.tools.ant.taskdefs.Execute$PerlScriptCommandLauncher,innerclass,3,3,0,3,7,3,0,7,1,0.5,0.0,0.0,2,0,1,0,0,1,2,0,0,0,1,0,0,1,0,0,0,0,1,30,2,0,5,0,0,6,6,9,4,5,2,0,0,0,45,10,0
C:\Users\user\Desktop\STUFF A LOT OF 'EM\er\Design_Pattern\ant\src\etc\testcases\types\assertions\AssertionTest.java,AssertionTest,class,0,0,0,0,2,1,0,1,0,0.0,NaN,NaN,1,1,1,0,0,0,1,0,0,0,0,0,0,0,0,0,0,0,0,6,0,0,1,0,0,2,0,0,0,0,0,0,0,0,17,1,0
C:\Users\user\Desktop\STUFF A LOT OF 'EM\er\Design_Pattern\ant\src\main\org\apache\tools\ant\taskdefs\optional\ide\VAJToolsServlet.java,org.apache.tools.ant.taskdefs.optional.ide.VAJToolsServlet$VAJLocalServletUtil,innerclass,2,2,0,2,5,2,0,8,0,0.0,NaN,NaN,1,0,1,0,0,0,1,0,0,0,0,0,0,0,0,0,0,0,1,21,0,1,2,1,0,2,3,5,3,2,4,0,0,0,21,0,0
C:\Users\user\Desktop\STUFF A LOT OF 'EM\er\Design_Pattern\ant\src\main\org\apache\tools\ant\taskdefs\optional\sound\AntSoundPlayer.java,org.apache.tools.ant.taskdefs.optional.sound.AntSoundPlayer,class,4,6,2,4,28,1,0,23,87,0.85714287,0.0,0.0,14,0,11,3,0,0,11,0,0,0,6,0,0,6,0,0,0,0,3,101,1,1,6,3,0,3,2,19,2,11,2,0,0,0,121,1,0
C:\Users\user\Desktop\STUFF A LOT OF 'EM\er\Design_Pattern\ant\src\main\org\apache\tools\ant\taskdefs\optional\Test.java,org.apache.tools.ant.taskdefs.optional.Test$TestletEntry,innerclass,0,0,0,0,2,1,0,0,0,0.0,0.0,0.0,2,0,2,0,0,0,2,0,0,0,1,0,0,0,1,0,0,0,0,9,1,0,0,0,0,1,0,2,0,1,0,0,0,0,18,28,0
C:\Users\user\Desktop\STUFF A LOT OF 'EM\er\Design_Pattern\ant\src\main\org\apache\tools\ant\taskdefs\optional\extension\JarLibResolveTask.java,org.apache.tools.ant.taskdefs.optional.extension.JarLibResolveTask,class,12,13,1,12,26,3,0,20,22,0.7,0.0,0.0,12,0,8,4,0,0,8,0,0,0,5,0,0,5,0,0,1,0,2,120,3,2,4,2,0,27,2,27,13,25,3,0,0,0,147,1,0
C:\Users\user\Desktop\STUFF A LOT OF 'EM\er\Design_Pattern\ant\src\main\org\apache\tools\ant\util\optional\WeakishReference12.java,org.apache.tools.ant.util.optional.WeakishReference12,class,1,1,0,1,2,2,0,1,0,0.0,0.0,0.0,2,0,2,0,0,0,2,0,0,0,1,0,0,1,0,0,0,0,0,9,1,0,0,0,0,0,0,1,0,1,0,0,0,0,25,1,0
C:\Users\user\Desktop\STUFF A LOT OF 'EM\er\Design_Pattern\ant\src\testcases\org\apache\tools\ant\types\PolyTest.java,org.apache.tools.ant.types.PolyTest$MyTask,innerclass,3,3,0,3,2,2,0,2,1,0.0,0.0,0.0,2,0,2,0,0,0,2,0,0,0,0,0,0,0,0,0,0,0,0,8,0,0,0,0,0,2,0,0,2,0,0,0,0,0,12,9,0
C:\Users\user\Desktop\STUFF A LOT OF 'EM\er\Design_Pattern\ant\src\main\org\apache\tools\ant\taskdefs\optional\j2ee\JonasHotDeploymentTool.java,org.apache.tools.ant.taskdefs.optional.j2ee.JonasHotDeploymentTool,class,9,11,2,9,26,3,0,19,7,0.7551021,0.0,0.0,7,0,6,0,1,0,7,0,0,0,7,3,0,6,1,0,3,0,0,89,2,1,8,0,0,32,2,19,16,16,3,0,0,0,154,1,0
C:\Users\user\Desktop\STUFF A LOT OF 'EM\er\Design_Pattern\ant\src\main\org\apache\tools\ant\taskdefs\optional\sitraka\Coverage.java,org.apache.tools.ant.taskdefs.optional.sitraka.Coverage$Javavm,innerclass,1,1,0,1,1,2,0,0,0,0.0,NaN,NaN,1,0,1,0,0,0,1,0,0,0,0,0,0,0,0,0,0,0,0,5,1,0,0,0,0,3,0,0,0,0,0,0,0,0,5,9,0
C:\Users\user\Desktop\STUFF A LOT OF 'EM\er\Design_Pattern\ant\src\main\org\apache\tools\ant\taskdefs\optional\perforce\P4HandlerAdapter.java,org.apache.tools.ant.taskdefs.optional.perforce.P4HandlerAdapter,class,3,8,5,3,9,1,2,7,9,0.68571436,0.0,0.0,7,0,7,0,0,0,7,1,0,0,5,0,0,1,0,4,0,0,0,35,0,0,1,0,0,1,1,8,0,5,1,0,0,0,85,1025,0
C:\Users\user\Desktop\STUFF A LOT OF 'EM\er\Design_Pattern\ant\src\main\org\apache\tools\ant\taskdefs\optional\sitraka\bytecode\ClassPathLoader.java,org.apache.tools.ant.taskdefs.optional.sitraka.bytecode.ClassPathLoader$LoaderEnumeration,innerclass,3,3,0,3,8,1,0,4,0,0.0,0.0,0.0,2,0,2,0,0,0,2,0,0,0,1,0,0,1,0,0,0,0,0,22,5,0,0,0,0,2,1,2,0,2,1,0,0,0,23,2,0
C:\Users\user\Desktop\STUFF A LOT OF 'EM\er\Design_Pattern\ant\src\main\org\apache\tools\ant\launch\Launcher.java,org.apache.tools.ant.launch.Launcher,class,4,5,1,4,26,1,0,39,1,0.5,NaN,NaN,2,1,1,1,0,0,1,0,0,0,4,4,4,0,0,0,4,0,18,117,0,5,10,2,1,14,15,41,8,35,4,0,0,0,109,1,0
C:\Users\user\Desktop\STUFF A LOT OF 'EM\er\Design_Pattern\ant\src\main\org\apache\tools\ant\taskdefs\SignJar.java,org.apache.tools.ant.taskdefs.SignJar,class,8,9,1,8,53,2,0,36,121,0.8849208,0.0,0.0,18,0,15,1,2,0,17,0,0,0,14,0,0,2,12,0,0,0,1,203,14,3,18,2,1,22,4,27,5,26,4,0,0,0,188,1,0
C:\Users\user\Desktop\STUFF A LOT OF 'EM\er\Design_Pattern\ant\src\main\org\apache\tools\ant\filters\ExpandProperties.java,org.apache.tools.ant.filters.ExpandProperties,class,4,5,1,4,9,4,0,8,6,0.75,0.0,0.0,4,0,4,0,0,0,4,0,2,0,1,0,0,1,0,0,0,0,0,39,3,0,5,0,0,0,6,11,0,4,2,0,0,0,83,17,0
C:\Users\user\Desktop\STUFF A LOT OF 'EM\er\Design_Pattern\ant\src\testcases\org\apache\tools\ant\taskdefs\XmlPropertyTest.java,org.apache.tools.ant.taskdefs.XmlPropertyTest,class,6,7,1,6,44,2,0,53,229,0.90909094,0.0,0.0,22,6,15,7,0,0,15,0,0,0,1,1,0,1,0,0,0,0,6,205,2,5,3,1,1,53,7,41,8,31,4,1,0,0,146,1,0
C:\Users\user\Desktop\STUFF A LOT OF 'EM\er\Design_Pattern\ant\src\testcases\org\example\tasks\TaskdefTestContainerTask.java,org.example.tasks.TaskdefTestContainerTask,class,1,1,0,1,1,2,0,0,0,0.0,NaN,NaN,1,0,1,0,0,0,1,0,0,0,0,0,0,0,0,0,0,0,0,4,0,0,0,0,0,0,0,0,0,0,0,0,0,0,5,1,0
C:\Users\user\Desktop\STUFF A LOT OF 'EM\er\Design_Pattern\ant\src\testcases\org\apache\tools\ant\taskdefs\optional\EchoPropertiesTest.java,org.apache.tools.ant.taskdefs.optional.EchoPropertiesTest,class,2,3,1,2,29,3,0,25,241,0.942029,0.0,0.0,23,0,18,1,4,0,22,0,0,0,6,6,0,6,0,0,6,0,0,126,5,1,2,4,1,47,1,18,4,16,3,0,0,0,101,1,0
C:\Users\user\Desktop\STUFF A LOT OF 'EM\er\Design_Pattern\ant\src\main\org\apache\tools\ant\taskdefs\optional\ejb\JonasDeploymentTool.java,org.apache.tools.ant.taskdefs.optional.ejb.JonasDeploymentTool,class,11,13,2,11,80,2,0,61,295,0.93402797,0.0,0.0,27,0,15,5,6,1,22,0,0,0,32,15,0,17,15,0,15,0,1,360,10,3,18,4,0,99,19,84,46,63,3,0,0,0,288,1,0
C:\Users\user\Desktop\STUFF A LOT OF 'EM\er\Design_Pattern\ant\src\main\org\apache\tools\ant\taskdefs\Tar.java,org.apache.tools.ant.taskdefs.Tar$TarFileSet,innerclass,4,4,0,4,22,5,0,5,192,0.90952384,0.0,0.0,21,0,21,0,0,0,21,0,0,0,10,0,0,10,0,0,0,0,4,83,10,0,1,0,0,4,5,21,1,13,1,0,0,0,115,9,0
C:\Users\user\Desktop\STUFF A LOT OF 'EM\er\Design_Pattern\ant\src\testcases\org\apache\tools\ant\taskdefs\optional\vss\MSVSSTest.java,org.apache.tools.ant.taskdefs.optional.vss.MSVSSTest,class,17,18,1,17,30,2,0,47,97,0.7928388,0.0,0.0,23,0,20,1,2,0,22,0,0,0,17,15,0,17,0,0,15,0,2,253,0,2,2,1,0,84,4,66,40,56,3,0,0,0,144,1,0
C:\Users\user\Desktop\STUFF A LOT OF 'EM\er\Design_Pattern\ant\src\main\org\apache\tools\ant\taskdefs\optional\starteam\TreeBasedTask.java,org.apache.tools.ant.taskdefs.optional.starteam.TreeBasedTask$UnmatchedFileMap,innerclass,3,3,0,3,8,3,0,9,6,0.0,0.0,0.0,4,0,0,0,1,3,4,2,0,0,0,0,0,0,0,0,0,0,0,30,2,1,0,0,0,4,1,5,2,5,2,0,0,0,128,1028,0
C:\Users\user\Desktop\STUFF A LOT OF 'EM\er\Design_Pattern\ant\src\main\org\apache\tools\ant\taskdefs\optional\junit\XMLResultAggregator.java,org.apache.tools.ant.taskdefs.optional.junit.XMLResultAggregator,class,14,15,1,14,28,3,0,49,47,0.8181818,0.0,0.0,11,1,5,1,5,0,10,0,0,0,6,2,2,0,4,0,2,0,2,136,5,4,6,4,3,20,8,41,7,35,3,0,0,0,245,1,0
C:\Users\user\Desktop\STUFF A LOT OF 'EM\er\Design_Pattern\ant\src\main\org\apache\tools\ant\types\Commandline.java,org.apache.tools.ant.types.Commandline$Argument,innerclass,4,4,0,4,7,2,0,5,0,0.0,0.0,0.0,6,0,6,0,0,0,6,0,0,0,1,0,0,1,0,0,0,0,1,26,2,0,1,0,0,0,0,6,0,2,1,0,0,0,57,9,0
C:\Users\user\Desktop\STUFF A LOT OF 'EM\er\Design_Pattern\ant\src\main\org\apache\tools\ant\taskdefs\cvslib\CvsTagEntry.java,org.apache.tools.ant.taskdefs.cvslib.CvsTagEntry,class,0,1,1,0,13,1,0,2,7,0.5714286,0.0,0.0,7,0,7,0,0,0,7,0,0,0,3,0,0,0,0,3,0,0,0,42,4,0,6,0,1,5,0,4,0,4,2,0,0,0,30,0,0
C:\Users\user\Desktop\STUFF A LOT OF 'EM\er\Design_Pattern\ant\src\testcases\org\apache\tools\ant\util\regexp\JakartaRegexpRegexpTest.java,org.apache.tools.ant.util.regexp.JakartaRegexpRegexpTest,class,3,3,0,3,7,4,0,3,10,0.0,0.0,0.0,5,0,4,0,1,0,5,0,0,0,0,0,0,0,0,0,0,0,0,26,1,0,0,2,0,2,0,0,0,0,1,0,0,0,41,1,0
C:\Users\user\Desktop\STUFF A LOT OF 'EM\er\Design_Pattern\ant\src\main\org\apache\tools\ant\types\ZipFileSet.java,org.apache.tools.ant.types.ZipFileSet,class,9,13,4,9,40,5,0,30,91,0.8210527,0.0,0.0,19,0,16,0,3,0,19,0,0,0,10,2,2,8,0,0,2,0,2,161,21,0,2,0,8,11,2,35,1,15,1,0,0,0,164,1,0
C:\Users\user\Desktop\STUFF A LOT OF 'EM\er\Design_Pattern\ant\src\main\org\apache\tools\ant\taskdefs\optional\dotnet\ImportTypelib.java,org.apache.tools.ant.taskdefs.optional.dotnet.ImportTypelib,class,4,5,1,4,20,3,0,13,8,0.6851852,0.0,0.0,9,0,7,1,1,0,8,0,0,0,6,0,0,6,0,0,0,0,0,80,4,0,3,0,1,18,0,12,3,9,1,0,0,0,130,1,0
C:\Users\user\Desktop\STUFF A LOT OF 'EM\er\Design_Pattern\ant\src\main\org\apache\tools\ant\taskdefs\WhichResource.java,org.apache.tools.ant.taskdefs.WhichResource,class,5,6,1,5,19,2,0,13,1,0.5714286,0.0,0.0,7,0,6,1,0,0,6,0,0,0,4,0,0,4,0,0,0,0,0,78,1,0,10,0,0,11,4,15,4,8,1,0,0,0,69,1,0
C:\Users\user\Desktop\STUFF A LOT OF 'EM\er\Design_Pattern\ant\src\main\org\apache\tools\ant\taskdefs\XSLTProcess.java,org.apache.tools.ant.taskdefs.XSLTProcess,class,19,22,3,19,83,2,0,56,373,0.92005605,0.0,0.0,31,0,24,5,2,0,26,0,0,0,23,3,0,23,0,0,3,0,3,453,15,4,19,8,2,50,6,76,20,47,5,0,4,0,337,1,0
C:\Users\user\Desktop\STUFF A LOT OF 'EM\er\Design_Pattern\ant\src\main\org\apache\tools\ant\taskdefs\optional\perforce\P4Reopen.java,org.apache.tools.ant.taskdefs.optional.perforce.P4Reopen,class,3,3,0,3,5,2,0,2,0,0.0,0.0,0.0,2,0,2,0,0,0,2,0,0,0,1,0,0,1,0,0,0,0,0,15,0,0,2,0,0,6,0,2,1,1,1,0,0,0,42,1,0
C:\Users\user\Desktop\STUFF A LOT OF 'EM\er\Design_Pattern\ant\src\main\org\apache\tools\ant\taskdefs\optional\depend\constantpool\DoubleCPInfo.java,org.apache.tools.ant.taskdefs.optional.depend.constantpool.DoubleCPInfo,class,1,2,1,1,3,3,0,3,3,0.0,0.0,0.0,3,0,3,0,0,0,3,0,0,0,0,0,0,0,0,0,0,0,0,11,1,0,0,0,0,1,1,0,1,0,0,0,0,0,44,1,0
C:\Users\user\Desktop\STUFF A LOT OF 'EM\er\Design_Pattern\ant\src\main\org\apache\tools\ant\IntrospectionHelper.java,org.apache.tools.ant.IntrospectionHelper$Anonymous13,anonymous,1,1,0,1,7,1,0,3,10,0.0,0.0,0.0,5,0,5,0,0,0,5,0,0,0,0,0,0,0,0,0,0,0,0,22,4,0,0,0,0,2,0,0,0,0,1,0,0,0,21,-1,0
C:\Users\user\Desktop\STUFF A LOT OF 'EM\er\Design_Pattern\ant\src\main\org\apache\tools\ant\IntrospectionHelper.java,org.apache.tools.ant.IntrospectionHelper$Anonymous12,anonymous,2,2,0,2,4,1,0,3,0,0.0,NaN,NaN,1,0,1,0,0,0,1,0,0,0,0,0,0,0,0,0,0,0,0,21,0,0,1,1,0,0,0,3,0,2,2,0,0,0,14,-1,0
C:\Users\user\Desktop\STUFF A LOT OF 'EM\er\Design_Pattern\ant\src\main\org\apache\tools\ant\IntrospectionHelper.java,org.apache.tools.ant.IntrospectionHelper$Anonymous11,anonymous,3,3,0,3,2,1,0,3,0,0.0,NaN,NaN,1,0,1,0,0,0,1,0,0,0,0,0,0,0,0,0,0,0,0,12,0,0,0,1,0,0,0,1,0,1,1,0,0,0,11,-1,0
C:\Users\user\Desktop\STUFF A LOT OF 'EM\er\Design_Pattern\ant\src\testcases\org\example\tasks\TaskdefTestSimpleTask.java,org.example.tasks.TaskdefTestSimpleTask,class,2,2,0,2,3,2,0,1,0,0.0,0.0,0.0,3,0,3,0,0,0,3,0,0,0,1,0,0,1,0,0,0,0,0,20,1,0,0,0,0,1,0,1,1,1,0,0,1,0,9,1,0
C:\Users\user\Desktop\STUFF A LOT OF 'EM\er\Design_Pattern\ant\src\main\org\apache\tools\ant\IntrospectionHelper.java,org.apache.tools.ant.IntrospectionHelper$Anonymous10,anonymous,1,1,0,1,1,1,0,2,0,0.0,NaN,NaN,1,0,1,0,0,0,1,0,0,0,0,0,0,0,0,0,0,0,0,5,0,0,0,0,0,0,0,0,0,0,0,0,0,0,7,-1,0
C:\Users\user\Desktop\STUFF A LOT OF 'EM\er\Design_Pattern\ant\src\main\org\apache\tools\ant\ProjectHelper.java,org.apache.tools.ant.ProjectHelper,class,10,24,14,10,50,1,2,42,151,0.9603175,0.0,0.0,18,15,17,1,0,0,17,0,0,0,7,6,6,1,0,0,6,0,14,181,19,1,17,7,3,24,5,35,7,26,4,0,0,0,337,1,0
C:\Users\user\Desktop\STUFF A LOT OF 'EM\er\Design_Pattern\ant\src\main\org\apache\tools\ant\taskdefs\optional\StyleBook.java,org.apache.tools.ant.taskdefs.optional.StyleBook,class,2,2,0,2,10,2,0,7,7,0.6666667,0.0,0.0,6,0,6,0,0,0,6,0,0,0,4,0,0,0,4,0,0,0,0,41,0,0,4,0,0,6,0,4,2,4,1,0,0,0,81,1,0
C:\Users\user\Desktop\STUFF A LOT OF 'EM\er\Design_Pattern\ant\src\main\org\apache\tools\ant\util\TimeoutObserver.java,org.apache.tools.ant.util.TimeoutObserver,interface,1,2,1,1,1,1,0,0,0,0.0,NaN,NaN,1,0,0,0,0,1,1,0,0,0,0,0,0,0,0,0,0,0,0,3,0,0,0,0,0,0,0,0,0,0,0,0,0,0,22,1,0
C:\Users\user\Desktop\STUFF A LOT OF 'EM\er\Design_Pattern\ant\src\main\org\apache\tools\ant\taskdefs\optional\dotnet\Ilasm.java,org.apache.tools.ant.taskdefs.optional.dotnet.Ilasm,class,9,10,1,9,45,6,0,24,365,0.92051274,0.0,0.0,30,1,19,1,10,0,29,0,0,0,13,4,0,1,12,0,4,0,0,163,22,0,7,0,0,24,2,27,6,16,1,0,1,0,276,1,0
C:\Users\user\Desktop\STUFF A LOT OF 'EM\er\Design_Pattern\ant\src\main\org\apache\tools\ant\taskdefs\optional\vss\MSVSSHISTORY.java,org.apache.tools.ant.taskdefs.optional.vss.MSVSSHISTORY$BriefCodediffNofile,innerclass,1,1,0,1,1,2,0,0,0,0.0,NaN,NaN,1,0,1,0,0,0,1,0,0,0,0,0,0,0,0,0,0,0,0,5,1,0,0,0,0,0,0,0,0,0,0,0,0,0,17,9,0
C:\Users\user\Desktop\STUFF A LOT OF 'EM\er\Design_Pattern\ant\src\main\org\apache\tools\ant\types\FilterChain.java,org.apache.tools.ant.types.FilterChain,class,26,28,2,26,26,3,0,8,0,0.0,0.0,0.0,24,0,24,0,0,0,24,0,16,0,1,0,0,1,0,0,0,0,0,87,1,0,0,0,0,1,0,5,1,4,1,0,0,0,110,17,0
C:\Users\user\Desktop\STUFF A LOT OF 'EM\er\Design_Pattern\ant\src\main\org\apache\tools\ant\taskdefs\compilers\CompilerAdapterFactory.java,org.apache.tools.ant.taskdefs.compilers.CompilerAdapterFactory,class,12,14,2,12,30,1,0,9,4,0.5,NaN,NaN,4,3,1,3,0,0,1,0,0,0,1,1,0,1,0,0,1,0,4,84,14,0,0,3,0,34,0,6,7,4,3,0,0,0,142,1,0
C:\Users\user\Desktop\STUFF A LOT OF 'EM\er\Design_Pattern\ant\src\main\org\apache\tools\ant\types\FilterSetCollection.java,org.apache.tools.ant.types.FilterSetCollection,class,2,5,3,2,8,1,0,7,4,0.4,0.0,0.0,5,0,5,0,0,0,5,0,0,0,1,0,0,1,0,0,0,0,0,28,3,2,0,0,0,0,0,7,0,6,2,0,0,0,59,1,0
C:\Users\user\Desktop\STUFF A LOT OF 'EM\er\Design_Pattern\ant\src\testcases\org\apache\tools\ant\taskdefs\FailTest.java,org.apache.tools.ant.taskdefs.FailTest,class,2,2,0,2,22,3,0,10,120,0.0,0.0,0.0,16,0,16,0,0,0,16,0,0,0,0,0,0,0,0,0,0,0,0,91,0,2,0,4,0,56,4,8,3,8,1,0,0,0,77,1,0
C:\Users\user\Desktop\STUFF A LOT OF 'EM\er\Design_Pattern\ant\src\main\org\apache\tools\ant\taskdefs\Execute.java,org.apache.tools.ant.taskdefs.Execute$VmsCommandLauncher,innerclass,3,3,0,3,9,3,0,13,6,0.0,0.0,0.0,4,0,3,1,0,0,3,0,0,0,0,0,0,0,0,0,0,0,1,45,3,2,3,1,0,6,6,8,2,7,4,0,0,0,73,10,0
C:\Users\user\Desktop\STUFF A LOT OF 'EM\er\Design_Pattern\ant\src\main\org\apache\tools\ant\taskdefs\Copyfile.java,org.apache.tools.ant.taskdefs.Copyfile,class,4,4,0,4,12,3,0,12,2,0.6,0.0,0.0,5,0,5,0,0,0,5,0,0,0,4,0,0,4,0,0,0,0,1,42,0,0,2,1,0,8,0,7,2,5,2,0,0,0,46,1,0
C:\Users\user\Desktop\STUFF A LOT OF 'EM\er\Design_Pattern\ant\src\main\org\apache\tools\ant\types\selectors\MajoritySelector.java,org.apache.tools.ant.types.selectors.MajoritySelector,class,2,5,3,2,9,5,0,9,4,0.5,0.0,0.0,4,0,4,0,0,0,4,0,0,0,1,0,0,1,0,0,0,0,0,40,4,1,0,0,1,2,4,9,2,6,2,0,0,0,118,1,0
C:\Users\user\Desktop\STUFF A LOT OF 'EM\er\Design_Pattern\ant\src\testcases\org\apache\tools\ant\util\facade\FacadeTaskHelperTest.java,org.apache.tools.ant.util.facade.FacadeTaskHelperTest,class,2,2,0,2,3,2,0,6,3,0.0,0.0,0.0,3,0,3,0,0,0,3,0,0,0,0,0,0,0,0,0,0,0,0,31,0,0,0,0,0,20,0,5,0,2,0,0,0,0,21,1,0
C:\Users\user\Desktop\STUFF A LOT OF 'EM\er\Design_Pattern\ant\src\testcases\org\apache\tools\ant\IntrospectionHelperTest.java,org.apache.tools.ant.IntrospectionHelperTest,class,4,4,0,4,81,2,0,32,796,0.902439,0.0,0.0,41,0,41,0,0,0,41,0,0,0,2,1,0,2,0,0,1,0,0,414,6,2,0,35,0,166,9,18,8,16,1,0,0,0,107,1,0
C:\Users\user\Desktop\STUFF A LOT OF 'EM\er\Design_Pattern\ant\src\main\org\apache\tools\ant\helper\AntXMLContext.java,org.apache.tools.ant.helper.AntXMLContext,class,5,12,7,5,35,1,0,15,265,0.8951048,0.0,0.0,26,0,26,0,0,0,26,0,0,0,11,0,0,11,0,0,0,0,0,120,17,0,6,0,0,2,10,20,5,15,1,0,0,0,173,1,0
C:\Users\user\Desktop\STUFF A LOT OF 'EM\er\Design_Pattern\ant\src\main\org\apache\tools\ant\types\selectors\SelectorScanner.java,org.apache.tools.ant.types.selectors.SelectorScanner,interface,1,2,1,1,3,1,0,0,3,0.0,0.0,0.0,3,0,0,0,0,3,3,0,0,0,0,0,0,0,0,0,0,0,0,5,0,0,0,0,0,0,0,0,0,0,0,0,0,0,35,1,0
C:\Users\user\Desktop\STUFF A LOT OF 'EM\er\Design_Pattern\ant\src\main\org\apache\tools\ant\taskdefs\optional\jlink\JlinkTask.java,org.apache.tools.ant.taskdefs.optional.jlink.JlinkTask,class,7,8,1,7,22,4,0,18,45,0.9,0.0,0.0,10,0,7,3,0,0,7,0,0,0,4,0,0,4,0,0,0,0,0,82,7,0,6,1,0,8,1,11,6,5,1,0,0,0,91,1,0
C:\Users\user\Desktop\STUFF A LOT OF 'EM\er\Design_Pattern\ant\src\main\org\apache\tools\ant\taskdefs\optional\PropertyFile.java,org.apache.tools.ant.taskdefs.optional.PropertyFile$Entry$Type,innerclass,1,1,0,1,4,2,0,1,1,0.5,0.0,0.0,2,1,2,0,0,0,2,0,0,0,3,3,3,0,0,0,3,0,0,17,4,0,0,0,0,5,3,3,0,3,1,0,0,0,24,9,0
C:\Users\user\Desktop\STUFF A LOT OF 'EM\er\Design_Pattern\ant\src\main\org\apache\tools\ant\types\selectors\modifiedselector\EqualComparator.java,org.apache.tools.ant.types.selectors.modifiedselector.EqualComparator,class,0,1,1,0,5,1,0,1,1,0.0,0.0,0.0,2,0,2,0,0,0,2,0,0,0,0,0,0,0,0,0,0,0,0,18,4,0,2,0,1,1,4,0,0,0,2,0,0,0,34,1,0
C:\Users\user\Desktop\STUFF A LOT OF 'EM\er\Design_Pattern\ant\src\main\org\apache\tools\ant\taskdefs\optional\NetRexxC.java,org.apache.tools.ant.taskdefs.optional.NetRexxC$TraceAttr,innerclass,1,1,0,1,1,2,0,0,0,0.0,NaN,NaN,1,0,1,0,0,0,1,0,0,0,0,0,0,0,0,0,0,0,0,5,1,0,0,0,0,4,0,0,0,0,0,0,0,0,6,9,0
C:\Users\user\Desktop\STUFF A LOT OF 'EM\er\Design_Pattern\ant\src\testcases\org\apache\tools\ant\taskdefs\optional\junit\JUnitTestRunnerTest.java,org.apache.tools.ant.taskdefs.optional.junit.JUnitTestRunnerTest$ResultFormatter,innerclass,4,4,0,4,12,1,0,2,53,0.8181818,0.0,0.0,11,0,10,0,0,1,11,0,0,0,1,0,0,1,0,0,0,0,0,32,2,0,1,0,0,1,0,2,0,2,1,0,0,0,31,26,0
C:\Users\user\Desktop\STUFF A LOT OF 'EM\er\Design_Pattern\ant\src\main\org\apache\tools\ant\taskdefs\BZip2.java,org.apache.tools.ant.taskdefs.BZip2,class,3,3,0,3,4,2,0,5,0,0.0,NaN,NaN,1,0,0,0,1,0,1,0,0,0,0,0,0,0,0,0,0,0,0,25,0,0,1,2,0,1,0,4,1,3,3,0,0,0,44,1,0
C:\Users\user\Desktop\STUFF A LOT OF 'EM\er\Design_Pattern\ant\src\main\org\apache\tools\ant\taskdefs\optional\metamata\MMetrics.java,org.apache.tools.ant.taskdefs.optional.metamata.MMetrics,class,10,11,1,10,26,5,0,21,23,0.70000005,0.0,0.0,10,0,4,0,6,0,10,0,0,0,4,0,0,4,0,0,0,0,1,118,3,1,10,5,0,15,4,18,5,10,3,0,1,0,133,1,0
C:\Users\user\Desktop\STUFF A LOT OF 'EM\er\Design_Pattern\ant\src\main\org\apache\tools\zip\ExtraFieldUtils.java,org.apache.tools.zip.ExtraFieldUtils,class,6,8,2,6,19,1,0,19,8,0.6,0.0,0.0,5,5,5,0,0,0,6,0,0,0,1,1,0,1,0,0,0,0,8,92,5,5,2,2,4,7,30,27,18,22,2,0,0,0,89,1,0
C:\Users\user\Desktop\STUFF A LOT OF 'EM\er\Design_Pattern\ant\src\testcases\org\apache\tools\ant\util\ReferencesTest.java,org.apache.tools.ant.util.ReferencesTest,class,2,2,0,2,4,2,0,6,1,0.0,0.0,0.0,2,1,2,0,0,0,2,0,0,0,0,0,0,0,0,0,0,0,0,12,0,0,0,0,1,2,1,2,0,2,1,0,0,0,47,1,0
C:\Users\user\Desktop\STUFF A LOT OF 'EM\er\Design_Pattern\ant\src\main\org\apache\tools\ant\taskdefs\optional\metamata\AbstractMetamataTask.java,org.apache.tools.ant.taskdefs.optional.metamata.AbstractMetamataTask,class,13,18,5,13,44,3,3,57,219,0.89441,0.0,0.0,23,1,9,0,14,0,23,2,3,0,7,0,0,0,7,0,0,0,0,185,8,7,6,4,0,19,10,49,8,40,3,0,0,0,238,1025,0
C:\Users\user\Desktop\STUFF A LOT OF 'EM\er\Design_Pattern\ant\src\testcases\org\apache\tools\ant\taskdefs\JavaTest.java,org.apache.tools.ant.taskdefs.JavaTest$SpawnEntryPoint,innerclass,0,0,0,0,6,1,0,5,0,0.0,NaN,NaN,1,1,1,0,0,0,1,0,0,0,0,0,0,0,0,0,0,0,2,34,0,0,0,3,0,3,6,8,1,5,2,0,0,0,25,9,0
C:\Users\user\Desktop\STUFF A LOT OF 'EM\er\Design_Pattern\ant\src\testcases\org\apache\tools\ant\taskdefs\UntarTest.java,org.apache.tools.ant.taskdefs.UntarTest,class,2,2,0,2,11,2,0,8,55,0.0,0.0,0.0,11,0,11,0,0,0,11,0,0,0,0,0,0,0,0,0,0,0,0,47,0,0,0,0,0,26,0,6,1,6,0,0,0,0,41,1,0
C:\Users\user\Desktop\STUFF A LOT OF 'EM\er\Design_Pattern\ant\src\main\org\apache\tools\ant\filters\TokenFilter.java,org.apache.tools.ant.filters.TokenFilter$ContainsRegex,innerclass,9,9,0,9,10,3,0,9,2,0.6666666,0.0,0.0,5,0,4,1,0,0,4,0,0,0,9,0,0,9,0,0,0,0,1,47,5,0,3,0,0,2,0,9,0,9,1,0,0,0,45,9,0
C:\Users\user\Desktop\STUFF A LOT OF 'EM\er\Design_Pattern\ant\src\main\org\apache\tools\ant\taskdefs\optional\depend\constantpool\NameAndTypeCPInfo.java,org.apache.tools.ant.taskdefs.optional.depend.constantpool.NameAndTypeCPInfo,class,3,8,5,3,7,2,0,5,15,0.8333333,0.0,0.0,6,0,6,0,0,0,6,0,0,0,4,0,0,4,0,0,0,0,0,34,3,0,0,0,2,4,1,6,2,5,1,0,0,0,67,1,0
C:\Users\user\Desktop\STUFF A LOT OF 'EM\er\Design_Pattern\ant\src\main\org\apache\tools\ant\taskdefs\optional\perforce\P4Change.java,org.apache.tools.ant.taskdefs.optional.perforce.P4Change$Anonymous2,anonymous,3,3,0,3,5,1,0,5,0,0.0,NaN,NaN,1,0,1,0,0,0,1,0,0,0,0,0,0,0,0,0,0,0,1,19,1,0,0,0,0,10,0,2,2,0,2,0,0,0,13,-1,0
C:\Users\user\Desktop\STUFF A LOT OF 'EM\er\Design_Pattern\ant\src\main\org\apache\tools\ant\util\regexp\JakartaOroMatcher.java,org.apache.tools.ant.util.regexp.JakartaOroMatcher,class,8,11,3,8,16,1,1,11,28,0.77777785,0.0,0.0,9,0,7,0,2,0,9,0,0,0,3,0,0,1,2,0,2,0,3,61,8,1,1,1,0,1,1,15,0,11,2,0,0,0,56,1,0
C:\Users\user\Desktop\STUFF A LOT OF 'EM\er\Design_Pattern\ant\src\main\org\apache\tools\ant\taskdefs\Parallel.java,org.apache.tools.ant.taskdefs.Parallel$Anonymous1,anonymous,0,0,0,0,2,1,0,2,0,0.0,NaN,NaN,1,0,1,0,0,0,1,0,0,1,0,0,0,0,0,0,0,0,0,14,0,0,0,1,0,0,0,2,0,0,2,0,0,0,13,-1,0
C:\Users\user\Desktop\STUFF A LOT OF 'EM\er\Design_Pattern\ant\src\testcases\org\apache\tools\ant\taskdefs\SQLExecTest.java,org.apache.tools.ant.taskdefs.SQLExecTest,class,6,7,1,6,22,2,0,37,20,0.7777778,0.0,0.0,9,0,3,0,6,0,9,0,0,0,10,10,10,0,0,0,10,0,0,134,7,1,3,3,0,26,7,28,1,23,3,0,1,0,158,1,0
C:\Users\user\Desktop\STUFF A LOT OF 'EM\er\Design_Pattern\ant\src\main\org\apache\tools\ant\filters\TokenFilter.java,org.apache.tools.ant.filters.TokenFilter$ReplaceRegex,innerclass,8,8,0,8,9,3,0,9,2,0.65,0.0,0.0,5,0,4,1,0,0,4,0,0,0,8,0,0,8,0,0,0,0,1,43,3,0,2,0,0,3,0,10,0,8,1,0,0,0,41,9,0
C:\Users\user\Desktop\STUFF A LOT OF 'EM\er\Design_Pattern\ant\src\main\org\apache\tools\ant\taskdefs\optional\junit\JUnitTask.java,org.apache.tools.ant.taskdefs.optional.junit.JUnitTask$Anonymous1,anonymous,2,2,0,2,2,1,0,0,1,0.0,0.0,0.0,2,0,2,0,0,0,2,0,0,0,0,0,0,0,0,0,0,0,0,8,1,0,0,0,0,1,1,0,0,0,0,0,0,0,9,-1,0
C:\Users\user\Desktop\STUFF A LOT OF 'EM\er\Design_Pattern\ant\src\main\org\apache\tools\ant\taskdefs\condition\Http.java,org.apache.tools.ant.taskdefs.condition.Http,class,3,4,1,3,9,2,0,3,0,0.16666667,0.0,0.0,3,0,3,0,0,0,3,0,0,0,2,0,0,2,0,0,0,0,0,40,4,0,1,2,0,5,2,8,3,6,4,0,0,0,55,1,0
C:\Users\user\Desktop\STUFF A LOT OF 'EM\er\Design_Pattern\ant\src\main\org\apache\tools\ant\taskdefs\Checksum.java,org.apache.tools.ant.taskdefs.Checksum,class,11,13,2,11,80,4,0,59,101,0.8421052,0.0,0.0,19,1,14,5,0,0,14,0,0,0,16,0,0,16,0,0,0,0,7,323,6,7,28,7,3,25,23,88,12,65,6,0,0,0,264,1,0
C:\Users\user\Desktop\STUFF A LOT OF 'EM\er\Design_Pattern\ant\src\main\org\apache\tools\ant\MagicNames.java,org.apache.tools.ant.MagicNames,class,0,0,0,0,0,1,0,0,0,NaN,-1.0,-1.0,0,0,0,0,0,0,0,0,0,0,2,2,2,0,0,0,2,0,0,4,0,0,0,0,0,2,0,2,0,2,0,0,0,0,40,1,0
C:\Users\user\Desktop\STUFF A LOT OF 'EM\er\Design_Pattern\ant\src\main\org\apache\tools\ant\util\OutputStreamFunneler.java,org.apache.tools.ant.util.OutputStreamFunneler$Funnel,innerclass,2,2,0,2,6,2,0,6,15,1.0,0.0,0.0,6,0,5,1,0,0,5,0,0,0,1,0,0,1,0,0,0,0,0,35,0,0,0,0,0,0,0,1,0,1,1,0,0,0,18,2,0
C:\Users\user\Desktop\STUFF A LOT OF 'EM\er\Design_Pattern\ant\src\main\org\apache\tools\ant\taskdefs\optional\perforce\P4Change.java,org.apache.tools.ant.taskdefs.optional.perforce.P4Change$Anonymous1,anonymous,3,3,0,3,3,1,0,5,0,0.0,NaN,NaN,1,0,1,0,0,0,1,0,0,0,0,0,0,0,0,0,0,0,1,13,0,0,0,0,0,7,0,2,2,1,1,0,0,0,15,-1,0
C:\Users\user\Desktop\STUFF A LOT OF 'EM\er\Design_Pattern\ant\src\main\org\apache\tools\ant\taskdefs\ExecuteOn.java,org.apache.tools.ant.taskdefs.ExecuteOn,class,20,24,4,20,108,6,3,59,251,0.89592755,0.0,0.0,26,0,16,0,10,0,26,0,0,0,17,0,0,9,8,0,0,0,13,384,12,11,33,1,19,43,40,101,25,71,5,0,2,0,244,1,0
C:\Users\user\Desktop\STUFF A LOT OF 'EM\er\Design_Pattern\ant\src\testcases\org\apache\tools\ant\taskdefs\TestProcess.java,org.apache.tools.ant.taskdefs.TestProcess$TestProcessShutdownHook,innerclass,1,1,0,1,1,2,0,1,0,0.0,NaN,NaN,1,0,1,0,0,0,1,0,0,0,0,0,0,0,0,0,0,0,0,5,0,0,0,0,0,0,0,0,0,0,0,0,0,0,7,2,0
C:\Users\user\Desktop\STUFF A LOT OF 'EM\er\Design_Pattern\ant\src\testcases\org\apache\tools\ant\DummyTaskOkNonTask.java,org.apache.tools.ant.DummyTaskOkNonTask,class,0,1,1,0,2,1,0,0,1,0.0,0.0,0.0,2,0,2,0,0,0,2,0,0,0,0,0,0,0,0,0,0,0,0,6,0,0,0,0,0,0,0,0,0,0,0,0,0,0,5,1,0
C:\Users\user\Desktop\STUFF A LOT OF 'EM\er\Design_Pattern\ant\src\testcases\org\apache\tools\ant\types\AddTypeTest.java,org.apache.tools.ant.types.AddTypeTest$ABImpl,innerclass,1,1,0,1,0,1,0,0,0,0.0,-1.0,-1.0,0,0,0,0,0,0,0,0,0,0,0,0,0,0,0,0,0,0,0,2,0,0,0,0,0,0,0,0,0,0,0,0,0,0,3,9,0
C:\Users\user\Desktop\STUFF A LOT OF 'EM\er\Design_Pattern\ant\src\main\org\apache\tools\ant\taskdefs\rmic\DefaultRmicAdapter.java,org.apache.tools.ant.taskdefs.rmic.DefaultRmicAdapter,class,9,14,5,9,30,1,3,36,44,0.8055555,0.0,0.0,12,0,5,0,7,0,12,0,0,0,3,1,0,3,0,0,1,0,1,196,9,2,8,0,0,26,3,14,4,13,2,0,1,0,114,1025,0
C:\Users\user\Desktop\STUFF A LOT OF 'EM\er\Design_Pattern\ant\src\testcases\org\apache\tools\ant\filters\ConcatFilterTest.java,org.apache.tools.ant.filters.ConcatFilterTest,class,3,4,1,3,15,3,0,17,46,0.7948718,0.0,0.0,13,0,11,0,2,0,13,0,0,0,6,6,0,6,0,0,5,0,3,64,1,0,0,1,0,40,1,14,5,12,1,0,0,0,103,1,0
C:\Users\user\Desktop\STUFF A LOT OF 'EM\er\Design_Pattern\ant\src\main\org\apache\tools\ant\taskdefs\optional\ejb\EjbJar.java,org.apache.tools.ant.taskdefs.optional.ejb.EjbJar$NamingScheme,innerclass,1,1,0,1,1,2,0,0,0,0.0,NaN,NaN,1,0,1,0,0,0,1,0,0,0,4,4,4,0,0,0,4,0,0,9,1,0,0,0,0,4,0,4,0,4,0,0,0,0,55,9,0
C:\Users\user\Desktop\STUFF A LOT OF 'EM\er\Design_Pattern\ant\src\main\org\apache\tools\ant\taskdefs\Concat.java,org.apache.tools.ant.taskdefs.Concat$TextElement,innerclass,4,4,0,4,23,2,0,10,14,0.725,0.0,0.0,8,0,7,1,0,0,7,0,0,0,5,0,0,5,0,0,0,0,0,84,2,1,8,2,0,5,2,25,1,11,4,0,0,0,81,9,0
C:\Users\user\Desktop\STUFF A LOT OF 'EM\er\Design_Pattern\ant\src\main\org\apache\tools\ant\taskdefs\optional\clearcase\CCCheckout.java,org.apache.tools.ant.taskdefs.optional.clearcase.CCCheckout,class,8,9,1,8,45,4,0,33,282,0.9410526,0.0,0.0,25,0,19,6,0,0,19,0,0,0,19,10,10,9,0,0,10,0,1,173,11,0,10,0,1,16,2,35,3,25,2,0,0,0,180,1,0
C:\Users\user\Desktop\STUFF A LOT OF 'EM\er\Design_Pattern\ant\src\main\org\apache\tools\ant\taskdefs\Zip.java,org.apache.tools.ant.taskdefs.Zip$WhenEmpty,innerclass,1,1,0,1,1,2,0,0,0,0.0,NaN,NaN,1,0,1,0,0,0,1,0,0,0,0,0,0,0,0,0,0,0,0,5,1,0,0,0,0,3,0,0,0,0,0,0,0,0,16,9,0
C:\Users\user\Desktop\STUFF A LOT OF 'EM\er\Design_Pattern\ant\src\main\org\apache\tools\ant\util\ScriptRunner.java,org.apache.tools.ant.util.ScriptRunner,class,4,8,4,4,22,1,0,22,7,0.61904764,0.0,0.0,7,0,7,0,0,0,8,0,0,0,3,0,0,3,0,0,0,0,2,85,1,3,3,3,0,8,5,21,1,17,3,0,0,0,98,1,0
C:\Users\user\Desktop\STUFF A LOT OF 'EM\er\Design_Pattern\ant\src\main\org\apache\tools\ant\taskdefs\optional\Cab.java,org.apache.tools.ant.taskdefs.optional.Cab,class,14,15,1,14,38,4,0,66,38,0.78846157,0.0,0.0,13,0,7,0,6,0,13,0,0,0,8,0,0,7,1,0,0,0,3,169,5,5,9,3,2,31,6,40,7,35,3,0,0,0,167,1,0
C:\Users\user\Desktop\STUFF A LOT OF 'EM\er\Design_Pattern\ant\src\testcases\org\example\tasks\TaskdefTestSimpleTask.java,org.example.tasks.TaskdefTestSimpleTask$Echo,innerclass,0,0,0,0,2,1,0,0,0,0.0,0.0,0.0,2,0,1,0,0,1,2,0,0,0,1,0,0,1,0,0,0,0,0,8,0,0,0,0,0,0,0,2,0,1,0,0,0,0,6,1,0
C:\Users\user\Desktop\STUFF A LOT OF 'EM\er\Design_Pattern\ant\src\main\org\apache\tools\ant\taskdefs\optional\ide\VAJRemoteUtil.java,org.apache.tools.ant.taskdefs.optional.ide.VAJRemoteUtil,class,5,7,2,5,23,1,0,18,7,0.5714286,0.0,0.0,7,0,5,2,0,0,5,0,0,0,2,0,0,0,0,2,0,0,4,102,1,5,5,6,0,37,7,27,12,19,4,0,0,0,107,0,0
C:\Users\user\Desktop\STUFF A LOT OF 'EM\er\Design_Pattern\ant\src\main\org\apache\tools\ant\taskdefs\optional\starteam\StarTeamList.java,org.apache.tools.ant.taskdefs.optional.starteam.StarTeamList$UnmatchedListingMap,innerclass,8,8,0,8,9,4,0,14,1,0.0,0.0,0.0,2,0,0,0,1,1,2,0,0,0,0,0,0,0,0,0,0,0,0,36,1,2,0,1,0,3,0,9,1,8,4,0,0,0,51,2,0
C:\Users\user\Desktop\STUFF A LOT OF 'EM\er\Design_Pattern\ant\src\main\org\apache\tools\ant\taskdefs\Execute.java,org.apache.tools.ant.taskdefs.Execute$Java13CommandLauncher,innerclass,3,3,0,3,7,2,0,6,1,0.5,0.0,0.0,2,0,2,0,0,0,2,0,0,0,1,0,0,1,0,0,0,0,1,30,1,0,1,1,0,4,0,3,1,3,2,0,0,0,68,10,0
C:\Users\user\Desktop\STUFF A LOT OF 'EM\er\Design_Pattern\ant\src\testcases\org\apache\tools\ant\taskdefs\FixCrLfTest.java,org.apache.tools.ant.taskdefs.FixCrLfTest,class,3,4,1,3,29,3,0,13,253,0.0,0.0,0.0,23,0,23,0,0,0,23,0,0,0,0,0,0,0,0,0,0,0,3,125,1,1,3,2,0,62,3,9,1,5,2,0,0,0,79,1,0
C:\Users\user\Desktop\STUFF A LOT OF 'EM\er\Design_Pattern\ant\src\main\org\apache\tools\ant\XmlLogger.java,org.apache.tools.ant.XmlLogger$TimedElement,innerclass,1,1,0,1,1,1,0,2,0,0.5,NaN,NaN,1,0,1,0,0,0,1,0,0,0,2,0,0,2,0,0,0,0,0,7,1,0,0,0,0,2,0,0,1,2,0,0,0,0,21,10,0
C:\Users\user\Desktop\STUFF A LOT OF 'EM\er\Design_Pattern\ant\src\testcases\org\apache\tools\ant\taskdefs\TarTest.java,org.apache.tools.ant.taskdefs.TarTest,class,1,1,0,1,22,2,0,6,91,0.0,0.0,0.0,14,0,14,0,0,0,14,0,0,0,0,0,0,0,0,0,0,0,0,68,0,0,0,0,2,31,0,6,0,6,1,0,0,0,55,1,0
C:\Users\user\Desktop\STUFF A LOT OF 'EM\er\Design_Pattern\ant\src\main\org\apache\tools\ant\taskdefs\optional\splash\SplashScreen.java,org.apache.tools.ant.taskdefs.optional.splash.SplashScreen,class,3,5,2,3,14,5,0,20,58,0.8166667,0.0,0.0,12,0,11,0,1,0,12,0,0,0,5,0,0,5,0,0,2,0,5,79,0,0,1,0,2,2,6,13,4,12,1,0,0,0,57,0,0
C:\Users\user\Desktop\STUFF A LOT OF 'EM\er\Design_Pattern\ant\src\main\org\apache\tools\ant\taskdefs\Definer.java,org.apache.tools.ant.taskdefs.Definer$OnError,innerclass,1,1,0,1,3,2,0,1,3,1.0,0.0,0.0,3,0,3,0,0,0,3,0,0,0,1,1,1,0,0,0,1,0,0,12,1,0,0,0,0,3,3,3,0,3,0,0,0,0,32,9,0
C:\Users\user\Desktop\STUFF A LOT OF 'EM\er\Design_Pattern\ant\src\main\org\apache\tools\ant\taskdefs\Sync.java,org.apache.tools.ant.taskdefs.Sync,class,7,9,2,7,32,3,0,30,1,0.2857143,0.0,0.0,14,1,9,5,0,0,9,0,0,0,1,0,0,1,0,0,0,0,0,145,3,2,4,0,2,23,27,24,10,16,3,0,1,0,191,1,0
C:\Users\user\Desktop\STUFF A LOT OF 'EM\er\Design_Pattern\ant\src\main\org\apache\tools\ant\taskdefs\optional\jsp\compilers\JasperC.java,org.apache.tools.ant.taskdefs.optional.jsp.compilers.JasperC,class,12,14,2,12,16,2,0,45,13,0.6666667,0.0,0.0,6,0,3,3,0,0,3,0,0,0,1,0,0,0,0,1,0,0,0,99,7,1,4,2,1,24,1,13,4,11,2,0,0,0,85,1,0
C:\Users\user\Desktop\STUFF A LOT OF 'EM\er\Design_Pattern\ant\src\main\org\apache\tools\ant\taskdefs\optional\ssh\AbstractSshMessage.java,org.apache.tools.ant.taskdefs.optional.ssh.AbstractSshMessage$Anonymous1,anonymous,0,0,0,0,1,1,0,0,0,0.0,NaN,NaN,1,0,1,0,0,0,1,0,0,0,0,0,0,0,0,0,0,0,0,4,0,0,0,0,0,0,0,0,0,0,0,0,0,0,2,-1,0
C:\Users\user\Desktop\STUFF A LOT OF 'EM\er\Design_Pattern\ant\src\main\org\apache\tools\ant\taskdefs\optional\scm\AntStarTeamCheckOut.java,org.apache.tools.ant.taskdefs.optional.scm.AntStarTeamCheckOut,class,11,12,1,11,96,2,0,77,845,0.95348835,0.0,0.0,43,1,29,2,12,0,41,0,0,0,20,3,3,17,0,0,3,0,8,341,28,8,18,2,4,40,24,95,14,67,3,0,0,0,439,1,0
C:\Users\user\Desktop\STUFF A LOT OF 'EM\er\Design_Pattern\ant\src\testcases\org\apache\tools\ant\types\selectors\ContainsRegexpTest.java,org.apache.tools.ant.types.selectors.ContainsRegexpTest$TaskdefForRegexpTest,innerclass,1,1,0,1,5,2,0,5,6,0.0,0.0,0.0,4,0,3,0,0,1,4,0,0,0,0,0,0,0,0,0,0,0,0,21,0,0,1,0,0,5,2,5,1,3,1,0,0,0,31,2,0
C:\Users\user\Desktop\STUFF A LOT OF 'EM\er\Design_Pattern\ant\src\main\org\apache\tools\ant\taskdefs\optional\ejb\WeblogicDeploymentTool.java,org.apache.tools.ant.taskdefs.optional.ejb.WeblogicDeploymentTool,class,18,21,3,18,93,2,1,93,383,0.9441176,0.0,0.0,30,0,22,1,6,1,29,0,0,0,34,17,5,17,12,0,17,0,1,427,9,8,20,8,4,65,10,116,23,85,7,1,0,0,449,1,0
C:\Users\user\Desktop\STUFF A LOT OF 'EM\er\Design_Pattern\ant\src\main\org\apache\tools\ant\util\ContainerMapper.java,org.apache.tools.ant.util.ContainerMapper,class,3,7,4,3,11,1,2,8,9,0.5,0.0,0.0,6,0,5,0,1,0,6,0,0,3,1,0,0,1,0,0,0,0,1,29,2,1,2,0,6,1,0,5,0,4,1,0,0,0,54,1025,0
C:\Users\user\Desktop\STUFF A LOT OF 'EM\er\Design_Pattern\ant\src\testcases\org\apache\tools\ant\taskdefs\optional\sitraka\XMLReportTest.java,org.apache.tools.ant.taskdefs.optional.sitraka.XMLReportTest,class,12,13,1,12,5,2,0,24,6,0.0,0.0,0.0,4,0,2,0,2,0,4,0,0,0,0,0,0,0,0,0,0,0,0,42,1,0,1,0,0,15,5,13,1,13,1,0,0,0,73,1,0
C:\Users\user\Desktop\STUFF A LOT OF 'EM\er\Design_Pattern\ant\src\main\org\apache\tools\ant\taskdefs\optional\sitraka\Filters.java,org.apache.tools.ant.taskdefs.optional.sitraka.Filters$Exclude,innerclass,1,1,0,1,2,2,0,1,0,0.0,NaN,NaN,1,0,1,0,0,0,1,0,0,0,0,0,0,0,0,0,0,0,0,5,1,0,0,0,1,3,0,0,1,0,0,0,0,0,6,9,0
C:\Users\user\Desktop\STUFF A LOT OF 'EM\er\Design_Pattern\ant\src\testcases\org\apache\tools\ant\MockBuildListener.java,org.apache.tools.ant.MockBuildListener,class,4,5,1,4,11,2,0,10,35,0.7,0.0,0.0,10,0,10,0,0,0,10,0,0,0,2,0,0,2,0,0,2,0,0,36,1,0,1,0,0,5,2,4,1,4,1,0,0,0,28,1,0
C:\Users\user\Desktop\STUFF A LOT OF 'EM\er\Design_Pattern\ant\src\main\org\apache\tools\ant\ExitException.java,org.apache.tools.ant.ExitException,class,0,1,1,0,3,5,0,0,0,0.0,0.0,0.0,3,0,3,0,0,0,3,0,0,0,1,0,0,1,0,0,0,0,0,14,1,0,0,0,0,1,0,2,1,1,0,0,0,0,25,1,0
C:\Users\user\Desktop\STUFF A LOT OF 'EM\er\Design_Pattern\ant\src\main\org\apache\tools\zip\UnrecognizedExtraField.java,org.apache.tools.zip.UnrecognizedExtraField,class,4,7,3,4,11,1,0,4,10,0.6296297,0.0,0.0,9,0,9,0,0,0,9,0,0,0,3,0,0,3,0,0,0,0,1,40,7,0,2,0,0,0,1,4,0,4,1,0,0,0,52,1,0
C:\Users\user\Desktop\STUFF A LOT OF 'EM\er\Design_Pattern\ant\src\main\org\apache\tools\ant\Project.java,org.apache.tools.ant.Project$AntRefTable,innerclass,2,2,0,2,4,3,0,3,3,0.6666667,0.0,0.0,3,0,3,0,0,0,3,0,0,0,1,0,0,1,0,0,0,0,0,19,2,0,0,0,0,0,0,4,0,3,1,0,0,0,63,10,0
C:\Users\user\Desktop\STUFF A LOT OF 'EM\er\Design_Pattern\ant\src\main\org\apache\tools\ant\types\Mapper.java,org.apache.tools.ant.types.Mapper$MapperType,innerclass,1,1,0,1,3,2,0,3,1,0.33333334,0.0,0.0,3,0,3,0,0,0,3,0,0,0,1,0,0,1,0,0,0,0,0,19,2,0,0,0,0,21,0,1,0,1,0,0,0,0,14,9,0
C:\Users\user\Desktop\STUFF A LOT OF 'EM\er\Design_Pattern\ant\src\main\org\apache\tools\ant\taskdefs\Execute.java,org.apache.tools.ant.taskdefs.Execute$Java11CommandLauncher,innerclass,2,2,0,2,3,2,0,5,0,0.0,NaN,NaN,1,0,1,0,0,0,1,0,0,0,0,0,0,0,0,0,0,0,1,12,1,1,1,0,0,1,1,3,1,2,1,0,0,0,56,10,0
C:\Users\user\Desktop\STUFF A LOT OF 'EM\er\Design_Pattern\ant\src\main\org\apache\tools\ant\taskdefs\optional\javacc\JJDoc.java,org.apache.tools.ant.taskdefs.optional.javacc.JJDoc,class,11,12,1,11,22,3,0,36,8,0.77272725,0.0,0.0,8,0,7,1,0,0,7,0,0,0,11,5,0,11,0,0,6,0,2,101,2,1,5,1,2,20,5,34,10,24,3,0,0,0,100,1,0
C:\Users\user\Desktop\STUFF A LOT OF 'EM\er\Design_Pattern\ant\src\main\org\apache\tools\ant\taskdefs\TempFile.java,org.apache.tools.ant.taskdefs.TempFile,class,3,3,0,3,8,2,0,7,2,0.6,0.0,0.0,5,0,5,0,0,0,5,0,0,0,4,0,0,4,0,0,0,0,1,29,0,0,3,0,0,3,1,9,0,6,1,0,0,0,86,1,0
C:\Users\user\Desktop\STUFF A LOT OF 'EM\er\Design_Pattern\ant\src\main\org\apache\tools\ant\taskdefs\optional\vss\MSVSSCREATE.java,org.apache.tools.ant.taskdefs.optional.vss.MSVSSCREATE,class,4,4,0,4,5,3,0,13,6,0.0,0.0,0.0,4,0,3,0,0,1,4,0,1,0,0,0,0,0,0,0,0,0,0,26,1,0,1,0,0,1,0,2,0,2,1,0,0,0,64,1,0
C:\Users\user\Desktop\STUFF A LOT OF 'EM\er\Design_Pattern\ant\src\main\org\apache\tools\ant\taskdefs\optional\junit\DOMUtil.java,org.apache.tools.ant.taskdefs.optional.junit.DOMUtil,class,13,15,2,13,29,4,0,28,10,0.0,0.0,0.0,5,4,4,1,0,0,4,0,1,0,0,0,0,0,0,0,0,0,2,117,7,5,7,1,4,1,5,32,1,25,4,0,2,0,140,17,0
C:\Users\user\Desktop\STUFF A LOT OF 'EM\er\Design_Pattern\ant\src\main\org\apache\tools\ant\taskdefs\Definer.java,org.apache.tools.ant.taskdefs.Definer$ResourceStack,innerclass,0,0,0,0,2,2,0,1,1,0.0,0.0,0.0,2,0,1,0,0,1,2,0,0,0,0,0,0,0,0,0,0,0,0,8,2,0,0,0,0,0,0,0,0,0,0,0,0,0,10,10,0
C:\Users\user\Desktop\STUFF A LOT OF 'EM\er\Design_Pattern\ant\src\testcases\org\apache\tools\ant\taskdefs\MultiMapTest.java,org.apache.tools.ant.taskdefs.MultiMapTest,class,2,2,0,2,9,3,0,2,36,0.0,0.0,0.0,9,0,9,0,0,0,9,0,0,0,0,0,0,0,0,0,0,0,0,40,0,0,0,0,0,8,0,0,0,0,0,0,1,0,23,1,0
C:\Users\user\Desktop\STUFF A LOT OF 'EM\er\Design_Pattern\ant\src\testcases\org\apache\tools\ant\taskdefs\ExecuteWatchdogTest.java,org.apache.tools.ant.taskdefs.ExecuteWatchdogTest$Anonymous1,anonymous,0,0,0,0,2,1,0,2,0,0.0,NaN,NaN,1,0,1,0,0,0,1,0,0,0,0,0,0,0,0,0,0,0,0,10,0,0,0,1,0,1,0,0,0,0,1,0,0,0,7,-1,0
C:\Users\user\Desktop\STUFF A LOT OF 'EM\er\Design_Pattern\ant\src\main\org\apache\tools\ant\taskdefs\optional\starteam\StarTeamCheckin.java,org.apache.tools.ant.taskdefs.optional.starteam.StarTeamCheckin$CheckinMap,innerclass,6,6,0,6,6,4,0,14,1,0.0,0.0,0.0,2,0,0,0,1,1,2,0,0,0,0,0,0,0,0,0,0,0,1,27,1,1,0,0,0,4,0,6,2,6,4,0,0,0,54,2,0
C:\Users\user\Desktop\STUFF A LOT OF 'EM\er\Design_Pattern\ant\src\main\org\apache\tools\ant\types\selectors\MappingSelector.java,org.apache.tools.ant.types.selectors.MappingSelector,class,7,10,3,7,14,4,2,9,11,0.6785714,0.0,0.0,7,0,6,0,1,0,7,1,0,0,4,0,0,0,4,0,0,0,1,51,3,0,7,0,0,5,4,14,1,8,1,0,0,0,134,1025,0
C:\Users\user\Desktop\STUFF A LOT OF 'EM\er\Design_Pattern\ant\src\testcases\org\apache\tools\ant\taskdefs\XmlnsTest.java,org.apache.tools.ant.taskdefs.XmlnsTest$MyTask,innerclass,1,1,0,1,1,2,0,1,0,0.0,NaN,NaN,1,0,1,0,0,0,1,0,0,0,0,0,0,0,0,0,0,0,0,5,0,0,0,0,0,1,0,0,0,0,0,0,0,0,4,9,0
C:\Users\user\Desktop\STUFF A LOT OF 'EM\er\Design_Pattern\ant\src\main\org\apache\tools\ant\util\regexp\RegexpUtil.java,org.apache.tools.ant.util.regexp.RegexpUtil,class,0,6,6,0,3,1,0,0,1,0.0,0.0,0.0,2,2,2,0,0,0,2,0,2,0,0,0,0,0,0,0,0,0,0,8,2,0,0,0,4,0,2,0,1,0,0,0,0,0,15,1,0
C:\Users\user\Desktop\STUFF A LOT OF 'EM\er\Design_Pattern\ant\src\testcases\org\apache\tools\ant\taskdefs\PreSetDefTest.java,org.apache.tools.ant.taskdefs.PreSetDefTest$AntTypeTest,innerclass,2,2,0,2,2,2,0,0,1,0.0,0.0,0.0,2,0,2,0,0,0,2,0,0,0,0,0,0,0,0,0,0,0,0,6,0,0,0,0,0,0,0,0,0,0,0,0,0,0,18,9,0
C:\Users\user\Desktop\STUFF A LOT OF 'EM\er\Design_Pattern\ant\src\main\org\apache\tools\ant\taskdefs\optional\junit\AggregateTransformer.java,org.apache.tools.ant.taskdefs.optional.junit.AggregateTransformer,class,11,16,5,11,20,2,0,23,35,0.8585859,0.0,0.0,11,1,7,0,4,0,12,0,0,0,9,4,2,1,6,0,2,0,3,96,3,0,3,3,0,14,0,22,7,18,2,0,1,0,171,1,0
C:\Users\user\Desktop\STUFF A LOT OF 'EM\er\Design_Pattern\ant\src\main\org\apache\tools\ant\types\XMLCatalog.java,org.apache.tools.ant.types.XMLCatalog$InternalResolver,innerclass,6,6,0,6,12,1,0,10,3,0.0,0.0,0.0,3,0,3,0,0,0,3,0,0,0,0,0,0,0,0,0,0,0,0,51,2,0,8,1,0,7,0,15,2,7,3,0,0,0,59,2,0
C:\Users\user\Desktop\STUFF A LOT OF 'EM\er\Design_Pattern\ant\src\testcases\org\apache\tools\ant\types\FileListTest.java,org.apache.tools.ant.types.FileListTest,class,4,4,0,4,12,2,0,12,0,0.25,0.0,0.0,4,0,4,0,0,0,4,0,0,0,1,0,0,1,0,0,0,0,0,99,0,0,0,8,0,39,0,12,0,7,1,0,0,0,64,1,0
C:\Users\user\Desktop\STUFF A LOT OF 'EM\er\Design_Pattern\ant\src\main\org\apache\tools\ant\taskdefs\Javac.java,org.apache.tools.ant.taskdefs.Javac$ImplementationSpecificArgument,innerclass,1,1,0,1,1,2,0,1,0,0.0,NaN,NaN,1,0,1,0,0,0,1,0,0,0,0,0,0,0,0,0,0,0,0,5,0,0,0,0,0,0,0,0,0,0,0,0,0,0,22,1,0
C:\Users\user\Desktop\STUFF A LOT OF 'EM\er\Design_Pattern\ant\src\main\org\apache\tools\ant\taskdefs\optional\IContract.java,org.apache.tools.ant.taskdefs.optional.IContract,class,15,16,1,15,83,5,0,50,155,0.88636345,0.0,0.0,22,0,19,3,0,0,19,0,1,0,24,1,0,24,0,0,1,0,1,366,2,2,16,4,8,94,5,89,18,52,7,0,2,0,347,1,0
C:\Users\user\Desktop\STUFF A LOT OF 'EM\er\Design_Pattern\ant\src\main\org\apache\tools\ant\taskdefs\optional\net\SetProxy.java,org.apache.tools.ant.taskdefs.optional.net.SetProxy,class,2,3,1,2,25,3,0,14,35,0.7922077,0.0,0.0,11,0,9,1,1,0,10,0,0,0,7,0,0,5,2,0,0,0,5,118,5,0,8,1,1,35,4,24,1,13,3,0,0,0,194,1,0
C:\Users\user\Desktop\STUFF A LOT OF 'EM\er\Design_Pattern\ant\src\testcases\org\apache\tools\ant\taskdefs\ConcatTest.java,org.apache.tools.ant.taskdefs.ConcatTest,class,3,4,1,3,33,3,0,25,307,0.84615386,0.0,0.0,26,0,23,3,0,0,23,0,0,0,2,2,0,2,0,0,2,0,4,132,2,0,1,2,0,49,8,24,5,23,2,0,0,0,125,1,0
C:\Users\user\Desktop\STUFF A LOT OF 'EM\er\Design_Pattern\ant\src\testcases\org\apache\tools\ant\types\ZipFileSetTest.java,org.apache.tools.ant.types.ZipFileSetTest,class,5,6,1,5,10,3,0,20,3,0.0,0.0,0.0,3,0,2,0,1,0,3,0,1,0,0,0,0,0,0,0,0,0,0,69,1,0,2,5,0,38,0,7,6,2,1,0,0,0,56,1,0
C:\Users\user\Desktop\STUFF A LOT OF 'EM\er\Design_Pattern\ant\src\main\org\apache\tools\ant\taskdefs\email\EmailTask.java,org.apache.tools.ant.taskdefs.email.EmailTask,class,12,13,1,12,76,4,1,43,330,0.923538,0.0,0.0,29,0,29,0,0,0,29,0,0,0,23,4,4,19,0,0,4,0,2,262,2,6,17,3,10,46,3,64,15,39,3,0,1,0,230,1,0
C:\Users\user\Desktop\STUFF A LOT OF 'EM\er\Design_Pattern\ant\src\main\org\apache\tools\ant\DynamicConfiguratorNS.java,org.apache.tools.ant.DynamicConfiguratorNS,interface,2,2,0,2,0,1,0,0,0,0.0,-1.0,-1.0,0,0,0,0,0,0,0,0,0,0,0,0,0,0,0,0,0,0,0,2,0,0,0,0,0,0,0,0,0,0,0,0,0,0,14,1,0
C:\Users\user\Desktop\STUFF A LOT OF 'EM\er\Design_Pattern\ant\src\main\org\apache\tools\ant\taskdefs\XSLTLiaison2.java,org.apache.tools.ant.taskdefs.XSLTLiaison2,interface,2,4,2,2,1,1,0,0,0,0.0,NaN,NaN,1,0,0,0,0,1,1,0,0,0,0,0,0,0,0,0,0,0,0,3,0,0,0,0,0,0,0,0,0,0,0,0,0,0,18,1,0
C:\Users\user\Desktop\STUFF A LOT OF 'EM\er\Design_Pattern\ant\src\main\org\apache\tools\ant\taskdefs\optional\XMLValidateTask.java,org.apache.tools.ant.taskdefs.optional.XMLValidateTask,class,22,23,1,22,54,2,0,52,142,0.8892856,0.0,0.0,20,0,15,4,1,0,16,0,0,0,14,2,0,4,10,0,2,0,5,297,5,4,9,5,2,27,6,47,19,34,3,0,3,0,250,1,0
C:\Users\user\Desktop\STUFF A LOT OF 'EM\er\Design_Pattern\ant\src\main\org\apache\tools\ant\util\FileUtils.java,org.apache.tools.ant.util.FileUtils,class,10,53,43,10,172,1,0,89,593,0.96785706,0.0,0.0,35,3,33,0,2,0,36,0,3,0,8,7,1,7,0,0,1,0,15,613,37,14,57,11,19,43,84,153,25,90,5,0,0,0,420,1,0
C:\Users\user\Desktop\STUFF A LOT OF 'EM\er\Design_Pattern\ant\src\testcases\org\apache\tools\ant\taskdefs\optional\sos\SOSTest.java,org.apache.tools.ant.taskdefs.optional.sos.SOSTest,class,9,10,1,9,19,2,0,29,37,0.68571436,0.0,0.0,15,0,12,1,2,0,14,0,0,0,14,12,0,14,0,0,12,0,1,194,0,1,0,1,0,169,1,37,5,31,2,0,0,0,111,1,0
C:\Users\user\Desktop\STUFF A LOT OF 'EM\er\Design_Pattern\ant\src\main\org\apache\tools\ant\launch\LaunchException.java,org.apache.tools.ant.launch.LaunchException,class,0,1,1,0,1,3,0,0,0,0.0,NaN,NaN,1,0,1,0,0,0,1,0,0,0,0,0,0,0,0,0,0,0,0,5,0,0,0,0,0,0,0,0,0,0,0,0,0,0,25,1,0
C:\Users\user\Desktop\STUFF A LOT OF 'EM\er\Design_Pattern\ant\src\main\org\apache\tools\ant\taskdefs\optional\sitraka\bytecode\ClassPathLoader.java,org.apache.tools.ant.taskdefs.optional.sitraka.bytecode.ClassPathLoader$FileLoader,interface,1,1,0,1,2,1,0,0,1,0.0,0.0,0.0,2,0,0,0,0,2,2,0,0,0,0,0,0,0,0,0,0,0,0,4,0,0,0,0,0,0,0,0,0,0,0,0,0,0,25,1,0
C:\Users\user\Desktop\STUFF A LOT OF 'EM\er\Design_Pattern\ant\src\main\org\apache\tools\ant\taskdefs\AntlibDefinition.java,org.apache.tools.ant.taskdefs.AntlibDefinition,class,2,7,5,2,6,3,3,2,2,0.5,0.0,0.0,4,0,4,0,0,0,4,0,0,0,2,0,0,2,0,0,0,0,0,22,2,0,0,0,0,4,0,4,1,2,1,0,0,0,55,1,0
C:\Users\user\Desktop\STUFF A LOT OF 'EM\er\Design_Pattern\ant\src\main\org\apache\tools\ant\taskdefs\optional\ide\VAJExport.java,org.apache.tools.ant.taskdefs.optional.ide.VAJExport,class,7,7,0,7,15,4,0,11,32,0.8020834,0.0,0.0,12,0,12,0,0,0,12,0,0,0,8,0,0,0,8,0,0,0,0,59,2,0,1,1,0,1,0,14,0,8,2,0,0,0,182,1,0
C:\Users\user\Desktop\STUFF A LOT OF 'EM\er\Design_Pattern\ant\src\main\org\apache\tools\ant\types\selectors\SelectSelector.java,org.apache.tools.ant.types.selectors.SelectSelector,class,7,11,4,7,29,5,0,25,68,0.7692308,0.0,0.0,13,0,12,1,0,0,12,0,0,0,2,0,0,2,0,0,0,0,0,91,16,0,6,0,2,8,2,7,1,7,2,0,0,0,158,1,0
C:\Users\user\Desktop\STUFF A LOT OF 'EM\er\Design_Pattern\ant\src\main\org\apache\tools\ant\taskdefs\StreamPumper.java,org.apache.tools.ant.taskdefs.StreamPumper,class,2,6,4,2,10,1,0,6,2,0.56000006,0.0,0.0,5,0,5,0,0,0,5,0,0,2,5,1,0,5,0,0,1,0,0,50,1,2,0,2,1,0,3,8,0,7,3,0,0,0,64,1,0
C:\Users\user\Desktop\STUFF A LOT OF 'EM\er\Design_Pattern\ant\src\testcases\org\apache\tools\ant\taskdefs\GUnzipTest.java,org.apache.tools.ant.taskdefs.GUnzipTest,class,2,2,0,2,7,3,0,7,21,0.0,0.0,0.0,7,0,7,0,0,0,7,0,0,0,0,0,0,0,0,0,0,0,2,27,0,0,0,0,0,12,0,2,0,2,0,0,0,0,32,1,0
C:\Users\user\Desktop\STUFF A LOT OF 'EM\er\Design_Pattern\ant\src\testcases\org\apache\tools\ant\taskdefs\GzipTest.java,org.apache.tools.ant.taskdefs.GzipTest,class,1,1,0,1,9,3,0,7,36,0.0,0.0,0.0,9,0,9,0,0,0,9,0,0,0,0,0,0,0,0,0,0,0,0,34,0,0,0,0,0,21,0,2,3,2,0,0,0,0,46,1,0
C:\Users\user\Desktop\STUFF A LOT OF 'EM\er\Design_Pattern\ant\src\testcases\org\apache\tools\ant\taskdefs\optional\AbstractXSLTLiaisonTest.java,org.apache.tools.ant.taskdefs.optional.AbstractXSLTLiaisonTest,class,6,10,4,6,8,2,3,18,15,0.5714286,0.0,0.0,7,0,3,0,4,0,7,1,0,0,1,0,0,0,1,0,0,0,0,51,2,0,1,2,0,13,0,11,1,11,1,0,0,0,63,1025,0
C:\Users\user\Desktop\STUFF A LOT OF 'EM\er\Design_Pattern\ant\src\testcases\org\apache\tools\ant\taskdefs\optional\ReplaceRegExpTest.java,org.apache.tools.ant.taskdefs.optional.ReplaceRegExpTest,class,1,1,0,1,9,2,0,13,1,0.2857143,0.0,0.0,7,0,7,0,0,0,7,0,0,0,1,1,0,1,0,0,1,0,0,57,0,0,2,2,0,24,0,11,8,7,2,0,0,0,65,1,0
C:\Users\user\Desktop\STUFF A LOT OF 'EM\er\Design_Pattern\ant\src\testcases\org\apache\tools\ant\taskdefs\optional\XmlValidateCatalogTest.java,org.apache.tools.ant.taskdefs.optional.XmlValidateCatalogTest,class,1,1,0,1,5,2,0,2,10,0.8,0.0,0.0,5,0,5,0,0,0,5,0,0,0,1,1,0,1,0,0,1,0,0,17,0,0,0,0,0,4,0,1,1,1,0,0,0,0,75,1,0
C:\Users\user\Desktop\STUFF A LOT OF 'EM\er\Design_Pattern\ant\src\testcases\org\apache\tools\ant\types\AddTypeTest.java,org.apache.tools.ant.types.AddTypeTest$MyCondition,innerclass,2,2,0,2,3,1,0,1,0,0.0,0.0,0.0,3,0,3,0,0,0,3,0,0,0,1,0,0,0,0,1,0,0,0,13,1,0,0,0,0,2,0,1,0,1,0,0,0,0,8,9,0
C:\Users\user\Desktop\STUFF A LOT OF 'EM\er\Design_Pattern\ant\src\main\org\apache\tools\ant\taskdefs\email\EmailTask.java,org.apache.tools.ant.taskdefs.email.EmailTask$Encoding,innerclass,1,1,0,1,1,2,0,0,0,0.0,NaN,NaN,1,0,1,0,0,0,1,0,0,0,0,0,0,0,0,0,0,0,0,5,1,0,0,0,0,0,0,0,0,0,0,0,0,0,16,9,0
C:\Users\user\Desktop\STUFF A LOT OF 'EM\er\Design_Pattern\ant\src\main\org\apache\tools\ant\taskdefs\compilers\Sj.java,org.apache.tools.ant.taskdefs.compilers.Sj,class,4,5,1,4,3,2,0,8,0,0.0,NaN,NaN,1,0,1,0,0,0,1,0,0,0,0,0,0,0,0,0,0,0,0,10,1,0,2,0,0,2,1,3,1,3,0,0,0,0,36,1,0
C:\Users\user\Desktop\STUFF A LOT OF 'EM\er\Design_Pattern\ant\src\main\org\apache\tools\ant\taskdefs\optional\depend\constantpool\MethodRefCPInfo.java,org.apache.tools.ant.taskdefs.optional.depend.constantpool.MethodRefCPInfo,class,4,6,2,4,8,2,0,9,3,0.5714286,0.0,0.0,7,0,7,0,0,0,7,0,0,0,5,0,0,5,0,0,0,0,0,43,4,0,0,0,0,5,1,9,2,8,1,0,0,0,72,1,0
C:\Users\user\Desktop\STUFF A LOT OF 'EM\er\Design_Pattern\ant\src\main\org\apache\tools\ant\taskdefs\optional\metamata\MMetrics.java,org.apache.tools.ant.taskdefs.optional.metamata.MMetrics$GranularityAttribute,innerclass,1,1,0,1,1,2,0,0,0,0.0,NaN,NaN,1,0,1,0,0,0,1,0,0,0,0,0,0,0,0,0,0,0,0,5,1,0,0,0,0,5,0,0,0,0,0,0,0,0,6,9,0
C:\Users\user\Desktop\STUFF A LOT OF 'EM\er\Design_Pattern\ant\src\main\org\apache\tools\ant\taskdefs\Parallel.java,org.apache.tools.ant.taskdefs.Parallel,class,7,8,1,7,46,2,0,23,42,0.8397436,0.0,0.0,12,0,8,4,0,0,8,0,0,0,13,0,0,13,0,0,1,0,1,218,3,8,15,3,1,4,19,51,1,37,5,1,2,0,232,1,0
C:\Users\user\Desktop\STUFF A LOT OF 'EM\er\Design_Pattern\ant\src\main\org\apache\tools\ant\taskdefs\optional\Javah.java,org.apache.tools.ant.taskdefs.optional.Javah$ClassArgument,innerclass,1,1,0,1,3,1,0,1,1,0.33333334,0.0,0.0,3,0,3,0,0,0,3,0,0,0,1,0,0,1,0,0,0,0,0,12,1,0,0,0,0,1,0,1,1,1,0,0,0,0,7,1,0
C:\Users\user\Desktop\STUFF A LOT OF 'EM\er\Design_Pattern\ant\src\main\org\apache\tools\ant\taskdefs\Tstamp.java,org.apache.tools.ant.taskdefs.Tstamp$Unit,innerclass,1,1,0,1,3,2,0,5,1,0.6333333,0.0,0.0,3,0,3,0,0,0,3,0,0,0,10,9,0,10,0,0,9,0,0,30,2,0,0,0,0,8,0,12,0,12,0,0,0,0,38,9,0
C:\Users\user\Desktop\STUFF A LOT OF 'EM\er\Design_Pattern\ant\src\testcases\org\apache\tools\ant\taskdefs\BasenameTest.java,org.apache.tools.ant.taskdefs.BasenameTest,class,1,1,0,1,11,3,0,5,55,0.0,0.0,0.0,11,0,11,0,0,0,11,0,0,0,0,0,0,0,0,0,0,0,0,47,0,0,0,0,0,25,0,6,0,6,0,0,0,0,34,1,0
C:\Users\user\Desktop\STUFF A LOT OF 'EM\er\Design_Pattern\ant\src\main\org\apache\tools\ant\taskdefs\optional\extension\Compatability.java,org.apache.tools.ant.taskdefs.optional.extension.Compatability,class,0,0,0,0,2,1,0,0,0,0.0,0.0,0.0,2,0,1,0,0,1,2,0,0,0,1,0,0,1,0,0,1,0,0,9,1,0,0,0,0,0,0,1,0,1,0,0,0,0,54,17,0
C:\Users\user\Desktop\STUFF A LOT OF 'EM\er\Design_Pattern\ant\src\main\org\apache\tools\ant\types\selectors\ContainsRegexpSelector.java,org.apache.tools.ant.types.selectors.ContainsRegexpSelector,class,8,12,4,8,17,5,0,16,3,0.7083333,0.0,0.0,6,0,6,0,0,0,6,0,0,0,4,1,1,3,0,0,1,0,0,73,4,2,5,2,0,7,1,15,3,9,3,0,0,0,122,1,0
C:\Users\user\Desktop\STUFF A LOT OF 'EM\er\Design_Pattern\ant\src\main\org\apache\tools\ant\taskdefs\optional\dotnet\Ildasm.java,org.apache.tools.ant.taskdefs.optional.dotnet.Ildasm,class,6,7,1,6,43,5,0,22,134,0.8812499,0.0,0.0,20,0,18,2,0,0,18,0,0,0,16,0,0,16,0,0,0,0,1,174,4,0,4,1,2,22,0,31,2,20,2,0,2,0,294,1,0
C:\Users\user\Desktop\STUFF A LOT OF 'EM\er\Design_Pattern\ant\src\main\org\apache\tools\ant\taskdefs\PathConvert.java,org.apache.tools.ant.taskdefs.PathConvert,class,13,14,1,13,50,3,0,32,82,0.84090906,0.0,0.0,16,0,13,3,0,0,13,0,0,0,11,0,0,11,0,0,0,0,0,218,5,5,17,1,0,23,8,63,5,39,4,0,2,0,206,1,0
C:\Users\user\Desktop\STUFF A LOT OF 'EM\er\Design_Pattern\ant\src\testcases\org\apache\tools\ant\types\XMLCatalogTest.java,org.apache.tools.ant.types.XMLCatalogTest,class,10,11,1,10,35,2,0,31,0,0.16666667,0.0,0.0,15,0,13,2,0,0,13,0,0,0,2,0,0,2,0,0,0,0,1,287,2,0,0,18,2,93,0,74,25,71,1,0,0,0,115,1,0
C:\Users\user\Desktop\STUFF A LOT OF 'EM\er\Design_Pattern\ant\src\main\org\apache\tools\ant\types\optional\image\Arc.java,org.apache.tools.ant.types.optional.image.Arc,class,6,7,1,6,14,5,0,15,5,0.6666667,0.0,0.0,6,0,6,0,0,0,6,0,0,0,5,0,0,0,5,0,0,0,2,57,1,1,0,0,5,5,9,21,4,12,2,0,0,0,39,1,0
C:\Users\user\Desktop\STUFF A LOT OF 'EM\er\Design_Pattern\ant\src\testcases\org\apache\tools\ant\taskdefs\AntTest.java,org.apache.tools.ant.taskdefs.AntTest$ReferenceChecker,innerclass,5,5,0,5,18,1,0,10,32,0.8,0.0,0.0,9,0,7,0,0,2,9,0,0,0,5,0,0,5,0,0,0,0,0,72,2,1,4,1,0,4,2,13,1,13,7,0,0,0,41,2,0
C:\Users\user\Desktop\STUFF A LOT OF 'EM\er\Design_Pattern\ant\src\main\org\apache\tools\ant\util\MergingMapper.java,org.apache.tools.ant.util.MergingMapper,class,1,5,4,1,3,1,0,0,1,0.33333334,0.0,0.0,3,0,3,0,0,0,3,0,0,0,1,0,0,0,1,0,0,0,0,11,1,0,0,0,0,0,0,2,0,1,0,0,0,0,37,1,0
C:\Users\user\Desktop\STUFF A LOT OF 'EM\er\Design_Pattern\ant\src\main\org\apache\tools\ant\taskdefs\compilers\Jvc.java,org.apache.tools.ant.taskdefs.compilers.Jvc,class,6,7,1,6,12,2,0,19,0,0.0,NaN,NaN,1,0,1,0,0,0,1,0,0,0,0,0,0,0,0,0,0,0,1,51,1,0,6,0,0,11,1,7,0,6,1,0,0,0,73,1,0
C:\Users\user\Desktop\STUFF A LOT OF 'EM\er\Design_Pattern\ant\src\main\org\apache\tools\ant\taskdefs\optional\i18n\Translate.java,org.apache.tools.ant.taskdefs.optional.i18n.Translate,class,11,12,1,11,75,4,0,46,78,0.8846155,0.0,0.0,17,0,13,4,0,0,13,0,0,0,26,8,0,26,0,0,8,0,7,288,0,9,24,4,5,28,35,102,28,65,9,0,0,0,276,1,0
C:\Users\user\Desktop\STUFF A LOT OF 'EM\er\Design_Pattern\ant\src\main\org\apache\tools\ant\types\Parameterizable.java,org.apache.tools.ant.types.Parameterizable,interface,1,3,2,1,1,1,0,0,0,0.0,NaN,NaN,1,0,0,0,0,1,1,0,0,0,0,0,0,0,0,0,0,0,0,3,0,0,0,0,0,0,0,0,0,0,0,0,0,0,16,1,0
C:\Users\user\Desktop\STUFF A LOT OF 'EM\er\Design_Pattern\ant\src\testcases\org\apache\tools\ant\taskdefs\email\EmailAddressTest.java,org.apache.tools.ant.taskdefs.email.EmailAddressTest,class,3,4,1,3,19,2,0,7,153,0.0,0.0,0.0,18,0,15,3,0,0,15,0,0,0,0,0,0,0,0,0,0,0,0,58,0,0,1,0,0,20,0,0,1,0,0,0,0,0,33,1,0
C:\Users\user\Desktop\STUFF A LOT OF 'EM\er\Design_Pattern\ant\src\main\org\apache\tools\ant\types\selectors\NoneSelector.java,org.apache.tools.ant.types.selectors.NoneSelector,class,2,6,4,2,6,5,1,9,3,0.0,0.0,0.0,3,0,3,0,0,0,3,0,0,0,0,0,0,0,0,0,0,0,0,25,3,1,0,0,1,2,0,3,0,3,2,0,0,0,64,1,0
C:\Users\user\Desktop\STUFF A LOT OF 'EM\er\Design_Pattern\ant\src\main\org\apache\tools\ant\taskdefs\optional\j2ee\ServerDeploy.java,org.apache.tools.ant.taskdefs.optional.j2ee.ServerDeploy,class,6,11,5,6,9,3,0,8,12,0.6666667,0.0,0.0,8,0,8,0,0,0,8,0,0,0,3,0,0,3,0,0,0,0,0,36,2,1,0,0,0,0,0,5,0,5,1,0,0,0,99,1,0
C:\Users\user\Desktop\STUFF A LOT OF 'EM\er\Design_Pattern\ant\src\main\org\apache\tools\ant\types\optional\depend\DependScanner.java,org.apache.tools.ant.types.optional.depend.DependScanner,class,4,5,1,4,22,2,0,17,93,0.8666667,0.0,0.0,15,0,15,0,0,0,15,0,0,0,5,1,1,4,0,0,1,0,1,82,7,4,0,1,0,3,3,23,2,20,2,0,0,0,127,1,0
C:\Users\user\Desktop\STUFF A LOT OF 'EM\er\Design_Pattern\ant\src\main\org\apache\tools\ant\taskdefs\optional\net\FTP.java,org.apache.tools.ant.taskdefs.optional.net.FTP$FTPDirectoryScanner,innerclass,11,11,0,11,93,3,0,63,26,0.7361111,0.0,0.0,12,0,4,7,1,0,5,0,0,0,6,0,0,5,1,0,0,0,4,503,10,6,7,11,1,21,13,64,14,34,7,0,2,0,200,4,0
C:\Users\user\Desktop\STUFF A LOT OF 'EM\er\Design_Pattern\ant\src\main\org\apache\tools\ant\types\optional\ScriptFilter.java,org.apache.tools.ant.types.optional.ScriptFilter,class,3,4,1,3,8,2,0,14,0,0.5714286,0.0,0.0,7,0,6,1,0,0,6,0,0,0,3,0,0,3,0,0,0,0,0,38,3,0,0,0,0,3,0,4,0,3,1,0,0,0,77,1,0
C:\Users\user\Desktop\STUFF A LOT OF 'EM\er\Design_Pattern\ant\src\main\org\apache\tools\ant\taskdefs\optional\extension\ExtensionUtil.java,org.apache.tools.ant.taskdefs.optional.extension.ExtensionUtil,class,9,14,5,9,25,1,0,28,21,0.0,0.0,0.0,7,6,0,4,0,3,3,0,0,0,0,0,0,0,0,0,0,0,4,81,3,5,6,2,0,1,4,30,1,26,2,0,0,0,105,1,0
C:\Users\user\Desktop\STUFF A LOT OF 'EM\er\Design_Pattern\ant\src\main\org\apache\tools\ant\taskdefs\optional\extension\JarLibAvailableTask.java,org.apache.tools.ant.taskdefs.optional.extension.JarLibAvailableTask,class,9,10,1,9,20,3,0,15,0,0.5416667,0.0,0.0,6,0,5,1,0,0,5,0,0,0,4,0,0,4,0,0,1,0,2,67,0,3,5,0,0,10,2,19,3,19,4,0,0,0,80,1,0
C:\Users\user\Desktop\STUFF A LOT OF 'EM\er\Design_Pattern\ant\src\main\org\apache\tools\ant\taskdefs\optional\sitraka\Socket.java,org.apache.tools.ant.taskdefs.optional.sitraka.Socket,class,0,1,1,0,3,1,0,1,0,0.33333334,0.0,0.0,3,0,3,0,0,0,3,0,0,0,2,0,0,2,0,0,0,0,0,13,1,0,0,0,0,2,1,4,1,2,0,0,0,0,46,1,0
C:\Users\user\Desktop\STUFF A LOT OF 'EM\er\Design_Pattern\ant\src\main\org\apache\tools\ant\taskdefs\ManifestTask.java,org.apache.tools.ant.taskdefs.ManifestTask$Mode,innerclass,1,1,0,1,1,2,0,0,0,0.0,NaN,NaN,1,0,1,0,0,0,1,0,0,0,0,0,0,0,0,0,0,0,0,5,1,0,0,0,0,2,0,0,0,0,0,0,0,0,15,9,0
C:\Users\user\Desktop\STUFF A LOT OF 'EM\er\Design_Pattern\ant\src\main\org\apache\tools\ant\types\resolver\ApacheCatalogResolver.java,org.apache.tools.ant.types.resolver.ApacheCatalogResolver,class,6,7,1,6,8,2,0,16,0,0.25,0.0,0.0,4,0,4,0,0,0,5,0,0,0,1,0,0,1,0,0,0,0,1,42,0,0,0,1,1,2,0,6,1,5,1,0,0,0,124,1,0
C:\Users\user\Desktop\STUFF A LOT OF 'EM\er\Design_Pattern\ant\src\main\org\apache\tools\ant\taskdefs\condition\Or.java,org.apache.tools.ant.taskdefs.condition.Or,class,2,3,1,2,3,3,0,4,0,0.0,NaN,NaN,1,0,1,0,0,0,1,0,0,0,0,0,0,0,0,0,0,0,0,12,2,1,0,0,0,0,0,2,0,2,2,0,0,0,38,1,0
C:\Users\user\Desktop\STUFF A LOT OF 'EM\er\Design_Pattern\ant\src\testcases\org\apache\tools\ant\CaseTest.java,org.apache.tools.ant.CaseTest,class,1,1,0,1,4,3,0,3,6,0.0,0.0,0.0,4,0,4,0,0,0,4,0,0,0,0,0,0,0,0,0,0,0,0,14,0,0,0,0,0,5,0,0,0,0,0,0,0,0,48,1,0
C:\Users\user\Desktop\STUFF A LOT OF 'EM\er\Design_Pattern\ant\src\main\org\apache\tools\ant\launch\Locator.java,org.apache.tools.ant.launch.Locator$Anonymous1,anonymous,0,0,0,0,3,1,0,2,0,0.0,NaN,NaN,1,0,1,0,0,0,1,0,0,0,0,0,0,0,0,0,0,0,0,10,2,1,0,0,0,0,1,1,0,1,2,0,0,0,6,-1,0
C:\Users\user\Desktop\STUFF A LOT OF 'EM\er\Design_Pattern\ant\src\main\org\apache\tools\ant\taskdefs\optional\ide\VAJAntToolGUI.java,org.apache.tools.ant.taskdefs.optional.ide.VAJAntToolGUI,class,6,10,4,6,151,5,0,112,1366,0.97893846,0.0,0.0,53,1,2,51,0,0,2,0,0,0,43,1,0,43,0,0,1,0,9,1003,42,1,48,46,18,77,111,165,17,59,3,0,2,0,198,1,0
C:\Users\user\Desktop\STUFF A LOT OF 'EM\er\Design_Pattern\ant\src\testcases\org\apache\tools\ant\types\selectors\DateSelectorTest.java,org.apache.tools.ant.types.selectors.DateSelectorTest,class,6,7,1,6,11,3,0,23,6,1.0,0.0,0.0,4,0,4,0,0,0,4,0,0,0,1,0,0,1,0,0,0,0,0,165,1,0,0,8,0,51,21,44,5,16,2,0,0,0,109,1,0
C:\Users\user\Desktop\STUFF A LOT OF 'EM\er\Design_Pattern\ant\src\main\org\apache\tools\ant\taskdefs\condition\Os.java,org.apache.tools.ant.taskdefs.condition.Os,class,3,16,13,3,31,1,0,8,16,0.78125,0.0,0.0,12,5,12,0,0,0,12,0,0,0,8,4,0,8,0,0,4,0,13,100,6,0,8,0,2,37,13,28,1,13,3,0,0,0,70,1,0
C:\Users\user\Desktop\STUFF A LOT OF 'EM\er\Design_Pattern\ant\src\main\org\apache\tools\ant\types\selectors\BaseSelectorContainer.java,org.apache.tools.ant.types.selectors.BaseSelectorContainer,class,24,31,7,24,34,4,5,15,358,0.8214286,0.0,0.0,28,0,28,0,0,0,28,1,0,0,1,0,0,1,0,0,0,0,0,107,5,2,1,0,2,1,0,7,0,7,3,0,0,0,176,1025,0
C:\Users\user\Desktop\STUFF A LOT OF 'EM\er\Design_Pattern\ant\src\testcases\org\apache\tools\ant\taskdefs\SleepTest.java,org.apache.tools.ant.taskdefs.SleepTest$Timer,innerclass,1,1,0,1,4,1,0,2,0,0.375,0.0,0.0,4,0,4,0,0,0,4,0,0,0,2,0,0,0,0,2,0,0,2,16,1,0,0,0,0,0,2,4,1,2,0,0,0,0,6,10,0
C:\Users\user\Desktop\STUFF A LOT OF 'EM\er\Design_Pattern\ant\src\main\org\apache\tools\ant\taskdefs\optional\ejb\EjbcHelper.java,org.apache.tools.ant.taskdefs.optional.ejb.EjbcHelper,class,3,4,1,3,26,1,0,26,7,0.6388889,NaN,NaN,6,1,1,5,0,0,1,0,0,0,6,0,0,5,0,1,0,0,1,122,6,2,3,2,1,16,3,41,11,33,2,0,0,0,162,1,0
C:\Users\user\Desktop\STUFF A LOT OF 'EM\er\Design_Pattern\ant\src\main\org\apache\tools\ant\taskdefs\optional\junit\PlainJUnitResultFormatter.java,org.apache.tools.ant.taskdefs.optional.junit.PlainJUnitResultFormatter,class,8,9,1,8,24,1,0,32,42,0.7916666,0.0,0.0,12,0,11,1,0,0,11,0,0,0,8,0,0,8,0,0,0,0,6,108,1,0,7,2,1,18,5,16,5,13,4,0,0,0,92,1,0
C:\Users\user\Desktop\STUFF A LOT OF 'EM\er\Design_Pattern\ant\src\main\org\apache\tools\ant\loader\AntClassLoader2.java,org.apache.tools.ant.loader.AntClassLoader2,class,7,8,1,7,35,3,0,40,13,0.75,0.0,0.0,6,0,1,1,4,0,5,0,0,0,2,1,0,2,0,0,0,0,1,148,7,1,19,3,0,13,3,48,4,28,3,0,0,0,146,1,0
C:\Users\user\Desktop\STUFF A LOT OF 'EM\er\Design_Pattern\ant\src\main\org\apache\tools\ant\helper\ProjectHelper2.java,org.apache.tools.ant.helper.ProjectHelper2$RootHandler,innerclass,8,8,0,8,13,2,0,20,0,0.40740743,0.0,0.0,9,0,9,0,0,0,9,0,0,0,3,0,0,3,0,0,0,0,0,58,3,0,1,1,0,3,0,12,2,8,2,0,0,0,143,9,0
C:\Users\user\Desktop\STUFF A LOT OF 'EM\er\Design_Pattern\ant\src\main\org\apache\tools\ant\taskdefs\optional\image\Image.java,org.apache.tools.ant.taskdefs.optional.image.Image,class,14,15,1,14,40,4,0,33,39,0.77678573,0.0,0.0,14,0,13,0,1,0,14,0,0,0,8,0,0,1,7,0,0,0,1,147,0,6,6,2,3,14,5,42,9,28,4,0,0,0,179,1,0
C:\Users\user\Desktop\STUFF A LOT OF 'EM\er\Design_Pattern\ant\src\main\org\apache\tools\ant\taskdefs\optional\ejb\WeblogicTOPLinkDeploymentTool.java,org.apache.tools.ant.taskdefs.optional.ejb.WeblogicTOPLinkDeploymentTool,class,4,5,1,4,8,3,0,9,2,0.59999996,0.0,0.0,5,0,3,0,2,0,5,0,0,0,3,1,0,3,0,0,1,0,0,37,1,0,2,0,0,9,0,5,6,5,1,0,0,0,113,1,0
C:\Users\user\Desktop\STUFF A LOT OF 'EM\er\Design_Pattern\ant\src\testcases\org\apache\tools\ant\util\PackageNameMapperTest.java,org.apache.tools.ant.util.PackageNameMapperTest,class,3,4,1,3,3,2,0,6,3,0.0,0.0,0.0,3,0,2,1,0,0,2,0,0,0,0,0,0,0,0,0,0,0,0,16,1,0,0,0,0,4,1,3,0,3,0,0,0,0,19,1,0
C:\Users\user\Desktop\STUFF A LOT OF 'EM\er\Design_Pattern\ant\src\main\org\apache\tools\ant\types\selectors\AndSelector.java,org.apache.tools.ant.types.selectors.AndSelector,class,2,5,3,2,6,5,0,9,3,0.0,0.0,0.0,3,0,3,0,0,0,3,0,0,0,0,0,0,0,0,0,0,0,0,25,3,1,0,0,1,2,0,3,0,3,2,0,0,0,61,1,0
C:\Users\user\Desktop\STUFF A LOT OF 'EM\er\Design_Pattern\ant\src\testcases\org\apache\tools\ant\util\DOMElementWriterTest.java,org.apache.tools.ant.util.DOMElementWriterTest,class,2,2,0,2,5,2,0,6,0,0.2,0.0,0.0,5,0,5,0,0,0,5,0,0,0,1,0,0,1,0,0,0,0,0,61,0,0,0,0,0,82,0,1,0,1,0,0,0,0,30,1,0
C:\Users\user\Desktop\STUFF A LOT OF 'EM\er\Design_Pattern\ant\src\main\org\apache\tools\ant\taskdefs\email\UUMailer.java,org.apache.tools.ant.taskdefs.email.UUMailer,class,3,3,0,3,3,3,0,5,0,0.0,NaN,NaN,1,0,0,0,1,0,1,0,0,0,0,0,0,0,0,0,0,0,0,16,0,0,0,1,0,3,0,3,1,3,1,0,0,0,29,0,0
C:\Users\user\Desktop\STUFF A LOT OF 'EM\er\Design_Pattern\ant\src\main\org\apache\tools\ant\taskdefs\optional\metamata\MMetricsStreamHandler.java,org.apache.tools.ant.taskdefs.optional.metamata.MetricsElement,class,1,3,2,1,12,1,0,13,0,0.71428573,0.0,0.0,7,1,6,0,0,1,8,0,0,0,5,2,0,5,0,0,2,0,2,58,6,1,3,0,4,8,13,14,5,10,1,0,0,0,38,0,0
C:\Users\user\Desktop\STUFF A LOT OF 'EM\er\Design_Pattern\ant\src\main\org\apache\tools\ant\taskdefs\optional\ssh\SSHExec.java,org.apache.tools.ant.taskdefs.optional.ssh.SSHExec$Anonymous1,anonymous,0,0,0,0,4,1,0,2,0,0.0,NaN,NaN,1,0,1,0,0,0,1,0,0,0,0,0,0,0,0,0,0,0,1,14,1,1,1,1,0,0,1,0,0,0,2,0,0,0,6,-1,0
C:\Users\user\Desktop\STUFF A LOT OF 'EM\er\Design_Pattern\ant\src\main\org\apache\tools\ant\taskdefs\optional\junit\Enumerations.java,org.apache.tools.ant.taskdefs.optional.junit.ArrayEnumeration,class,1,3,2,1,5,1,0,1,0,0.0,0.0,0.0,3,0,3,0,0,0,3,0,0,0,2,0,0,2,0,0,0,0,0,19,2,0,0,0,1,0,1,3,0,3,1,0,0,0,43,0,0
C:\Users\user\Desktop\STUFF A LOT OF 'EM\er\Design_Pattern\ant\src\main\org\apache\tools\ant\types\selectors\modifiedselector\DigestAlgorithm.java,org.apache.tools.ant.types.selectors.modifiedselector.DigestAlgorithm,class,4,6,2,4,19,1,0,14,3,0.625,0.0,0.0,6,0,6,0,0,0,6,0,0,0,4,0,0,4,0,0,0,0,3,86,7,2,3,4,1,8,7,21,1,14,4,0,0,0,104,1,0
C:\Users\user\Desktop\STUFF A LOT OF 'EM\er\Design_Pattern\ant\src\main\org\apache\tools\ant\util\regexp\JakartaRegexpMatcher.java,org.apache.tools.ant.util.regexp.JakartaRegexpMatcher,class,5,8,3,5,16,1,1,11,30,0.6666667,0.0,0.0,9,0,6,1,2,0,8,0,0,0,1,0,0,1,0,0,0,0,3,61,9,1,1,1,0,1,1,13,0,9,2,0,0,0,53,1,0
C:\Users\user\Desktop\STUFF A LOT OF 'EM\er\Design_Pattern\ant\src\main\org\apache\tools\ant\util\ClasspathUtils.java,org.apache.tools.ant.util.ClasspathUtils$Delegate,innerclass,6,6,0,6,18,1,0,12,44,0.7820513,0.0,0.0,13,0,11,1,0,1,12,0,0,0,6,0,0,6,0,0,1,0,3,64,8,0,5,0,0,0,0,10,1,8,1,0,0,0,141,9,0
C:\Users\user\Desktop\STUFF A LOT OF 'EM\er\Design_Pattern\ant\src\etc\testcases\taskdefs\optional\depend\src3\A.java,Inner,innerclass,1,1,0,1,0,1,0,0,0,0.0,-1.0,-1.0,0,0,0,0,0,0,0,0,0,0,0,0,0,0,0,0,0,0,0,4,0,0,0,0,0,0,0,0,0,0,0,0,1,0,1,10,0
C:\Users\user\Desktop\STUFF A LOT OF 'EM\er\Design_Pattern\ant\src\main\org\apache\tools\ant\taskdefs\GenerateKey.java,org.apache.tools.ant.taskdefs.GenerateKey,class,7,7,0,7,34,3,0,17,52,0.83333343,0.0,0.0,13,0,13,0,0,0,13,0,0,0,12,0,0,0,12,0,0,0,2,212,1,0,15,2,0,40,2,15,5,15,1,0,2,0,117,1,0
C:\Users\user\Desktop\STUFF A LOT OF 'EM\er\Design_Pattern\ant\src\main\org\apache\tools\ant\taskdefs\optional\perforce\P4Submit.java,org.apache.tools.ant.taskdefs.optional.perforce.P4Submit,class,5,5,0,5,5,4,0,1,4,0.6666667,0.0,0.0,4,0,4,0,0,0,4,0,0,0,3,0,1,2,0,0,0,0,0,63,0,0,1,0,0,2,0,3,1,3,1,0,1,0,74,1,0
C:\Users\user\Desktop\STUFF A LOT OF 'EM\er\Design_Pattern\ant\src\testcases\org\apache\tools\ant\PropertyExpansionTest.java,org.apache.tools.ant.PropertyExpansionTest,class,2,3,1,2,6,3,0,5,15,0.0,0.0,0.0,6,0,5,1,0,0,5,0,0,0,0,0,0,0,0,0,0,0,0,40,0,0,0,0,0,45,0,1,0,1,0,0,0,0,70,1,0
C:\Users\user\Desktop\STUFF A LOT OF 'EM\er\Design_Pattern\ant\src\main\org\apache\tools\ant\taskdefs\optional\ccm\CCMReconfigure.java,org.apache.tools.ant.taskdefs.optional.ccm.CCMReconfigure,class,6,7,1,6,13,4,0,14,30,0.8333333,0.0,0.0,9,0,8,1,0,0,8,0,0,0,6,3,3,3,0,0,3,0,1,54,3,0,3,0,0,4,1,13,1,9,1,0,0,0,82,1,0
C:\Users\user\Desktop\STUFF A LOT OF 'EM\er\Design_Pattern\ant\src\main\org\apache\tools\ant\util\SourceFileScanner.java,org.apache.tools.ant.util.SourceFileScanner,class,7,11,4,7,9,1,0,13,0,0.33333334,0.0,0.0,6,0,6,0,0,0,6,0,0,0,3,0,0,2,1,0,0,0,2,43,5,3,0,0,0,0,3,16,0,14,1,0,0,0,114,1,0
C:\Users\user\Desktop\STUFF A LOT OF 'EM\er\Design_Pattern\ant\src\testcases\org\apache\tools\ant\taskdefs\TaskdefTest.java,org.apache.tools.ant.taskdefs.TaskdefTest,class,2,2,0,2,15,2,0,7,66,0.0,0.0,0.0,12,0,12,0,0,0,12,0,0,0,0,0,0,0,0,0,0,0,0,42,0,0,0,0,0,25,3,1,1,1,0,0,0,0,45,1,0
C:\Users\user\Desktop\STUFF A LOT OF 'EM\er\Design_Pattern\ant\src\main\org\apache\tools\ant\types\selectors\FileSelector.java,org.apache.tools.ant.types.selectors.FileSelector,interface,0,13,13,0,1,1,0,0,0,0.0,NaN,NaN,1,0,0,0,0,1,1,0,0,0,0,0,0,0,0,0,0,0,0,3,0,0,0,0,0,0,0,0,0,0,0,0,0,0,50,1,0
C:\Users\user\Desktop\STUFF A LOT OF 'EM\er\Design_Pattern\ant\src\main\org\apache\tools\ant\types\Substitution.java,org.apache.tools.ant.types.Substitution,class,5,7,2,5,7,3,0,9,0,0.625,0.0,0.0,4,0,4,0,0,0,4,0,0,0,2,1,1,1,0,0,1,0,0,31,3,0,0,0,1,2,0,6,1,5,1,0,0,0,68,1,0
C:\Users\user\Desktop\STUFF A LOT OF 'EM\er\Design_Pattern\ant\src\main\org\apache\tools\ant\taskdefs\FixCRLF.java,org.apache.tools.ant.taskdefs.FixCRLF$CrLf,innerclass,1,1,0,1,1,2,0,0,0,0.0,NaN,NaN,1,0,1,0,0,0,1,0,0,0,0,0,0,0,0,0,0,0,0,5,1,0,0,0,0,7,0,0,0,0,0,0,0,0,11,9,0
C:\Users\user\Desktop\STUFF A LOT OF 'EM\er\Design_Pattern\ant\src\main\org\apache\tools\ant\util\ConcatFileInputStream.java,org.apache.tools.ant.util.ConcatFileInputStream,class,2,4,2,2,18,2,0,8,6,0.6875,0.0,0.0,8,0,5,3,0,0,5,0,0,0,6,1,0,6,0,0,1,0,0,63,2,0,5,1,1,1,2,11,1,7,2,0,0,0,53,1,0
C:\Users\user\Desktop\STUFF A LOT OF 'EM\er\Design_Pattern\ant\src\main\org\apache\tools\ant\types\optional\image\ImageOperation.java,org.apache.tools.ant.types.optional.image.ImageOperation,class,6,15,9,6,5,3,3,1,0,0.0,0.0,0.0,5,0,5,0,0,0,5,0,0,0,1,0,0,0,1,0,0,0,0,18,0,0,0,0,0,0,0,1,0,1,0,0,0,0,13,1025,0
C:\Users\user\Desktop\STUFF A LOT OF 'EM\er\Design_Pattern\ant\src\main\org\apache\tools\ant\taskdefs\optional\ejb\WebsphereDeploymentTool.java,org.apache.tools.ant.taskdefs.optional.ejb.WebsphereDeploymentTool,class,14,16,2,14,95,3,0,83,405,0.9390679,0.0,0.0,31,0,22,1,7,1,30,0,0,0,27,7,2,20,5,0,7,0,0,421,7,7,19,7,5,70,9,99,29,76,7,1,1,0,433,1,0
C:\Users\user\Desktop\STUFF A LOT OF 'EM\er\Design_Pattern\ant\src\main\org\apache\tools\ant\taskdefs\optional\pvcs\Pvcs.java,org.apache.tools.ant.taskdefs.optional.pvcs.Pvcs,class,12,13,1,12,85,2,0,67,528,0.91993475,0.0,0.0,36,0,32,3,1,0,33,0,0,0,17,2,0,17,0,0,2,0,4,335,17,3,21,5,4,63,10,68,26,46,6,0,0,0,360,1,0
C:\Users\user\Desktop\STUFF A LOT OF 'EM\er\Design_Pattern\ant\src\main\org\apache\tools\ant\types\PropertySet.java,org.apache.tools.ant.types.PropertySet$BuiltinPropertySetName,innerclass,1,1,0,1,1,2,0,0,0,0.0,NaN,NaN,1,0,1,0,0,0,1,0,0,0,3,3,0,0,0,3,3,0,0,8,1,0,0,0,0,3,0,3,0,3,0,0,0,0,22,9,0
C:\Users\user\Desktop\STUFF A LOT OF 'EM\er\Design_Pattern\ant\src\main\org\apache\tools\ant\taskdefs\War.java,org.apache.tools.ant.taskdefs.War,class,6,6,0,6,16,2,0,15,28,0.77777773,0.0,0.0,9,0,6,0,3,0,9,0,0,0,3,1,0,3,0,0,1,0,1,59,0,0,2,0,0,14,0,7,2,4,2,0,0,0,148,1,0
C:\Users\user\Desktop\STUFF A LOT OF 'EM\er\Design_Pattern\ant\src\main\org\apache\tools\ant\IntrospectionHelper.java,org.apache.tools.ant.IntrospectionHelper$Creator,innerclass,4,4,0,4,21,1,0,9,0,0.44,0.0,0.0,5,0,4,1,0,0,4,0,0,0,5,0,0,5,0,0,0,0,1,81,2,0,5,2,0,5,0,10,4,9,2,0,0,0,89,25,0
C:\Users\user\Desktop\STUFF A LOT OF 'EM\er\Design_Pattern\ant\src\main\org\apache\tools\ant\util\LineTokenizer.java,org.apache.tools.ant.util.LineTokenizer,class,2,3,1,2,14,2,0,4,0,0.33333334,0.0,0.0,3,0,3,0,0,0,3,0,0,0,3,0,0,3,0,0,0,0,0,63,4,1,9,0,0,7,12,19,0,6,3,0,0,0,64,1,0
C:\Users\user\Desktop\STUFF A LOT OF 'EM\er\Design_Pattern\ant\src\main\org\apache\tools\ant\taskdefs\optional\ide\VAJImport.java,org.apache.tools.ant.taskdefs.optional.ide.VAJImport$LocalDirectoryScanner,innerclass,1,1,0,1,2,2,0,0,1,0.0,0.0,0.0,2,0,2,0,0,0,2,0,0,0,0,0,0,0,0,0,0,0,0,8,2,0,0,0,0,0,0,0,0,0,0,0,0,0,47,10,0
C:\Users\user\Desktop\STUFF A LOT OF 'EM\er\Design_Pattern\ant\src\main\org\apache\tools\ant\filters\util\ChainReaderHelper.java,org.apache.tools.ant.filters.util.ChainReaderHelper,class,11,15,4,11,30,1,0,23,10,0.75,0.0,0.0,8,0,7,1,0,0,7,0,7,0,5,1,3,2,0,0,1,0,2,118,5,4,6,1,3,5,8,36,2,28,8,0,0,0,135,17,0
C:\Users\user\Desktop\STUFF A LOT OF 'EM\er\Design_Pattern\ant\src\testcases\org\apache\tools\ant\filters\NoNewLineTest.java,org.apache.tools.ant.filters.NoNewLineTest,class,1,1,0,1,4,3,0,2,6,0.0,0.0,0.0,4,0,4,0,0,0,4,0,0,0,0,0,0,0,0,0,0,0,0,14,0,0,0,0,0,3,0,0,0,0,0,0,0,0,30,1,0
C:\Users\user\Desktop\STUFF A LOT OF 'EM\er\Design_Pattern\ant\src\testcases\org\example\junit\ThreadedOutput.java,org.example.junit.ThreadedOutput$Anonymous1,anonymous,0,0,0,0,1,1,0,1,0,0.0,NaN,NaN,1,0,1,0,0,0,1,0,0,0,0,0,0,0,0,0,0,0,0,5,0,0,0,0,0,1,0,0,0,0,0,0,0,0,1,-1,0
C:\Users\user\Desktop\STUFF A LOT OF 'EM\er\Design_Pattern\ant\src\main\org\apache\tools\ant\taskdefs\optional\net\TelnetTask.java,org.apache.tools.ant.taskdefs.optional.net.TelnetTask$AntTelnetClient,innerclass,4,4,0,4,14,2,0,18,3,0.0,0.0,0.0,3,0,3,0,0,0,3,0,0,0,0,0,0,0,0,0,0,0,3,50,0,3,6,2,1,3,6,4,3,4,4,0,0,0,70,1,0
C:\Users\user\Desktop\STUFF A LOT OF 'EM\er\Design_Pattern\ant\src\testcases\org\apache\tools\ant\taskdefs\AntTest.java,org.apache.tools.ant.taskdefs.AntTest$PropertyChecker,innerclass,3,3,0,3,12,1,0,6,32,0.8055556,0.0,0.0,9,0,7,0,0,2,9,0,0,0,4,0,0,4,0,0,0,0,0,38,2,0,1,1,0,1,1,4,0,4,2,0,0,0,27,2,0
C:\Users\user\Desktop\STUFF A LOT OF 'EM\er\Design_Pattern\ant\src\main\org\apache\tools\ant\util\KeepAliveInputStream.java,org.apache.tools.ant.util.KeepAliveInputStream,class,0,0,0,0,2,3,0,0,1,0.0,0.0,0.0,2,0,2,0,0,0,2,0,0,0,0,0,0,0,0,0,0,0,0,7,0,0,0,0,0,0,0,0,0,0,0,0,0,0,41,1,0
C:\Users\user\Desktop\STUFF A LOT OF 'EM\er\Design_Pattern\ant\src\main\org\apache\tools\ant\taskdefs\DefBase.java,org.apache.tools.ant.taskdefs.DefBase,class,6,7,1,6,13,4,1,14,0,0.45454547,0.0,0.0,11,0,10,0,1,0,11,0,0,0,2,0,0,2,0,0,0,0,0,46,7,0,2,0,1,2,0,2,0,2,1,0,0,0,102,1025,0
C:\Users\user\Desktop\STUFF A LOT OF 'EM\er\Design_Pattern\ant\src\main\org\apache\tools\ant\types\AbstractFileSet.java,org.apache.tools.ant.types.AbstractFileSet,class,30,57,27,30,103,3,2,80,967,0.8771429,0.0,0.0,50,0,47,0,3,0,50,0,0,0,7,0,0,7,0,0,0,0,0,355,31,5,10,1,3,9,5,46,6,33,3,0,0,0,252,1025,0
C:\Users\user\Desktop\STUFF A LOT OF 'EM\er\Design_Pattern\ant\src\main\org\apache\tools\ant\helper\ProjectHelper2.java,org.apache.tools.ant.helper.ProjectHelper2,class,19,22,3,19,21,7,0,46,1,0.7333334,0.0,0.0,3,0,3,0,0,0,3,0,0,0,5,5,0,5,0,0,0,0,0,446,1,0,7,3,0,16,3,36,5,24,3,0,6,0,109,1,0
C:\Users\user\Desktop\STUFF A LOT OF 'EM\er\Design_Pattern\ant\src\testcases\org\apache\tools\ant\taskdefs\DependSetTest.java,org.apache.tools.ant.taskdefs.DependSetTest,class,1,1,0,1,9,3,0,7,28,0.0,0.0,0.0,8,0,8,0,0,0,8,0,0,0,0,0,0,0,0,0,0,0,0,30,0,0,0,0,0,12,0,1,1,1,1,0,0,0,42,1,0
C:\Users\user\Desktop\STUFF A LOT OF 'EM\er\Design_Pattern\ant\src\main\org\apache\tools\ant\taskdefs\optional\ejb\DDCreatorHelper.java,org.apache.tools.ant.taskdefs.optional.ejb.DDCreatorHelper,class,2,3,1,2,12,1,0,12,4,0.5,NaN,NaN,4,1,1,3,0,0,1,0,0,0,3,0,0,2,0,1,0,0,0,55,2,2,1,2,0,8,5,20,3,17,3,0,0,0,117,1,0
C:\Users\user\Desktop\STUFF A LOT OF 'EM\er\Design_Pattern\ant\src\testcases\org\apache\tools\ant\taskdefs\DynamicTask.java,org.apache.tools.ant.taskdefs.DynamicTask$Sub,innerclass,1,1,0,1,2,1,0,2,1,0.0,0.0,0.0,2,0,2,0,0,0,2,0,0,0,0,0,0,0,0,0,0,0,0,8,1,0,0,0,0,0,0,0,0,0,0,0,0,0,13,1,0
C:\Users\user\Desktop\STUFF A LOT OF 'EM\er\Design_Pattern\ant\src\testcases\org\apache\tools\ant\taskdefs\optional\junit\JUnitTestRunnerTest.java,org.apache.tools.ant.taskdefs.optional.junit.JUnitTestRunnerTest$NoTestCase,innerclass,0,0,0,0,0,1,0,0,0,0.0,-1.0,-1.0,0,0,0,0,0,0,0,0,0,0,0,0,0,0,0,0,0,0,0,2,0,0,0,0,0,0,0,0,0,0,0,0,0,0,3,9,0
C:\Users\user\Desktop\STUFF A LOT OF 'EM\er\Design_Pattern\ant\src\testcases\org\apache\tools\ant\taskdefs\dir1\B.java,org.apache.tools.ant.taskdefs.dir1.B,class,2,3,1,2,2,2,0,2,0,0.0,0.0,0.0,1,0,1,0,0,0,2,0,0,0,0,0,0,0,0,0,0,0,1,9,1,0,0,0,0,2,0,0,0,0,0,0,0,0,10,1,0
C:\Users\user\Desktop\STUFF A LOT OF 'EM\er\Design_Pattern\ant\src\main\org\apache\tools\ant\util\TeeOutputStream.java,org.apache.tools.ant.util.TeeOutputStream,class,1,4,3,1,6,2,0,5,0,0.0,0.0,0.0,6,0,6,0,0,0,6,0,0,0,2,0,0,2,0,0,0,0,0,28,0,0,0,0,0,0,0,2,0,2,0,0,0,0,26,1,0
C:\Users\user\Desktop\STUFF A LOT OF 'EM\er\Design_Pattern\ant\src\main\org\apache\tools\ant\input\InputRequest.java,org.apache.tools.ant.input.InputRequest,class,0,5,5,0,6,1,1,0,6,0.6,0.0,0.0,5,0,5,0,0,0,5,0,0,0,2,0,0,2,0,0,0,0,0,22,3,0,1,0,0,1,0,2,0,2,1,0,0,0,30,1,0
C:\Users\user\Desktop\STUFF A LOT OF 'EM\er\Design_Pattern\ant\src\main\org\apache\tools\ant\util\depend\bcel\AncestorAnalyzer.java,org.apache.tools.ant.util.depend.bcel.AncestorAnalyzer,class,3,3,0,3,18,2,0,20,3,0.0,0.0,0.0,3,0,1,0,2,0,3,0,0,0,0,0,0,0,0,0,0,0,0,72,1,6,2,2,0,3,4,24,1,20,5,0,0,0,88,1,0
C:\Users\user\Desktop\STUFF A LOT OF 'EM\er\Design_Pattern\ant\src\main\org\apache\tools\ant\taskdefs\optional\perforce\P4Counter.java,org.apache.tools.ant.taskdefs.optional.perforce.P4Counter$Anonymous1,anonymous,1,1,0,1,2,1,0,3,0,0.0,NaN,NaN,1,0,1,0,0,0,1,0,0,0,0,0,0,0,0,0,0,0,1,12,0,0,0,1,0,5,0,1,3,0,1,0,0,0,13,-1,0
C:\Users\user\Desktop\STUFF A LOT OF 'EM\er\Design_Pattern\ant\src\testcases\org\apache\tools\ant\ProjectTest.java,org.apache.tools.ant.ProjectTest$DummyTaskProtected,innerclass,1,1,0,1,2,2,0,0,1,0.0,0.0,0.0,2,0,2,0,0,0,2,0,0,0,0,0,0,0,0,0,0,0,0,6,0,0,0,0,0,0,0,0,0,0,0,0,0,0,4,4,0
C:\Users\user\Desktop\STUFF A LOT OF 'EM\er\Design_Pattern\ant\src\main\org\apache\tools\ant\taskdefs\optional\ejb\DescriptorHandler.java,org.apache.tools.ant.taskdefs.optional.ejb.DescriptorHandler,class,7,14,7,7,64,1,0,15,19,0.8011363,0.0,0.0,11,0,10,0,1,0,11,0,0,0,32,20,0,28,4,0,20,0,0,182,10,0,24,3,2,33,8,67,6,41,2,0,0,0,253,1,0
C:\Users\user\Desktop\STUFF A LOT OF 'EM\er\Design_Pattern\ant\src\main\org\apache\tools\ant\util\depend\AbstractAnalyzer.java,org.apache.tools.ant.util.depend.AbstractAnalyzer,class,3,6,3,3,29,1,2,17,102,0.859375,0.0,0.0,16,0,10,1,5,0,15,2,0,0,8,1,1,7,0,0,1,0,0,106,12,1,5,1,0,4,2,17,3,14,4,0,0,0,181,1025,0
C:\Users\user\Desktop\STUFF A LOT OF 'EM\er\Design_Pattern\ant\src\main\org\apache\tools\ant\types\optional\image\Rectangle.java,org.apache.tools.ant.types.optional.image.Rectangle,class,6,9,3,6,14,5,0,17,2,0.6,0.0,0.0,5,0,5,0,0,0,5,0,0,0,4,0,0,0,4,0,0,0,2,56,1,1,4,0,11,6,19,17,9,11,2,0,0,0,36,1,0
C:\Users\user\Desktop\STUFF A LOT OF 'EM\er\Design_Pattern\ant\src\main\org\apache\tools\ant\taskdefs\FixCRLF.java,org.apache.tools.ant.taskdefs.FixCRLF$OneLiner,innerclass,5,5,0,5,29,1,0,17,14,0.73214287,0.0,0.0,8,0,7,0,1,0,8,0,0,0,7,0,0,7,0,0,0,0,0,177,5,2,9,2,2,4,17,21,5,11,4,0,1,0,74,0,0
C:\Users\user\Desktop\STUFF A LOT OF 'EM\er\Design_Pattern\ant\src\main\org\apache\tools\ant\types\Permissions.java,org.apache.tools.ant.types.Permissions$MySM,innerclass,3,3,0,3,13,2,0,11,3,0.0,0.0,0.0,3,0,2,1,0,0,2,0,0,0,0,0,0,0,0,0,0,0,0,38,0,1,1,1,1,6,0,4,2,3,3,0,0,0,69,2,0
C:\Users\user\Desktop\STUFF A LOT OF 'EM\er\Design_Pattern\ant\src\main\org\apache\tools\ant\taskdefs\optional\clearcase\CCUnlock.java,org.apache.tools.ant.taskdefs.optional.clearcase.CCUnlock,class,8,9,1,8,22,4,0,22,56,0.85,0.0,0.0,12,0,8,4,0,0,8,0,0,0,5,2,2,3,0,0,2,0,1,83,7,0,7,0,0,6,1,14,3,9,1,0,0,0,135,1,0
C:\Users\user\Desktop\STUFF A LOT OF 'EM\er\Design_Pattern\ant\src\main\org\apache\tools\ant\taskdefs\optional\EchoProperties.java,org.apache.tools.ant.taskdefs.optional.EchoProperties,class,12,13,1,12,48,4,0,47,45,0.85858595,0.0,0.0,11,1,7,1,3,0,10,0,0,0,9,4,0,9,0,0,4,0,1,225,7,3,8,8,1,19,2,40,2,32,4,0,1,0,205,1,0
C:\Users\user\Desktop\STUFF A LOT OF 'EM\er\Design_Pattern\ant\src\main\org\apache\tools\ant\types\XMLCatalog.java,org.apache.tools.ant.types.XMLCatalog$ExternalResolver,innerclass,9,9,0,9,22,1,0,15,0,0.45833334,0.0,0.0,4,0,3,1,0,0,3,0,0,0,6,0,0,6,0,0,0,0,0,121,2,1,8,8,0,14,1,33,4,17,4,0,0,0,105,2,0
C:\Users\user\Desktop\STUFF A LOT OF 'EM\er\Design_Pattern\ant\src\etc\testcases\core\containersrc\test\SpecialSeq.java,test.SpecialSeq,class,6,6,0,6,7,3,0,8,0,0.5,0.0,0.0,4,0,4,0,0,0,4,0,0,0,3,0,0,3,0,0,0,0,0,25,0,1,2,0,0,1,0,5,0,5,1,0,0,0,34,1,0
C:\Users\user\Desktop\STUFF A LOT OF 'EM\er\Design_Pattern\ant\src\main\org\apache\tools\ant\taskdefs\PreSetDef.java,org.apache.tools.ant.taskdefs.PreSetDef,class,8,8,0,8,8,3,0,9,0,0.33333334,0.0,0.0,3,0,3,0,0,0,3,0,0,0,2,0,0,2,0,0,0,0,0,122,0,0,4,0,1,5,0,7,1,6,1,0,1,0,74,1,0
C:\Users\user\Desktop\STUFF A LOT OF 'EM\er\Design_Pattern\ant\src\main\org\apache\tools\ant\taskdefs\optional\j2ee\GenericHotDeploymentTool.java,org.apache.tools.ant.taskdefs.optional.j2ee.GenericHotDeploymentTool,class,7,9,2,7,10,2,1,15,4,0.6296297,0.0,0.0,9,0,8,0,1,0,9,0,0,0,3,1,0,3,0,0,1,0,0,40,5,0,1,0,1,2,1,3,0,3,1,0,0,0,128,1,0
C:\Users\user\Desktop\STUFF A LOT OF 'EM\er\Design_Pattern\ant\src\main\org\apache\tools\ant\util\CollectionUtils.java,org.apache.tools.ant.util.CollectionUtils,class,0,0,0,0,14,1,0,8,3,0.0,0.0,0.0,3,3,3,0,0,0,3,0,0,0,0,0,0,0,0,0,0,0,0,48,8,2,8,0,0,0,0,6,0,6,2,0,1,0,44,1,0
C:\Users\user\Desktop\STUFF A LOT OF 'EM\er\Design_Pattern\ant\src\testcases\org\apache\tools\ant\taskdefs\CopyTest.java,org.apache.tools.ant.taskdefs.CopyTest,class,3,3,0,3,24,3,0,21,120,0.0,0.0,0.0,16,0,16,0,0,0,16,0,0,0,0,0,0,0,0,0,0,0,4,99,0,0,6,0,0,41,5,16,0,16,1,0,0,0,69,1,0
C:\Users\user\Desktop\STUFF A LOT OF 'EM\er\Design_Pattern\ant\src\main\org\apache\tools\ant\types\Path.java,org.apache.tools.ant.types.Path$PathElement,innerclass,1,1,0,1,3,1,0,4,0,0.0,0.0,0.0,3,0,3,0,0,0,3,0,0,0,1,0,0,1,0,0,0,0,2,12,1,0,0,0,0,0,0,2,0,1,0,0,0,0,20,1,0
C:\Users\user\Desktop\STUFF A LOT OF 'EM\er\Design_Pattern\ant\src\main\org\apache\tools\ant\ComponentHelper.java,org.apache.tools.ant.ComponentHelper,class,11,18,7,11,91,3,0,94,248,0.87603307,0.0,0.0,33,1,23,9,1,0,24,0,0,1,11,0,0,11,0,0,0,0,4,442,30,8,27,5,6,32,2,84,10,68,5,0,1,0,306,1,0
C:\Users\user\Desktop\STUFF A LOT OF 'EM\er\Design_Pattern\ant\src\main\org\apache\tools\ant\taskdefs\optional\sitraka\bytecode\ClassPathLoader.java,org.apache.tools.ant.taskdefs.optional.sitraka.bytecode.ClassPathLoader,class,6,10,4,6,12,1,0,20,9,0.75,0.0,0.0,6,1,6,0,0,0,6,0,0,0,2,1,1,1,0,0,1,0,2,83,3,5,1,0,1,4,7,21,3,18,3,0,2,0,132,1,0
C:\Users\user\Desktop\STUFF A LOT OF 'EM\er\Design_Pattern\ant\src\main\org\apache\tools\ant\taskdefs\Get.java,org.apache.tools.ant.taskdefs.Get$Base64Converter,innerclass,3,3,0,3,5,1,0,2,1,0.5,0.0,0.0,2,0,2,0,0,0,2,0,0,0,1,0,1,0,0,0,1,0,0,46,2,1,2,0,17,0,37,30,21,6,1,0,0,0,35,10,0
C:\Users\user\Desktop\STUFF A LOT OF 'EM\er\Design_Pattern\ant\src\testcases\org\apache\tools\ant\types\selectors\ContainsRegexpTest.java,org.apache.tools.ant.types.selectors.ContainsRegexpTest,class,4,4,0,4,3,3,0,4,3,0.6666667,0.0,0.0,3,0,3,0,0,0,3,0,0,0,1,0,0,1,0,0,0,0,0,41,0,0,0,1,0,2,0,2,0,2,1,0,1,0,14,1,0
C:\Users\user\Desktop\STUFF A LOT OF 'EM\er\Design_Pattern\ant\src\main\org\apache\tools\ant\types\Commandline.java,org.apache.tools.ant.types.Commandline$Marker,innerclass,1,1,0,1,5,1,0,2,0,0.25,0.0,0.0,2,0,1,0,0,1,2,0,0,0,2,0,0,2,0,0,0,0,0,17,1,1,2,0,1,0,5,6,0,4,2,0,0,0,51,1,0
C:\Users\user\Desktop\STUFF A LOT OF 'EM\er\Design_Pattern\ant\src\etc\testcases\taskdefs\optional\depend\src3\A.java,Inner2,innerclass,1,1,0,1,0,1,0,0,0,0.0,-1.0,-1.0,0,0,0,0,0,0,0,0,0,0,0,0,0,0,0,0,0,0,0,2,0,0,0,0,0,0,0,0,0,0,0,0,0,0,2,10,0
C:\Users\user\Desktop\STUFF A LOT OF 'EM\er\Design_Pattern\ant\src\main\org\apache\tools\ant\taskdefs\optional\junit\JUnitTest.java,org.apache.tools.ant.taskdefs.optional.junit.JUnitTest,class,4,16,12,4,27,2,0,13,143,0.87218046,0.0,0.0,19,0,18,0,0,1,19,0,0,0,5,0,0,5,0,0,0,0,0,91,13,2,5,1,0,0,1,23,0,13,1,0,0,0,84,1,0
C:\Users\user\Desktop\STUFF A LOT OF 'EM\er\Design_Pattern\ant\src\main\org\apache\tools\ant\filters\LineContains.java,org.apache.tools.ant.filters.LineContains,class,6,7,1,6,19,5,0,19,8,0.7083333,0.0,0.0,8,0,5,3,0,0,5,0,5,0,3,1,0,3,0,0,1,0,0,84,4,3,7,0,0,1,7,17,0,10,4,0,1,0,140,17,0
C:\Users\user\Desktop\STUFF A LOT OF 'EM\er\Design_Pattern\ant\src\main\org\apache\tools\ant\taskdefs\optional\PropertyFile.java,org.apache.tools.ant.taskdefs.optional.PropertyFile$Entry$Operation,innerclass,1,1,0,1,4,2,0,1,1,0.5,0.0,0.0,2,1,2,0,0,0,2,0,0,0,3,3,3,0,0,0,3,0,0,17,4,0,0,0,0,5,3,3,0,3,1,0,0,0,27,9,0
C:\Users\user\Desktop\STUFF A LOT OF 'EM\er\Design_Pattern\ant\src\main\org\apache\tools\ant\util\StringUtils.java,org.apache.tools.ant.util.StringUtils,class,1,5,4,1,6,1,0,14,6,1.0,0.0,0.0,4,4,4,0,0,0,4,0,0,0,1,1,1,0,0,0,1,0,2,37,4,2,2,0,2,1,7,14,2,10,1,0,0,0,79,17,0
C:\Users\user\Desktop\STUFF A LOT OF 'EM\er\Design_Pattern\ant\src\main\org\apache\tools\ant\taskdefs\rmic\SunRmic.java,org.apache.tools.ant.taskdefs.rmic.SunRmic,class,4,5,1,4,5,2,0,12,0,0.0,NaN,NaN,1,0,1,0,0,0,1,0,0,0,0,0,0,0,0,0,0,0,1,34,1,0,0,2,1,9,0,7,1,7,2,0,0,0,53,1,0
C:\Users\user\Desktop\STUFF A LOT OF 'EM\er\Design_Pattern\ant\src\main\org\apache\tools\ant\UnknownElement.java,org.apache.tools.ant.UnknownElement,class,10,18,8,10,73,2,0,68,264,0.8448276,0.0,0.0,29,0,17,2,10,0,27,0,0,0,6,0,0,6,0,0,0,0,1,274,32,2,18,0,10,39,4,43,2,34,4,0,0,0,322,1,0
C:\Users\user\Desktop\STUFF A LOT OF 'EM\er\Design_Pattern\ant\src\main\org\apache\tools\ant\taskdefs\optional\sitraka\bytecode\ClassPathLoader.java,org.apache.tools.ant.taskdefs.optional.sitraka.bytecode.DirectoryFilter,class,0,1,1,0,1,1,0,1,0,0.0,NaN,NaN,1,0,1,0,0,0,1,0,0,0,0,0,0,0,0,0,0,0,0,6,1,0,0,0,0,0,0,1,0,1,0,0,0,0,14,16,0
C:\Users\user\Desktop\STUFF A LOT OF 'EM\er\Design_Pattern\ant\src\main\org\apache\tools\ant\taskdefs\SQLExec.java,org.apache.tools.ant.taskdefs.SQLExec$DelimiterType,innerclass,1,1,0,1,1,2,0,0,0,0.0,NaN,NaN,1,0,1,0,0,0,1,0,0,0,2,2,2,0,0,0,2,0,0,7,1,0,0,0,0,2,0,2,0,2,0,0,0,0,16,9,0
C:\Users\user\Desktop\STUFF A LOT OF 'EM\er\Design_Pattern\ant\src\main\org\apache\tools\ant\taskdefs\optional\sitraka\Coverage.java,org.apache.tools.ant.taskdefs.optional.sitraka.Coverage$CoverageStreamHandler,innerclass,2,2,0,2,3,2,0,1,1,0.0,0.0,0.0,2,0,1,0,0,1,2,0,0,0,0,0,0,0,0,0,0,0,0,12,0,0,0,1,0,0,0,0,0,0,1,0,0,0,52,8,0
C:\Users\user\Desktop\STUFF A LOT OF 'EM\er\Design_Pattern\ant\src\testcases\org\apache\tools\ant\ImmutableTest.java,org.apache.tools.ant.ImmutableTest,class,1,1,0,1,9,3,0,5,36,0.0,0.0,0.0,9,0,9,0,0,0,9,0,0,0,0,0,0,0,0,0,0,0,0,38,0,0,0,0,0,24,0,0,0,0,0,0,0,0,25,1,0
C:\Users\user\Desktop\STUFF A LOT OF 'EM\er\Design_Pattern\ant\src\testcases\org\apache\tools\ant\LoaderRefTest.java,org.apache.tools.ant.LoaderRefTest,class,1,1,0,1,4,3,0,3,6,0.0,0.0,0.0,4,0,4,0,0,0,4,0,0,0,0,0,0,0,0,0,0,0,0,14,0,0,0,0,0,6,0,0,1,0,0,0,0,0,31,1,0
C:\Users\user\Desktop\STUFF A LOT OF 'EM\er\Design_Pattern\ant\src\main\org\apache\tools\ant\filters\ChainableReader.java,org.apache.tools.ant.filters.ChainableReader,interface,0,20,20,0,1,1,0,0,0,0.0,NaN,NaN,1,0,0,0,0,1,1,0,0,0,0,0,0,0,0,0,0,0,0,3,0,0,0,0,0,0,0,0,0,0,0,0,0,0,29,1,0
C:\Users\user\Desktop\STUFF A LOT OF 'EM\er\Design_Pattern\ant\src\main\org\apache\tools\ant\taskdefs\optional\ssh\ScpFromMessage.java,org.apache.tools.ant.taskdefs.optional.ssh.ScpFromMessage,class,5,7,2,5,26,2,0,32,0,0.6571429,0.0,0.0,7,0,3,4,0,0,3,0,0,0,5,0,0,5,0,0,2,0,3,128,3,3,8,2,2,12,23,42,8,31,3,0,0,0,92,1,0
C:\Users\user\Desktop\STUFF A LOT OF 'EM\er\Design_Pattern\ant\src\main\org\apache\tools\ant\taskdefs\optional\junit\Xalan1Executor.java,org.apache.tools.ant.taskdefs.optional.junit.Xalan1Executor,class,6,6,0,6,7,2,0,12,0,0.5,0.0,0.0,4,0,1,0,2,1,4,0,0,0,2,1,0,1,0,1,1,0,0,40,2,0,0,3,0,9,0,8,4,7,2,0,0,0,67,1,0
C:\Users\user\Desktop\STUFF A LOT OF 'EM\er\Design_Pattern\ant\src\main\org\apache\tools\ant\util\regexp\RegexpFactory.java,org.apache.tools.ant.util.regexp.RegexpFactory,class,6,8,2,6,10,2,0,6,6,0.0,0.0,0.0,4,0,3,0,1,0,4,0,0,0,0,0,0,0,0,0,0,0,1,47,6,0,2,3,0,10,0,4,1,2,1,0,0,0,48,1,0
C:\Users\user\Desktop\STUFF A LOT OF 'EM\er\Design_Pattern\ant\src\main\org\apache\tools\ant\taskdefs\Available.java,org.apache.tools.ant.taskdefs.Available,class,12,14,2,12,81,4,0,46,107,0.84210527,0.0,0.0,19,0,15,4,0,0,15,0,0,0,11,0,0,11,0,0,0,0,3,273,29,1,31,3,6,39,1,34,24,22,5,0,1,0,183,1,0
C:\Users\user\Desktop\STUFF A LOT OF 'EM\er\Design_Pattern\ant\src\main\org\apache\tools\ant\types\Path.java,org.apache.tools.ant.types.Path,class,13,55,42,13,98,3,2,71,274,0.8390805,0.0,0.0,29,6,24,3,2,0,26,0,0,0,3,2,2,1,0,0,0,0,29,388,20,14,16,2,5,69,19,76,16,67,3,0,1,0,302,1,0
C:\Users\user\Desktop\STUFF A LOT OF 'EM\er\Design_Pattern\ant\src\main\org\apache\tools\ant\taskdefs\optional\extension\DeweyDecimal.java,org.apache.tools.ant.taskdefs.optional.extension.DeweyDecimal,class,2,7,5,2,31,1,0,11,0,0.2,0.0,0.0,10,0,10,0,0,0,10,0,0,0,1,0,0,1,0,0,0,0,4,88,13,6,2,0,7,4,15,23,2,20,3,0,0,0,86,17,0
C:\Users\user\Desktop\STUFF A LOT OF 'EM\er\Design_Pattern\ant\src\main\org\apache\tools\ant\taskdefs\optional\extension\Compatibility.java,org.apache.tools.ant.taskdefs.optional.extension.Compatibility,class,0,2,2,0,2,1,0,0,0,0.0,0.0,0.0,2,0,1,0,0,1,2,0,0,0,1,0,0,1,0,0,1,0,0,9,1,0,0,0,0,0,0,1,0,1,0,0,0,0,54,17,0
C:\Users\user\Desktop\STUFF A LOT OF 'EM\er\Design_Pattern\ant\src\main\org\apache\tools\ant\taskdefs\optional\ejb\IPlanetEjbc.java,org.apache.tools.ant.taskdefs.optional.ejb.IPlanetEjbc$EjbInfo,innerclass,3,3,0,3,61,1,0,29,318,0.839394,0.0,0.0,33,0,29,4,0,0,29,0,0,0,10,0,0,10,0,0,0,0,3,243,22,2,11,0,8,87,13,71,43,36,2,0,0,0,199,2,0
C:\Users\user\Desktop\STUFF A LOT OF 'EM\er\Design_Pattern\ant\src\testcases\org\apache\tools\ant\types\EnumeratedAttributeTest.java,org.apache.tools.ant.types.EnumeratedAttributeTest,class,4,4,0,4,9,4,0,6,1,0.33333334,0.0,0.0,3,0,3,0,0,0,3,0,0,0,1,1,0,1,0,0,0,0,0,51,0,2,0,3,2,15,2,5,4,5,2,0,2,0,33,1,0
C:\Users\user\Desktop\STUFF A LOT OF 'EM\er\Design_Pattern\ant\src\main\org\apache\tools\ant\helper\ProjectHelperImpl.java,org.apache.tools.ant.helper.ProjectHelperImpl$ProjectHandler,innerclass,9,9,0,9,17,3,0,17,6,0.0,0.0,0.0,4,0,3,1,0,0,3,0,0,0,0,0,0,0,0,0,0,0,1,72,0,1,5,0,1,12,1,12,1,8,3,0,0,0,99,8,0
C:\Users\user\Desktop\STUFF A LOT OF 'EM\er\Design_Pattern\ant\src\main\org\apache\tools\ant\TaskContainer.java,org.apache.tools.ant.TaskContainer,interface,1,12,11,1,1,1,0,0,0,0.0,NaN,NaN,1,0,0,0,0,1,1,0,0,0,0,0,0,0,0,0,0,0,0,3,0,0,0,0,0,0,0,0,0,0,0,0,0,0,39,1,0
C:\Users\user\Desktop\STUFF A LOT OF 'EM\er\Design_Pattern\ant\src\testcases\org\apache\tools\ant\taskdefs\optional\metamata\MAuditParserTest.java,org.apache.tools.ant.taskdefs.optional.metamata.MAuditParserTest,class,2,2,0,2,5,2,0,4,0,0.2,0.0,0.0,5,0,4,0,1,0,5,0,0,0,1,0,0,1,0,0,0,0,0,30,0,0,0,0,0,13,0,9,0,7,0,0,0,0,45,1,0
C:\Users\user\Desktop\STUFF A LOT OF 'EM\er\Design_Pattern\ant\src\main\org\apache\tools\ant\taskdefs\condition\Equals.java,org.apache.tools.ant.taskdefs.condition.Equals,class,2,3,1,2,9,1,0,3,2,0.6,0.0,0.0,5,0,5,0,0,0,5,0,0,0,3,0,0,3,0,0,0,0,0,27,1,0,2,0,0,2,0,8,1,4,1,0,0,0,52,1,0
C:\Users\user\Desktop\STUFF A LOT OF 'EM\er\Design_Pattern\ant\src\main\org\apache\tools\ant\taskdefs\optional\ejb\DDCreator.java,org.apache.tools.ant.taskdefs.optional.ejb.DDCreator,class,9,9,0,9,10,4,0,16,0,0.5,0.0,0.0,4,0,4,0,0,0,4,0,0,0,3,0,0,3,0,0,0,0,3,40,0,1,3,0,0,11,2,12,5,11,1,0,0,0,129,1,0
C:\Users\user\Desktop\STUFF A LOT OF 'EM\er\Design_Pattern\ant\src\main\org\apache\tools\ant\taskdefs\optional\extension\LibFileSet.java,org.apache.tools.ant.taskdefs.optional.extension.LibFileSet,class,1,3,2,1,6,2,0,0,9,0.6666667,0.0,0.0,6,0,3,0,0,3,6,0,0,0,3,0,0,3,0,0,0,0,0,23,3,0,0,0,0,0,0,3,0,3,0,0,0,0,70,1,0
C:\Users\user\Desktop\STUFF A LOT OF 'EM\er\Design_Pattern\ant\src\etc\testcases\taskdefs\optional\depend\src5\A.java,APrivate,class,1,2,1,1,0,3,0,0,0,0.0,-1.0,-1.0,0,0,0,0,0,0,0,0,0,0,0,0,0,0,0,0,0,0,0,2,0,0,0,0,0,0,0,0,0,0,0,0,0,0,3,0,0
C:\Users\user\Desktop\STUFF A LOT OF 'EM\er\Design_Pattern\ant\src\etc\testcases\taskdefs\optional\dotnet\jsharp.java,jsharp,class,0,0,0,0,1,1,0,1,0,0.0,NaN,NaN,1,1,1,0,0,0,1,0,0,0,0,0,0,0,0,0,0,0,0,5,0,0,0,0,0,1,0,0,0,0,0,0,0,0,11,1,0
C:\Users\user\Desktop\STUFF A LOT OF 'EM\er\Design_Pattern\ant\src\main\org\apache\tools\ant\FileScanner.java,org.apache.tools.ant.FileScanner,interface,0,1,1,0,14,1,0,0,91,0.0,0.0,0.0,14,0,0,0,0,14,14,0,0,0,0,0,0,0,0,0,0,0,0,16,0,0,0,0,0,0,0,0,0,0,0,0,0,0,96,1,0
C:\Users\user\Desktop\STUFF A LOT OF 'EM\er\Design_Pattern\ant\src\testcases\org\apache\tools\ant\types\AssertionsTest.java,org.apache.tools.ant.types.AssertionsTest,class,2,3,1,2,14,2,0,5,91,0.0,0.0,0.0,14,0,11,0,3,0,14,0,0,0,0,0,0,0,0,0,0,0,0,44,0,0,0,0,0,19,0,0,1,0,0,0,0,0,66,1,0
C:\Users\user\Desktop\STUFF A LOT OF 'EM\er\Design_Pattern\ant\src\main\org\apache\tools\ant\taskdefs\Cvs.java,org.apache.tools.ant.taskdefs.Cvs,class,1,1,0,1,1,4,0,0,0,0.0,NaN,NaN,1,0,1,0,0,0,1,0,0,0,0,0,0,0,0,0,0,0,0,4,0,0,0,0,0,0,0,0,0,0,0,0,0,0,29,1,0
C:\Users\user\Desktop\STUFF A LOT OF 'EM\er\Design_Pattern\ant\src\main\org\apache\tools\ant\util\UnPackageNameMapper.java,org.apache.tools.ant.util.UnPackageNameMapper,class,1,1,0,1,1,2,0,3,0,0.0,NaN,NaN,1,0,0,0,1,0,1,0,0,0,0,0,0,0,0,0,0,0,0,6,1,0,0,0,0,0,0,1,1,1,0,0,0,0,62,1,0
C:\Users\user\Desktop\STUFF A LOT OF 'EM\er\Design_Pattern\ant\src\testcases\org\apache\tools\ant\taskdefs\TypeAdapterTest.java,org.apache.tools.ant.taskdefs.TypeAdapterTest$RunnableAdapter,innerclass,4,4,0,4,10,2,0,10,4,0.6,0.0,0.0,5,0,5,0,0,0,5,0,0,0,2,0,0,2,0,0,0,0,0,50,2,0,0,2,1,9,0,7,4,7,2,0,0,0,37,9,0
C:\Users\user\Desktop\STUFF A LOT OF 'EM\er\Design_Pattern\ant\src\testcases\org\apache\tools\ant\taskdefs\TestProcess.java,org.apache.tools.ant.taskdefs.TestProcess,class,2,4,2,2,10,2,0,10,4,0.5,0.0,0.0,4,1,4,0,0,0,4,0,0,0,2,0,0,2,0,0,0,0,3,47,1,2,0,2,0,3,3,6,0,4,4,0,1,0,26,1,0
C:\Users\user\Desktop\STUFF A LOT OF 'EM\er\Design_Pattern\ant\src\main\org\apache\tools\tar\TarOutputStream.java,org.apache.tools.tar.TarOutputStream,class,4,6,2,4,28,3,0,20,41,0.81666666,0.0,0.0,15,0,14,1,0,0,14,0,0,0,12,3,3,0,9,0,3,0,4,133,1,3,2,0,2,9,23,36,7,17,2,0,0,0,183,1,0
C:\Users\user\Desktop\STUFF A LOT OF 'EM\er\Design_Pattern\ant\src\main\org\apache\tools\ant\taskdefs\XmlProperty.java,org.apache.tools.ant.taskdefs.XmlProperty,class,11,12,1,11,80,2,0,51,263,0.9106755,0.0,0.0,27,1,12,6,8,1,21,0,0,0,17,7,0,17,0,0,7,0,2,268,21,4,19,1,7,24,7,69,12,50,5,0,0,0,309,1,0
C:\Users\user\Desktop\STUFF A LOT OF 'EM\er\Design_Pattern\ant\src\testcases\org\apache\tools\ant\taskdefs\optional\XmlValidateTest.java,org.apache.tools.ant.taskdefs.optional.XmlValidateTest,class,2,2,0,2,22,2,0,10,120,0.9375,0.0,0.0,16,0,16,0,0,0,16,0,0,0,1,1,0,1,0,0,1,0,0,72,0,0,0,2,0,28,1,1,1,1,2,0,0,0,128,1,0
C:\Users\user\Desktop\STUFF A LOT OF 'EM\er\Design_Pattern\ant\src\main\org\apache\tools\ant\taskdefs\condition\FilesMatch.java,org.apache.tools.ant.taskdefs.condition.FilesMatch,class,3,4,1,3,6,1,0,3,0,0.44444445,0.0,0.0,3,0,3,0,0,0,3,0,0,0,2,0,0,2,0,0,0,0,0,23,1,0,2,1,0,3,0,5,2,4,1,0,0,0,59,1,0
C:\Users\user\Desktop\STUFF A LOT OF 'EM\er\Design_Pattern\ant\src\main\org\apache\tools\ant\taskdefs\optional\net\TelnetTask.java,org.apache.tools.ant.taskdefs.optional.net.TelnetTask,class,8,9,1,8,25,6,0,11,21,0.75714284,0.0,0.0,10,0,9,1,0,0,9,0,0,0,7,0,0,7,0,0,0,0,0,173,2,1,10,3,1,8,1,19,2,12,3,0,4,0,128,1,0
C:\Users\user\Desktop\STUFF A LOT OF 'EM\er\Design_Pattern\ant\src\main\org\apache\tools\ant\taskdefs\optional\dotnet\DotnetResource.java,org.apache.tools.ant.taskdefs.optional.dotnet.DotnetResource,class,2,7,5,2,18,1,0,9,37,0.8,0.0,0.0,10,0,10,0,0,0,10,0,0,0,4,0,0,4,0,0,0,0,0,62,6,0,5,0,0,10,0,9,2,6,2,0,0,0,74,1,0
C:\Users\user\Desktop\STUFF A LOT OF 'EM\er\Design_Pattern\ant\src\main\org\apache\tools\ant\DemuxOutputStream.java,org.apache.tools.ant.DemuxOutputStream$BufferInfo,innerclass,0,0,0,0,0,1,0,0,0,NaN,-1.0,-1.0,0,0,0,0,0,0,0,0,0,0,2,0,0,2,0,0,0,0,0,4,0,0,0,0,0,0,0,1,0,2,0,0,0,0,42,10,0
C:\Users\user\Desktop\STUFF A LOT OF 'EM\er\Design_Pattern\ant\src\main\org\apache\tools\ant\taskdefs\Echo.java,org.apache.tools.ant.taskdefs.Echo,class,6,8,2,6,14,4,0,10,3,0.625,0.0,0.0,6,0,6,0,0,0,6,0,0,0,4,0,0,0,4,0,0,0,0,65,0,0,2,2,0,5,1,16,0,6,4,0,1,0,81,1,0
C:\Users\user\Desktop\STUFF A LOT OF 'EM\er\Design_Pattern\ant\src\testcases\org\apache\tools\zip\ZipShortTest.java,org.apache.tools.zip.ZipShortTest,class,3,3,0,3,5,2,0,5,10,0.0,0.0,0.0,5,0,5,0,0,0,5,0,0,0,0,0,0,0,0,0,0,0,0,32,0,0,0,0,0,10,16,8,0,8,0,0,0,0,36,1,0
C:\Users\user\Desktop\STUFF A LOT OF 'EM\er\Design_Pattern\ant\src\main\org\apache\tools\ant\taskdefs\optional\junit\JUnitVersionHelper.java,org.apache.tools.ant.taskdefs.optional.junit.JUnitVersionHelper,class,2,4,2,2,11,1,0,5,0,0.0,0.0,0.0,1,1,1,0,0,0,2,0,0,0,1,1,0,1,0,0,0,0,0,41,3,0,3,5,0,5,6,6,0,2,3,0,0,0,63,1,0
C:\Users\user\Desktop\STUFF A LOT OF 'EM\er\Design_Pattern\ant\src\testcases\org\apache\tools\ant\util\JavaEnvUtilsTest.java,org.apache.tools.ant.util.JavaEnvUtilsTest,class,2,2,0,2,18,2,0,15,6,0.0,0.0,0.0,4,0,4,0,0,0,4,0,0,0,0,0,0,0,0,0,0,0,2,74,0,0,4,2,4,50,0,11,16,9,3,0,0,0,38,1,0
C:\Users\user\Desktop\STUFF A LOT OF 'EM\er\Design_Pattern\ant\src\main\org\apache\tools\ant\taskdefs\condition\Contains.java,org.apache.tools.ant.taskdefs.condition.Contains,class,2,3,1,2,7,1,0,2,0,0.5,0.0,0.0,4,0,4,0,0,0,4,0,0,0,2,0,0,2,0,0,0,0,0,19,1,0,2,0,0,2,2,4,1,3,1,0,0,0,40,1,0
C:\Users\user\Desktop\STUFF A LOT OF 'EM\er\Design_Pattern\ant\src\main\org\apache\tools\ant\taskdefs\optional\unix\Symlink.java,org.apache.tools.ant.taskdefs.optional.unix.Symlink,class,7,8,1,7,67,2,0,51,82,0.7983193,0.0,0.0,17,2,11,6,0,0,11,0,0,0,7,0,0,7,0,0,0,0,7,365,8,14,6,15,3,60,16,96,26,69,6,0,0,0,389,1,0
C:\Users\user\Desktop\STUFF A LOT OF 'EM\er\Design_Pattern\ant\src\main\org\apache\tools\ant\taskdefs\Input.java,org.apache.tools.ant.taskdefs.Input,class,6,6,0,6,15,3,0,12,9,0.6785714,0.0,0.0,7,0,7,0,0,0,7,0,0,0,4,0,0,4,0,0,0,0,0,45,1,0,8,0,1,4,1,15,1,7,1,0,0,0,102,1,0
C:\Users\user\Desktop\STUFF A LOT OF 'EM\er\Design_Pattern\ant\src\main\org\apache\tools\ant\taskdefs\optional\extension\JarLibDisplayTask.java,org.apache.tools.ant.taskdefs.optional.extension.JarLibDisplayTask,class,7,8,1,7,13,3,0,13,0,0.25,0.0,0.0,4,0,3,1,0,0,3,0,0,0,2,0,0,2,0,0,1,0,0,44,0,2,3,0,0,5,1,13,2,13,3,0,0,0,91,1,0
C:\Users\user\Desktop\STUFF A LOT OF 'EM\er\Design_Pattern\ant\src\main\org\apache\tools\ant\taskdefs\optional\ejb\WeblogicDeploymentTool.java,org.apache.tools.ant.taskdefs.optional.ejb.WeblogicDeploymentTool$Anonymous1,anonymous,0,0,0,0,2,1,0,4,0,0.0,NaN,NaN,1,0,0,0,1,0,1,0,0,0,0,0,0,0,0,0,0,0,0,10,0,0,0,0,0,1,0,3,0,3,1,0,0,0,13,-1,0
C:\Users\user\Desktop\STUFF A LOT OF 'EM\er\Design_Pattern\ant\src\main\org\apache\tools\ant\util\facade\FacadeTaskHelper.java,org.apache.tools.ant.util.facade.FacadeTaskHelper,class,2,4,2,2,15,1,0,8,8,0.6388889,0.0,0.0,9,0,9,0,0,0,9,0,0,0,4,0,0,4,0,0,0,0,0,44,4,2,4,0,2,0,1,11,0,10,2,0,0,0,71,1,0
C:\Users\user\Desktop\STUFF A LOT OF 'EM\er\Design_Pattern\ant\src\testcases\org\apache\tools\ant\types\selectors\DepthSelectorTest.java,org.apache.tools.ant.types.selectors.DepthSelectorTest,class,6,7,1,6,9,3,0,13,6,1.0,0.0,0.0,4,0,4,0,0,0,4,0,0,0,1,0,0,1,0,0,0,0,0,101,1,0,0,6,0,23,23,22,2,6,1,0,0,0,82,1,0
C:\Users\user\Desktop\STUFF A LOT OF 'EM\er\Design_Pattern\ant\src\main\org\apache\tools\ant\taskdefs\optional\extension\LibraryDisplayer.java,org.apache.tools.ant.taskdefs.optional.extension.LibraryDisplayer,class,5,7,2,5,21,1,0,19,10,0.0,0.0,0.0,5,0,0,3,0,2,2,0,0,0,0,0,0,0,0,0,0,0,5,74,2,6,9,1,0,8,14,19,1,19,2,0,0,0,75,0,0
C:\Users\user\Desktop\STUFF A LOT OF 'EM\er\Design_Pattern\ant\src\main\org\apache\tools\ant\types\optional\image\ColorMapper.java,org.apache.tools.ant.types.optional.image.ColorMapper,class,0,4,4,0,17,1,0,2,0,0.0,NaN,NaN,1,1,1,0,0,0,1,0,1,0,16,16,16,0,0,0,16,0,0,61,14,0,0,0,0,16,0,17,0,16,1,0,0,0,33,17,0
C:\Users\user\Desktop\STUFF A LOT OF 'EM\er\Design_Pattern\ant\src\main\org\apache\tools\ant\taskdefs\Java.java,org.apache.tools.ant.taskdefs.Java,class,21,37,16,21,110,3,0,98,631,0.89647055,0.0,0.0,50,0,38,4,8,0,46,0,0,0,17,0,0,15,2,0,0,0,1,419,16,3,31,6,0,44,10,59,20,34,3,0,0,0,330,1,0
C:\Users\user\Desktop\STUFF A LOT OF 'EM\er\Design_Pattern\ant\src\main\org\apache\tools\ant\taskdefs\optional\Native2Ascii.java,org.apache.tools.ant.taskdefs.optional.Native2Ascii,class,14,15,1,14,26,4,0,20,10,0.7083333,0.0,0.0,8,0,7,1,0,0,7,0,0,0,6,0,0,6,0,0,0,0,0,114,2,1,11,0,3,18,4,30,6,19,2,0,1,0,108,1,0
C:\Users\user\Desktop\STUFF A LOT OF 'EM\er\Design_Pattern\ant\src\main\org\apache\tools\ant\taskdefs\Pack.java,org.apache.tools.ant.taskdefs.Pack,class,4,7,3,4,15,2,2,13,0,0.4375,0.0,0.0,8,0,4,2,2,0,6,1,0,0,2,0,0,0,2,0,0,0,0,59,0,1,3,1,0,11,6,6,6,5,1,0,0,0,61,1025,0
C:\Users\user\Desktop\STUFF A LOT OF 'EM\er\Design_Pattern\ant\src\main\org\apache\tools\ant\Diagnostics.java,org.apache.tools.ant.Diagnostics,class,5,7,2,5,48,1,0,45,120,0.9375,0.0,0.0,16,15,5,11,0,0,5,0,0,0,1,1,0,1,0,0,1,0,26,229,16,4,15,8,0,57,5,44,12,36,4,1,0,0,208,17,0
C:\Users\user\Desktop\STUFF A LOT OF 'EM\er\Design_Pattern\ant\src\testcases\org\apache\tools\ant\filters\ReplaceTokensTest.java,org.apache.tools.ant.filters.ReplaceTokensTest,class,2,2,0,2,4,3,0,7,6,0.0,0.0,0.0,4,0,4,0,0,0,4,0,0,0,0,0,0,0,0,0,0,0,1,18,0,0,0,0,0,5,0,3,0,3,0,0,0,0,28,1,0
C:\Users\user\Desktop\STUFF A LOT OF 'EM\er\Design_Pattern\ant\src\main\org\apache\tools\ant\taskdefs\AntStructure.java,org.apache.tools.ant.taskdefs.AntStructure,class,10,11,1,10,53,3,0,44,11,0.7142858,0.0,0.0,7,0,2,3,2,0,4,0,0,0,6,3,0,6,0,0,4,0,3,231,7,11,10,4,0,69,10,40,1,32,6,0,0,0,154,1,0
C:\Users\user\Desktop\STUFF A LOT OF 'EM\er\Design_Pattern\ant\src\main\org\apache\tools\ant\taskdefs\email\Mailer.java,org.apache.tools.ant.taskdefs.email.Mailer,class,3,7,4,3,17,1,2,1,136,0.9411765,0.0,0.0,17,0,16,0,1,0,17,1,1,0,15,0,0,0,15,0,0,0,0,66,1,0,0,0,0,0,1,27,0,15,0,0,0,0,104,1025,0
C:\Users\user\Desktop\STUFF A LOT OF 'EM\er\Design_Pattern\ant\src\main\org\apache\tools\ant\taskdefs\Jar.java,org.apache.tools.ant.taskdefs.Jar,class,15,18,3,15,105,3,2,95,251,0.8790124,0.0,0.0,27,2,11,7,9,0,20,0,3,0,15,2,0,15,0,0,2,0,7,467,10,10,26,12,3,59,15,104,22,60,4,1,1,0,366,1,0
C:\Users\user\Desktop\STUFF A LOT OF 'EM\er\Design_Pattern\ant\src\main\org\apache\tools\zip\ZipShort.java,org.apache.tools.zip.ZipShort,class,2,10,8,2,10,1,0,1,0,0.14285715,0.0,0.0,7,0,7,0,0,0,7,0,0,0,1,0,0,1,0,0,0,0,0,31,5,0,2,0,7,0,11,6,3,2,1,0,0,0,51,17,0
C:\Users\user\Desktop\STUFF A LOT OF 'EM\er\Design_Pattern\ant\src\testcases\org\apache\tools\ant\taskdefs\TypeAdapterTest.java,org.apache.tools.ant.taskdefs.TypeAdapterTest$MyTask,innerclass,1,1,0,1,1,2,0,1,0,0.0,NaN,NaN,1,0,1,0,0,0,1,0,0,0,0,0,0,0,0,0,0,0,0,5,0,0,0,0,0,1,0,0,0,0,0,0,0,0,4,9,0
C:\Users\user\Desktop\STUFF A LOT OF 'EM\er\Design_Pattern\ant\src\main\org\apache\tools\ant\taskdefs\rmic\RmicAdapterFactory.java,org.apache.tools.ant.taskdefs.rmic.RmicAdapterFactory,class,7,9,2,7,9,1,0,4,3,0.0,NaN,NaN,3,2,1,2,0,0,1,0,0,0,0,0,0,0,0,0,0,0,2,32,5,0,0,1,0,8,0,2,3,2,1,0,0,0,87,1,0
C:\Users\user\Desktop\STUFF A LOT OF 'EM\er\Design_Pattern\ant\src\testcases\org\apache\tools\ant\taskdefs\DemuxOutputTask.java,org.apache.tools.ant.taskdefs.DemuxOutputTask,class,2,2,0,2,9,2,0,5,0,0.33333334,0.0,0.0,3,0,1,0,2,0,3,0,0,0,4,0,0,4,0,0,0,0,0,35,0,0,2,0,0,10,2,11,4,7,1,0,0,0,43,1,0
C:\Users\user\Desktop\STUFF A LOT OF 'EM\er\Design_Pattern\ant\src\main\org\apache\tools\ant\taskdefs\cvslib\CvsUser.java,org.apache.tools.ant.taskdefs.cvslib.CvsUser,class,1,2,1,1,7,1,0,0,0,0.4,0.0,0.0,5,0,2,0,0,3,5,0,0,0,2,0,0,2,0,0,0,0,0,26,2,0,2,0,0,2,0,4,1,4,1,0,0,0,43,1,0
C:\Users\user\Desktop\STUFF A LOT OF 'EM\er\Design_Pattern\ant\src\main\org\apache\tools\ant\taskdefs\Execute.java,org.apache.tools.ant.taskdefs.Execute$CommandLauncher,innerclass,2,2,0,2,4,1,0,5,1,0.0,0.0,0.0,2,0,2,0,0,0,2,0,0,0,0,0,0,0,0,0,0,0,1,14,2,0,2,0,0,3,0,0,2,0,1,0,0,0,57,10,0
C:\Users\user\Desktop\STUFF A LOT OF 'EM\er\Design_Pattern\ant\src\main\org\apache\tools\ant\taskdefs\optional\Script.java,org.apache.tools.ant.taskdefs.optional.Script,class,2,2,0,2,7,2,0,11,0,0.5,0.0,0.0,4,0,4,0,0,0,4,0,0,0,3,0,0,3,0,0,0,0,0,33,0,0,3,0,0,3,0,4,0,4,1,0,0,0,45,1,0
C:\Users\user\Desktop\STUFF A LOT OF 'EM\er\Design_Pattern\ant\src\main\org\apache\tools\ant\taskdefs\optional\starteam\TreeBasedTask.java,org.apache.tools.ant.taskdefs.optional.starteam.TreeBasedTask,class,10,17,7,10,76,5,3,47,613,0.913215,0.0,0.0,39,1,16,3,20,0,36,3,3,0,13,2,2,11,0,0,2,0,1,277,26,2,18,4,1,24,8,48,11,31,3,0,1,0,426,1025,0
C:\Users\user\Desktop\STUFF A LOT OF 'EM\er\Design_Pattern\ant\src\main\org\apache\tools\ant\taskdefs\optional\ejb\BorlandDeploymentTool.java,org.apache.tools.ant.taskdefs.optional.ejb.BorlandDeploymentTool,class,15,17,2,15,52,2,0,73,236,0.9236112,0.0,0.0,24,0,13,7,3,1,17,0,0,0,18,9,1,9,6,2,9,0,1,266,7,4,12,5,3,61,6,66,24,52,3,1,0,0,300,1,0
C:\Users\user\Desktop\STUFF A LOT OF 'EM\er\Design_Pattern\ant\src\main\org\apache\tools\ant\taskdefs\rmic\DefaultRmicAdapter.java,org.apache.tools.ant.taskdefs.rmic.DefaultRmicAdapter$RmicFileNameMapper,innerclass,3,3,0,3,21,1,0,24,6,0.0,0.0,0.0,4,0,3,0,0,1,4,0,0,0,0,0,0,0,0,0,0,0,0,72,3,0,3,1,0,24,12,24,16,13,4,0,0,0,82,2,0
C:\Users\user\Desktop\STUFF A LOT OF 'EM\er\Design_Pattern\ant\src\testcases\org\apache\tools\ant\taskdefs\JavaTest.java,org.apache.tools.ant.taskdefs.JavaTest,class,2,2,0,2,32,3,0,19,345,0.9382717,0.0,0.0,27,0,27,0,0,0,27,0,0,0,3,2,0,3,0,0,2,0,4,198,0,0,1,1,0,64,3,8,4,7,1,0,4,0,127,1,0
C:\Users\user\Desktop\STUFF A LOT OF 'EM\er\Design_Pattern\ant\src\main\org\apache\tools\ant\DynamicElementNS.java,org.apache.tools.ant.DynamicElementNS,interface,0,2,2,0,1,1,0,0,0,0.0,NaN,NaN,1,0,0,0,0,1,1,0,0,0,0,0,0,0,0,0,0,0,0,3,0,0,0,0,0,0,0,0,0,0,0,0,0,0,36,1,0
C:\Users\user\Desktop\STUFF A LOT OF 'EM\er\Design_Pattern\ant\src\main\org\apache\tools\ant\taskdefs\optional\j2ee\AbstractHotDeploymentTool.java,org.apache.tools.ant.taskdefs.optional.j2ee.AbstractHotDeploymentTool,class,6,11,5,6,18,1,2,4,63,0.8,0.0,0.0,14,0,12,0,2,0,14,2,0,0,5,0,0,5,0,0,0,0,0,56,6,0,3,0,0,4,0,6,1,5,1,0,0,0,138,1025,0
C:\Users\user\Desktop\STUFF A LOT OF 'EM\er\Design_Pattern\ant\src\main\org\apache\tools\ant\taskdefs\optional\vss\MSVSSLABEL.java,org.apache.tools.ant.taskdefs.optional.vss.MSVSSLABEL,class,4,4,0,4,7,3,0,16,10,0.0,0.0,0.0,5,0,4,0,0,1,5,0,0,0,0,0,0,0,0,0,0,0,0,34,1,0,1,0,0,3,0,3,0,3,1,0,0,0,64,1,0
C:\Users\user\Desktop\STUFF A LOT OF 'EM\er\Design_Pattern\ant\src\main\org\apache\tools\zip\ZipExtraField.java,org.apache.tools.zip.ZipExtraField,interface,2,8,6,2,6,1,0,0,15,0.0,0.0,0.0,6,0,0,0,0,6,6,0,0,0,0,0,0,0,0,0,0,0,0,8,0,0,0,0,0,0,0,0,0,0,0,0,0,0,60,1,0
C:\Users\user\Desktop\STUFF A LOT OF 'EM\er\Design_Pattern\ant\src\testcases\org\apache\tools\tar\TarEntryTest.java,org.apache.tools.tar.TarEntryTest,class,2,2,0,2,2,2,0,0,1,0.0,0.0,0.0,2,0,2,0,0,0,2,0,0,0,0,0,0,0,0,0,0,0,0,8,0,0,0,0,0,1,0,0,0,0,0,0,0,0,17,1,0
C:\Users\user\Desktop\STUFF A LOT OF 'EM\er\Design_Pattern\ant\src\main\org\apache\tools\ant\util\LazyHashtable.java,org.apache.tools.ant.util.LazyHashtable,class,1,2,1,1,10,3,0,8,36,0.8888889,0.0,0.0,9,0,8,0,1,0,9,0,0,0,1,0,0,0,1,0,0,0,0,39,8,0,0,0,0,0,0,2,0,1,1,0,0,0,61,1,0
C:\Users\user\Desktop\STUFF A LOT OF 'EM\er\Design_Pattern\ant\src\main\org\apache\tools\ant\types\selectors\NotSelector.java,org.apache.tools.ant.types.selectors.NotSelector,class,3,6,3,3,5,6,0,6,3,0.0,0.0,0.0,3,0,3,0,0,0,3,0,0,0,0,0,0,0,0,0,0,0,0,18,1,0,1,0,0,4,1,1,1,1,1,0,0,0,53,1,0
C:\Users\user\Desktop\STUFF A LOT OF 'EM\er\Design_Pattern\ant\src\main\org\apache\tools\ant\taskdefs\optional\net\FTP.java,org.apache.tools.ant.taskdefs.optional.net.FTP$FTPDirectoryScanner$AntFTPFile,innerclass,6,6,0,6,44,1,0,23,54,0.79831934,0.0,0.0,17,0,13,2,2,0,15,0,0,0,7,0,0,7,0,0,0,0,0,155,23,4,8,2,2,8,6,42,12,26,4,0,0,0,177,4,0
C:\Users\user\Desktop\STUFF A LOT OF 'EM\er\Design_Pattern\ant\src\testcases\org\apache\tools\ant\types\PathTest.java,org.apache.tools.ant.types.PathTest,class,7,7,0,7,58,2,0,26,0,0.39583334,0.0,0.0,16,0,16,0,0,0,16,0,0,0,3,2,2,1,0,0,0,0,0,461,0,0,1,11,0,254,159,69,2,37,1,0,0,0,101,1,0
C:\Users\user\Desktop\STUFF A LOT OF 'EM\er\Design_Pattern\ant\src\main\org\apache\tools\ant\taskdefs\optional\ejb\Ejbc.java,org.apache.tools.ant.taskdefs.optional.ejb.Ejbc,class,9,9,0,9,16,4,0,19,12,0.7291667,0.0,0.0,8,0,8,0,0,0,8,0,0,0,6,0,1,5,0,0,0,0,4,63,1,1,4,0,0,19,2,20,10,14,1,0,0,0,152,1,0
C:\Users\user\Desktop\STUFF A LOT OF 'EM\er\Design_Pattern\ant\src\main\org\apache\tools\ant\taskdefs\optional\dotnet\DotnetDefine.java,org.apache.tools.ant.taskdefs.optional.dotnet.DotnetDefine,class,5,7,2,5,12,1,0,4,5,0.61111116,0.0,0.0,6,0,6,0,0,0,6,0,0,0,3,0,0,3,0,0,0,0,0,36,6,0,5,0,0,1,0,4,0,4,1,0,0,0,67,1,0
C:\Users\user\Desktop\STUFF A LOT OF 'EM\er\Design_Pattern\ant\src\main\org\apache\tools\ant\taskdefs\Replace.java,org.apache.tools.ant.taskdefs.Replace$Replacefilter,innerclass,2,2,0,2,19,1,0,4,0,0.5416667,0.0,0.0,8,0,8,0,0,0,8,0,0,0,3,0,0,3,0,0,0,0,0,61,7,0,10,0,3,14,0,8,5,8,2,0,0,0,62,1,0
C:\Users\user\Desktop\STUFF A LOT OF 'EM\er\Design_Pattern\ant\src\main\org\apache\tools\ant\taskdefs\Echo.java,org.apache.tools.ant.taskdefs.Echo$EchoLevel,innerclass,1,1,0,1,1,2,0,0,0,0.0,NaN,NaN,1,0,1,0,0,0,1,0,0,0,0,0,0,0,0,0,0,0,0,5,1,0,0,0,0,5,0,0,0,0,0,0,0,0,14,9,0
C:\Users\user\Desktop\STUFF A LOT OF 'EM\er\Design_Pattern\ant\src\main\org\apache\tools\ant\types\Description.java,org.apache.tools.ant.types.Description,class,8,9,1,8,14,3,0,17,6,0.0,0.0,0.0,4,3,2,2,0,0,2,0,0,0,0,0,0,0,0,0,0,0,2,54,5,3,4,0,3,2,3,14,1,14,2,0,0,0,80,1,0
C:\Users\user\Desktop\STUFF A LOT OF 'EM\er\Design_Pattern\ant\src\main\org\apache\tools\ant\taskdefs\optional\ejb\IPlanetEjbcTask.java,org.apache.tools.ant.taskdefs.optional.ejb.IPlanetEjbcTask,class,8,9,1,8,33,3,0,22,50,0.7912088,0.0,0.0,13,0,9,4,0,0,9,0,0,0,7,0,0,7,0,0,0,0,0,125,3,0,8,2,9,26,0,29,13,23,1,0,0,0,216,1,0
C:\Users\user\Desktop\STUFF A LOT OF 'EM\er\Design_Pattern\ant\src\testcases\org\apache\tools\ant\taskdefs\InitializeClassTest.java,org.apache.tools.ant.taskdefs.InitializeClassTest,class,2,2,0,2,4,3,0,9,6,0.0,0.0,0.0,4,0,4,0,0,0,4,0,0,0,0,0,0,0,0,0,0,0,3,27,0,0,0,0,0,8,0,7,0,7,0,0,0,0,48,1,0
C:\Users\user\Desktop\STUFF A LOT OF 'EM\er\Design_Pattern\ant\src\testcases\org\apache\tools\mail\MailMessageTest.java,org.apache.tools.mail.MailMessageTest$ServerThread,innerclass,1,1,0,1,28,1,0,17,0,0.4642857,0.0,0.0,4,0,2,2,0,0,2,0,0,1,7,0,0,3,0,4,0,0,0,105,1,1,5,5,0,19,0,24,3,8,3,0,0,0,57,2,0
C:\Users\user\Desktop\STUFF A LOT OF 'EM\er\Design_Pattern\ant\src\main\org\apache\tools\ant\taskdefs\SQLExec.java,org.apache.tools.ant.taskdefs.SQLExec$OnError,innerclass,1,1,0,1,1,2,0,0,0,0.0,NaN,NaN,1,0,1,0,0,0,1,0,0,0,0,0,0,0,0,0,0,0,0,5,1,0,0,0,0,3,0,0,0,0,0,0,0,0,17,9,0
C:\Users\user\Desktop\STUFF A LOT OF 'EM\er\Design_Pattern\ant\src\main\org\apache\tools\ant\taskdefs\optional\junit\BatchTest.java,org.apache.tools.ant.taskdefs.optional.junit.BatchTest,class,8,10,2,8,15,2,0,31,24,0.75,0.0,0.0,8,1,4,3,0,1,5,0,3,0,2,0,0,2,0,0,0,0,2,73,5,5,0,0,0,4,6,21,3,20,3,0,0,0,155,17,0
C:\Users\user\Desktop\STUFF A LOT OF 'EM\er\Design_Pattern\ant\src\testcases\org\apache\tools\ant\DummyTaskAbstract.java,org.apache.tools.ant.DummyTaskAbstract,class,1,2,1,1,3,2,0,0,3,0.0,0.0,0.0,3,0,3,0,0,0,3,1,0,0,0,0,0,0,0,0,0,0,0,7,0,0,0,0,0,0,0,0,0,0,0,0,0,0,5,1025,0
C:\Users\user\Desktop\STUFF A LOT OF 'EM\er\Design_Pattern\ant\src\testcases\org\apache\tools\ant\taskdefs\optional\net\FTPTest.java,org.apache.tools.ant.taskdefs.optional.net.FTPTest$myFTP,innerclass,3,3,0,3,2,2,0,1,1,0.0,0.0,0.0,2,0,2,0,0,0,2,0,0,0,0,0,0,0,0,0,0,0,0,8,2,0,0,0,0,0,0,0,0,0,0,0,0,0,11,10,0
C:\Users\user\Desktop\STUFF A LOT OF 'EM\er\Design_Pattern\ant\src\main\org\apache\tools\ant\taskdefs\optional\extension\Specification.java,org.apache.tools.ant.taskdefs.optional.extension.Specification,class,3,5,2,3,55,1,0,41,99,0.85380125,0.0,0.0,19,6,13,6,0,0,13,0,0,0,18,11,11,7,0,0,11,0,15,233,26,3,27,1,1,17,14,49,6,48,4,0,0,0,244,17,0
C:\Users\user\Desktop\STUFF A LOT OF 'EM\er\Design_Pattern\ant\src\main\org\apache\tools\ant\taskdefs\optional\metamata\MAuditParser.java,org.apache.tools.ant.taskdefs.optional.metamata.MAuditParser$Violation,innerclass,0,0,0,0,0,1,0,0,0,NaN,-1.0,-1.0,0,0,0,0,0,0,0,0,0,0,3,0,0,0,0,3,0,0,0,5,0,0,0,0,0,0,0,0,0,3,0,0,0,0,11,24,0
C:\Users\user\Desktop\STUFF A LOT OF 'EM\er\Design_Pattern\ant\src\main\org\apache\tools\ant\types\ZipScanner.java,org.apache.tools.ant.types.ZipScanner,class,6,9,3,6,30,2,0,30,6,0.625,0.0,0.0,8,0,7,1,0,0,7,0,0,0,4,0,0,3,1,0,0,0,2,116,11,3,8,3,0,7,3,22,4,17,3,0,0,0,129,1,0
C:\Users\user\Desktop\STUFF A LOT OF 'EM\er\Design_Pattern\ant\src\main\org\apache\tools\ant\taskdefs\optional\ejb\EjbJar.java,org.apache.tools.ant.taskdefs.optional.ejb.EjbJar$Config,innerclass,2,2,0,2,0,1,0,0,0,NaN,-1.0,-1.0,0,0,0,0,0,0,0,0,0,0,11,0,11,0,0,0,0,0,0,13,0,0,0,0,0,1,0,4,0,11,0,0,0,0,84,8,0
C:\Users\user\Desktop\STUFF A LOT OF 'EM\er\Design_Pattern\ant\src\main\org\apache\tools\ant\types\selectors\modifiedselector\HashvalueAlgorithm.java,org.apache.tools.ant.types.selectors.modifiedselector.HashvalueAlgorithm,class,2,2,0,2,5,1,0,6,3,0.0,0.0,0.0,3,0,3,0,0,0,3,0,0,0,0,0,0,0,0,0,0,0,1,25,5,0,0,1,0,1,0,4,0,4,2,0,0,0,55,1,0
C:\Users\user\Desktop\STUFF A LOT OF 'EM\er\Design_Pattern\ant\src\main\org\apache\tools\ant\Main.java,org.apache.tools.ant.Main,class,15,17,2,15,144,1,0,97,130,0.8746868,0.0,0.0,21,11,5,14,2,0,7,0,0,1,19,5,1,18,0,0,1,0,42,618,10,11,31,21,3,135,30,126,70,87,4,0,0,0,434,1,0
C:\Users\user\Desktop\STUFF A LOT OF 'EM\er\Design_Pattern\ant\src\main\org\apache\tools\ant\util\TaskLogger.java,org.apache.tools.ant.util.TaskLogger,class,1,1,0,1,6,1,0,1,0,0.0,0.0,0.0,6,0,6,0,0,0,6,0,0,0,1,0,0,1,0,0,0,0,0,21,0,0,0,0,0,0,0,1,0,1,0,0,0,0,18,17,0
C:\Users\user\Desktop\STUFF A LOT OF 'EM\er\Design_Pattern\ant\src\main\org\apache\tools\ant\taskdefs\Execute.java,org.apache.tools.ant.taskdefs.Execute$ScriptCommandLauncher,innerclass,3,3,0,3,7,3,0,7,1,0.5,0.0,0.0,2,0,1,0,0,1,2,0,0,0,1,0,0,1,0,0,0,0,1,29,2,0,5,0,0,5,5,8,4,5,2,0,0,0,43,10,0
C:\Users\user\Desktop\STUFF A LOT OF 'EM\er\Design_Pattern\ant\src\main\org\apache\tools\ant\taskdefs\Concat.java,org.apache.tools.ant.taskdefs.Concat,class,18,19,1,18,99,5,0,58,135,0.84910476,0.0,0.0,23,0,18,5,0,0,18,0,0,0,17,2,0,17,0,0,1,0,1,556,3,6,36,11,1,37,20,79,13,43,5,0,2,0,270,1,0
C:\Users\user\Desktop\STUFF A LOT OF 'EM\er\Design_Pattern\ant\src\main\org\apache\tools\ant\taskdefs\Recorder.java,org.apache.tools.ant.taskdefs.Recorder$ActionChoices,innerclass,1,1,0,1,1,2,0,0,0,0.0,NaN,NaN,1,0,1,0,0,0,1,0,0,0,1,1,0,1,0,0,1,0,0,6,1,0,0,0,0,2,0,1,0,1,0,0,0,0,17,9,0
C:\Users\user\Desktop\STUFF A LOT OF 'EM\er\Design_Pattern\ant\src\main\org\apache\tools\ant\taskdefs\optional\Rpm.java,org.apache.tools.ant.taskdefs.optional.Rpm,class,11,12,1,11,37,2,0,27,37,0.8181819,0.0,0.0,11,0,10,0,1,0,11,0,0,0,9,0,0,9,0,0,0,0,0,145,2,2,11,5,3,18,2,37,4,24,3,0,0,0,138,1,0
C:\Users\user\Desktop\STUFF A LOT OF 'EM\er\Design_Pattern\ant\src\main\org\apache\tools\ant\taskdefs\Ant.java,org.apache.tools.ant.taskdefs.Ant,class,14,18,4,14,86,4,0,92,67,0.83794475,0.0,0.0,23,0,16,7,0,0,16,0,0,0,11,0,0,11,0,0,0,0,3,354,5,8,29,7,4,46,5,70,14,48,4,0,1,0,281,1,0
C:\Users\user\Desktop\STUFF A LOT OF 'EM\er\Design_Pattern\ant\src\main\org\apache\tools\ant\helper\ProjectHelperImpl.java,org.apache.tools.ant.helper.ProjectHelperImpl$TargetHandler,innerclass,9,9,0,9,15,3,0,14,1,0.33333334,0.0,0.0,3,0,3,0,0,0,3,0,0,0,1,0,0,1,0,0,0,0,1,61,0,1,2,0,0,15,2,16,2,10,3,0,0,0,90,8,0
C:\Users\user\Desktop\STUFF A LOT OF 'EM\er\Design_Pattern\ant\src\main\org\apache\tools\ant\taskdefs\optional\ejb\InnerClassFilenameFilter.java,org.apache.tools.ant.taskdefs.optional.ejb.InnerClassFilenameFilter,class,0,1,1,0,5,1,0,4,0,0.0,0.0,0.0,2,0,1,0,0,1,2,0,0,0,1,0,0,1,0,0,0,0,0,16,2,0,3,0,2,4,4,3,2,2,1,0,0,0,13,1,0
C:\Users\user\Desktop\STUFF A LOT OF 'EM\er\Design_Pattern\ant\src\testcases\org\apache\tools\ant\taskdefs\JavaTest.java,org.apache.tools.ant.taskdefs.JavaTest$PipeEntryPoint,innerclass,2,2,0,2,7,1,0,3,0,0.0,NaN,NaN,1,1,1,0,0,0,1,0,0,0,0,0,0,0,0,0,0,0,0,25,0,0,1,1,0,3,4,5,0,2,2,0,0,0,29,9,0
C:\Users\user\Desktop\STUFF A LOT OF 'EM\er\Design_Pattern\ant\src\main\org\apache\tools\ant\taskdefs\email\Message.java,org.apache.tools.ant.taskdefs.email.Message,class,3,9,6,3,14,2,0,9,37,0.78181815,0.0,0.0,11,0,11,0,0,0,11,0,0,0,5,0,0,5,0,0,0,0,0,57,3,1,3,1,1,1,1,15,0,9,3,0,0,0,87,1,0
C:\Users\user\Desktop\STUFF A LOT OF 'EM\er\Design_Pattern\ant\src\main\org\apache\tools\ant\taskdefs\optional\dotnet\CSharp.java,org.apache.tools.ant.taskdefs.optional.dotnet.CSharp,class,6,7,1,6,32,6,0,18,199,0.8571428,0.0,0.0,23,0,15,0,8,0,23,0,0,0,7,0,0,5,1,1,0,0,1,112,15,0,3,0,1,14,3,19,4,8,2,0,0,0,284,1,0
C:\Users\user\Desktop\STUFF A LOT OF 'EM\er\Design_Pattern\ant\src\testcases\org\apache\tools\ant\taskdefs\GetTest.java,org.apache.tools.ant.taskdefs.GetTest,class,1,1,0,1,9,3,0,7,28,0.0,0.0,0.0,8,0,8,0,0,0,8,0,0,0,0,0,0,0,0,0,0,0,0,33,0,0,0,0,0,14,0,1,0,1,1,0,0,0,35,1,0
C:\Users\user\Desktop\STUFF A LOT OF 'EM\er\Design_Pattern\ant\src\testcases\org\apache\tools\ant\types\optional\depend\ClassFileSetTest.java,org.apache.tools.ant.types.optional.depend.ClassFileSetTest,class,4,4,0,4,14,2,0,11,16,0.44444445,0.0,0.0,9,0,9,0,0,0,9,0,0,0,1,1,1,0,0,0,1,0,0,91,0,5,0,0,0,59,10,31,13,31,1,0,0,0,80,1,0
C:\Users\user\Desktop\STUFF A LOT OF 'EM\er\Design_Pattern\ant\src\main\org\apache\tools\ant\taskdefs\Exec.java,org.apache.tools.ant.taskdefs.Exec,class,6,8,2,6,25,4,0,25,25,0.76666665,0.0,0.0,10,0,7,0,3,0,10,0,0,0,6,0,0,5,1,0,0,0,2,147,2,0,8,1,2,28,6,22,14,15,4,0,1,0,89,1,0
C:\Users\user\Desktop\STUFF A LOT OF 'EM\er\Design_Pattern\ant\src\testcases\org\apache\tools\mail\MailMessageTest.java,org.apache.tools.mail.MailMessageTest$ClientThread,innerclass,1,1,0,1,23,1,0,15,27,0.81000006,0.0,0.0,10,0,10,0,0,0,10,0,0,0,10,0,0,3,7,0,0,0,1,99,5,5,4,3,0,4,4,25,3,13,3,0,0,0,45,2,0
C:\Users\user\Desktop\STUFF A LOT OF 'EM\er\Design_Pattern\ant\src\testcases\org\apache\tools\ant\filters\StripJavaCommentsTest.java,org.apache.tools.ant.filters.StripJavaCommentsTest,class,2,2,0,2,4,3,0,7,6,0.0,0.0,0.0,4,0,4,0,0,0,4,0,0,0,0,0,0,0,0,0,0,0,1,18,0,0,0,0,0,5,0,3,0,3,0,0,0,0,29,1,0
C:\Users\user\Desktop\STUFF A LOT OF 'EM\er\Design_Pattern\ant\src\main\org\apache\tools\ant\util\depend\DependencyAnalyzer.java,org.apache.tools.ant.util.depend.DependencyAnalyzer,interface,1,3,2,1,10,1,0,0,45,0.0,0.0,0.0,10,0,0,0,0,10,10,0,0,0,0,0,0,0,0,0,0,0,0,12,0,0,0,0,0,0,0,0,0,0,0,0,0,0,144,1,0
C:\Users\user\Desktop\STUFF A LOT OF 'EM\er\Design_Pattern\ant\src\testcases\org\apache\tools\ant\taskdefs\optional\net\FTPTest.java,org.apache.tools.ant.taskdefs.optional.net.FTPTest,class,7,8,1,7,96,3,0,33,0,0.5685484,0.0,0.0,31,0,29,2,0,0,29,0,0,0,8,0,0,8,0,0,0,0,3,457,41,6,0,4,0,154,6,68,3,55,2,0,1,0,147,1,0
C:\Users\user\Desktop\STUFF A LOT OF 'EM\er\Design_Pattern\ant\src\main\org\apache\tools\ant\taskdefs\optional\ide\VAJBuildInfo.java,org.apache.tools.ant.taskdefs.optional.ide.VAJBuildInfo,class,8,13,5,8,42,5,0,49,260,0.904,0.0,0.0,25,2,19,5,1,0,20,0,0,2,10,0,0,9,1,0,0,0,3,234,11,4,4,5,0,14,2,39,2,30,3,0,2,0,179,0,0
C:\Users\user\Desktop\STUFF A LOT OF 'EM\er\Design_Pattern\ant\src\main\org\apache\tools\ant\taskdefs\optional\perforce\P4Counter.java,org.apache.tools.ant.taskdefs.optional.perforce.P4Counter,class,6,6,0,6,11,2,0,3,0,0.55,0.0,0.0,4,0,4,0,0,0,4,0,0,0,5,0,5,0,0,0,0,0,0,53,0,0,2,0,1,7,2,15,4,8,1,1,0,0,101,1,0
C:\Users\user\Desktop\STUFF A LOT OF 'EM\er\Design_Pattern\ant\src\main\org\apache\tools\zip\ZipLong.java,org.apache.tools.zip.ZipLong,class,2,6,4,2,10,1,0,1,0,0.14285715,0.0,0.0,7,0,7,0,0,0,7,0,0,0,1,0,0,1,0,0,0,0,0,35,5,0,2,0,14,0,23,10,9,2,1,0,0,0,56,17,0
C:\Users\user\Desktop\STUFF A LOT OF 'EM\er\Design_Pattern\ant\src\testcases\org\apache\tools\ant\types\PermissionsTest.java,org.apache.tools.ant.types.PermissionsTest,class,2,2,0,2,14,2,0,13,0,0.22222222,0.0,0.0,9,0,9,0,0,0,9,0,0,0,1,0,0,0,0,1,0,0,9,110,0,0,1,6,0,30,2,11,0,7,2,0,0,0,65,1,0
C:\Users\user\Desktop\STUFF A LOT OF 'EM\er\Design_Pattern\ant\src\main\org\apache\tools\ant\taskdefs\optional\ide\VAJUtil.java,org.apache.tools.ant.taskdefs.optional.ide.VAJUtil,interface,0,10,10,0,4,1,0,0,6,1.0,0.0,0.0,4,0,0,0,0,4,4,0,0,0,5,5,0,0,0,5,5,0,0,11,0,0,0,0,0,0,5,5,0,5,0,0,0,0,48,0,0
C:\Users\user\Desktop\STUFF A LOT OF 'EM\er\Design_Pattern\ant\src\testcases\org\apache\tools\ant\taskdefs\optional\junit\JUnitVersionHelperTest.java,org.apache.tools.ant.taskdefs.optional.junit.JUnitVersionHelperTest$Foo3,innerclass,1,1,0,1,0,2,0,0,0,0.0,-1.0,-1.0,0,0,0,0,0,0,0,0,0,0,0,0,0,0,0,0,0,0,0,2,0,0,0,0,0,0,0,0,0,0,0,0,0,0,2,9,0
C:\Users\user\Desktop\STUFF A LOT OF 'EM\er\Design_Pattern\ant\src\main\org\apache\tools\ant\types\AntFilterReader.java,org.apache.tools.ant.types.AntFilterReader,class,6,8,2,6,20,3,0,21,12,0.6296297,0.0,0.0,9,0,9,0,0,0,9,0,7,0,3,0,0,3,0,0,1,0,0,70,4,1,5,0,0,1,1,10,1,9,3,0,0,0,87,17,0
C:\Users\user\Desktop\STUFF A LOT OF 'EM\er\Design_Pattern\ant\src\testcases\org\apache\tools\ant\taskdefs\optional\junit\JUnitVersionHelperTest.java,org.apache.tools.ant.taskdefs.optional.junit.JUnitVersionHelperTest$Foo4,innerclass,1,1,0,1,1,2,0,0,0,0.0,NaN,NaN,1,0,1,0,0,0,1,0,0,0,0,0,0,0,0,0,0,0,0,5,1,0,0,0,0,1,0,0,0,0,0,0,0,0,4,9,0
C:\Users\user\Desktop\STUFF A LOT OF 'EM\er\Design_Pattern\ant\src\main\org\apache\tools\ant\helper\ProjectHelperImpl.java,org.apache.tools.ant.helper.ProjectHelperImpl$NestedElementHandler,innerclass,14,14,0,14,8,3,0,14,0,0.45,0.0,0.0,4,0,4,0,0,0,4,0,0,0,5,0,0,5,0,0,0,0,1,52,0,0,0,1,2,0,0,12,0,9,2,0,0,0,135,8,0
C:\Users\user\Desktop\STUFF A LOT OF 'EM\er\Design_Pattern\ant\src\testcases\org\apache\tools\ant\taskdefs\optional\junit\JUnitVersionHelperTest.java,org.apache.tools.ant.taskdefs.optional.junit.JUnitVersionHelperTest$Foo1,innerclass,1,1,0,1,1,2,0,0,0,0.0,NaN,NaN,1,0,1,0,0,0,1,0,0,0,0,0,0,0,0,0,0,0,0,5,1,0,0,0,0,1,0,0,0,0,0,0,0,0,5,9,0
C:\Users\user\Desktop\STUFF A LOT OF 'EM\er\Design_Pattern\ant\src\testcases\org\apache\tools\ant\DummyTaskWithNonPublicExecute.java,org.apache.tools.ant.DummyTaskWithNonPublicExecute,class,0,1,1,0,2,1,0,0,1,0.0,0.0,0.0,2,0,1,0,0,1,2,0,0,0,0,0,0,0,0,0,0,0,0,6,0,0,0,0,0,0,0,0,0,0,0,0,0,0,7,1,0
C:\Users\user\Desktop\STUFF A LOT OF 'EM\er\Design_Pattern\ant\src\testcases\org\apache\tools\ant\taskdefs\optional\junit\JUnitVersionHelperTest.java,org.apache.tools.ant.taskdefs.optional.junit.JUnitVersionHelperTest$Foo2,innerclass,1,1,0,1,1,2,0,0,0,0.0,NaN,NaN,1,0,1,0,0,0,1,0,0,0,0,0,0,0,0,0,0,0,0,5,1,0,0,0,0,0,1,0,0,0,0,0,0,0,4,9,0
C:\Users\user\Desktop\STUFF A LOT OF 'EM\er\Design_Pattern\ant\src\main\org\apache\tools\ant\taskdefs\MacroDef.java,org.apache.tools.ant.taskdefs.MacroDef$Text,innerclass,3,3,0,3,18,1,0,5,19,0.7,0.0,0.0,10,0,10,0,0,0,10,0,0,0,4,0,0,4,0,0,0,0,2,60,12,0,6,0,0,2,0,5,1,5,2,0,0,0,50,9,0
C:\Users\user\Desktop\STUFF A LOT OF 'EM\er\Design_Pattern\ant\src\main\org\apache\tools\ant\IntrospectionHelper.java,org.apache.tools.ant.IntrospectionHelper$AttributeSetter,interface,1,1,0,1,1,1,0,0,0,0.0,NaN,NaN,1,0,0,0,0,1,1,0,0,0,0,0,0,0,0,0,0,0,0,3,0,0,0,0,0,0,0,0,0,0,0,0,0,0,21,2,0
C:\Users\user\Desktop\STUFF A LOT OF 'EM\er\Design_Pattern\ant\src\main\org\apache\tools\ant\taskdefs\Redirector.java,org.apache.tools.ant.taskdefs.Redirector,class,18,23,5,18,102,3,0,41,401,0.91402733,0.0,0.0,34,0,27,2,5,0,32,0,0,25,26,1,0,26,0,0,1,0,3,366,7,4,41,9,19,28,19,95,7,52,4,0,1,0,261,1,0
C:\Users\user\Desktop\STUFF A LOT OF 'EM\er\Design_Pattern\ant\src\main\org\apache\tools\ant\util\CompositeMapper.java,org.apache.tools.ant.util.CompositeMapper,class,2,3,1,2,5,2,0,9,0,0.0,NaN,NaN,1,0,1,0,0,0,1,0,0,0,0,0,0,0,0,0,0,0,1,16,1,1,3,0,2,0,1,5,0,4,3,0,0,0,35,1,0
C:\Users\user\Desktop\STUFF A LOT OF 'EM\er\Design_Pattern\ant\src\main\org\apache\tools\ant\taskdefs\SQLExec.java,org.apache.tools.ant.taskdefs.SQLExec,class,10,13,3,10,76,4,0,65,107,0.87654334,0.0,0.0,18,0,15,0,3,0,18,0,0,0,18,0,0,18,0,0,0,0,0,327,3,9,16,7,4,33,14,83,11,50,5,0,3,0,256,1,0
C:\Users\user\Desktop\STUFF A LOT OF 'EM\er\Design_Pattern\ant\src\main\org\apache\tools\ant\taskdefs\cvslib\CVSEntry.java,org.apache.tools.ant.taskdefs.cvslib.CVSEntry,class,2,6,4,2,9,1,0,5,20,0.7222222,0.0,0.0,9,0,4,0,0,5,9,0,0,0,4,0,0,4,0,0,2,0,0,35,5,0,0,0,0,3,0,5,1,4,0,0,0,0,24,0,0
C:\Users\user\Desktop\STUFF A LOT OF 'EM\er\Design_Pattern\ant\src\main\org\apache\tools\ant\taskdefs\KeySubst.java,org.apache.tools.ant.taskdefs.KeySubst,class,2,3,1,2,22,3,0,24,13,0.71428573,0.0,0.0,7,2,7,0,0,0,7,0,0,0,4,0,0,4,0,0,0,0,2,108,2,3,7,4,1,14,8,29,3,18,3,0,0,0,118,1,0
C:\Users\user\Desktop\STUFF A LOT OF 'EM\er\Design_Pattern\ant\src\testcases\org\apache\tools\ant\DummyTaskWithNonVoidExecute.java,org.apache.tools.ant.DummyTaskWithNonVoidExecute,class,0,1,1,0,2,1,0,0,1,0.0,0.0,0.0,2,0,2,0,0,0,2,0,0,0,0,0,0,0,0,0,0,0,0,7,1,0,0,0,0,0,1,0,0,0,0,0,0,0,7,1,0
C:\Users\user\Desktop\STUFF A LOT OF 'EM\er\Design_Pattern\ant\src\main\org\apache\tools\ant\types\PatternSet.java,org.apache.tools.ant.types.PatternSet$NameEntry,innerclass,3,3,0,3,17,1,0,4,0,0.5238095,0.0,0.0,7,0,6,1,0,0,6,0,0,0,3,0,0,3,0,0,0,0,0,50,6,0,9,0,2,6,0,6,0,5,2,0,0,0,66,1,0
C:\Users\user\Desktop\STUFF A LOT OF 'EM\er\Design_Pattern\ant\src\main\org\apache\tools\ant\Task.java,org.apache.tools.ant.Task,class,9,206,197,9,41,2,85,34,353,0.8875,0.0,0.0,30,0,20,2,7,1,28,0,3,0,8,0,0,2,6,0,0,0,0,163,10,1,5,1,0,0,0,20,0,15,3,0,0,0,257,1025,0
C:\Users\user\Desktop\STUFF A LOT OF 'EM\er\Design_Pattern\ant\src\testcases\org\apache\tools\ant\types\selectors\ModifiedSelectorTest.java,org.apache.tools.ant.types.selectors.ModifiedSelectorTest,class,14,15,1,14,56,4,0,60,378,1.0,0.0,0.0,28,0,24,1,3,0,27,0,0,0,1,1,0,1,0,0,0,0,2,384,2,4,11,12,2,128,10,89,23,80,3,0,1,0,237,1,0
C:\Users\user\Desktop\STUFF A LOT OF 'EM\er\Design_Pattern\ant\src\main\org\apache\tools\ant\taskdefs\MacroDef.java,org.apache.tools.ant.taskdefs.MacroDef$MyAntTypeDefinition,innerclass,5,5,0,5,7,2,0,5,0,0.0,0.0,0.0,4,0,4,0,0,0,4,0,0,0,1,0,0,1,0,0,0,0,0,28,6,0,1,0,1,0,0,4,0,4,1,0,0,0,46,10,0
C:\Users\user\Desktop\STUFF A LOT OF 'EM\er\Design_Pattern\ant\src\main\org\apache\tools\ant\taskdefs\optional\sitraka\CovReport.java,org.apache.tools.ant.taskdefs.optional.sitraka.CovReport$ReportType,innerclass,1,1,0,1,1,2,0,0,0,0.0,NaN,NaN,1,0,1,0,0,0,1,0,0,0,0,0,0,0,0,0,0,0,0,5,1,0,0,0,0,4,0,0,0,0,0,0,0,0,6,9,0
C:\Users\user\Desktop\STUFF A LOT OF 'EM\er\Design_Pattern\ant\src\main\org\apache\tools\ant\filters\LineContains.java,org.apache.tools.ant.filters.LineContains$Contains,innerclass,0,0,0,0,2,1,0,0,0,0.0,0.0,0.0,2,0,2,0,0,0,2,0,2,0,1,0,0,1,0,0,0,0,0,9,1,0,0,0,0,0,0,1,0,1,0,0,0,0,20,9,0
C:\Users\user\Desktop\STUFF A LOT OF 'EM\er\Design_Pattern\ant\src\main\org\apache\tools\ant\taskdefs\optional\metamata\MAuditParser.java,org.apache.tools.ant.taskdefs.optional.metamata.MAuditParser,class,3,5,2,3,5,1,0,8,0,0.25,0.0,0.0,2,0,0,0,0,2,2,0,0,0,2,1,0,2,0,0,2,0,0,30,2,0,3,0,3,2,6,11,3,7,1,0,1,0,84,16,0
C:\Users\user\Desktop\STUFF A LOT OF 'EM\er\Design_Pattern\ant\src\main\org\apache\tools\ant\taskdefs\compilers\Gcj.java,org.apache.tools.ant.taskdefs.compilers.Gcj,class,7,9,2,7,20,2,0,22,3,0.6666667,0.0,0.0,3,0,2,0,1,0,3,0,0,0,1,1,0,1,0,0,1,0,0,68,3,2,8,0,1,15,4,12,2,10,2,0,0,0,102,1,0
C:\Users\user\Desktop\STUFF A LOT OF 'EM\er\Design_Pattern\ant\src\main\org\apache\tools\ant\taskdefs\optional\ssh\LogListener.java,org.apache.tools.ant.taskdefs.optional.ssh.LogListener,interface,0,4,4,0,1,1,0,0,0,0.0,NaN,NaN,1,0,0,0,0,1,1,0,0,0,0,0,0,0,0,0,0,0,0,3,0,0,0,0,0,0,0,0,0,0,0,0,0,0,4,1,0
C:\Users\user\Desktop\STUFF A LOT OF 'EM\er\Design_Pattern\ant\src\main\org\apache\tools\ant\taskdefs\Parallel.java,org.apache.tools.ant.taskdefs.Parallel$TaskRunnable,innerclass,1,1,0,1,5,1,0,2,0,0.44444445,0.0,0.0,3,0,2,0,0,1,3,0,0,0,3,0,0,2,0,1,0,0,0,28,1,0,0,1,0,0,0,4,0,3,2,0,0,0,48,2,0
C:\Users\user\Desktop\STUFF A LOT OF 'EM\er\Design_Pattern\ant\src\main\org\apache\tools\ant\types\selectors\modifiedselector\ModifiedSelector.java,org.apache.tools.ant.types.selectors.modifiedselector.ModifiedSelector,class,15,19,4,15,59,8,0,47,75,0.81313133,0.0,0.0,18,0,17,0,1,0,18,0,0,0,11,0,0,11,0,0,0,0,5,243,7,3,12,4,4,35,6,62,5,39,3,0,3,0,314,1,0
C:\Users\user\Desktop\STUFF A LOT OF 'EM\er\Design_Pattern\ant\src\testcases\org\apache\tools\ant\TaskContainerTest.java,org.apache.tools.ant.TaskContainerTest,class,1,1,0,1,13,3,0,5,15,0.0,0.0,0.0,6,0,6,0,0,0,6,0,0,0,0,0,0,0,0,0,0,0,0,27,0,0,0,0,0,19,7,0,0,0,0,0,0,0,31,1,0
C:\Users\user\Desktop\STUFF A LOT OF 'EM\er\Design_Pattern\ant\src\main\org\apache\tools\ant\helper\ProjectHelper2.java,org.apache.tools.ant.helper.ProjectHelper2$ProjectHandler,innerclass,5,5,0,5,30,2,0,29,1,0.0,0.0,0.0,2,0,2,0,0,0,2,0,0,0,0,0,0,0,0,0,0,0,0,88,3,1,8,0,2,18,1,13,4,11,4,0,0,0,106,9,0
C:\Users\user\Desktop\STUFF A LOT OF 'EM\er\Design_Pattern\ant\src\main\org\apache\tools\ant\util\DOMElementWriter.java,org.apache.tools.ant.util.DOMElementWriter,class,7,10,3,7,49,1,0,35,15,0.8333333,0.0,0.0,6,0,6,0,0,0,6,0,0,0,2,1,0,1,1,0,0,0,3,184,15,8,8,2,2,32,34,29,6,26,3,0,0,0,160,1,0
C:\Users\user\Desktop\STUFF A LOT OF 'EM\er\Design_Pattern\ant\src\testcases\org\apache\tools\ant\taskdefs\MoveTest.java,org.apache.tools.ant.taskdefs.MoveTest,class,2,2,0,2,8,3,0,10,28,0.0,0.0,0.0,8,0,8,0,0,0,8,0,0,0,0,0,0,0,0,0,0,0,2,52,0,0,0,0,0,27,0,6,0,6,0,0,0,0,42,1,0
C:\Users\user\Desktop\STUFF A LOT OF 'EM\er\Design_Pattern\ant\src\main\org\apache\tools\ant\filters\StripLineComments.java,org.apache.tools.ant.filters.StripLineComments$Comment,innerclass,0,0,0,0,2,1,0,0,0,0.0,0.0,0.0,2,0,2,0,0,0,2,0,2,0,1,0,0,1,0,0,0,0,0,9,1,0,0,0,0,0,0,1,0,1,0,0,0,0,20,9,0
C:\Users\user\Desktop\STUFF A LOT OF 'EM\er\Design_Pattern\ant\src\main\org\apache\tools\ant\taskdefs\optional\extension\ExtraAttribute.java,org.apache.tools.ant.taskdefs.optional.extension.ExtraAttribute,class,1,2,1,1,7,1,0,0,0,0.4,0.0,0.0,5,0,3,0,0,2,5,0,0,0,2,0,0,2,0,0,0,0,0,26,2,0,2,0,0,3,0,4,1,4,1,0,0,0,42,1,0
C:\Users\user\Desktop\STUFF A LOT OF 'EM\er\Design_Pattern\ant\src\testcases\org\apache\tools\ant\types\selectors\PresentSelectorTest.java,org.apache.tools.ant.types.selectors.PresentSelectorTest,class,6,7,1,6,7,3,0,20,6,1.0,0.0,0.0,4,0,4,0,0,0,4,0,0,0,1,0,0,1,0,0,0,0,0,98,1,0,0,4,0,22,2,26,0,10,2,0,0,0,76,1,0
C:\Users\user\Desktop\STUFF A LOT OF 'EM\er\Design_Pattern\ant\src\main\org\apache\tools\ant\taskdefs\optional\perforce\P4Integrate.java,org.apache.tools.ant.taskdefs.optional.perforce.P4Integrate,class,3,3,0,3,42,2,0,1,228,0.88000005,0.0,0.0,25,0,25,0,0,0,25,0,0,0,12,0,0,12,0,0,0,0,0,129,12,0,9,0,0,19,0,36,14,13,1,0,0,0,156,1,0
C:\Users\user\Desktop\STUFF A LOT OF 'EM\er\Design_Pattern\ant\src\main\org\apache\tools\ant\taskdefs\optional\ssh\ScpToMessage.java,org.apache.tools.ant.taskdefs.optional.ssh.ScpToMessage,class,6,8,2,6,24,2,0,31,40,0.75,0.0,0.0,13,0,7,6,0,0,7,0,0,0,4,0,0,4,0,0,1,0,2,131,2,4,4,3,0,11,7,34,4,28,3,0,0,0,79,1,0
C:\Users\user\Desktop\STUFF A LOT OF 'EM\er\Design_Pattern\ant\src\main\org\apache\tools\ant\taskdefs\Rmic.java,org.apache.tools.ant.taskdefs.Rmic,class,15,21,6,15,85,5,0,51,933,0.9340426,0.0,0.0,47,0,44,2,1,0,45,0,0,0,20,1,0,20,0,0,1,0,3,305,29,4,10,4,1,33,10,56,9,43,4,0,1,0,357,1,0
C:\Users\user\Desktop\STUFF A LOT OF 'EM\er\Design_Pattern\ant\src\testcases\org\apache\tools\ant\ProjectTest.java,org.apache.tools.ant.ProjectTest,class,25,26,1,25,12,4,0,27,0,0.56666666,0.0,0.0,10,0,8,2,0,0,8,0,0,0,3,0,0,3,0,0,0,0,1,112,1,0,0,2,0,70,1,10,25,9,1,0,2,0,93,1,0
C:\Users\user\Desktop\STUFF A LOT OF 'EM\er\Design_Pattern\ant\src\main\org\apache\tools\ant\taskdefs\optional\dotnet\JSharp.java,org.apache.tools.ant.taskdefs.optional.dotnet.JSharp,class,5,5,0,5,12,6,0,5,32,0.81481487,0.0,0.0,9,0,6,0,3,0,9,0,0,0,3,0,0,0,0,3,0,0,0,40,3,0,1,0,0,6,0,5,0,3,1,0,0,0,124,1,0
C:\Users\user\Desktop\STUFF A LOT OF 'EM\er\Design_Pattern\ant\src\main\org\apache\tools\ant\types\selectors\BaseExtendSelector.java,org.apache.tools.ant.types.selectors.BaseExtendSelector,class,3,11,8,3,4,4,8,0,4,0.5,0.0,0.0,4,0,3,0,1,0,4,1,0,0,1,0,0,0,1,0,0,0,0,12,1,0,0,0,0,0,0,2,0,1,0,0,0,0,87,1025,0
C:\Users\user\Desktop\STUFF A LOT OF 'EM\er\Design_Pattern\ant\src\testcases\org\example\types\TypedefTestType.java,org.example.types.TypedefTestType,class,1,1,0,1,0,2,0,0,0,0.0,-1.0,-1.0,0,0,0,0,0,0,0,0,0,0,0,0,0,0,0,0,0,0,0,2,0,0,0,0,0,0,0,0,0,0,0,0,0,0,5,1,0
C:\Users\user\Desktop\STUFF A LOT OF 'EM\er\Design_Pattern\ant\src\main\org\apache\tools\ant\taskdefs\optional\net\RExecTask.java,org.apache.tools.ant.taskdefs.optional.net.RExecTask$RExecSubTask,innerclass,5,5,0,5,3,1,0,3,3,0.6666667,0.0,0.0,3,0,3,0,0,0,3,0,0,0,1,0,0,0,1,0,0,0,0,12,0,0,0,0,0,2,0,2,0,1,0,0,0,0,40,1,0
C:\Users\user\Desktop\STUFF A LOT OF 'EM\er\Design_Pattern\ant\src\main\org\apache\tools\ant\taskdefs\PathConvert.java,org.apache.tools.ant.taskdefs.PathConvert$TargetOs,innerclass,1,1,0,1,1,2,0,0,0,0.0,NaN,NaN,1,0,1,0,0,0,1,0,0,0,0,0,0,0,0,0,0,0,0,5,1,0,0,0,0,5,0,0,0,0,0,0,0,0,11,9,0
C:\Users\user\Desktop\STUFF A LOT OF 'EM\er\Design_Pattern\ant\src\main\org\apache\tools\bzip2\CBZip2OutputStream.java,org.apache.tools.bzip2.CBZip2OutputStream,class,8,10,2,8,266,2,0,36,308,0.8980043,0.0,0.0,33,2,5,26,2,0,7,0,0,0,40,7,0,24,7,9,7,0,12,1258,21,95,40,2,107,1,482,488,222,173,6,0,1,0,268,1,0
C:\Users\user\Desktop\STUFF A LOT OF 'EM\er\Design_Pattern\ant\src\main\org\apache\tools\ant\taskdefs\optional\RenameExtensions.java,org.apache.tools.ant.taskdefs.optional.RenameExtensions,class,6,6,0,6,9,2,0,19,5,0.6666667,0.0,0.0,6,0,6,0,0,0,6,0,0,0,5,0,0,5,0,0,0,0,0,51,0,0,3,0,0,22,0,10,7,7,1,0,0,0,87,1,0
C:\Users\user\Desktop\STUFF A LOT OF 'EM\er\Design_Pattern\ant\src\main\org\apache\tools\ant\types\selectors\TypeSelector.java,org.apache.tools.ant.types.selectors.TypeSelector,class,6,11,5,6,11,6,0,13,0,0.5,0.0,0.0,6,0,6,0,0,0,6,0,0,0,2,1,1,1,0,0,1,0,0,52,3,1,2,0,0,5,1,7,1,6,3,0,1,0,104,1,0
C:\Users\user\Desktop\STUFF A LOT OF 'EM\er\Design_Pattern\ant\src\main\org\apache\tools\ant\filters\TokenFilter.java,org.apache.tools.ant.filters.TokenFilter$FileTokenizer,innerclass,2,2,0,2,2,2,0,1,1,0.0,0.0,0.0,2,0,2,0,0,0,2,0,0,0,0,0,0,0,0,0,0,0,0,8,2,0,0,0,0,1,0,0,0,0,0,0,0,0,32,9,0
C:\Users\user\Desktop\STUFF A LOT OF 'EM\er\Design_Pattern\ant\src\main\org\apache\tools\ant\taskdefs\optional\starteam\StarTeamTask.java,org.apache.tools.ant.taskdefs.optional.starteam.StarTeamTask,class,7,13,6,7,31,2,2,19,157,0.83116883,0.0,0.0,22,0,14,1,7,0,21,1,19,0,7,0,0,7,0,0,0,0,0,108,13,0,4,1,2,15,3,19,8,13,4,0,0,0,163,1025,0
C:\Users\user\Desktop\STUFF A LOT OF 'EM\er\Design_Pattern\ant\src\main\org\apache\tools\ant\taskdefs\Javadoc.java,org.apache.tools.ant.taskdefs.Javadoc$PackageName,innerclass,1,1,0,1,3,1,0,2,1,0.33333334,0.0,0.0,3,0,3,0,0,0,3,0,0,0,1,0,0,1,0,0,0,0,0,12,2,0,0,0,0,0,0,1,0,1,0,0,0,0,18,9,0
C:\Users\user\Desktop\STUFF A LOT OF 'EM\er\Design_Pattern\ant\src\testcases\org\apache\tools\ant\taskdefs\XmlnsTest.java,org.apache.tools.ant.taskdefs.XmlnsTest,class,2,2,0,2,8,3,0,3,28,0.0,0.0,0.0,8,0,8,0,0,0,8,0,0,0,0,0,0,0,0,0,0,0,0,31,0,0,0,0,0,14,0,0,0,0,0,0,1,0,29,1,0
C:\Users\user\Desktop\STUFF A LOT OF 'EM\er\Design_Pattern\ant\src\main\org\apache\tools\ant\taskdefs\MacroDef.java,org.apache.tools.ant.taskdefs.MacroDef$TemplateElement,innerclass,3,3,0,3,20,1,0,5,11,0.65,0.0,0.0,10,0,10,0,0,0,10,0,0,0,4,0,0,4,0,0,0,0,2,54,10,0,6,0,2,2,4,7,2,5,2,0,0,0,51,9,0
C:\Users\user\Desktop\STUFF A LOT OF 'EM\er\Design_Pattern\ant\src\testcases\org\apache\tools\ant\types\PolyTest.java,org.apache.tools.ant.types.PolyTest,class,4,4,0,4,6,5,0,2,15,0.0,0.0,0.0,6,0,6,0,0,0,6,0,0,0,0,0,0,0,0,0,0,0,0,35,0,0,0,0,0,9,0,0,0,0,0,0,3,0,21,1,0
C:\Users\user\Desktop\STUFF A LOT OF 'EM\er\Design_Pattern\ant\src\main\org\apache\tools\ant\filters\TokenFilter.java,org.apache.tools.ant.filters.TokenFilter$ChainableReaderFilter,innerclass,5,5,0,5,3,2,0,2,0,0.0,0.0,0.0,2,0,2,0,0,0,2,0,0,0,1,0,0,1,0,0,0,0,0,14,1,0,0,0,0,0,0,3,0,2,1,0,0,0,39,1033,0
C:\Users\user\Desktop\STUFF A LOT OF 'EM\er\Design_Pattern\ant\src\testcases\org\apache\tools\ant\taskdefs\TouchTest.java,org.apache.tools.ant.taskdefs.TouchTest,class,3,4,1,3,16,2,0,13,91,0.9285714,0.0,0.0,14,0,12,2,0,0,12,0,0,0,1,1,0,1,0,0,0,0,2,57,1,0,0,0,0,14,5,8,3,8,1,0,0,0,81,1,0
C:\Users\user\Desktop\STUFF A LOT OF 'EM\er\Design_Pattern\ant\src\main\org\apache\tools\ant\util\RegexpPatternMapper.java,org.apache.tools.ant.util.RegexpPatternMapper,class,6,7,1,6,13,1,0,12,0,0.46666667,0.0,0.0,5,0,4,0,1,0,5,0,0,0,3,0,0,0,3,0,0,0,1,49,3,1,3,1,1,1,5,8,0,6,4,0,0,0,61,1,0
C:\Users\user\Desktop\STUFF A LOT OF 'EM\er\Design_Pattern\ant\src\main\org\apache\tools\ant\taskdefs\PreSetDef.java,org.apache.tools.ant.taskdefs.PreSetDef$PreSetDefinition,innerclass,5,5,0,5,26,2,0,15,42,0.59375,0.0,0.0,16,0,16,0,0,0,16,0,0,0,2,0,0,2,0,0,0,0,0,88,18,0,4,0,0,5,0,7,0,6,1,0,0,0,108,9,0
C:\Users\user\Desktop\STUFF A LOT OF 'EM\er\Design_Pattern\ant\src\testcases\org\apache\tools\ant\types\FlexIntegerTest.java,org.apache.tools.ant.types.FlexIntegerTest,class,4,4,0,4,10,2,0,6,14,0.625,0.0,0.0,8,0,8,0,0,0,8,0,0,0,3,0,0,2,0,1,0,0,0,34,0,0,2,0,0,8,0,3,0,3,1,0,0,0,32,1,0
C:\Users\user\Desktop\STUFF A LOT OF 'EM\er\Design_Pattern\ant\src\testcases\org\apache\tools\ant\taskdefs\AntlibTest.java,org.apache.tools.ant.taskdefs.AntlibTest,class,2,2,0,2,5,5,0,2,10,0.0,0.0,0.0,5,0,5,0,0,0,5,0,0,0,0,0,0,0,0,0,0,0,0,27,0,0,0,0,0,7,0,0,0,0,0,0,2,0,45,1,0
C:\Users\user\Desktop\STUFF A LOT OF 'EM\er\Design_Pattern\ant\src\testcases\org\apache\tools\ant\taskdefs\TStampTest.java,org.apache.tools.ant.taskdefs.TStampTest,class,4,4,0,4,6,2,0,16,0,0.2777778,0.0,0.0,6,0,5,0,1,0,6,0,0,0,3,0,0,0,3,0,0,0,4,57,0,0,0,0,0,20,0,16,0,16,0,0,0,0,42,1,0
C:\Users\user\Desktop\STUFF A LOT OF 'EM\er\Design_Pattern\ant\src\main\org\apache\tools\ant\IntrospectionHelper.java,org.apache.tools.ant.IntrospectionHelper,class,21,27,6,21,149,1,0,61,371,0.874552,0.0,0.0,31,2,22,8,1,0,24,0,0,2,9,2,0,9,0,0,1,0,8,733,39,4,38,10,8,38,41,106,7,83,4,13,3,0,397,17,0
C:\Users\user\Desktop\STUFF A LOT OF 'EM\er\Design_Pattern\ant\src\main\org\apache\tools\ant\taskdefs\optional\ejb\WLRun.java,org.apache.tools.ant.taskdefs.optional.ejb.WLRun,class,7,8,1,7,41,3,0,20,122,0.8764705,0.0,0.0,20,0,17,3,0,0,17,0,0,0,17,3,0,14,3,0,3,0,0,172,3,0,14,0,0,41,2,56,20,27,2,0,0,0,211,1,0
C:\Users\user\Desktop\STUFF A LOT OF 'EM\er\Design_Pattern\ant\src\testcases\org\apache\tools\ant\taskdefs\AntlibTest.java,org.apache.tools.ant.taskdefs.AntlibTest$MyTask2,innerclass,1,1,0,1,1,2,0,1,0,0.0,NaN,NaN,1,0,1,0,0,0,1,0,0,0,0,0,0,0,0,0,0,0,0,5,0,0,0,0,0,1,0,0,0,0,0,0,0,0,5,9,0
C:\Users\user\Desktop\STUFF A LOT OF 'EM\er\Design_Pattern\ant\src\main\org\apache\tools\ant\taskdefs\compilers\Kjc.java,org.apache.tools.ant.taskdefs.compilers.Kjc,class,6,8,2,6,14,2,0,16,1,0.0,0.0,0.0,2,0,1,0,1,0,2,0,0,0,0,0,0,0,0,0,0,0,1,66,2,0,6,1,0,15,0,7,1,7,2,0,0,0,87,1,0
C:\Users\user\Desktop\STUFF A LOT OF 'EM\er\Design_Pattern\ant\src\main\org\apache\tools\ant\taskdefs\optional\junit\XMLJUnitResultFormatter.java,org.apache.tools.ant.taskdefs.optional.junit.XMLJUnitResultFormatter,class,14,15,1,14,29,1,0,41,39,0.7023809,0.0,0.0,14,1,11,3,0,0,11,0,0,0,6,0,0,6,0,0,0,0,5,132,1,1,8,3,4,9,4,25,8,20,5,0,0,0,102,1,0
C:\Users\user\Desktop\STUFF A LOT OF 'EM\er\Design_Pattern\ant\src\testcases\org\apache\tools\ant\taskdefs\SignJarTest.java,org.apache.tools.ant.taskdefs.SignJarTest,class,1,1,0,1,8,2,0,2,28,1.0,0.0,0.0,8,0,8,0,0,0,8,0,0,0,1,1,1,0,0,0,1,0,0,27,0,0,0,0,0,8,0,1,0,1,0,0,0,0,45,1,0
C:\Users\user\Desktop\STUFF A LOT OF 'EM\er\Design_Pattern\ant\src\main\org\apache\tools\ant\taskdefs\optional\sound\SoundTask.java,org.apache.tools.ant.taskdefs.optional.sound.SoundTask,class,3,3,0,3,7,2,0,8,6,0.6,0.0,0.0,5,0,5,0,0,0,5,0,0,0,2,0,0,2,0,0,0,0,0,79,2,0,2,0,0,2,0,5,0,3,1,0,1,0,79,1,0
C:\Users\user\Desktop\STUFF A LOT OF 'EM\er\Design_Pattern\ant\src\main\org\apache\tools\zip\ZipFile.java,org.apache.tools.zip.ZipFile$BoundedInputStream,innerclass,1,1,0,1,11,2,0,3,0,0.25,0.0,0.0,4,0,2,0,0,2,4,0,0,0,3,0,0,3,0,0,0,0,0,51,7,0,0,0,0,0,11,12,0,4,2,0,0,0,41,2,0
C:\Users\user\Desktop\STUFF A LOT OF 'EM\er\Design_Pattern\ant\src\testcases\org\apache\tools\ant\taskdefs\condition\ContainsTest.java,org.apache.tools.ant.taskdefs.condition.ContainsTest,class,2,2,0,2,2,2,0,5,1,0.0,0.0,0.0,2,0,2,0,0,0,2,0,0,0,0,0,0,0,0,0,0,0,0,13,0,0,0,0,0,2,0,1,0,1,0,0,0,0,15,1,0
C:\Users\user\Desktop\STUFF A LOT OF 'EM\er\Design_Pattern\ant\src\main\org\apache\tools\ant\taskdefs\optional\net\FTP.java,org.apache.tools.ant.taskdefs.optional.net.FTP$FTPDirectoryScanner$AntFTPRootFile,innerclass,4,4,0,4,4,2,0,6,3,0.6666667,0.0,0.0,3,0,3,0,0,0,3,0,0,0,1,0,0,1,0,0,0,0,0,20,2,0,0,1,0,1,0,1,0,1,1,0,0,0,37,4,0
C:\Users\user\Desktop\STUFF A LOT OF 'EM\er\Design_Pattern\ant\src\main\org\apache\tools\ant\taskdefs\optional\perforce\P4Change.java,org.apache.tools.ant.taskdefs.optional.perforce.P4Change,class,6,9,3,6,7,4,0,8,6,0.75,0.0,0.0,4,1,4,0,0,0,4,0,1,0,2,0,0,0,2,0,0,0,0,65,2,1,2,0,0,3,1,11,0,9,2,2,0,0,104,1,0
C:\Users\user\Desktop\STUFF A LOT OF 'EM\er\Design_Pattern\ant\src\main\org\apache\tools\ant\taskdefs\optional\ssh\SSHBase.java,org.apache.tools.ant.taskdefs.optional.ssh.SSHBase,class,5,7,2,5,21,2,2,16,71,0.83333325,0.0,0.0,18,0,16,0,2,0,18,0,0,0,8,1,0,8,0,0,1,0,1,79,6,0,2,0,0,5,1,13,3,10,1,0,0,0,99,1025,0
C:\Users\user\Desktop\STUFF A LOT OF 'EM\er\Design_Pattern\ant\src\main\org\apache\tools\ant\types\Environment.java,org.apache.tools.ant.types.Environment,class,1,3,2,1,5,1,2,4,0,0.0,0.0,0.0,3,0,3,0,0,0,3,0,0,0,1,0,0,0,1,0,0,0,0,51,2,1,1,0,1,0,2,4,0,3,1,0,1,0,41,1,0
C:\Users\user\Desktop\STUFF A LOT OF 'EM\er\Design_Pattern\ant\src\testcases\org\apache\tools\ant\taskdefs\optional\junit\JUnitTestRunnerTest.java,org.apache.tools.ant.taskdefs.optional.junit.JUnitTestRunnerTest$InvalidTestCase,innerclass,1,1,0,1,1,2,0,0,0,0.0,NaN,NaN,1,0,1,0,0,0,1,0,0,0,0,0,0,0,0,0,0,0,0,6,0,0,0,0,0,1,0,0,0,0,0,0,0,0,8,9,0
C:\Users\user\Desktop\STUFF A LOT OF 'EM\er\Design_Pattern\ant\src\testcases\org\apache\tools\ant\taskdefs\TypeAdapterTest.java,org.apache.tools.ant.taskdefs.TypeAdapterTest,class,3,3,0,3,8,4,0,4,28,0.0,0.0,0.0,8,0,8,0,0,0,8,0,0,0,0,0,0,0,0,0,0,0,0,99,0,0,0,0,0,14,0,0,0,0,0,0,4,0,29,1,0
C:\Users\user\Desktop\STUFF A LOT OF 'EM\er\Design_Pattern\ant\src\testcases\org\apache\tools\ant\taskdefs\ProcessDestroyerTest.java,org.apache.tools.ant.taskdefs.ProcessDestroyerTest,class,3,4,1,3,7,2,0,15,3,0.0,0.0,0.0,3,1,3,0,0,0,3,0,0,0,0,0,0,0,0,0,0,0,3,36,1,0,0,3,0,7,1,2,1,2,2,0,0,0,25,1,0
C:\Users\user\Desktop\STUFF A LOT OF 'EM\er\Design_Pattern\ant\src\main\org\apache\tools\ant\taskdefs\condition\Socket.java,org.apache.tools.ant.taskdefs.condition.Socket,class,3,4,1,3,8,2,0,2,0,0.33333334,0.0,0.0,3,0,3,0,0,0,3,0,0,0,2,0,0,2,0,0,0,0,0,36,2,0,3,2,0,5,2,6,2,3,3,0,0,0,47,1,0
C:\Users\user\Desktop\STUFF A LOT OF 'EM\er\Design_Pattern\ant\src\testcases\org\apache\tools\ant\types\AddTypeTest.java,org.apache.tools.ant.types.AddTypeTest$MyAddConfigured,innerclass,2,2,0,2,2,2,0,1,0,0.0,0.0,0.0,2,0,2,0,0,0,2,0,0,0,1,0,0,0,0,1,0,0,0,10,0,0,0,0,0,2,0,1,2,1,0,0,0,0,10,9,0
C:\Users\user\Desktop\STUFF A LOT OF 'EM\er\Design_Pattern\ant\src\main\org\apache\tools\ant\filters\TokenFilter.java,org.apache.tools.ant.filters.TokenFilter$StringTokenizer,innerclass,5,5,0,5,21,2,0,9,9,0.7142858,0.0,0.0,7,0,6,1,0,0,6,0,0,0,6,0,0,6,0,0,0,0,2,91,7,2,6,0,0,3,8,26,0,13,5,0,0,0,89,9,0
C:\Users\user\Desktop\STUFF A LOT OF 'EM\er\Design_Pattern\ant\src\main\org\apache\tools\ant\taskdefs\optional\net\FTP.java,org.apache.tools.ant.taskdefs.optional.net.FTP$Action,innerclass,1,1,0,1,12,2,0,3,1,0.5,0.0,0.0,2,0,2,0,0,0,2,0,0,0,1,1,0,1,0,0,1,0,0,31,9,0,0,0,0,20,0,2,0,2,1,0,0,0,41,9,0
C:\Users\user\Desktop\STUFF A LOT OF 'EM\er\Design_Pattern\ant\src\main\org\apache\tools\ant\taskdefs\optional\ccm\Continuus.java,org.apache.tools.ant.taskdefs.optional.ccm.Continuus,class,9,16,7,9,9,3,3,12,11,0.7916667,0.0,0.0,6,0,3,0,3,0,6,0,2,0,8,6,5,3,0,0,6,0,1,42,4,0,0,1,0,11,0,14,0,10,1,0,0,0,92,1025,0
C:\Users\user\Desktop\STUFF A LOT OF 'EM\er\Design_Pattern\ant\src\main\org\apache\tools\ant\types\PatternSet.java,org.apache.tools.ant.types.PatternSet,class,6,9,3,6,72,3,0,47,155,0.75,0.0,0.0,22,0,16,5,0,1,17,0,0,0,4,0,0,4,0,0,0,0,0,299,17,10,12,3,1,12,15,42,5,35,4,0,1,0,184,1,0
C:\Users\user\Desktop\STUFF A LOT OF 'EM\er\Design_Pattern\ant\src\main\org\apache\tools\ant\taskdefs\optional\sitraka\ReportFilters.java,org.apache.tools.ant.taskdefs.optional.sitraka.ReportFilters$Include,innerclass,1,1,0,1,0,2,0,0,0,0.0,-1.0,-1.0,0,0,0,0,0,0,0,0,0,0,0,0,0,0,0,0,0,0,0,2,0,0,0,0,0,0,0,0,0,0,0,0,0,0,5,9,0
C:\Users\user\Desktop\STUFF A LOT OF 'EM\er\Design_Pattern\ant\src\main\org\apache\tools\ant\DemuxInputStream.java,org.apache.tools.ant.DemuxInputStream,class,2,3,1,2,4,2,0,1,0,0.0,0.0,0.0,3,0,3,0,0,0,3,0,0,0,1,0,0,1,0,0,0,0,0,16,3,0,1,0,0,0,6,2,0,2,1,0,0,0,33,1,0
C:\Users\user\Desktop\STUFF A LOT OF 'EM\er\Design_Pattern\ant\src\main\org\apache\tools\ant\util\optional\NoExitSecurityManager.java,org.apache.tools.ant.util.optional.NoExitSecurityManager,class,1,1,0,1,2,2,0,0,1,0.0,0.0,0.0,2,0,2,0,0,0,2,0,0,0,0,0,0,0,0,0,0,0,0,7,0,0,0,0,0,0,0,0,0,0,0,0,0,0,36,1,0
C:\Users\user\Desktop\STUFF A LOT OF 'EM\er\Design_Pattern\ant\src\testcases\org\apache\tools\ant\taskdefs\optional\PropertyFileTest.java,org.apache.tools.ant.taskdefs.optional.PropertyFileTest,class,3,4,1,3,11,2,0,23,55,0.9090907,0.0,0.0,11,0,7,4,0,0,7,0,0,0,1,1,0,1,0,0,1,0,0,101,1,0,0,0,0,53,0,39,2,34,0,0,0,0,116,1,0
C:\Users\user\Desktop\STUFF A LOT OF 'EM\er\Design_Pattern\ant\src\testcases\org\apache\tools\ant\types\MapperTest.java,org.apache.tools.ant.types.MapperTest,class,11,11,0,11,13,3,0,23,1,0.2857143,0.0,0.0,7,0,7,0,0,0,7,0,0,0,1,0,0,1,0,0,0,0,2,170,0,0,0,7,0,69,4,33,0,28,1,0,1,0,101,1,0
C:\Users\user\Desktop\STUFF A LOT OF 'EM\er\Design_Pattern\ant\src\main\org\apache\tools\ant\util\LoaderUtils.java,org.apache.tools.ant.util.LoaderUtils,class,2,3,1,2,9,1,0,10,15,0.0,0.0,0.0,6,6,5,1,0,0,5,0,0,0,0,0,0,0,0,0,0,0,5,33,5,0,2,1,0,0,0,5,0,3,2,0,0,0,71,1,0
C:\Users\user\Desktop\STUFF A LOT OF 'EM\er\Design_Pattern\ant\src\main\org\apache\tools\ant\taskdefs\Execute.java,org.apache.tools.ant.taskdefs.Execute,class,21,60,39,21,102,16,0,73,306,0.9174108,0.0,0.0,28,8,23,3,2,0,26,0,0,1,16,6,1,15,0,0,1,0,36,635,25,5,23,12,4,63,22,82,16,48,4,1,10,0,357,1,0
C:\Users\user\Desktop\STUFF A LOT OF 'EM\er\Design_Pattern\ant\src\main\org\apache\tools\ant\taskdefs\Tstamp.java,org.apache.tools.ant.taskdefs.Tstamp$CustomFormat,innerclass,6,6,0,6,19,1,0,14,20,0.76388884,0.0,0.0,9,0,9,0,0,0,9,0,0,0,8,0,0,8,0,0,0,0,2,82,0,0,6,1,0,8,2,19,1,12,4,0,0,0,131,1,0
C:\Users\user\Desktop\STUFF A LOT OF 'EM\er\Design_Pattern\ant\src\main\org\apache\tools\ant\taskdefs\optional\ejb\IPlanetEjbc.java,org.apache.tools.ant.taskdefs.optional.ejb.IPlanetEjbc$EjbcHandler,innerclass,7,7,0,7,38,2,0,26,23,0.7375,0.0,0.0,10,0,8,2,0,0,8,0,0,0,8,0,0,8,0,0,0,0,2,143,7,0,8,1,4,29,2,31,20,19,3,0,0,0,202,2,0
C:\Users\user\Desktop\STUFF A LOT OF 'EM\er\Design_Pattern\ant\src\main\org\apache\tools\ant\taskdefs\Manifest.java,org.apache.tools.ant.taskdefs.Manifest$Attribute,innerclass,2,2,0,2,35,1,0,24,44,0.6666667,0.0,0.0,16,0,15,1,0,0,15,0,0,0,3,0,0,3,0,0,0,0,0,110,11,4,12,0,2,10,12,25,10,16,2,0,0,0,129,9,0
C:\Users\user\Desktop\STUFF A LOT OF 'EM\er\Design_Pattern\ant\src\main\org\apache\tools\ant\taskdefs\optional\sitraka\bytecode\ClassPathLoader.java,org.apache.tools.ant.taskdefs.optional.sitraka.bytecode.ClassFilter,class,0,1,1,0,1,1,0,1,0,0.0,NaN,NaN,1,0,1,0,0,0,1,0,0,0,0,0,0,0,0,0,0,0,0,5,1,0,0,0,0,1,0,0,0,0,0,0,0,0,11,16,0
C:\Users\user\Desktop\STUFF A LOT OF 'EM\er\Design_Pattern\ant\src\main\org\apache\tools\ant\helper\ProjectHelperImpl.java,org.apache.tools.ant.helper.ProjectHelperImpl$AbstractHandler,innerclass,6,6,0,6,5,2,0,3,0,0.25,0.0,0.0,4,0,4,0,0,0,4,0,0,0,2,0,0,0,1,1,0,0,0,21,0,0,0,0,0,4,1,3,2,3,1,0,0,0,139,8,0
C:\Users\user\Desktop\STUFF A LOT OF 'EM\er\Design_Pattern\ant\src\testcases\org\apache\tools\ant\taskdefs\condition\EqualsTest.java,org.apache.tools.ant.taskdefs.condition.EqualsTest,class,2,2,0,2,3,2,0,6,3,0.0,0.0,0.0,3,0,3,0,0,0,3,0,0,0,0,0,0,0,0,0,0,0,0,23,0,0,0,0,0,5,0,2,0,2,0,0,0,0,17,1,0
C:\Users\user\Desktop\STUFF A LOT OF 'EM\er\Design_Pattern\ant\src\testcases\org\apache\tools\ant\taskdefs\PreSetDefTest.java,org.apache.tools.ant.taskdefs.PreSetDefTest$DefaultTest,innerclass,2,2,0,2,3,2,0,2,0,0.25,0.0,0.0,2,0,2,0,0,0,2,0,0,0,2,0,0,0,0,2,0,0,0,14,0,0,0,0,0,2,0,4,1,2,1,0,0,0,22,9,0
C:\Users\user\Desktop\STUFF A LOT OF 'EM\er\Design_Pattern\ant\src\main\org\apache\tools\ant\taskdefs\optional\net\MimeMail.java,org.apache.tools.ant.taskdefs.optional.net.MimeMail,class,2,2,0,2,1,4,0,3,0,0.0,NaN,NaN,1,0,1,0,0,0,1,0,0,0,0,0,0,0,0,0,0,0,0,6,0,0,0,0,0,3,0,0,1,0,0,0,0,0,29,1,0
C:\Users\user\Desktop\STUFF A LOT OF 'EM\er\Design_Pattern\ant\src\main\org\apache\tools\ant\util\ReaderInputStream.java,org.apache.tools.ant.util.ReaderInputStream,class,3,5,2,3,27,2,0,10,0,0.5277778,0.0,0.0,9,0,9,0,0,0,9,0,0,6,4,0,0,4,0,0,0,0,2,102,7,1,10,1,1,6,15,19,3,8,2,0,0,0,91,1,0
C:\Users\user\Desktop\STUFF A LOT OF 'EM\er\Design_Pattern\ant\src\main\org\apache\tools\ant\taskdefs\Manifest.java,org.apache.tools.ant.taskdefs.Manifest,class,5,10,5,5,52,1,0,43,14,0.85096157,0.0,0.0,16,1,16,0,0,0,16,0,0,0,13,9,9,4,0,0,9,0,2,513,16,6,20,4,1,25,4,53,7,42,4,0,2,0,222,1,0
C:\Users\user\Desktop\STUFF A LOT OF 'EM\er\Design_Pattern\ant\src\main\org\apache\tools\ant\util\regexp\JakartaOroRegexp.java,org.apache.tools.ant.util.regexp.JakartaOroRegexp,class,6,8,2,6,9,2,0,11,3,0.0,0.0,0.0,3,0,2,0,1,0,3,0,0,0,0,0,0,0,0,0,0,0,2,43,2,1,2,0,0,1,4,9,0,7,4,0,0,0,28,1,0
C:\Users\user\Desktop\STUFF A LOT OF 'EM\er\Design_Pattern\ant\src\main\org\apache\tools\ant\taskdefs\optional\depend\JarFileIterator.java,org.apache.tools.ant.taskdefs.optional.depend.JarFileIterator,class,2,2,0,2,8,1,0,8,0,0.0,0.0,0.0,2,0,2,0,0,0,2,0,0,0,1,0,0,1,0,0,0,0,0,34,1,1,3,1,0,3,0,10,2,7,3,0,0,0,56,1,0
C:\Users\user\Desktop\STUFF A LOT OF 'EM\er\Design_Pattern\ant\src\main\org\apache\tools\ant\taskdefs\Exit.java,org.apache.tools.ant.taskdefs.Exit,class,9,10,1,9,37,5,0,12,19,0.7090908,0.0,0.0,11,0,7,4,0,0,7,0,0,0,4,0,0,4,0,0,0,0,0,93,7,0,17,0,5,12,3,17,3,8,4,0,1,0,129,1,0
C:\Users\user\Desktop\STUFF A LOT OF 'EM\er\Design_Pattern\ant\src\testcases\org\apache\tools\ant\taskdefs\JarTest.java,org.apache.tools.ant.taskdefs.JarTest,class,3,4,1,3,44,3,0,25,354,0.90178573,0.0,0.0,28,0,26,2,0,0,26,0,0,0,3,2,0,3,0,0,0,0,4,186,0,2,5,6,0,53,5,33,5,25,3,0,0,0,102,1,0
C:\Users\user\Desktop\STUFF A LOT OF 'EM\er\Design_Pattern\ant\src\main\org\apache\tools\ant\helper\ProjectHelper2.java,org.apache.tools.ant.helper.ProjectHelper2$MainHandler,innerclass,4,4,0,4,4,2,0,2,0,0.0,NaN,NaN,1,0,1,0,0,0,1,0,0,0,0,0,0,0,0,0,0,0,0,10,1,0,0,0,1,4,0,0,1,0,1,0,0,0,50,9,0
C:\Users\user\Desktop\STUFF A LOT OF 'EM\er\Design_Pattern\ant\src\testcases\org\apache\tools\ant\types\AddTypeTest.java,org.apache.tools.ant.types.AddTypeTest$B,interface,0,0,0,0,0,1,0,0,0,0.0,-1.0,-1.0,0,0,0,0,0,0,0,0,0,0,0,0,0,0,0,0,0,0,0,2,0,0,0,0,0,0,0,0,0,0,0,0,0,0,1,9,0
C:\Users\user\Desktop\STUFF A LOT OF 'EM\er\Design_Pattern\ant\src\main\org\apache\tools\ant\taskdefs\Taskdef.java,org.apache.tools.ant.taskdefs.Taskdef,class,3,3,0,3,1,3,0,2,0,0.0,NaN,NaN,1,0,1,0,0,0,1,0,0,0,0,0,0,0,0,0,0,0,0,6,0,0,0,0,0,0,0,0,0,0,0,0,0,0,64,1,0
C:\Users\user\Desktop\STUFF A LOT OF 'EM\er\Design_Pattern\ant\src\testcases\org\apache\tools\ant\types\AddTypeTest.java,org.apache.tools.ant.types.AddTypeTest$C,interface,1,1,0,1,0,1,0,0,0,0.0,-1.0,-1.0,0,0,0,0,0,0,0,0,0,0,0,0,0,0,0,0,0,0,0,2,0,0,0,0,0,0,0,0,0,0,0,0,0,0,2,9,0
C:\Users\user\Desktop\STUFF A LOT OF 'EM\er\Design_Pattern\ant\src\main\org\apache\tools\mail\SmtpResponseReader.java,org.apache.tools.mail.SmtpResponseReader,class,1,3,2,1,12,1,0,12,2,0.5,0.0,0.0,5,0,3,1,1,0,4,0,0,0,2,0,0,1,1,0,0,0,0,35,2,1,3,0,0,2,8,5,0,3,2,0,0,0,82,1,0
C:\Users\user\Desktop\STUFF A LOT OF 'EM\er\Design_Pattern\ant\src\testcases\org\apache\tools\ant\types\AddTypeTest.java,org.apache.tools.ant.types.AddTypeTest$A,interface,0,0,0,0,0,1,0,0,0,0.0,-1.0,-1.0,0,0,0,0,0,0,0,0,0,0,0,0,0,0,0,0,0,0,0,2,0,0,0,0,0,0,0,0,0,0,0,0,0,0,1,9,0
C:\Users\user\Desktop\STUFF A LOT OF 'EM\er\Design_Pattern\ant\src\testcases\org\apache\tools\ant\taskdefs\CopyfileTest.java,org.apache.tools.ant.taskdefs.CopyfileTest,class,1,1,0,1,10,3,0,8,36,0.0,0.0,0.0,9,0,9,0,0,0,9,0,0,0,0,0,0,0,0,0,0,0,0,36,0,0,0,0,0,15,0,1,0,1,1,0,0,0,38,1,0
C:\Users\user\Desktop\STUFF A LOT OF 'EM\er\Design_Pattern\ant\src\main\org\apache\tools\ant\taskdefs\optional\perforce\P4Base.java,org.apache.tools.ant.taskdefs.optional.perforce.P4Base,class,10,28,18,10,32,3,15,20,69,0.87662333,0.0,0.0,14,0,12,0,2,0,14,0,0,0,11,0,0,2,9,0,0,0,0,116,2,0,12,3,3,16,4,29,4,15,3,0,0,0,195,1025,0
C:\Users\user\Desktop\STUFF A LOT OF 'EM\er\Design_Pattern\ant\src\main\org\apache\tools\ant\taskdefs\cvslib\CvsVersion.java,org.apache.tools.ant.taskdefs.cvslib.CvsVersion,class,3,4,1,3,24,4,0,15,3,0.6944444,0.0,0.0,6,0,6,0,0,0,6,0,0,0,6,2,0,4,0,2,2,0,2,90,4,3,4,0,1,5,7,30,4,21,3,0,0,0,108,1,0
C:\Users\user\Desktop\STUFF A LOT OF 'EM\er\Design_Pattern\ant\src\main\org\apache\tools\ant\taskdefs\optional\dotnet\Ildasm.java,org.apache.tools.ant.taskdefs.optional.dotnet.Ildasm$EncodingTypes,innerclass,1,1,0,1,4,2,0,1,0,0.16666667,0.0,0.0,2,1,2,0,0,0,2,0,0,0,3,3,3,0,0,0,3,0,0,17,4,0,0,0,0,5,0,3,0,3,1,0,0,0,36,9,0
C:\Users\user\Desktop\STUFF A LOT OF 'EM\er\Design_Pattern\ant\src\main\org\apache\tools\ant\taskdefs\optional\perforce\P4Revert.java,org.apache.tools.ant.taskdefs.optional.perforce.P4Revert,class,3,3,0,3,7,2,0,2,0,0.33333334,0.0,0.0,3,0,3,0,0,0,3,0,0,0,2,0,0,2,0,0,0,0,0,23,0,0,2,0,0,6,0,7,2,3,1,0,0,0,54,1,0
C:\Users\user\Desktop\STUFF A LOT OF 'EM\er\Design_Pattern\ant\src\main\org\apache\tools\ant\taskdefs\GZip.java,org.apache.tools.ant.taskdefs.GZip,class,2,2,0,2,4,2,0,4,0,0.0,NaN,NaN,1,0,0,0,1,0,1,0,0,0,0,0,0,0,0,0,0,0,0,22,0,0,1,2,0,1,0,3,1,2,3,0,0,0,43,1,0
C:\Users\user\Desktop\STUFF A LOT OF 'EM\er\Design_Pattern\ant\src\main\org\apache\tools\ant\taskdefs\optional\junit\FormatterElement.java,org.apache.tools.ant.taskdefs.optional.junit.FormatterElement$TypeAttribute,innerclass,1,1,0,1,1,2,0,0,0,0.0,NaN,NaN,1,0,1,0,0,0,1,0,0,0,0,0,0,0,0,0,0,0,0,5,1,0,0,0,0,3,0,0,0,0,0,0,0,0,15,9,0
C:\Users\user\Desktop\STUFF A LOT OF 'EM\er\Design_Pattern\ant\src\main\org\apache\tools\ant\taskdefs\Recorder.java,org.apache.tools.ant.taskdefs.Recorder$VerbosityLevelChoices,innerclass,1,1,0,1,1,2,0,0,0,0.0,NaN,NaN,1,0,1,0,0,0,1,0,0,0,1,1,0,1,0,0,1,0,0,6,1,0,0,0,0,5,0,1,0,1,0,0,0,0,17,9,0
C:\Users\user\Desktop\STUFF A LOT OF 'EM\er\Design_Pattern\ant\src\main\org\apache\tools\ant\input\MultipleChoiceInputRequest.java,org.apache.tools.ant.input.MultipleChoiceInputRequest,class,1,3,2,1,4,2,0,2,0,0.0,0.0,0.0,3,0,3,0,0,0,3,0,0,0,1,0,0,1,0,0,0,0,0,16,2,0,1,0,0,1,0,2,0,1,1,0,0,0,37,1,0
C:\Users\user\Desktop\STUFF A LOT OF 'EM\er\Design_Pattern\ant\src\main\org\apache\tools\ant\taskdefs\optional\clearcase\CCUnCheckout.java,org.apache.tools.ant.taskdefs.optional.clearcase.CCUnCheckout,class,8,9,1,8,9,4,0,18,4,0.6666667,0.0,0.0,4,0,3,1,0,0,3,0,0,0,3,2,2,1,0,0,2,0,1,39,1,0,1,0,0,4,1,9,2,7,1,0,0,0,106,1,0
C:\Users\user\Desktop\STUFF A LOT OF 'EM\er\Design_Pattern\ant\src\main\org\apache\tools\ant\taskdefs\ExecuteOn.java,org.apache.tools.ant.taskdefs.ExecuteOn$FileDirBoth,innerclass,1,1,0,1,1,2,0,0,0,0.0,NaN,NaN,1,0,1,0,0,0,1,0,0,0,0,0,0,0,0,0,0,0,0,5,1,0,0,0,0,3,0,0,0,0,0,0,0,0,13,9,0
C:\Users\user\Desktop\STUFF A LOT OF 'EM\er\Design_Pattern\ant\src\main\org\apache\tools\ant\taskdefs\optional\extension\Extension.java,org.apache.tools.ant.taskdefs.optional.extension.Extension,class,3,15,12,3,63,1,0,38,165,0.8701298,0.0,0.0,22,10,16,6,0,0,16,0,1,0,21,14,14,7,0,0,14,0,17,272,26,4,31,2,1,26,5,72,17,71,2,0,0,0,281,17,0
C:\Users\user\Desktop\STUFF A LOT OF 'EM\er\Design_Pattern\ant\src\testcases\org\apache\tools\ant\taskdefs\SubAntTest.java,org.apache.tools.ant.taskdefs.SubAntTest,class,5,6,1,5,8,2,0,9,21,0.0,0.0,0.0,7,0,6,0,1,0,7,0,0,0,0,0,0,0,0,0,0,0,0,73,0,0,1,0,0,13,0,8,0,8,1,0,1,0,41,1,0
C:\Users\user\Desktop\STUFF A LOT OF 'EM\er\Design_Pattern\ant\src\main\org\apache\tools\ant\taskdefs\optional\Native2Ascii.java,org.apache.tools.ant.taskdefs.optional.Native2Ascii$ExtMapper,innerclass,1,1,0,1,4,1,0,2,3,0.0,0.0,0.0,3,0,3,0,0,0,3,0,0,0,0,0,0,0,0,0,0,0,0,15,2,0,0,0,0,0,2,1,2,1,1,0,0,0,13,2,0
C:\Users\user\Desktop\STUFF A LOT OF 'EM\er\Design_Pattern\ant\src\main\org\apache\tools\ant\taskdefs\Available.java,org.apache.tools.ant.taskdefs.Available$FileDir,innerclass,1,1,0,1,3,2,0,2,3,0.6666667,0.0,0.0,3,0,3,0,0,0,3,0,0,0,1,1,0,1,0,0,1,0,0,12,3,0,0,0,0,4,0,1,0,1,0,0,0,0,28,9,0
C:\Users\user\Desktop\STUFF A LOT OF 'EM\er\Design_Pattern\ant\src\main\org\apache\tools\ant\ExitStatusException.java,org.apache.tools.ant.ExitStatusException,class,1,3,2,1,3,5,0,0,0,0.0,0.0,0.0,3,0,3,0,0,0,3,0,0,0,1,0,0,1,0,0,0,0,0,14,1,0,0,0,0,0,0,2,0,1,0,0,0,0,20,1,0
C:\Users\user\Desktop\STUFF A LOT OF 'EM\er\Design_Pattern\ant\src\main\org\apache\tools\ant\filters\util\JavaClassHelper.java,org.apache.tools.ant.filters.util.JavaClassHelper,class,5,5,0,5,6,1,0,13,0,0.0,NaN,NaN,1,1,1,0,0,0,1,0,1,0,1,1,0,1,0,0,1,0,1,27,1,1,2,0,0,4,3,11,1,10,4,0,0,0,54,17,0
C:\Users\user\Desktop\STUFF A LOT OF 'EM\er\Design_Pattern\ant\src\main\org\apache\tools\ant\NoBannerLogger.java,org.apache.tools.ant.NoBannerLogger,class,3,3,0,3,8,2,0,8,0,0.25,0.0,0.0,4,0,4,0,0,0,4,0,0,0,1,0,0,0,1,0,0,0,0,21,1,0,2,0,0,2,0,3,1,1,1,0,0,0,63,1,0
C:\Users\user\Desktop\STUFF A LOT OF 'EM\er\Design_Pattern\ant\src\testcases\org\apache\tools\ant\types\selectors\ModifiedSelectorTest.java,org.apache.tools.ant.types.selectors.ModifiedSelectorTest$BFT,innerclass,3,3,0,3,12,2,0,13,8,0.5,0.0,0.0,8,0,6,0,0,2,8,0,0,0,2,0,0,0,0,2,0,0,1,42,1,0,0,1,0,4,0,6,0,5,1,0,0,0,34,2,0
C:\Users\user\Desktop\STUFF A LOT OF 'EM\er\Design_Pattern\ant\src\main\org\apache\tools\ant\taskdefs\optional\jlink\ClassNameReader.java,org.apache.tools.ant.taskdefs.optional.jlink.ClassNameReader,class,1,2,1,1,2,1,0,3,0,0.0,NaN,NaN,1,1,1,0,0,0,1,0,0,0,0,0,0,0,0,0,0,0,0,17,2,0,1,0,0,0,1,7,0,7,1,0,0,0,50,1,0
C:\Users\user\Desktop\STUFF A LOT OF 'EM\er\Design_Pattern\ant\src\testcases\org\apache\tools\ant\taskdefs\LoadFileTest.java,org.apache.tools.ant.taskdefs.LoadFileTest,class,1,1,0,1,17,3,0,10,78,0.0,0.0,0.0,13,0,13,0,0,0,13,0,1,0,0,0,0,0,0,0,0,0,0,56,0,0,1,0,0,32,3,2,0,2,1,0,0,0,74,1,0
C:\Users\user\Desktop\STUFF A LOT OF 'EM\er\Design_Pattern\ant\src\main\org\apache\tools\ant\types\Assertions.java,org.apache.tools.ant.types.Assertions$EnabledAssertion,innerclass,1,1,0,1,1,2,0,0,0,0.0,NaN,NaN,1,0,1,0,0,0,1,0,0,0,0,0,0,0,0,0,0,0,0,5,1,0,0,0,0,1,0,0,0,0,0,0,0,0,19,9,0
C:\Users\user\Desktop\STUFF A LOT OF 'EM\er\Design_Pattern\ant\src\main\org\apache\tools\ant\taskdefs\optional\ssh\Directory.java,org.apache.tools.ant.taskdefs.optional.ssh.Directory,class,1,4,3,1,22,1,0,13,35,0.7,0.0,0.0,15,1,15,0,0,0,15,0,0,0,4,0,0,4,0,0,0,0,1,76,14,2,2,0,1,0,2,11,0,10,2,0,0,0,36,1,0
C:\Users\user\Desktop\STUFF A LOT OF 'EM\er\Design_Pattern\ant\src\main\org\apache\tools\ant\util\JavaEnvUtils.java,org.apache.tools.ant.util.JavaEnvUtils,class,2,18,16,2,34,1,0,13,28,0.8888889,0.0,0.0,9,9,6,3,0,0,7,0,0,0,14,14,6,8,0,0,11,0,15,170,12,0,6,1,1,65,11,30,5,19,2,0,0,0,150,1,0
C:\Users\user\Desktop\STUFF A LOT OF 'EM\er\Design_Pattern\ant\src\main\org\apache\tools\ant\Diagnostics.java,org.apache.tools.ant.Diagnostics$Anonymous1,anonymous,0,0,0,0,1,1,0,1,0,0.0,NaN,NaN,1,0,1,0,0,0,1,0,0,0,0,0,0,0,0,0,0,0,0,5,1,0,0,0,0,1,0,0,0,0,0,0,0,0,3,-1,0
C:\Users\user\Desktop\STUFF A LOT OF 'EM\er\Design_Pattern\ant\src\main\org\apache\tools\ant\taskdefs\SubAnt.java,org.apache.tools.ant.taskdefs.SubAnt,class,14,15,1,14,70,2,0,66,277,0.89506173,0.0,0.0,27,1,23,4,0,0,23,0,0,0,12,0,0,12,0,0,0,0,1,259,8,4,22,3,2,17,3,43,5,25,4,0,0,0,239,1,0
C:\Users\user\Desktop\STUFF A LOT OF 'EM\er\Design_Pattern\ant\src\main\org\apache\tools\ant\taskdefs\optional\NetRexxC.java,org.apache.tools.ant.taskdefs.optional.NetRexxC,class,11,12,1,11,140,6,0,55,806,0.9355011,0.0,0.0,45,0,39,6,0,0,39,0,0,0,41,5,0,36,0,5,5,0,34,457,2,10,45,2,38,125,20,161,14,84,3,0,2,0,401,1,0
C:\Users\user\Desktop\STUFF A LOT OF 'EM\er\Design_Pattern\ant\src\main\org\apache\tools\ant\taskdefs\Replace.java,org.apache.tools.ant.taskdefs.Replace$NestedString,innerclass,0,0,0,0,2,1,0,2,0,0.0,0.0,0.0,2,0,2,0,0,0,2,0,0,0,1,0,0,1,0,0,0,0,0,9,1,0,0,0,0,0,1,1,0,1,0,0,0,0,19,1,0
C:\Users\user\Desktop\STUFF A LOT OF 'EM\er\Design_Pattern\ant\src\main\org\apache\tools\ant\taskdefs\Exec.java,org.apache.tools.ant.taskdefs.Exec$StreamPumper,innerclass,2,2,0,2,8,2,0,5,0,0.33333334,0.0,0.0,3,0,3,0,0,0,3,0,0,0,4,0,0,4,0,0,0,0,1,36,0,1,1,2,0,0,1,6,0,5,3,0,0,0,34,0,0
C:\Users\user\Desktop\STUFF A LOT OF 'EM\er\Design_Pattern\ant\src\main\org\apache\tools\ant\taskdefs\Nice.java,org.apache.tools.ant.taskdefs.Nice,class,4,4,0,4,10,3,0,8,0,0.33333334,0.0,0.0,3,0,3,0,0,0,3,0,0,0,2,0,0,2,0,0,0,0,2,32,0,0,3,1,0,3,0,5,0,5,2,0,0,0,68,1,0
C:\Users\user\Desktop\STUFF A LOT OF 'EM\er\Design_Pattern\ant\src\testcases\org\apache\tools\ant\taskdefs\AntLikeTasksAtTopLevelTest.java,org.apache.tools.ant.taskdefs.AntLikeTasksAtTopLevelTest,class,1,1,0,1,7,3,0,4,6,0.0,0.0,0.0,4,0,4,0,0,0,4,0,0,0,0,0,0,0,0,0,0,0,0,32,0,0,0,3,0,11,0,0,2,0,1,0,0,0,36,1,0
C:\Users\user\Desktop\STUFF A LOT OF 'EM\er\Design_Pattern\ant\src\main\org\apache\tools\ant\taskdefs\optional\junit\Enumerations.java,org.apache.tools.ant.taskdefs.optional.junit.CompoundEnumeration,class,1,3,2,1,7,1,0,3,0,0.16666667,0.0,0.0,3,0,3,0,0,0,3,0,0,0,2,0,0,2,0,0,0,0,0,22,3,1,1,0,0,0,1,2,0,2,2,0,0,0,64,0,0
C:\Users\user\Desktop\STUFF A LOT OF 'EM\er\Design_Pattern\ant\src\main\org\apache\tools\ant\taskdefs\optional\script\ScriptDef.java,org.apache.tools.ant.taskdefs.optional.script.ScriptDef$NestedElement,innerclass,0,0,0,0,3,1,0,1,3,0.6666667,0.0,0.0,3,0,3,0,0,0,3,0,0,0,3,0,0,3,0,0,0,0,0,14,0,0,0,0,0,0,0,3,0,3,0,0,0,0,39,9,0
C:\Users\user\Desktop\STUFF A LOT OF 'EM\er\Design_Pattern\ant\src\main\org\apache\tools\ant\taskdefs\Javadoc.java,org.apache.tools.ant.taskdefs.Javadoc$SourceFile,innerclass,0,0,0,0,4,1,0,0,0,0.25,0.0,0.0,4,0,4,0,0,0,4,0,0,0,1,0,0,1,0,0,0,0,0,14,1,0,0,0,0,0,0,2,0,1,0,0,0,0,22,9,0
C:\Users\user\Desktop\STUFF A LOT OF 'EM\er\Design_Pattern\ant\src\testcases\org\apache\tools\ant\taskdefs\BZip2Test.java,org.apache.tools.ant.taskdefs.BZip2Test,class,2,2,0,2,5,3,0,8,10,0.0,0.0,0.0,5,0,5,0,0,0,5,0,0,0,0,0,0,0,0,0,0,0,1,22,0,0,0,0,0,11,0,2,1,2,0,0,0,0,39,1,0
C:\Users\user\Desktop\STUFF A LOT OF 'EM\er\Design_Pattern\ant\src\testcases\org\apache\tools\ant\DummyTaskInterface.java,org.apache.tools.ant.DummyTaskInterface,interface,0,1,1,0,1,1,0,0,0,0.0,NaN,NaN,1,0,0,0,0,1,1,0,0,0,0,0,0,0,0,0,0,0,0,3,0,0,0,0,0,0,0,0,0,0,0,0,0,0,4,1,0
C:\Users\user\Desktop\STUFF A LOT OF 'EM\er\Design_Pattern\ant\src\main\org\apache\tools\ant\ProjectComponent.java,org.apache.tools.ant.ProjectComponent,class,2,152,150,2,7,1,23,3,4,0.4,0.0,0.0,5,0,5,0,0,0,5,0,0,0,1,0,0,0,1,0,0,0,0,24,1,0,1,0,0,0,0,1,0,1,2,0,0,0,69,1025,0
C:\Users\user\Desktop\STUFF A LOT OF 'EM\er\Design_Pattern\ant\src\main\org\apache\tools\ant\taskdefs\LoadFile.java,org.apache.tools.ant.taskdefs.LoadFile,class,6,6,0,6,18,3,0,16,5,0.6666667,0.0,0.0,6,0,6,0,0,0,6,0,6,0,5,0,0,5,0,0,1,0,0,90,0,0,6,2,0,10,2,23,5,13,3,0,0,0,93,17,0
C:\Users\user\Desktop\STUFF A LOT OF 'EM\er\Design_Pattern\ant\src\testcases\org\apache\tools\ant\taskdefs\BUnzip2Test.java,org.apache.tools.ant.taskdefs.BUnzip2Test,class,2,2,0,2,4,3,0,6,6,0.0,0.0,0.0,4,0,4,0,0,0,4,0,0,0,0,0,0,0,0,0,0,0,1,17,0,0,0,0,0,7,0,1,0,1,0,0,0,0,28,1,0
C:\Users\user\Desktop\STUFF A LOT OF 'EM\er\Design_Pattern\ant\src\main\org\apache\tools\ant\taskdefs\condition\IsFalse.java,org.apache.tools.ant.taskdefs.condition.IsFalse,class,3,4,1,3,4,2,0,1,0,0.0,0.0,0.0,2,0,2,0,0,0,2,0,0,0,1,0,0,1,0,0,0,0,0,12,1,0,1,0,0,1,0,2,0,1,1,0,0,0,37,1,0
C:\Users\user\Desktop\STUFF A LOT OF 'EM\er\Design_Pattern\ant\src\main\org\apache\tools\ant\taskdefs\cvslib\ChangeLogTask.java,org.apache.tools.ant.taskdefs.cvslib.ChangeLogTask,class,14,15,1,14,40,4,0,57,61,0.8163265,0.0,0.0,14,0,9,5,0,0,9,0,0,0,7,0,0,7,0,0,1,0,1,171,1,5,10,4,0,10,7,41,5,38,4,0,0,0,209,1,0
C:\Users\user\Desktop\STUFF A LOT OF 'EM\er\Design_Pattern\ant\src\testcases\org\apache\tools\ant\taskdefs\ImportTest.java,org.apache.tools.ant.taskdefs.ImportTest,class,2,2,0,2,22,3,0,25,66,0.0,0.0,0.0,12,0,12,0,0,0,12,0,0,0,0,0,0,0,0,0,0,0,1,78,2,0,6,2,1,48,5,7,3,6,1,0,0,0,88,1,0
C:\Users\user\Desktop\STUFF A LOT OF 'EM\er\Design_Pattern\ant\src\main\org\apache\tools\ant\taskdefs\optional\sitraka\bytecode\ClassFile.java,org.apache.tools.ant.taskdefs.optional.sitraka.bytecode.ClassFile,class,6,13,7,6,14,1,0,18,13,0.71428573,0.0,0.0,7,0,7,0,0,0,7,0,0,0,4,0,0,4,0,0,0,0,1,78,8,4,2,0,2,2,12,26,3,25,2,0,0,0,84,17,0
C:\Users\user\Desktop\STUFF A LOT OF 'EM\er\Design_Pattern\ant\src\main\org\apache\tools\ant\util\GlobPatternMapper.java,org.apache.tools.ant.util.GlobPatternMapper,class,2,6,4,2,9,1,2,7,0,0.5,0.0,0.0,4,0,3,0,1,0,4,0,0,0,6,0,0,0,6,0,0,0,0,41,3,0,3,0,0,4,6,16,4,8,1,0,0,0,73,1,0
C:\Users\user\Desktop\STUFF A LOT OF 'EM\er\Design_Pattern\ant\src\main\org\apache\tools\ant\taskdefs\optional\ReplaceRegExp.java,org.apache.tools.ant.taskdefs.optional.ReplaceRegExp,class,11,12,1,11,61,2,0,41,31,0.75892854,0.0,0.0,14,0,12,0,2,0,14,0,0,0,8,0,0,8,0,0,0,0,3,261,3,3,21,6,5,36,12,72,10,33,6,0,0,0,280,1,0
C:\Users\user\Desktop\STUFF A LOT OF 'EM\er\Design_Pattern\ant\src\main\org\apache\tools\ant\types\optional\depend\ClassfileSet.java,org.apache.tools.ant.types.optional.depend.ClassfileSet$ClassRoot,innerclass,0,0,0,0,2,1,0,0,0,0.0,0.0,0.0,2,0,2,0,0,0,2,0,0,0,1,0,0,1,0,0,0,0,0,9,1,0,0,0,0,0,0,1,0,1,0,0,0,0,19,9,0
C:\Users\user\Desktop\STUFF A LOT OF 'EM\er\Design_Pattern\ant\src\main\org\apache\tools\ant\taskdefs\optional\clearcase\CCRmtype.java,org.apache.tools.ant.taskdefs.optional.clearcase.CCRmtype,class,8,9,1,8,31,4,0,22,157,0.9190284,0.0,0.0,19,0,15,4,0,0,15,0,0,0,13,6,6,7,0,0,6,0,1,122,8,0,7,0,0,12,1,30,4,20,2,0,0,0,167,1,0
C:\Users\user\Desktop\STUFF A LOT OF 'EM\er\Design_Pattern\ant\src\main\org\apache\tools\ant\taskdefs\optional\jdepend\JDependTask.java,org.apache.tools.ant.taskdefs.optional.jdepend.JDependTask,class,16,17,1,16,87,4,0,68,346,0.918864,0.0,0.0,29,0,27,1,1,0,29,0,0,0,17,4,0,17,0,0,2,0,2,339,18,6,24,8,1,47,10,69,16,53,4,0,1,0,278,1,0
C:\Users\user\Desktop\STUFF A LOT OF 'EM\er\Design_Pattern\ant\src\testcases\org\apache\tools\ant\types\selectors\DependSelectorTest.java,org.apache.tools.ant.types.selectors.DependSelectorTest,class,6,7,1,6,7,3,0,21,6,1.0,0.0,0.0,4,0,4,0,0,0,4,0,0,0,1,0,0,1,0,0,0,0,0,112,1,0,0,4,0,28,4,32,0,10,2,0,0,0,74,1,0
C:\Users\user\Desktop\STUFF A LOT OF 'EM\er\Design_Pattern\ant\src\main\org\apache\tools\ant\helper\ProjectHelper2.java,org.apache.tools.ant.helper.ProjectHelper2$AntHandler,innerclass,5,5,0,5,7,1,0,3,15,0.0,0.0,0.0,6,0,5,0,1,0,6,0,0,0,0,0,0,0,0,0,0,0,0,19,0,0,0,0,0,4,1,1,2,1,1,0,0,0,122,9,0
C:\Users\user\Desktop\STUFF A LOT OF 'EM\er\Design_Pattern\ant\src\main\org\apache\tools\ant\taskdefs\Copy.java,org.apache.tools.ant.taskdefs.Copy,class,16,20,4,16,98,3,3,52,380,0.90625,0.0,0.0,32,0,25,0,7,0,32,0,0,0,22,0,0,8,14,0,0,0,1,347,10,9,26,4,5,42,25,95,16,62,5,0,0,0,296,1,0
C:\Users\user\Desktop\STUFF A LOT OF 'EM\er\Design_Pattern\ant\src\main\org\apache\tools\ant\taskdefs\optional\ide\VAJLoadServlet.java,org.apache.tools.ant.taskdefs.optional.ide.VAJLoadServlet,class,3,3,0,3,3,3,0,5,0,0.0,NaN,NaN,1,0,0,0,1,0,1,0,0,0,1,1,1,0,0,0,1,0,0,15,0,1,0,0,0,1,1,6,0,6,1,0,0,0,53,1,0
C:\Users\user\Desktop\STUFF A LOT OF 'EM\er\Design_Pattern\ant\src\main\org\apache\tools\ant\taskdefs\optional\perforce\P4Add.java,org.apache.tools.ant.taskdefs.optional.perforce.P4Add,class,8,9,1,8,14,4,0,14,2,0.68,0.0,0.0,5,0,4,1,0,0,4,0,0,0,5,1,0,5,0,0,1,0,0,54,0,2,2,0,2,11,7,16,3,12,4,0,0,0,143,1,0
C:\Users\user\Desktop\STUFF A LOT OF 'EM\er\Design_Pattern\ant\src\testcases\org\apache\tools\ant\util\LoaderUtilsTest.java,org.apache.tools.ant.util.LoaderUtilsTest,class,2,2,0,2,2,2,0,5,1,0.0,0.0,0.0,2,0,2,0,0,0,2,0,0,0,0,0,0,0,0,0,0,0,0,12,0,0,0,0,0,1,0,2,0,2,0,0,0,0,21,1,0
C:\Users\user\Desktop\STUFF A LOT OF 'EM\er\Design_Pattern\ant\src\main\org\apache\tools\ant\helper\ProjectHelperImpl.java,org.apache.tools.ant.helper.ProjectHelperImpl$DescriptionHandler,innerclass,5,5,0,5,3,3,0,2,1,0.0,0.0,0.0,2,0,2,0,0,0,2,0,0,0,0,0,0,0,0,0,0,0,0,15,0,0,1,0,0,0,0,2,1,2,1,0,0,0,45,8,0
C:\Users\user\Desktop\STUFF A LOT OF 'EM\er\Design_Pattern\ant\src\testcases\org\apache\tools\ant\taskdefs\RmicTest.java,org.apache.tools.ant.taskdefs.RmicTest,class,3,3,0,3,4,2,0,13,0,0.25,0.0,0.0,4,0,4,0,0,0,4,0,0,0,2,0,0,2,0,0,0,0,0,51,0,0,0,0,0,21,7,14,1,8,0,0,0,0,31,1,0
C:\Users\user\Desktop\STUFF A LOT OF 'EM\er\Design_Pattern\ant\src\main\org\apache\tools\ant\taskdefs\Zip.java,org.apache.tools.ant.taskdefs.Zip$ArchiveState,innerclass,1,1,0,1,3,1,0,0,0,0.33333334,0.0,0.0,3,0,2,0,0,1,3,0,0,0,2,0,0,2,0,0,0,0,0,14,2,0,0,0,0,0,0,2,0,2,0,0,0,0,24,9,0
C:\Users\user\Desktop\STUFF A LOT OF 'EM\er\Design_Pattern\ant\src\main\org\apache\tools\ant\taskdefs\FixCRLF.java,org.apache.tools.ant.taskdefs.FixCRLF,class,12,14,2,12,102,6,0,53,54,0.86580896,0.0,0.0,17,0,12,5,0,0,12,0,0,0,32,18,0,32,0,0,18,0,2,615,6,10,26,12,13,59,36,112,28,70,7,0,3,0,343,1,0
C:\Users\user\Desktop\STUFF A LOT OF 'EM\er\Design_Pattern\ant\src\main\org\apache\tools\ant\types\optional\image\Text.java,org.apache.tools.ant.types.optional.image.Text,class,4,6,2,4,7,4,0,13,13,0.7619048,0.0,0.0,7,0,7,0,0,0,7,0,0,0,6,0,0,6,0,0,0,0,2,49,1,0,0,0,0,5,4,24,3,14,0,0,0,0,38,1,0
C:\Users\user\Desktop\STUFF A LOT OF 'EM\er\Design_Pattern\ant\src\main\org\apache\tools\ant\taskdefs\optional\jsp\JspC.java,org.apache.tools.ant.taskdefs.optional.jsp.JspC$WebAppParameter,innerclass,0,0,0,0,2,1,0,0,0,0.0,0.0,0.0,2,0,2,0,0,0,2,0,0,0,1,0,0,1,0,0,0,0,0,9,1,0,0,0,0,0,0,1,0,1,0,0,0,0,23,9,0
C:\Users\user\Desktop\STUFF A LOT OF 'EM\er\Design_Pattern\ant\src\testcases\org\apache\tools\ant\taskdefs\RenameTest.java,org.apache.tools.ant.taskdefs.RenameTest,class,1,1,0,1,6,2,0,3,15,0.0,0.0,0.0,6,0,6,0,0,0,6,0,0,0,0,0,0,0,0,0,0,0,0,20,0,0,0,0,0,8,0,0,0,0,0,0,0,0,21,1,0
C:\Users\user\Desktop\STUFF A LOT OF 'EM\er\Design_Pattern\ant\src\main\org\apache\tools\ant\taskdefs\optional\vss\MSVSSGET.java,org.apache.tools.ant.taskdefs.optional.vss.MSVSSGET,class,7,7,0,7,12,3,0,26,55,0.0,0.0,0.0,11,0,10,0,0,1,11,0,3,0,0,0,0,0,0,0,0,0,0,51,1,0,1,0,0,1,0,1,0,1,1,0,0,0,116,1,0
C:\Users\user\Desktop\STUFF A LOT OF 'EM\er\Design_Pattern\ant\src\main\org\apache\tools\ant\taskdefs\ProcessDestroyer.java,org.apache.tools.ant.taskdefs.ProcessDestroyer,class,2,5,3,2,28,2,0,21,1,0.64285725,0.0,0.0,7,0,5,2,0,0,5,0,0,0,6,0,0,6,0,0,0,0,2,118,3,1,8,4,1,3,3,21,0,14,3,0,1,0,97,0,0
C:\Users\user\Desktop\STUFF A LOT OF 'EM\er\Design_Pattern\ant\src\etc\testcases\taskdefs\optional\depend\src4\test\MethodParam.java,test.MethodParam,class,1,1,0,1,1,1,0,1,0,0.0,NaN,NaN,1,0,0,0,0,1,1,0,0,0,0,0,0,0,0,0,0,0,0,5,0,0,0,0,0,0,0,0,0,0,0,0,0,0,3,1,0
C:\Users\user\Desktop\STUFF A LOT OF 'EM\er\Design_Pattern\ant\src\testcases\org\apache\tools\ant\types\DirSetTest.java,org.apache.tools.ant.types.DirSetTest,class,6,7,1,6,5,3,0,9,3,0.0,0.0,0.0,3,0,2,0,1,0,3,0,0,0,0,0,0,0,0,0,0,0,0,34,1,0,0,2,0,8,0,3,0,2,1,0,0,0,28,1,0
C:\Users\user\Desktop\STUFF A LOT OF 'EM\er\Design_Pattern\ant\src\main\org\apache\tools\ant\taskdefs\Jar.java,org.apache.tools.ant.taskdefs.Jar$Anonymous1,anonymous,0,0,0,0,3,1,0,1,0,0.0,NaN,NaN,1,0,1,0,0,0,1,0,0,0,0,0,0,0,0,0,0,0,0,8,2,0,0,0,2,0,1,0,1,0,1,0,0,0,4,-1,0
C:\Users\user\Desktop\STUFF A LOT OF 'EM\er\Design_Pattern\ant\src\testcases\org\apache\tools\ant\util\regexp\RegexpMatcherTest.java,org.apache.tools.ant.util.regexp.RegexpMatcherTest,class,3,8,5,3,20,2,4,14,0,0.55,0.0,0.0,20,0,15,0,5,0,20,1,1,0,2,1,1,1,0,0,1,0,0,134,1,0,0,0,0,110,14,8,0,6,0,0,0,0,84,1025,0
C:\Users\user\Desktop\STUFF A LOT OF 'EM\er\Design_Pattern\ant\src\main\org\apache\tools\ant\types\selectors\modifiedselector\ModifiedSelector.java,org.apache.tools.ant.types.selectors.modifiedselector.ModifiedSelector$ComparatorName,innerclass,1,1,0,1,1,2,0,0,0,0.0,NaN,NaN,1,0,1,0,0,0,1,0,0,0,0,0,0,0,0,0,0,0,0,5,1,0,0,0,0,2,0,0,0,0,0,0,0,0,6,9,0
C:\Users\user\Desktop\STUFF A LOT OF 'EM\er\Design_Pattern\ant\src\main\org\apache\tools\bzip2\CBZip2InputStream.java,org.apache.tools.bzip2.CBZip2InputStream,class,6,8,2,6,147,2,0,34,304,0.8680556,0.0,0.0,32,7,2,30,0,0,2,0,0,0,39,7,0,33,0,6,7,0,18,681,11,40,46,5,37,1,212,241,63,110,9,0,0,0,191,1,0
C:\Users\user\Desktop\STUFF A LOT OF 'EM\er\Design_Pattern\ant\src\main\org\apache\tools\ant\taskdefs\Redirector.java,org.apache.tools.ant.taskdefs.Redirector$PropertyOutputStream,innerclass,1,1,0,1,5,3,0,1,0,0.25,0.0,0.0,2,0,1,0,0,1,2,0,0,0,2,0,0,0,0,2,0,0,0,14,0,0,0,0,1,0,0,3,0,2,1,0,0,0,20,2,0
C:\Users\user\Desktop\STUFF A LOT OF 'EM\er\Design_Pattern\ant\src\testcases\org\apache\tools\ant\taskdefs\AntlibTest.java,org.apache.tools.ant.taskdefs.AntlibTest$MyTask,innerclass,1,1,0,1,1,2,0,1,0,0.0,NaN,NaN,1,0,1,0,0,0,1,0,0,0,0,0,0,0,0,0,0,0,0,5,0,0,0,0,0,1,0,0,0,0,0,0,0,0,4,9,0
C:\Users\user\Desktop\STUFF A LOT OF 'EM\er\Design_Pattern\ant\src\testcases\org\apache\tools\tar\TarRoundTripTest.java,org.apache.tools.tar.TarRoundTripTest,class,4,4,0,4,3,2,0,10,1,0.5,0.0,0.0,2,0,2,0,0,0,2,0,0,0,1,1,0,1,0,0,1,0,0,22,0,0,0,0,0,6,1,6,1,6,0,0,0,0,49,1,0
C:\Users\user\Desktop\STUFF A LOT OF 'EM\er\Design_Pattern\ant\src\main\org\apache\tools\ant\filters\TokenFilter.java,org.apache.tools.ant.filters.TokenFilter$DeleteCharacters,innerclass,7,7,0,7,8,2,0,6,4,0.5,0.0,0.0,4,0,3,1,0,0,3,0,0,0,1,0,0,1,0,0,0,0,1,40,4,2,1,0,1,1,2,6,0,5,2,1,0,0,53,9,0
C:\Users\user\Desktop\STUFF A LOT OF 'EM\er\Design_Pattern\ant\src\testcases\org\apache\tools\ant\taskdefs\DirnameTest.java,org.apache.tools.ant.taskdefs.DirnameTest,class,1,1,0,1,9,3,0,7,21,0.0,0.0,0.0,7,0,7,0,0,0,7,0,0,0,0,0,0,0,0,0,0,0,1,34,0,0,0,0,0,17,0,5,1,5,1,0,0,0,26,1,0
C:\Users\user\Desktop\STUFF A LOT OF 'EM\er\Design_Pattern\ant\src\testcases\org\apache\tools\ant\taskdefs\optional\junit\JUnitTestRunnerTest.java,org.apache.tools.ant.taskdefs.optional.junit.JUnitTestRunnerTest$InvalidSuiteTestCase,innerclass,2,2,0,2,2,3,0,0,1,0.0,0.0,0.0,2,1,2,0,0,0,2,0,0,0,0,0,0,0,0,0,0,0,0,8,0,0,0,0,0,1,0,0,0,0,0,0,0,0,11,9,0
C:\Users\user\Desktop\STUFF A LOT OF 'EM\er\Design_Pattern\ant\src\testcases\org\apache\tools\ant\taskdefs\JavaTest.java,org.apache.tools.ant.taskdefs.JavaTest$EntryPoint,innerclass,0,0,0,0,6,1,0,3,0,0.0,NaN,NaN,1,1,1,0,0,0,1,0,0,0,0,0,0,0,0,0,0,0,2,22,0,0,1,1,0,0,9,3,0,1,2,0,0,0,36,9,0
C:\Users\user\Desktop\STUFF A LOT OF 'EM\er\Design_Pattern\ant\src\main\org\apache\tools\tar\TarConstants.java,org.apache.tools.tar.TarConstants,interface,0,1,1,0,0,1,0,0,0,NaN,-1.0,-1.0,0,0,0,0,0,0,0,0,0,0,24,0,0,0,0,24,0,0,0,26,0,0,0,0,0,3,12,24,0,24,0,0,0,0,81,1,0
C:\Users\user\Desktop\STUFF A LOT OF 'EM\er\Design_Pattern\ant\src\main\org\apache\tools\ant\taskdefs\optional\net\TelnetTask.java,org.apache.tools.ant.taskdefs.optional.net.TelnetTask$TelnetWrite,innerclass,2,2,0,2,2,2,0,1,0,0.0,0.0,0.0,2,0,2,0,0,0,2,0,0,0,1,0,0,1,0,0,0,0,0,9,0,0,0,0,0,0,0,2,0,1,0,0,0,0,31,1,0
C:\Users\user\Desktop\STUFF A LOT OF 'EM\er\Design_Pattern\ant\src\main\org\apache\tools\ant\types\selectors\PresentSelector.java,org.apache.tools.ant.types.selectors.PresentSelector$FilePresence,innerclass,1,1,0,1,1,2,0,0,0,0.0,NaN,NaN,1,0,1,0,0,0,1,0,0,0,0,0,0,0,0,0,0,0,0,5,1,0,0,0,0,2,0,0,0,0,0,0,0,0,22,9,0
C:\Users\user\Desktop\STUFF A LOT OF 'EM\er\Design_Pattern\ant\src\testcases\org\apache\tools\ant\taskdefs\MkdirTest.java,org.apache.tools.ant.taskdefs.MkdirTest,class,1,1,0,1,7,3,0,8,10,0.0,0.0,0.0,5,0,5,0,0,0,5,0,0,0,0,0,0,0,0,0,0,0,0,24,0,0,0,0,0,8,0,1,0,1,1,0,0,0,28,1,0
C:\Users\user\Desktop\STUFF A LOT OF 'EM\er\Design_Pattern\ant\src\main\org\apache\tools\ant\taskdefs\optional\depend\DirectoryIterator.java,org.apache.tools.ant.taskdefs.optional.depend.DirectoryIterator,class,3,4,1,3,13,1,0,16,1,0.44444445,0.0,0.0,3,0,2,1,0,0,2,0,0,0,3,0,0,3,0,0,0,0,0,63,2,2,2,1,0,1,3,18,1,13,5,0,0,0,124,1,0
C:\Users\user\Desktop\STUFF A LOT OF 'EM\er\Design_Pattern\ant\src\main\org\apache\tools\ant\types\XMLCatalog.java,org.apache.tools.ant.types.XMLCatalog,class,20,28,8,20,77,3,0,68,234,0.89285713,0.0,0.0,24,0,13,11,0,0,13,0,0,0,7,3,2,5,0,0,2,0,5,511,18,2,19,10,2,33,4,79,13,52,4,0,3,0,381,1,0
C:\Users\user\Desktop\STUFF A LOT OF 'EM\er\Design_Pattern\ant\src\main\org\apache\tools\ant\taskdefs\optional\unix\AbstractAccessTask.java,org.apache.tools.ant.taskdefs.optional.unix.AbstractAccessTask,class,5,7,2,5,6,2,2,8,15,0.0,0.0,0.0,6,0,5,0,1,0,6,0,0,0,0,0,0,0,0,0,0,0,0,23,1,0,0,0,0,5,0,1,3,1,0,0,0,0,65,1025,0
C:\Users\user\Desktop\STUFF A LOT OF 'EM\er\Design_Pattern\ant\src\testcases\org\apache\tools\ant\taskdefs\optional\BeanShellScriptTest.java,org.apache.tools.ant.taskdefs.optional.BeanShellScriptTest,class,1,1,0,1,3,3,0,2,3,0.0,0.0,0.0,3,0,3,0,0,0,3,0,0,0,0,0,0,0,0,0,0,0,0,11,0,0,0,0,0,3,0,0,0,0,0,0,0,0,34,1,0
C:\Users\user\Desktop\STUFF A LOT OF 'EM\er\Design_Pattern\ant\src\testcases\org\apache\tools\ant\util\ResourceUtilsTest.java,org.apache.tools.ant.util.ResourceUtilsTest,class,6,6,0,6,6,2,0,3,13,0.6666667,0.0,0.0,6,0,6,0,0,0,6,0,0,0,1,0,0,1,0,0,0,0,0,22,2,0,0,0,0,3,2,3,0,3,0,0,0,0,30,1,0
C:\Users\user\Desktop\STUFF A LOT OF 'EM\er\Design_Pattern\ant\src\main\org\apache\tools\ant\XmlLogger.java,org.apache.tools.ant.XmlLogger,class,14,15,1,14,47,1,0,42,39,0.8111112,0.0,0.0,15,1,12,3,0,0,12,0,0,0,18,11,0,18,0,0,10,0,10,238,6,1,19,3,2,31,2,77,7,55,3,0,1,0,233,1,0
C:\Users\user\Desktop\STUFF A LOT OF 'EM\er\Design_Pattern\ant\src\main\org\apache\tools\ant\taskdefs\Javadoc.java,org.apache.tools.ant.taskdefs.Javadoc$LinkArgument,innerclass,0,0,0,0,7,1,0,0,15,0.7142857,0.0,0.0,7,0,7,0,0,0,7,0,0,0,3,0,0,3,0,0,0,0,0,25,3,0,0,0,0,0,0,4,0,3,0,0,0,0,27,1,0
C:\Users\user\Desktop\STUFF A LOT OF 'EM\er\Design_Pattern\ant\src\main\org\apache\tools\ant\taskdefs\optional\jsp\Jasper41Mangler.java,org.apache.tools.ant.taskdefs.optional.jsp.Jasper41Mangler,class,3,5,2,3,10,1,0,11,3,0.0,0.0,0.0,3,1,2,1,0,0,2,0,1,0,0,0,0,0,0,0,0,0,4,41,3,3,2,0,0,0,8,15,4,12,2,0,0,0,62,1,0
C:\Users\user\Desktop\STUFF A LOT OF 'EM\er\Design_Pattern\ant\src\main\org\apache\tools\ant\util\CollectionUtils.java,org.apache.tools.ant.util.CollectionUtils$EmptyEnumeration,innerclass,0,0,0,0,3,1,0,0,3,0.0,0.0,0.0,3,0,3,0,0,0,3,0,0,0,0,0,0,0,0,0,0,0,0,10,1,0,0,0,0,0,0,0,0,0,0,0,0,0,13,25,0
C:\Users\user\Desktop\STUFF A LOT OF 'EM\er\Design_Pattern\ant\src\testcases\org\apache\tools\ant\taskdefs\optional\ANTLRTest.java,org.apache.tools.ant.taskdefs.optional.ANTLRTest,class,3,3,0,3,21,3,0,8,165,0.84210527,0.0,0.0,19,0,19,0,0,0,19,0,0,0,1,1,0,1,0,0,1,0,0,75,0,0,1,0,0,35,8,5,3,5,0,0,0,0,143,1,0
C:\Users\user\Desktop\STUFF A LOT OF 'EM\er\Design_Pattern\ant\src\main\org\apache\tools\ant\taskdefs\Untar.java,org.apache.tools.ant.taskdefs.Untar,class,7,7,0,7,7,3,0,11,1,0.33333334,0.0,0.0,3,0,2,0,1,0,3,0,0,0,1,0,0,1,0,0,0,0,0,63,0,1,2,2,1,7,0,6,3,3,3,0,1,0,106,1,0
C:\Users\user\Desktop\STUFF A LOT OF 'EM\er\Design_Pattern\ant\src\main\org\apache\tools\ant\types\optional\depend\ClassfileSet.java,org.apache.tools.ant.types.optional.depend.ClassfileSet,class,8,9,1,8,12,5,0,20,7,0.5714286,0.0,0.0,7,0,6,0,1,0,7,0,0,0,2,0,0,2,0,0,0,0,0,60,4,2,0,0,0,1,3,13,1,12,3,0,1,0,94,1,0
C:\Users\user\Desktop\STUFF A LOT OF 'EM\er\Design_Pattern\ant\src\main\org\apache\tools\ant\taskdefs\optional\net\RExecTask.java,org.apache.tools.ant.taskdefs.optional.net.RExecTask$AntRExecClient,innerclass,4,4,0,4,28,2,0,20,6,0.0,0.0,0.0,4,0,4,0,0,0,4,0,0,0,0,0,0,0,0,0,0,0,6,98,0,6,15,3,2,3,17,12,2,11,5,0,0,0,73,1,0
C:\Users\user\Desktop\STUFF A LOT OF 'EM\er\Design_Pattern\ant\src\testcases\org\apache\tools\ant\util\CollectionUtilsTest.java,org.apache.tools.ant.util.CollectionUtilsTest,class,1,1,0,1,3,2,0,6,3,0.0,0.0,0.0,3,0,3,0,0,0,3,0,0,0,0,0,0,0,0,0,0,0,0,67,0,0,0,0,0,32,0,4,0,4,0,0,0,0,19,1,0
C:\Users\user\Desktop\STUFF A LOT OF 'EM\er\Design_Pattern\ant\src\main\org\apache\tools\ant\taskdefs\optional\sitraka\Filters.java,org.apache.tools.ant.taskdefs.optional.sitraka.Filters$FilterElement,innerclass,0,0,0,0,5,1,0,0,2,0.59999996,0.0,0.0,5,0,5,0,0,0,5,0,0,0,3,0,0,0,3,0,0,0,0,20,1,0,0,0,0,3,0,6,1,3,0,0,0,0,35,1033,0
C:\Users\user\Desktop\STUFF A LOT OF 'EM\er\Design_Pattern\ant\src\main\org\apache\tools\ant\taskdefs\optional\ejb\JbossDeploymentTool.java,org.apache.tools.ant.taskdefs.optional.ejb.JbossDeploymentTool,class,4,6,2,4,11,2,0,11,8,0.75,0.0,0.0,5,0,2,1,1,1,4,0,0,0,4,3,0,1,3,0,3,0,0,47,5,0,3,0,0,9,0,9,8,7,1,0,0,0,108,1,0
C:\Users\user\Desktop\STUFF A LOT OF 'EM\er\Design_Pattern\ant\src\main\org\apache\tools\ant\taskdefs\Sequential.java,org.apache.tools.ant.taskdefs.Sequential,class,2,2,0,2,3,2,0,5,0,0.0,0.0,0.0,2,0,2,0,0,0,2,0,0,0,1,0,0,1,0,0,0,0,0,12,0,1,0,0,0,0,0,3,0,3,1,0,0,0,62,1,0
C:\Users\user\Desktop\STUFF A LOT OF 'EM\er\Design_Pattern\ant\src\main\org\apache\tools\ant\taskdefs\optional\dotnet\NetCommand.java,org.apache.tools.ant.taskdefs.optional.dotnet.NetCommand,class,11,21,10,11,38,1,0,33,58,0.8235293,0.0,0.0,17,0,13,1,3,0,16,0,0,0,11,0,0,4,7,0,0,0,1,156,4,2,9,2,0,11,13,34,8,25,3,0,0,0,221,1,0
C:\Users\user\Desktop\STUFF A LOT OF 'EM\er\Design_Pattern\ant\src\main\org\apache\tools\ant\taskdefs\optional\starteam\StarTeamCheckout.java,org.apache.tools.ant.taskdefs.optional.starteam.StarTeamCheckout$CheckoutMap,innerclass,4,4,0,4,12,4,0,14,6,0.0,0.0,0.0,4,0,0,0,1,3,4,0,0,0,0,0,0,0,0,0,0,0,0,42,3,3,0,0,0,5,2,8,2,8,2,0,0,0,77,2,0
C:\Users\user\Desktop\STUFF A LOT OF 'EM\er\Design_Pattern\ant\src\main\org\apache\tools\ant\taskdefs\email\EmailAddress.java,org.apache.tools.ant.taskdefs.email.EmailAddress,class,1,8,7,1,40,1,0,4,6,0.5,0.0,0.0,8,0,7,1,0,0,7,0,0,0,2,0,0,2,0,0,0,0,0,99,6,2,24,0,5,2,29,31,14,14,3,0,0,0,62,1,0
C:\Users\user\Desktop\STUFF A LOT OF 'EM\er\Design_Pattern\ant\src\main\org\apache\tools\ant\taskdefs\optional\perforce\P4Resolve.java,org.apache.tools.ant.taskdefs.optional.perforce.P4Resolve,class,4,5,1,4,24,2,0,6,41,0.85950416,0.0,0.0,11,0,11,0,0,0,11,0,0,0,11,6,0,11,0,0,6,0,0,89,5,1,2,0,0,19,1,24,10,13,2,0,0,0,119,1,0
C:\Users\user\Desktop\STUFF A LOT OF 'EM\er\Design_Pattern\ant\src\main\org\apache\tools\ant\types\PropertySet.java,org.apache.tools.ant.types.PropertySet$PropertyRef,innerclass,4,4,0,4,9,1,0,3,7,0.7,0.0,0.0,6,0,5,1,0,0,5,0,0,0,5,0,0,5,0,0,0,0,0,35,1,0,2,0,0,11,2,5,3,6,1,0,0,0,26,9,0
C:\Users\user\Desktop\STUFF A LOT OF 'EM\er\Design_Pattern\ant\src\main\org\apache\tools\ant\taskdefs\optional\jsp\WLJspc.java,org.apache.tools.ant.taskdefs.optional.jsp.WLJspc,class,9,10,1,9,28,4,0,38,10,0.6875,0.0,0.0,8,0,6,0,2,0,8,0,0,0,6,0,0,6,0,0,0,0,0,137,2,4,9,0,8,35,16,61,16,31,2,0,0,0,197,1,0
C:\Users\user\Desktop\STUFF A LOT OF 'EM\er\Design_Pattern\ant\src\main\org\apache\tools\ant\types\optional\image\Ellipse.java,org.apache.tools.ant.types.optional.image.Ellipse,class,6,7,1,6,8,5,0,14,0,0.33333334,0.0,0.0,3,0,3,0,0,0,3,0,0,0,2,0,0,0,2,0,0,0,2,37,1,1,0,0,3,2,9,13,0,9,2,0,0,0,27,1,0
C:\Users\user\Desktop\STUFF A LOT OF 'EM\er\Design_Pattern\ant\src\main\org\apache\tools\ant\filters\TokenFilter.java,org.apache.tools.ant.filters.TokenFilter$IgnoreBlank,innerclass,1,1,0,1,2,3,0,2,0,0.0,NaN,NaN,1,0,1,0,0,0,1,0,0,0,0,0,0,0,0,0,0,0,0,8,2,0,1,0,0,0,1,0,0,0,1,0,0,0,15,9,0
C:\Users\user\Desktop\STUFF A LOT OF 'EM\er\Design_Pattern\ant\src\testcases\org\apache\tools\ant\taskdefs\optional\TraXLiaisonTest.java,org.apache.tools.ant.taskdefs.optional.TraXLiaisonTest,class,6,6,0,6,11,2,0,10,21,0.0,0.0,0.0,7,0,7,0,0,0,7,0,0,0,0,0,0,0,0,0,0,0,0,62,1,1,1,2,1,20,2,13,3,11,2,0,0,0,57,1,0
C:\Users\user\Desktop\STUFF A LOT OF 'EM\er\Design_Pattern\ant\src\main\org\apache\tools\ant\taskdefs\XSLTProcess.java,org.apache.tools.ant.taskdefs.XSLTProcess$OutputProperty,innerclass,0,0,0,0,4,1,0,0,2,0.5,0.0,0.0,4,0,4,0,0,0,4,0,0,0,2,0,0,2,0,0,0,0,0,16,2,0,0,0,0,0,0,2,0,2,0,0,0,0,37,9,0
C:\Users\user\Desktop\STUFF A LOT OF 'EM\er\Design_Pattern\ant\src\main\org\apache\tools\ant\taskdefs\optional\sitraka\bytecode\attributes\AttributeInfo.java,org.apache.tools.ant.taskdefs.optional.sitraka.bytecode.attributes.AttributeInfo,interface,0,0,0,0,0,1,0,0,0,NaN,-1.0,-1.0,0,0,0,0,0,0,0,0,0,0,11,0,0,0,0,11,0,0,0,13,0,0,0,0,0,11,0,11,0,11,0,0,0,0,31,1,0
C:\Users\user\Desktop\STUFF A LOT OF 'EM\er\Design_Pattern\ant\src\main\org\apache\tools\ant\types\optional\image\TransformOperation.java,org.apache.tools.ant.types.optional.image.TransformOperation,class,3,9,6,3,2,4,3,1,1,0.0,0.0,0.0,2,0,2,0,0,0,2,1,0,0,0,0,0,0,0,0,0,0,0,6,0,0,0,0,0,0,0,0,0,0,0,0,0,0,9,1025,0
C:\Users\user\Desktop\STUFF A LOT OF 'EM\er\Design_Pattern\ant\src\main\org\apache\tools\ant\IntrospectionHelper.java,org.apache.tools.ant.IntrospectionHelper$Anonymous3,anonymous,2,2,0,2,8,1,0,5,10,0.0,0.0,0.0,5,0,5,0,0,0,5,0,0,0,0,0,0,0,0,0,0,0,0,28,4,0,2,0,1,0,1,3,0,0,1,0,0,0,17,-1,0
C:\Users\user\Desktop\STUFF A LOT OF 'EM\er\Design_Pattern\ant\src\main\org\apache\tools\ant\IntrospectionHelper.java,org.apache.tools.ant.IntrospectionHelper$Anonymous2,anonymous,2,2,0,2,8,1,0,5,10,0.0,0.0,0.0,5,0,5,0,0,0,5,0,0,0,0,0,0,0,0,0,0,0,0,28,4,0,2,0,1,0,1,3,0,0,1,0,0,0,17,-1,0
C:\Users\user\Desktop\STUFF A LOT OF 'EM\er\Design_Pattern\ant\src\main\org\apache\tools\ant\IntrospectionHelper.java,org.apache.tools.ant.IntrospectionHelper$Anonymous5,anonymous,1,1,0,1,5,1,0,0,10,0.0,0.0,0.0,5,0,5,0,0,0,5,0,0,0,0,0,0,0,0,0,0,0,0,16,4,0,0,0,0,0,0,0,0,0,0,0,0,0,16,-1,0
C:\Users\user\Desktop\STUFF A LOT OF 'EM\er\Design_Pattern\ant\src\main\org\apache\tools\ant\IntrospectionHelper.java,org.apache.tools.ant.IntrospectionHelper$Anonymous4,anonymous,1,1,0,1,5,1,0,0,10,0.0,0.0,0.0,5,0,5,0,0,0,5,0,0,0,0,0,0,0,0,0,0,0,0,16,4,0,0,0,0,0,0,0,0,0,0,0,0,0,16,-1,0
C:\Users\user\Desktop\STUFF A LOT OF 'EM\er\Design_Pattern\ant\src\main\org\apache\tools\ant\IntrospectionHelper.java,org.apache.tools.ant.IntrospectionHelper$Anonymous7,anonymous,2,2,0,2,2,1,0,3,0,0.0,NaN,NaN,1,0,1,0,0,0,1,0,0,0,0,0,0,0,0,0,0,0,0,8,0,0,1,0,0,3,2,0,2,0,1,0,0,0,15,-1,0
C:\Users\user\Desktop\STUFF A LOT OF 'EM\er\Design_Pattern\ant\src\main\org\apache\tools\ant\IntrospectionHelper.java,org.apache.tools.ant.IntrospectionHelper$Anonymous6,anonymous,1,1,0,1,1,1,0,1,0,0.0,NaN,NaN,1,0,1,0,0,0,1,0,0,0,0,0,0,0,0,0,0,0,0,5,0,0,0,0,0,0,0,0,0,0,0,0,0,0,7,-1,0
C:\Users\user\Desktop\STUFF A LOT OF 'EM\er\Design_Pattern\ant\src\main\org\apache\tools\ant\taskdefs\Touch.java,org.apache.tools.ant.taskdefs.Touch,class,8,9,1,8,30,2,0,26,6,0.6666667,0.0,0.0,9,0,7,0,2,0,9,0,0,0,6,0,0,6,0,0,0,0,4,108,0,5,6,4,0,13,11,28,5,22,4,0,0,0,126,1,0
C:\Users\user\Desktop\STUFF A LOT OF 'EM\er\Design_Pattern\ant\src\main\org\apache\tools\ant\IntrospectionHelper.java,org.apache.tools.ant.IntrospectionHelper$Anonymous9,anonymous,2,2,0,2,2,1,0,2,0,0.0,NaN,NaN,1,0,1,0,0,0,1,0,0,0,0,0,0,0,0,0,0,0,1,10,0,0,0,1,0,0,0,0,0,0,1,0,0,0,10,-1,0
C:\Users\user\Desktop\STUFF A LOT OF 'EM\er\Design_Pattern\ant\src\main\org\apache\tools\ant\IntrospectionHelper.java,org.apache.tools.ant.IntrospectionHelper$Anonymous8,anonymous,1,1,0,1,2,1,0,2,0,0.0,NaN,NaN,1,0,1,0,0,0,1,0,0,0,0,0,0,0,0,0,0,0,1,5,0,0,0,0,0,0,0,0,0,0,0,0,0,0,7,-1,0
C:\Users\user\Desktop\STUFF A LOT OF 'EM\er\Design_Pattern\ant\src\testcases\org\apache\tools\ant\taskdefs\MultiMapTest.java,org.apache.tools.ant.taskdefs.MultiMapTest$TestMapper,innerclass,1,1,0,1,4,1,0,0,6,0.0,0.0,0.0,4,0,4,0,0,0,4,0,0,0,0,0,0,0,0,0,0,0,0,11,1,0,0,0,0,1,0,0,1,0,0,0,0,0,13,9,0
C:\Users\user\Desktop\STUFF A LOT OF 'EM\er\Design_Pattern\ant\src\testcases\org\apache\tools\ant\util\DateUtilsTest.java,org.apache.tools.ant.util.DateUtilsTest,class,1,1,0,1,7,2,0,9,21,0.0,0.0,0.0,7,0,7,0,0,0,7,0,0,0,0,0,0,0,0,0,0,0,8,49,0,0,0,0,1,12,37,17,9,14,0,0,0,0,24,1,0
C:\Users\user\Desktop\STUFF A LOT OF 'EM\er\Design_Pattern\ant\src\testcases\org\apache\tools\ant\BuildFileTest.java,org.apache.tools.ant.BuildFileTest$AntOutputStream,innerclass,0,0,0,0,2,2,0,1,0,0.0,0.0,0.0,2,0,2,0,0,0,2,0,0,0,1,0,0,1,0,0,0,0,0,9,0,0,0,0,0,0,0,1,0,1,0,0,0,0,16,10,0
C:\Users\user\Desktop\STUFF A LOT OF 'EM\er\Design_Pattern\ant\src\testcases\org\apache\tools\ant\taskdefs\optional\unix\SymlinkTest.java,org.apache.tools.ant.taskdefs.optional.unix.SymlinkTest,class,2,2,0,2,20,2,0,7,0,0.2857143,0.0,0.0,7,0,7,0,0,0,7,0,0,0,2,0,0,2,0,0,0,0,0,92,0,0,7,0,0,59,0,12,0,9,2,0,0,0,77,1,0
C:\Users\user\Desktop\STUFF A LOT OF 'EM\er\Design_Pattern\ant\src\main\org\apache\tools\ant\taskdefs\optional\sitraka\bytecode\Utils.java,org.apache.tools.ant.taskdefs.optional.sitraka.bytecode.Utils,class,3,7,4,3,72,1,0,29,231,0.9545453,0.0,0.0,22,21,21,1,0,0,21,0,0,0,13,13,13,0,0,0,13,0,26,213,21,2,16,0,15,34,31,28,3,25,2,0,0,0,136,1,0
C:\Users\user\Desktop\STUFF A LOT OF 'EM\er\Design_Pattern\ant\src\main\org\apache\tools\ant\taskdefs\optional\jsp\compilers\JspCompilerAdapter.java,org.apache.tools.ant.taskdefs.optional.jsp.compilers.JspCompilerAdapter,interface,2,5,3,2,4,1,0,0,6,0.0,0.0,0.0,4,0,0,0,0,4,4,0,0,0,0,0,0,0,0,0,0,0,0,6,0,0,0,0,0,0,0,0,0,0,0,0,0,0,75,1,0
C:\Users\user\Desktop\STUFF A LOT OF 'EM\er\Design_Pattern\ant\src\testcases\org\apache\tools\ant\taskdefs\TaskdefsTest.java,org.apache.tools.ant.taskdefs.TaskdefsTest,class,1,1,0,1,1,2,0,0,0,0.0,NaN,NaN,1,0,1,0,0,0,1,0,0,0,0,0,0,0,0,0,0,0,0,5,0,0,0,0,0,0,0,0,0,0,0,0,0,0,6,1025,0
C:\Users\user\Desktop\STUFF A LOT OF 'EM\er\Design_Pattern\ant\src\testcases\org\apache\tools\ant\util\facade\ImplementationSpecificArgumentTest.java,org.apache.tools.ant.util.facade.ImplementationSpecificArgumentTest,class,2,2,0,2,2,2,0,5,1,0.0,0.0,0.0,2,0,2,0,0,0,2,0,0,0,0,0,0,0,0,0,0,0,0,28,0,0,0,0,0,9,10,5,0,2,0,0,0,0,17,1,0
C:\Users\user\Desktop\STUFF A LOT OF 'EM\er\Design_Pattern\ant\src\main\org\apache\tools\ant\taskdefs\TaskOutputStream.java,org.apache.tools.ant.taskdefs.TaskOutputStream,class,2,3,1,2,6,2,0,6,0,0.22222222,0.0,0.0,3,0,1,1,0,1,2,0,0,0,3,0,0,3,0,0,0,0,0,29,0,0,2,0,0,5,1,6,2,5,2,0,0,0,87,1,0
C:\Users\user\Desktop\STUFF A LOT OF 'EM\er\Design_Pattern\ant\src\main\org\apache\tools\ant\AntClassLoader.java,org.apache.tools.ant.AntClassLoader$ResourceEnumeration,innerclass,2,2,0,2,8,1,0,4,0,0.41666666,0.0,0.0,4,0,2,1,0,1,3,0,0,0,3,0,0,3,0,0,0,0,0,31,2,1,2,1,3,0,1,7,0,6,2,0,0,0,75,2,0
C:\Users\user\Desktop\STUFF A LOT OF 'EM\er\Design_Pattern\ant\src\main\org\apache\tools\ant\IntrospectionHelper.java,org.apache.tools.ant.IntrospectionHelper$Anonymous1,anonymous,1,1,0,1,5,1,0,1,10,0.0,0.0,0.0,5,0,5,0,0,0,5,0,0,0,0,0,0,0,0,0,0,0,0,16,4,0,0,0,0,0,0,0,0,0,0,0,0,0,18,-1,0
C:\Users\user\Desktop\STUFF A LOT OF 'EM\er\Design_Pattern\ant\src\main\org\apache\tools\ant\types\Mapper.java,org.apache.tools.ant.types.Mapper,class,11,21,10,11,45,4,0,31,51,0.7619047,0.0,0.0,14,0,12,0,2,0,14,0,0,0,6,0,0,1,5,0,0,0,2,162,6,0,17,1,3,5,0,23,3,14,3,0,1,0,121,1,0
C:\Users\user\Desktop\STUFF A LOT OF 'EM\er\Design_Pattern\ant\src\main\org\apache\tools\ant\AntClassLoader.java,org.apache.tools.ant.AntClassLoader,class,9,26,17,9,140,2,1,83,940,0.9361111,0.0,0.0,48,1,33,8,7,0,41,0,0,3,15,5,0,15,0,0,3,0,3,543,32,11,38,15,6,55,14,102,23,66,4,0,1,0,426,1,0
C:\Users\user\Desktop\STUFF A LOT OF 'EM\er\Design_Pattern\ant\src\main\org\apache\tools\ant\taskdefs\optional\perforce\P4OutputStream.java,org.apache.tools.ant.taskdefs.optional.perforce.P4OutputStream,class,2,4,2,2,9,2,0,7,0,0.5,0.0,0.0,4,0,3,0,1,0,4,0,0,0,3,0,0,3,0,0,0,0,0,30,0,0,3,0,3,0,1,5,0,4,2,0,0,0,65,1,0
C:\Users\user\Desktop\STUFF A LOT OF 'EM\er\Design_Pattern\ant\src\main\org\apache\tools\ant\taskdefs\optional\ssh\AbstractSshMessage.java,org.apache.tools.ant.taskdefs.optional.ssh.AbstractSshMessage,class,6,9,3,6,23,1,2,16,41,0.75757575,0.0,0.0,11,0,4,0,7,0,11,1,2,0,3,0,0,3,0,0,0,0,3,94,3,1,9,0,2,14,18,14,10,11,4,1,0,0,70,1025,0
C:\Users\user\Desktop\STUFF A LOT OF 'EM\er\Design_Pattern\ant\src\testcases\org\apache\tools\ant\types\EnumeratedAttributeTest.java,org.apache.tools.ant.types.EnumeratedAttributeTest$TestNormal,innerclass,1,1,0,1,1,2,0,0,0,0.0,NaN,NaN,1,0,1,0,0,0,1,0,0,0,0,0,0,0,0,0,0,0,0,5,1,0,0,0,0,0,0,0,0,0,0,0,0,0,7,9,0
C:\Users\user\Desktop\STUFF A LOT OF 'EM\er\Design_Pattern\ant\src\main\org\apache\tools\ant\helper\ProjectHelperImpl.java,org.apache.tools.ant.helper.ProjectHelperImpl$TaskHandler,innerclass,15,15,0,15,8,3,0,14,0,0.4,0.0,0.0,4,0,4,0,0,0,4,0,0,0,5,0,0,5,0,0,0,0,0,46,0,0,2,1,0,0,0,7,0,5,1,0,0,0,132,8,0
C:\Users\user\Desktop\STUFF A LOT OF 'EM\er\Design_Pattern\ant\src\main\org\apache\tools\ant\taskdefs\optional\ejb\BorlandDeploymentTool.java,org.apache.tools.ant.taskdefs.optional.ejb.BorlandDeploymentTool$Anonymous1,anonymous,0,0,0,0,2,1,0,4,0,0.0,NaN,NaN,1,0,0,0,1,0,1,0,0,0,0,0,0,0,0,0,0,0,0,10,0,0,0,0,0,1,0,3,0,3,1,0,0,0,13,-1,0
C:\Users\user\Desktop\STUFF A LOT OF 'EM\er\Design_Pattern\ant\src\main\org\apache\tools\ant\taskdefs\ExecuteStreamHandler.java,org.apache.tools.ant.taskdefs.ExecuteStreamHandler,interface,0,17,17,0,5,1,0,0,10,0.0,0.0,0.0,5,0,0,0,0,5,5,0,0,0,0,0,0,0,0,0,0,0,0,7,0,0,0,0,0,0,0,0,0,0,0,0,0,0,44,1,0
C:\Users\user\Desktop\STUFF A LOT OF 'EM\er\Design_Pattern\ant\src\testcases\org\apache\tools\ant\taskdefs\JavaTest.java,org.apache.tools.ant.taskdefs.JavaTest$ExceptingEntryPoint,innerclass,0,0,0,0,1,1,0,0,0,0.0,NaN,NaN,1,1,1,0,0,0,1,0,0,0,0,0,0,0,0,0,0,0,0,5,0,0,0,0,0,1,0,0,0,0,0,0,0,0,37,9,0
C:\Users\user\Desktop\STUFF A LOT OF 'EM\er\Design_Pattern\ant\src\testcases\org\apache\tools\ant\taskdefs\CallTargetTest.java,org.apache.tools.ant.taskdefs.CallTargetTest,class,1,1,0,1,6,3,0,6,15,0.0,0.0,0.0,6,0,6,0,0,0,6,0,0,0,0,0,0,0,0,0,0,0,0,24,0,0,0,0,0,8,0,1,0,1,0,0,0,0,31,1,0
C:\Users\user\Desktop\STUFF A LOT OF 'EM\er\Design_Pattern\ant\src\testcases\org\apache\tools\ant\taskdefs\TypeAdapterTest.java,org.apache.tools.ant.taskdefs.TypeAdapterTest$MyRunnable,innerclass,1,1,0,1,2,1,0,1,0,0.0,0.0,0.0,2,0,2,0,0,0,2,0,0,0,1,0,0,1,0,0,0,0,0,9,0,0,0,0,0,1,0,1,0,1,0,0,0,0,6,9,0
C:\Users\user\Desktop\STUFF A LOT OF 'EM\er\Design_Pattern\ant\src\testcases\org\apache\tools\ant\types\AddTypeTest.java,org.apache.tools.ant.types.AddTypeTest,class,7,7,0,7,16,4,0,4,120,0.0,0.0,0.0,16,0,16,0,0,0,16,0,0,0,0,0,0,0,0,0,0,0,0,109,0,0,0,0,0,26,0,0,0,0,0,0,12,0,39,1,0
C:\Users\user\Desktop\STUFF A LOT OF 'EM\er\Design_Pattern\ant\src\main\org\apache\tools\ant\taskdefs\Sleep.java,org.apache.tools.ant.taskdefs.Sleep,class,3,4,1,3,14,2,0,6,35,0.8,0.0,0.0,10,0,9,1,0,0,9,0,0,0,5,0,0,5,0,0,0,0,1,56,1,0,0,2,3,4,8,12,8,7,2,0,0,0,127,1,0
C:\Users\user\Desktop\STUFF A LOT OF 'EM\er\Design_Pattern\ant\src\main\org\apache\tools\ant\taskdefs\optional\junit\JUnitTask.java,org.apache.tools.ant.taskdefs.optional.junit.JUnitTask$ForkedTestConfiguration,innerclass,3,3,0,3,18,1,0,7,0,0.35,0.0,0.0,4,0,2,0,0,2,4,0,0,0,5,0,0,5,0,0,0,0,0,27,3,0,11,0,9,0,6,6,1,6,1,0,0,0,54,18,0
C:\Users\user\Desktop\STUFF A LOT OF 'EM\er\Design_Pattern\ant\src\main\org\apache\tools\ant\util\LeadPipeInputStream.java,org.apache.tools.ant.util.LeadPipeInputStream,class,3,5,2,3,18,3,0,8,26,0.75,0.0,0.0,8,0,8,0,0,0,8,0,0,2,1,0,0,1,0,0,0,0,3,68,1,0,1,1,0,2,7,9,3,4,3,0,0,0,66,1,0
C:\Users\user\Desktop\STUFF A LOT OF 'EM\er\Design_Pattern\ant\src\main\org\apache\tools\ant\types\optional\image\BasicShape.java,org.apache.tools.ant.types.optional.image.BasicShape,class,2,5,3,2,3,4,3,0,3,0.6666667,0.0,0.0,3,0,3,0,0,0,3,0,0,0,3,0,0,0,3,0,0,0,0,14,0,0,0,0,0,2,1,6,0,3,0,0,0,0,13,1025,0
C:\Users\user\Desktop\STUFF A LOT OF 'EM\er\Design_Pattern\ant\src\main\org\apache\tools\ant\types\selectors\DependSelector.java,org.apache.tools.ant.types.selectors.DependSelector,class,2,6,4,2,6,5,0,6,3,0.0,0.0,0.0,3,0,3,0,0,0,3,0,0,0,0,0,0,0,0,0,0,0,1,29,2,0,3,0,0,6,0,2,0,2,1,0,0,0,70,1,0
C:\Users\user\Desktop\STUFF A LOT OF 'EM\er\Design_Pattern\ant\src\main\org\apache\tools\ant\types\FileSet.java,org.apache.tools.ant.types.FileSet,class,3,32,29,3,4,4,6,5,3,0.0,0.0,0.0,3,0,2,0,1,0,3,0,0,0,0,0,0,0,0,0,0,0,0,16,2,0,0,0,1,0,0,0,0,0,1,0,0,0,37,1,0
C:\Users\user\Desktop\STUFF A LOT OF 'EM\er\Design_Pattern\ant\src\testcases\org\apache\tools\ant\taskdefs\email\EmailTaskTest.java,org.apache.tools.ant.taskdefs.email.EmailTaskTest,class,1,1,0,1,4,3,0,2,6,0.0,0.0,0.0,4,0,4,0,0,0,4,0,0,0,0,0,0,0,0,0,0,0,0,14,0,0,0,0,0,5,0,0,0,0,0,0,0,0,47,1,0
C:\Users\user\Desktop\STUFF A LOT OF 'EM\er\Design_Pattern\ant\src\main\org\apache\tools\ant\taskdefs\optional\dotnet\WsdlToDotnet.java,org.apache.tools.ant.taskdefs.optional.dotnet.WsdlToDotnet,class,4,5,1,4,25,3,0,9,21,0.7625,0.0,0.0,10,0,9,0,1,0,10,0,0,0,8,0,0,7,1,0,0,0,0,83,0,0,7,0,0,14,0,20,1,10,2,0,0,0,179,1,0
C:\Users\user\Desktop\STUFF A LOT OF 'EM\er\Design_Pattern\ant\src\main\org\apache\tools\mail\MailMessage.java,org.apache.tools.mail.MailMessage,class,5,7,2,5,57,1,0,46,393,0.92780334,0.0,0.0,31,1,13,0,0,18,31,0,0,0,21,10,2,19,0,0,10,0,3,233,5,4,12,4,0,25,22,50,12,43,3,0,0,0,249,1,0
C:\Users\user\Desktop\STUFF A LOT OF 'EM\er\Design_Pattern\ant\src\main\org\apache\tools\ant\taskdefs\optional\starteam\StarTeamLabel.java,org.apache.tools.ant.taskdefs.optional.starteam.StarTeamLabel,class,5,5,0,5,15,3,0,6,11,0.7380953,0.0,0.0,7,0,6,0,1,0,7,0,0,0,6,1,0,6,0,0,1,0,0,58,1,0,1,2,2,15,0,11,5,8,2,0,0,0,122,1,0
C:\Users\user\Desktop\STUFF A LOT OF 'EM\er\Design_Pattern\ant\src\main\org\apache\tools\ant\taskdefs\BuildNumber.java,org.apache.tools.ant.taskdefs.BuildNumber,class,5,6,1,5,17,3,0,21,0,0.4666667,0.0,0.0,5,0,2,3,0,0,2,0,0,0,3,2,0,3,0,0,2,0,3,91,2,0,3,6,0,12,1,20,8,16,3,0,0,0,106,1,0
C:\Users\user\Desktop\STUFF A LOT OF 'EM\er\Design_Pattern\ant\src\main\org\apache\tools\ant\taskdefs\optional\ccm\CCMCheckinDefault.java,org.apache.tools.ant.taskdefs.optional.ccm.CCMCheckinDefault,class,2,2,0,2,1,5,0,2,0,0.0,NaN,NaN,1,0,1,0,0,0,1,0,0,0,1,1,1,0,0,0,1,0,0,8,0,0,0,0,0,1,0,1,0,1,0,0,0,0,28,1,0
C:\Users\user\Desktop\STUFF A LOT OF 'EM\er\Design_Pattern\ant\src\testcases\org\apache\tools\ant\taskdefs\optional\WsdlToDotnetTest.java,org.apache.tools.ant.taskdefs.optional.WsdlToDotnetTest,class,1,1,0,1,15,2,0,3,105,0.93333334,0.0,0.0,15,0,15,0,0,0,15,0,0,0,1,1,0,1,0,0,1,0,0,48,0,0,0,0,0,31,0,1,1,1,0,0,0,0,73,1,0
C:\Users\user\Desktop\STUFF A LOT OF 'EM\er\Design_Pattern\ant\src\testcases\org\apache\tools\ant\util\JAXPUtilsTest.java,org.apache.tools.ant.util.JAXPUtilsTest,class,1,1,0,1,3,2,0,3,1,0.0,0.0,0.0,2,0,2,0,0,0,2,0,0,0,0,0,0,0,0,0,0,0,0,17,0,0,1,0,0,6,0,4,0,2,1,0,0,0,25,1,0
C:\Users\user\Desktop\STUFF A LOT OF 'EM\er\Design_Pattern\ant\src\main\org\apache\tools\ant\taskdefs\optional\ejb\EJBDeploymentTool.java,org.apache.tools.ant.taskdefs.optional.ejb.EJBDeploymentTool,interface,3,5,2,3,4,1,0,0,6,0.0,0.0,0.0,4,0,0,0,0,4,4,0,0,0,0,0,0,0,0,0,0,0,0,6,0,0,0,0,0,0,0,0,0,0,0,0,0,0,52,1,0
C:\Users\user\Desktop\STUFF A LOT OF 'EM\er\Design_Pattern\ant\src\main\org\apache\tools\ant\taskdefs\GUnzip.java,org.apache.tools.ant.taskdefs.GUnzip,class,3,3,0,3,11,2,0,10,1,0.5,0.0,0.0,2,0,0,0,2,0,2,0,0,0,1,1,0,1,0,0,1,0,0,53,1,1,4,4,0,4,6,11,3,7,4,0,0,0,63,1,0
C:\Users\user\Desktop\STUFF A LOT OF 'EM\er\Design_Pattern\ant\src\testcases\org\apache\tools\ant\filters\EscapeUnicodeTest.java,org.apache.tools.ant.filters.EscapeUnicodeTest,class,2,2,0,2,4,3,0,7,6,0.0,0.0,0.0,4,0,4,0,0,0,4,0,0,0,0,0,0,0,0,0,0,0,1,18,0,0,0,0,0,5,0,3,0,3,0,0,0,0,28,1,0
C:\Users\user\Desktop\STUFF A LOT OF 'EM\er\Design_Pattern\ant\src\main\org\apache\tools\ant\taskdefs\email\MimeMailer.java,org.apache.tools.ant.taskdefs.email.MimeMailer$SimpleAuthenticator,innerclass,2,2,0,2,2,2,0,0,0,0.0,0.0,0.0,2,0,2,0,0,0,2,0,0,0,2,0,0,2,0,0,0,0,0,11,1,0,0,0,0,0,0,4,0,2,0,0,0,0,8,8,0
C:\Users\user\Desktop\STUFF A LOT OF 'EM\er\Design_Pattern\ant\src\main\org\apache\tools\ant\taskdefs\optional\extension\ExtensionResolver.java,org.apache.tools.ant.taskdefs.optional.extension.ExtensionResolver,interface,2,6,4,2,1,1,0,0,0,0.0,NaN,NaN,1,0,0,0,0,1,1,0,0,0,0,0,0,0,0,0,0,0,0,3,0,0,0,0,0,0,0,0,0,0,0,0,0,0,28,1,0
C:\Users\user\Desktop\STUFF A LOT OF 'EM\er\Design_Pattern\ant\src\main\org\apache\tools\ant\BuildLogger.java,org.apache.tools.ant.BuildLogger,interface,1,5,4,1,4,1,0,0,6,0.0,0.0,0.0,4,0,0,0,0,4,4,0,0,0,0,0,0,0,0,0,0,0,0,6,0,0,0,0,0,0,0,0,0,0,0,0,0,0,80,1,0
C:\Users\user\Desktop\STUFF A LOT OF 'EM\er\Design_Pattern\ant\src\main\org\apache\tools\ant\taskdefs\optional\Test.java,org.apache.tools.ant.taskdefs.optional.Test,class,2,2,0,2,8,2,0,8,19,0.71428573,0.0,0.0,7,0,7,0,0,0,7,0,0,0,1,0,0,0,1,0,0,0,0,39,1,1,0,0,0,5,1,4,4,4,1,0,1,0,76,1,0
C:\Users\user\Desktop\STUFF A LOT OF 'EM\er\Design_Pattern\ant\src\testcases\org\apache\tools\ant\taskdefs\optional\ANTLRTest.java,org.apache.tools.ant.taskdefs.optional.HTMLFilter,class,0,1,1,0,1,1,0,1,0,0.0,NaN,NaN,1,0,1,0,0,0,1,0,0,0,0,0,0,0,0,0,0,0,0,5,1,0,0,0,0,1,0,0,0,0,0,0,0,0,9,0,0
C:\Users\user\Desktop\STUFF A LOT OF 'EM\er\Design_Pattern\ant\src\testcases\org\apache\tools\ant\taskdefs\ExecTaskTest.java,org.apache.tools.ant.taskdefs.ExecTaskTest$MonitoredBuild,innerclass,3,3,0,3,8,1,0,13,2,0.734375,0.0,0.0,8,0,7,1,0,0,7,0,0,0,8,0,0,8,0,0,0,0,1,45,1,0,0,0,0,4,1,16,2,8,0,0,0,0,34,10,0
C:\Users\user\Desktop\STUFF A LOT OF 'EM\er\Design_Pattern\ant\src\testcases\org\apache\tools\ant\taskdefs\optional\depend\DependTest.java,org.apache.tools.ant.taskdefs.optional.depend.DependTest,class,6,7,1,6,16,3,0,15,78,0.9230769,0.0,0.0,13,0,12,1,0,0,12,0,0,0,2,2,2,0,0,0,2,0,0,68,1,1,2,0,0,32,8,15,1,15,1,0,0,0,123,1,0
C:\Users\user\Desktop\STUFF A LOT OF 'EM\er\Design_Pattern\ant\src\testcases\org\apache\tools\ant\taskdefs\optional\junit\JUnitTestRunnerTest.java,org.apache.tools.ant.taskdefs.optional.junit.JUnitTestRunnerTest$TestRunner,innerclass,4,4,0,4,2,2,0,2,0,0.0,0.0,0.0,2,0,0,0,0,2,2,0,0,0,1,0,0,1,0,0,0,0,0,10,1,0,0,0,0,0,0,1,0,1,0,0,0,0,10,26,0
C:\Users\user\Desktop\STUFF A LOT OF 'EM\er\Design_Pattern\ant\src\main\org\apache\tools\ant\taskdefs\optional\clearcase\CCMkbl.java,org.apache.tools.ant.taskdefs.optional.clearcase.CCMkbl,class,8,9,1,8,29,4,0,24,139,0.9166667,0.0,0.0,18,0,15,3,0,0,15,0,0,0,14,7,7,7,0,0,7,0,1,115,7,0,5,0,0,9,1,26,2,18,2,0,0,0,143,1,0
C:\Users\user\Desktop\STUFF A LOT OF 'EM\er\Design_Pattern\ant\src\main\org\apache\tools\ant\types\Parameter.java,org.apache.tools.ant.types.Parameter,class,0,12,12,0,6,1,0,0,9,0.6666667,0.0,0.0,6,0,6,0,0,0,6,0,6,0,3,0,0,3,0,0,0,0,0,23,3,0,0,0,0,0,0,6,0,3,0,0,0,0,17,17,0
C:\Users\user\Desktop\STUFF A LOT OF 'EM\er\Design_Pattern\ant\src\main\org\apache\tools\ant\taskdefs\optional\ejb\IPlanetDeploymentTool.java,org.apache.tools.ant.taskdefs.optional.ejb.IPlanetDeploymentTool,class,5,7,2,5,28,2,0,27,52,0.84375006,0.0,0.0,12,0,6,1,4,1,11,0,0,0,8,1,0,8,0,0,1,0,0,121,5,1,5,1,5,25,17,39,23,30,3,0,0,0,272,1,0
C:\Users\user\Desktop\STUFF A LOT OF 'EM\er\Design_Pattern\ant\src\main\org\apache\tools\ant\taskdefs\Typedef.java,org.apache.tools.ant.taskdefs.Typedef,class,1,2,1,1,0,2,1,0,0,0.0,-1.0,-1.0,0,0,0,0,0,0,0,0,0,0,0,0,0,0,0,0,0,0,0,2,0,0,0,0,0,0,0,0,0,0,0,0,0,0,75,1,0
C:\Users\user\Desktop\STUFF A LOT OF 'EM\er\Design_Pattern\ant\src\main\org\apache\tools\ant\taskdefs\optional\clearcase\CCCheckin.java,org.apache.tools.ant.taskdefs.optional.clearcase.CCCheckin,class,8,9,1,8,28,4,0,25,108,0.90865386,0.0,0.0,16,0,13,3,0,0,13,0,0,0,13,7,7,6,0,0,7,0,1,108,6,0,5,0,0,9,1,24,2,17,2,0,0,0,156,1,0
C:\Users\user\Desktop\STUFF A LOT OF 'EM\er\Design_Pattern\ant\src\main\org\apache\tools\ant\launch\AntMain.java,org.apache.tools.ant.launch.AntMain,interface,0,2,2,0,1,1,0,0,0,0.0,NaN,NaN,1,0,0,0,0,1,1,0,0,0,0,0,0,0,0,0,0,0,0,3,0,0,0,0,0,0,0,0,0,0,0,0,0,0,33,1,0
C:\Users\user\Desktop\STUFF A LOT OF 'EM\er\Design_Pattern\ant\src\testcases\org\apache\tools\ant\DummyTaskOk.java,org.apache.tools.ant.DummyTaskOk,class,1,2,1,1,2,2,0,0,1,0.0,0.0,0.0,2,0,2,0,0,0,2,0,0,0,0,0,0,0,0,0,0,0,0,6,0,0,0,0,0,0,0,0,0,0,0,0,0,0,4,1,0
C:\Users\user\Desktop\STUFF A LOT OF 'EM\er\Design_Pattern\ant\src\main\org\apache\tools\ant\taskdefs\LoadProperties.java,org.apache.tools.ant.taskdefs.LoadProperties,class,10,11,1,10,30,3,0,30,16,0.7333333,0.0,0.0,9,0,9,0,0,0,9,0,4,0,5,0,0,5,0,0,1,0,1,125,3,0,13,4,2,8,0,28,3,15,3,0,0,0,125,17,0
C:\Users\user\Desktop\STUFF A LOT OF 'EM\er\Design_Pattern\ant\src\main\org\apache\tools\ant\taskdefs\optional\IContract.java,org.apache.tools.ant.taskdefs.optional.IContract$ClasspathHelper,innerclass,3,3,0,3,5,2,0,3,4,0.5,0.0,0.0,4,0,4,0,0,0,4,0,0,0,1,0,0,1,0,0,1,0,0,19,1,0,0,0,0,1,0,3,0,1,1,0,0,0,39,2,0
C:\Users\user\Desktop\STUFF A LOT OF 'EM\er\Design_Pattern\ant\src\main\org\apache\tools\ant\types\Reference.java,org.apache.tools.ant.types.Reference,class,3,31,28,3,7,1,2,2,4,0.4,0.0,0.0,5,0,5,0,0,0,5,0,0,0,1,0,0,1,0,0,0,0,0,26,2,0,2,0,0,3,0,2,1,2,1,0,0,0,25,1,0
C:\Users\user\Desktop\STUFF A LOT OF 'EM\er\Design_Pattern\ant\src\main\org\apache\tools\ant\types\selectors\SizeSelector.java,org.apache.tools.ant.types.selectors.SizeSelector$SizeComparisons,innerclass,1,1,0,1,1,2,0,0,0,0.0,NaN,NaN,1,0,1,0,0,0,1,0,0,0,0,0,0,0,0,0,0,0,0,5,1,0,0,0,0,3,0,0,0,0,0,0,0,0,16,9,0
C:\Users\user\Desktop\STUFF A LOT OF 'EM\er\Design_Pattern\ant\src\testcases\org\apache\tools\ant\taskdefs\JavacTest.java,org.apache.tools.ant.taskdefs.JavacTest,class,8,8,0,8,15,2,0,22,0,0.2857143,0.0,0.0,7,0,7,0,0,0,7,0,0,0,2,0,0,2,0,0,0,0,6,120,0,0,0,0,0,52,14,26,2,15,1,0,0,0,61,1,0
C:\Users\user\Desktop\STUFF A LOT OF 'EM\er\Design_Pattern\ant\src\main\org\apache\tools\ant\types\Commandline.java,org.apache.tools.ant.types.Commandline,class,5,34,29,5,70,2,0,39,295,0.83950615,0.0,0.0,27,8,26,0,1,0,27,0,0,0,3,1,0,2,1,0,1,0,9,282,26,7,16,1,0,26,28,43,6,32,4,0,2,0,248,1,0
C:\Users\user\Desktop\STUFF A LOT OF 'EM\er\Design_Pattern\ant\src\testcases\org\apache\tools\ant\filters\HeadTailTest.java,org.apache.tools.ant.filters.HeadTailTest,class,2,2,0,2,14,3,0,7,91,0.0,0.0,0.0,14,0,14,0,0,0,14,0,0,0,0,0,0,0,0,0,0,0,11,88,0,0,0,0,0,46,0,33,0,33,0,0,0,0,40,1,0
C:\Users\user\Desktop\STUFF A LOT OF 'EM\er\Design_Pattern\ant\src\main\org\apache\tools\ant\taskdefs\ProcessDestroyer.java,org.apache.tools.ant.taskdefs.ProcessDestroyer$ProcessDestroyerImpl,innerclass,1,1,0,1,4,2,0,1,1,0.33333334,0.0,0.0,3,0,3,0,0,0,3,0,0,0,1,0,0,1,0,0,0,0,0,14,0,0,0,0,0,1,0,2,0,1,1,0,0,0,11,2,0
C:\Users\user\Desktop\STUFF A LOT OF 'EM\er\Design_Pattern\ant\src\main\org\apache\tools\ant\taskdefs\optional\vss\MSVSSADD.java,org.apache.tools.ant.taskdefs.optional.vss.MSVSSADD,class,6,7,1,6,8,3,0,16,19,0.71428573,0.0,0.0,7,0,5,0,2,0,7,0,1,0,1,0,0,1,0,0,0,0,0,37,2,0,1,0,0,1,0,4,0,3,1,0,0,0,86,1,0
C:\Users\user\Desktop\STUFF A LOT OF 'EM\er\Design_Pattern\ant\src\testcases\org\apache\tools\ant\taskdefs\optional\image\ImageTest.java,org.apache.tools.ant.taskdefs.optional.image.ImageTest,class,2,3,1,2,16,3,0,14,30,0.7777778,0.0,0.0,9,0,8,0,1,0,9,0,0,0,2,2,0,2,0,0,2,0,1,60,2,0,1,2,0,30,2,11,8,9,2,0,0,0,74,1,0
C:\Users\user\Desktop\STUFF A LOT OF 'EM\er\Design_Pattern\ant\src\main\org\apache\tools\ant\filters\HeadFilter.java,org.apache.tools.ant.filters.HeadFilter,class,6,7,1,6,23,5,0,17,19,0.82222223,0.0,0.0,10,0,6,4,0,0,6,0,7,0,9,3,0,9,0,0,3,0,0,87,8,2,5,0,2,2,11,22,2,13,3,0,0,0,127,17,0
C:\Users\user\Desktop\STUFF A LOT OF 'EM\er\Design_Pattern\ant\src\main\org\apache\tools\ant\taskdefs\optional\metamata\MMetricsStreamHandler.java,org.apache.tools.ant.taskdefs.optional.metamata.MMetricsStreamHandler,class,13,15,2,13,31,1,0,38,39,0.8454546,0.0,0.0,11,0,5,0,5,1,11,0,0,0,10,5,0,10,0,0,5,0,1,149,8,4,2,4,2,48,6,34,0,31,3,0,1,0,199,1,0
C:\Users\user\Desktop\STUFF A LOT OF 'EM\er\Design_Pattern\ant\src\main\org\apache\tools\ant\types\selectors\modifiedselector\Algorithm.java,org.apache.tools.ant.types.selectors.modifiedselector.Algorithm,interface,0,3,3,0,2,1,0,0,1,0.0,0.0,0.0,2,0,0,0,0,2,2,0,0,0,0,0,0,0,0,0,0,0,0,4,0,0,0,0,0,0,0,0,0,0,0,0,0,0,38,1,0
C:\Users\user\Desktop\STUFF A LOT OF 'EM\er\Design_Pattern\ant\src\main\org\apache\tools\ant\filters\StringInputStream.java,org.apache.tools.ant.filters.StringInputStream,class,1,1,0,1,2,2,0,0,1,0.0,0.0,0.0,2,0,2,0,0,0,2,0,0,0,0,0,0,0,0,0,0,0,0,8,0,0,0,0,0,0,0,0,0,0,0,0,0,0,30,1,0
C:\Users\user\Desktop\STUFF A LOT OF 'EM\er\Design_Pattern\ant\src\main\org\apache\tools\ant\taskdefs\JikesOutputParser.java,org.apache.tools.ant.taskdefs.JikesOutputParser,class,3,5,2,3,22,1,0,12,48,0.85714287,0.0,0.0,12,0,5,4,3,0,8,0,0,0,7,0,0,0,7,0,0,0,0,77,1,1,3,0,3,9,2,9,2,9,3,0,0,0,93,1,0
C:\Users\user\Desktop\STUFF A LOT OF 'EM\er\Design_Pattern\ant\src\main\org\apache\tools\ant\taskdefs\optional\dotnet\DotnetCompile.java,org.apache.tools.ant.taskdefs.optional.dotnet.DotnetCompile$TargetTypes,innerclass,1,1,0,1,1,2,0,0,0,0.0,NaN,NaN,1,0,1,0,0,0,1,0,0,0,0,0,0,0,0,0,0,0,0,5,1,0,0,0,0,4,0,0,0,0,0,0,0,0,15,9,0
C:\Users\user\Desktop\STUFF A LOT OF 'EM\er\Design_Pattern\ant\src\main\org\apache\tools\ant\taskdefs\optional\junit\XMLConstants.java,org.apache.tools.ant.taskdefs.optional.junit.XMLConstants,interface,0,2,2,0,0,1,0,0,0,NaN,-1.0,-1.0,0,0,0,0,0,0,0,0,0,0,19,0,0,0,0,19,0,0,0,21,0,0,0,0,0,19,0,19,0,19,0,0,0,0,72,1,0
C:\Users\user\Desktop\STUFF A LOT OF 'EM\er\Design_Pattern\ant\src\main\org\apache\tools\ant\taskdefs\rmic\WLRmic.java,org.apache.tools.ant.taskdefs.rmic.WLRmic,class,5,6,1,5,8,2,0,13,3,0.0,0.0,0.0,3,0,3,0,0,0,3,0,0,0,0,0,0,0,0,0,0,0,2,42,3,0,2,1,0,12,0,7,1,4,2,0,0,0,52,1,0
C:\Users\user\Desktop\STUFF A LOT OF 'EM\er\Design_Pattern\ant\src\testcases\org\apache\tools\ant\taskdefs\optional\RhinoScriptTest.java,org.apache.tools.ant.taskdefs.optional.RhinoScriptTest,class,1,1,0,1,16,2,0,5,6,0.0,0.0,0.0,4,0,4,0,0,0,4,0,0,0,0,0,0,0,0,0,0,0,0,36,0,0,0,0,0,15,12,10,0,1,0,0,0,0,38,1,0
C:\Users\user\Desktop\STUFF A LOT OF 'EM\er\Design_Pattern\ant\src\main\org\apache\tools\ant\types\Permissions.java,org.apache.tools.ant.types.Permissions,class,4,6,2,4,11,2,0,11,15,0.7619048,0.0,0.0,7,0,6,1,0,0,6,0,0,0,6,0,0,6,0,0,0,0,3,174,0,2,2,0,0,46,0,16,2,11,2,0,2,0,125,1,0
C:\Users\user\Desktop\STUFF A LOT OF 'EM\er\Design_Pattern\ant\src\main\org\apache\tools\ant\taskdefs\optional\extension\JarLibManifestTask.java,org.apache.tools.ant.taskdefs.optional.extension.JarLibManifestTask,class,9,10,1,9,25,3,0,34,42,0.82142866,0.0,0.0,12,0,6,6,0,0,6,0,0,0,7,2,0,7,0,0,5,0,2,118,1,5,4,3,0,13,4,32,5,31,3,0,0,0,190,17,0
C:\Users\user\Desktop\STUFF A LOT OF 'EM\er\Design_Pattern\ant\src\testcases\org\apache\tools\ant\filters\DynamicFilterTest.java,org.apache.tools.ant.filters.DynamicFilterTest$CustomFilter,innerclass,3,3,0,3,3,1,0,0,3,0.6666667,0.0,0.0,3,0,3,0,0,0,3,0,0,0,2,0,0,0,0,2,0,0,0,20,1,0,0,0,0,0,0,4,0,2,0,1,0,0,12,9,0
C:\Users\user\Desktop\STUFF A LOT OF 'EM\er\Design_Pattern\ant\src\testcases\org\apache\tools\ant\taskdefs\ConditionTest.java,org.apache.tools.ant.taskdefs.ConditionTest,class,1,1,0,1,41,3,0,6,820,0.0,0.0,0.0,41,0,41,0,0,0,41,0,0,0,0,0,0,0,0,0,0,0,0,125,0,0,0,0,0,88,0,0,0,0,0,0,0,0,88,1,0
C:\Users\user\Desktop\STUFF A LOT OF 'EM\er\Design_Pattern\ant\src\main\org\apache\tools\ant\taskdefs\optional\sitraka\Filters.java,org.apache.tools.ant.taskdefs.optional.sitraka.Filters$Include,innerclass,1,1,0,1,2,2,0,1,0,0.0,NaN,NaN,1,0,1,0,0,0,1,0,0,0,0,0,0,0,0,0,0,0,0,5,1,0,0,0,1,3,0,0,1,0,0,0,0,0,6,9,0
C:\Users\user\Desktop\STUFF A LOT OF 'EM\er\Design_Pattern\ant\src\main\org\apache\tools\ant\taskdefs\optional\ejb\EjbJar.java,org.apache.tools.ant.taskdefs.optional.ejb.EjbJar,class,25,27,2,25,43,7,0,28,153,0.82222223,0.0,0.0,27,0,25,1,1,0,26,0,0,0,5,0,0,5,0,0,0,0,0,203,12,3,8,1,0,20,2,41,9,26,3,0,4,0,358,1,0
C:\Users\user\Desktop\STUFF A LOT OF 'EM\er\Design_Pattern\ant\src\main\org\apache\tools\ant\taskdefs\optional\metamata\MAuditStreamHandler.java,org.apache.tools.ant.taskdefs.optional.metamata.MAuditStreamHandler,class,16,18,2,16,22,1,0,37,21,0.7428571,0.0,0.0,10,1,5,1,3,1,9,0,0,0,7,0,0,7,0,0,0,0,6,118,2,3,6,4,3,16,6,34,3,30,2,0,0,0,177,0,0
C:\Users\user\Desktop\STUFF A LOT OF 'EM\er\Design_Pattern\ant\src\main\org\apache\tools\ant\types\DTDLocation.java,org.apache.tools.ant.types.DTDLocation,class,1,4,3,1,0,2,2,0,0,0.0,-1.0,-1.0,0,0,0,0,0,0,0,0,0,0,0,0,0,0,0,0,0,0,0,2,0,0,0,0,0,0,0,0,0,0,0,0,0,0,38,1,0
C:\Users\user\Desktop\STUFF A LOT OF 'EM\er\Design_Pattern\ant\src\main\org\apache\tools\ant\taskdefs\optional\ide\VAJProjectDescription.java,org.apache.tools.ant.taskdefs.optional.ide.VAJProjectDescription,class,1,5,4,1,12,1,0,1,14,0.6666667,0.0,0.0,8,0,8,0,0,0,8,0,0,0,3,0,0,3,0,0,0,0,0,35,3,0,2,0,0,4,0,5,0,3,1,0,0,0,44,1,0
C:\Users\user\Desktop\STUFF A LOT OF 'EM\er\Design_Pattern\ant\src\main\org\apache\tools\zip\UnixStat.java,org.apache.tools.zip.UnixStat,interface,0,3,3,0,0,1,0,0,0,NaN,-1.0,-1.0,0,0,0,0,0,0,0,0,0,0,7,0,0,0,0,7,0,0,0,9,0,0,0,0,0,0,7,7,0,7,0,0,0,0,31,1,0
C:\Users\user\Desktop\STUFF A LOT OF 'EM\er\Design_Pattern\ant\src\main\org\apache\tools\ant\taskdefs\optional\XslpLiaison.java,org.apache.tools.ant.taskdefs.optional.XslpLiaison,class,4,5,1,4,4,1,0,5,0,0.375,0.0,0.0,4,0,4,0,0,0,4,0,0,0,2,0,0,0,2,0,0,0,0,20,0,0,0,0,0,2,0,5,0,5,0,0,0,0,34,1,0
C:\Users\user\Desktop\STUFF A LOT OF 'EM\er\Design_Pattern\ant\src\testcases\org\apache\tools\ant\taskdefs\optional\XslpLiaisonTest.java,org.apache.tools.ant.taskdefs.optional.XslpLiaisonTest,class,3,3,0,3,2,2,0,0,1,0.0,0.0,0.0,2,0,1,0,1,0,2,0,0,0,0,0,0,0,0,0,0,0,0,8,1,0,0,0,0,0,0,0,0,0,0,0,0,0,13,1,0
C:\Users\user\Desktop\STUFF A LOT OF 'EM\er\Design_Pattern\ant\src\testcases\org\apache\tools\zip\ZipEntryTest.java,org.apache.tools.zip.ZipEntryTest,class,7,7,0,7,4,2,0,15,3,0.0,0.0,0.0,3,0,3,0,0,0,3,0,0,0,0,0,0,0,0,0,0,0,0,71,0,0,0,1,4,10,50,14,5,10,1,0,0,0,43,1,0
C:\Users\user\Desktop\STUFF A LOT OF 'EM\er\Design_Pattern\ant\src\main\org\apache\tools\ant\taskdefs\optional\junit\Enumerations.java,org.apache.tools.ant.taskdefs.optional.junit.Enumerations,class,2,4,2,2,3,1,0,0,3,0.0,0.0,0.0,3,2,2,1,0,0,2,0,0,0,0,0,0,0,0,0,0,0,0,10,2,0,0,0,0,0,0,0,0,0,0,0,0,0,47,17,0
C:\Users\user\Desktop\STUFF A LOT OF 'EM\er\Design_Pattern\ant\src\main\org\apache\tools\zip\AsiExtraField.java,org.apache.tools.zip.AsiExtraField,class,6,9,3,6,25,1,0,22,129,0.85714287,0.0,0.0,19,0,18,0,1,0,19,0,0,0,7,1,0,7,0,0,1,0,11,108,12,0,4,0,12,4,43,30,7,17,1,0,0,0,167,1,0
C:\Users\user\Desktop\STUFF A LOT OF 'EM\er\Design_Pattern\ant\src\testcases\org\apache\tools\ant\util\regexp\RegexpTest.java,org.apache.tools.ant.util.regexp.RegexpTest,class,4,8,4,4,6,3,3,7,9,0.5,0.0,0.0,6,0,6,0,0,0,6,1,1,0,2,2,0,2,0,0,2,0,0,29,1,0,0,0,0,8,0,5,0,5,0,0,0,0,23,1025,0
C:\Users\user\Desktop\STUFF A LOT OF 'EM\er\Design_Pattern\ant\src\main\org\apache\tools\ant\filters\TailFilter.java,org.apache.tools.ant.filters.TailFilter,class,6,7,1,6,30,5,0,21,23,0.84,0.0,0.0,10,0,6,4,0,0,6,0,7,0,10,3,0,10,0,0,3,0,0,108,9,4,7,0,1,3,14,25,1,16,4,0,0,0,142,17,0
C:\Users\user\Desktop\STUFF A LOT OF 'EM\er\Design_Pattern\ant\src\testcases\org\apache\tools\ant\taskdefs\ExecuteJavaTest.java,org.apache.tools.ant.taskdefs.ExecuteJavaTest,class,9,10,1,9,10,2,0,18,9,0.6666666,0.0,0.0,6,1,3,2,1,0,4,0,0,0,5,3,0,5,0,0,3,0,8,50,2,0,1,0,1,15,6,13,9,11,1,0,0,0,69,1,0
C:\Users\user\Desktop\STUFF A LOT OF 'EM\er\Design_Pattern\ant\src\main\org\apache\tools\ant\taskdefs\optional\sitraka\CovReport.java,org.apache.tools.ant.taskdefs.optional.sitraka.CovReport,class,12,13,1,12,36,5,0,27,55,0.8214286,0.0,0.0,14,0,12,0,2,0,14,0,0,0,10,0,0,10,0,0,0,0,0,185,4,1,13,1,1,26,1,31,12,19,2,0,3,0,133,1,0
C:\Users\user\Desktop\STUFF A LOT OF 'EM\er\Design_Pattern\ant\src\main\org\apache\tools\ant\filters\TokenFilter.java,org.apache.tools.ant.filters.TokenFilter$Trim,innerclass,1,1,0,1,1,3,0,1,0,0.0,NaN,NaN,1,0,1,0,0,0,1,0,0,0,0,0,0,0,0,0,0,0,0,5,1,0,0,0,0,0,0,0,0,0,0,0,0,0,14,9,0
C:\Users\user\Desktop\STUFF A LOT OF 'EM\er\Design_Pattern\ant\src\main\org\apache\tools\ant\taskdefs\optional\extension\resolvers\LocationResolver.java,org.apache.tools.ant.taskdefs.optional.extension.resolvers.LocationResolver,class,4,5,1,4,4,1,0,1,0,0.0,0.0,0.0,3,0,3,0,0,0,3,0,0,0,1,0,0,1,0,0,0,0,0,16,2,0,1,0,0,3,0,2,1,2,1,0,0,0,21,1,0
C:\Users\user\Desktop\STUFF A LOT OF 'EM\er\Design_Pattern\ant\src\main\org\apache\tools\ant\taskdefs\compilers\Jikes.java,org.apache.tools.ant.taskdefs.compilers.Jikes,class,6,7,1,6,26,2,0,21,0,0.0,NaN,NaN,1,0,1,0,0,0,1,0,0,0,0,0,0,0,0,0,0,0,5,89,1,0,16,0,0,25,2,10,1,9,2,0,0,0,110,1,0
C:\Users\user\Desktop\STUFF A LOT OF 'EM\er\Design_Pattern\ant\src\main\org\apache\tools\ant\taskdefs\optional\junit\XalanExecutor.java,org.apache.tools.ant.taskdefs.optional.junit.XalanExecutor,class,4,8,4,4,12,1,2,16,22,0.75,0.0,0.0,8,1,0,1,5,2,7,3,4,0,2,1,0,1,1,0,1,0,4,57,6,0,0,3,0,13,0,14,7,12,2,0,0,0,139,1024,0
C:\Users\user\Desktop\STUFF A LOT OF 'EM\er\Design_Pattern\ant\src\main\org\apache\tools\ant\taskdefs\Tar.java,org.apache.tools.ant.taskdefs.Tar$TarCompressionMethod,innerclass,2,2,0,2,5,2,0,4,0,0.33333334,0.0,0.0,3,0,2,1,0,0,2,0,0,0,3,3,0,3,0,0,3,0,0,26,4,0,0,0,0,3,0,4,0,4,2,0,0,0,54,25,0
C:\Users\user\Desktop\STUFF A LOT OF 'EM\er\Design_Pattern\ant\src\main\org\apache\tools\ant\taskdefs\optional\dotnet\Ilasm.java,org.apache.tools.ant.taskdefs.optional.dotnet.Ilasm$TargetTypes,innerclass,1,1,0,1,1,2,0,0,0,0.0,NaN,NaN,1,0,1,0,0,0,1,0,0,0,0,0,0,0,0,0,0,0,0,5,1,0,0,0,0,2,0,0,0,0,0,0,0,0,15,9,0
C:\Users\user\Desktop\STUFF A LOT OF 'EM\er\Design_Pattern\ant\src\main\org\apache\tools\ant\types\selectors\DifferentSelector.java,org.apache.tools.ant.types.selectors.DifferentSelector,class,3,6,3,3,7,5,0,5,0,0.25,0.0,0.0,2,0,1,0,1,0,2,0,0,0,2,0,0,2,0,0,0,0,1,28,4,0,2,1,0,2,0,4,3,3,2,0,0,0,120,1,0
C:\Users\user\Desktop\STUFF A LOT OF 'EM\er\Design_Pattern\ant\src\main\org\apache\tools\ant\taskdefs\Antlib.java,org.apache.tools.ant.taskdefs.Antlib,class,10,12,2,10,12,3,0,25,0,0.5833333,0.0,0.0,6,1,3,1,2,0,5,0,0,0,4,1,1,3,0,0,1,0,1,66,2,1,2,2,2,9,0,14,3,12,2,0,0,0,94,1,0
C:\Users\user\Desktop\STUFF A LOT OF 'EM\er\Design_Pattern\ant\src\main\org\apache\tools\ant\taskdefs\optional\jsp\compilers\DefaultJspCompilerAdapter.java,org.apache.tools.ant.taskdefs.optional.jsp.compilers.DefaultJspCompilerAdapter,class,7,9,2,7,14,1,1,15,22,0.75,0.0,0.0,8,0,4,0,4,0,8,0,0,0,2,1,0,1,1,0,0,0,1,49,3,1,5,0,0,6,2,5,2,5,1,0,0,0,87,1025,0
C:\Users\user\Desktop\STUFF A LOT OF 'EM\er\Design_Pattern\ant\src\main\org\apache\tools\ant\taskdefs\optional\sitraka\ReportFilters.java,org.apache.tools.ant.taskdefs.optional.sitraka.ReportFilters$Exclude,innerclass,1,1,0,1,0,2,0,0,0,0.0,-1.0,-1.0,0,0,0,0,0,0,0,0,0,0,0,0,0,0,0,0,0,0,0,2,0,0,0,0,0,0,0,0,0,0,0,0,0,0,5,9,0
C:\Users\user\Desktop\STUFF A LOT OF 'EM\er\Design_Pattern\ant\src\main\org\apache\tools\ant\taskdefs\optional\depend\ClassFile.java,org.apache.tools.ant.taskdefs.optional.depend.ClassFile,class,4,8,4,4,8,1,0,11,0,0.33333334,0.0,0.0,3,0,3,0,0,0,3,0,0,0,3,1,0,3,0,0,1,0,2,37,2,1,3,0,0,2,2,10,1,10,3,0,0,0,101,1,0
C:\Users\user\Desktop\STUFF A LOT OF 'EM\er\Design_Pattern\ant\src\testcases\org\apache\tools\ant\taskdefs\SleepTest.java,org.apache.tools.ant.taskdefs.SleepTest,class,2,2,0,2,19,2,0,7,8,0.6666667,0.0,0.0,8,0,8,0,0,0,8,0,0,0,3,3,0,3,0,0,3,0,0,65,0,0,0,0,2,14,7,8,8,8,1,0,1,0,48,1,0
C:\Users\user\Desktop\STUFF A LOT OF 'EM\er\Design_Pattern\ant\src\testcases\org\apache\tools\zip\AsiExtraFieldTest.java,org.apache.tools.zip.AsiExtraFieldTest,class,4,4,0,4,7,2,0,19,6,0.0,0.0,0.0,4,0,4,0,0,0,4,0,0,0,0,0,0,0,0,0,0,0,0,72,0,2,0,1,0,30,106,16,2,8,1,0,0,0,40,1,0
C:\Users\user\Desktop\STUFF A LOT OF 'EM\er\Design_Pattern\ant\src\testcases\org\apache\tools\ant\taskdefs\optional\XsltTest.java,org.apache.tools.ant.taskdefs.optional.XsltTest,class,1,1,0,1,8,2,0,3,28,0.875,0.0,0.0,8,0,8,0,0,0,8,0,0,0,1,1,0,1,0,0,1,0,0,27,0,0,0,0,0,10,0,1,1,1,0,0,0,0,58,1,0
C:\Users\user\Desktop\STUFF A LOT OF 'EM\er\Design_Pattern\ant\src\testcases\org\apache\tools\ant\types\RedirectorElementTest.java,org.apache.tools.ant.types.RedirectorElementTest,class,2,2,0,2,6,2,0,6,15,0.0,0.0,0.0,6,0,6,0,0,0,6,0,0,0,0,0,0,0,0,0,0,0,0,21,0,0,0,0,1,10,0,0,2,0,0,0,0,0,34,1,0
C:\Users\user\Desktop\STUFF A LOT OF 'EM\er\Design_Pattern\ant\src\main\org\apache\tools\ant\taskdefs\cvslib\ChangeLogParser.java,org.apache.tools.ant.taskdefs.cvslib.ChangeLogParser,class,2,6,4,2,26,1,0,25,0,0.70714283,0.0,0.0,10,0,1,8,0,1,3,0,0,0,14,6,0,14,0,0,7,0,2,127,3,1,0,1,0,14,15,43,6,24,1,0,0,0,110,0,0
C:\Users\user\Desktop\STUFF A LOT OF 'EM\er\Design_Pattern\ant\src\testcases\org\apache\tools\ant\filters\DynamicFilterTest.java,org.apache.tools.ant.filters.DynamicFilterTest$CustomFilter$Anonymous1,anonymous,0,0,0,0,2,1,0,1,0,0.0,NaN,NaN,1,0,1,0,0,0,1,0,0,0,0,0,0,0,0,0,0,0,0,7,2,0,1,0,0,0,0,1,0,1,1,0,0,0,7,-1,0
C:\Users\user\Desktop\STUFF A LOT OF 'EM\er\Design_Pattern\ant\src\main\org\apache\tools\ant\types\selectors\modifiedselector\ModifiedSelector.java,org.apache.tools.ant.types.selectors.modifiedselector.ModifiedSelector$CacheName,innerclass,1,1,0,1,1,2,0,0,0,0.0,NaN,NaN,1,0,1,0,0,0,1,0,0,0,0,0,0,0,0,0,0,0,0,5,1,0,0,0,0,1,0,0,0,0,0,0,0,0,6,9,0
C:\Users\user\Desktop\STUFF A LOT OF 'EM\er\Design_Pattern\ant\src\testcases\org\apache\tools\ant\BuildFileTest.java,org.apache.tools.ant.BuildFileTest$AntTestListener,innerclass,2,2,0,2,12,1,0,3,26,0.75,0.0,0.0,8,0,8,0,0,0,8,0,0,0,1,0,0,1,0,0,0,0,0,27,1,0,3,0,0,0,0,1,0,1,1,0,0,0,49,2,0
C:\Users\user\Desktop\STUFF A LOT OF 'EM\er\Design_Pattern\ant\src\main\org\apache\tools\ant\taskdefs\DefaultExcludes.java,org.apache.tools.ant.taskdefs.DefaultExcludes,class,3,3,0,3,14,3,0,8,2,0.64,0.0,0.0,5,0,5,0,0,0,5,0,0,0,5,0,0,5,0,0,0,0,4,41,0,1,0,0,0,12,1,12,2,8,2,0,0,0,64,1,0
C:\Users\user\Desktop\STUFF A LOT OF 'EM\er\Design_Pattern\ant\src\main\org\apache\tools\ant\listener\CommonsLoggingListener.java,org.apache.tools.ant.listener.CommonsLoggingListener,class,10,11,1,10,44,1,0,25,31,0.76785713,0.0,0.0,14,0,12,2,0,0,12,0,0,0,4,0,0,2,0,2,0,0,8,192,2,0,12,1,2,20,0,47,7,30,3,0,0,0,129,1,9
C:\Users\user\Desktop\STUFF A LOT OF 'EM\er\Design_Pattern\ant\src\main\org\apache\tools\ant\taskdefs\optional\perforce\P4Have.java,org.apache.tools.ant.taskdefs.optional.perforce.P4Have,class,2,2,0,2,1,2,0,1,0,0.0,NaN,NaN,1,0,1,0,0,0,1,0,0,0,0,0,0,0,0,0,0,0,0,5,0,0,0,0,0,2,0,0,1,0,0,0,0,0,36,1,0
C:\Users\user\Desktop\STUFF A LOT OF 'EM\er\Design_Pattern\ant\src\testcases\org\apache\tools\ant\taskdefs\ManifestTest.java,org.apache.tools.ant.taskdefs.ManifestTest,class,4,5,1,4,29,3,0,26,234,0.8333333,0.0,0.0,24,0,23,1,0,0,23,0,0,0,2,2,2,0,0,0,2,0,0,157,1,0,3,1,0,92,6,49,1,45,1,0,0,0,166,1,0
C:\Users\user\Desktop\STUFF A LOT OF 'EM\er\Design_Pattern\ant\src\main\org\apache\tools\ant\taskdefs\Tar.java,org.apache.tools.ant.taskdefs.Tar,class,14,15,1,14,53,8,0,59,15,0.8636363,0.0,0.0,11,0,8,0,3,0,11,0,0,0,12,5,5,3,0,4,5,0,0,344,7,5,7,4,0,37,17,53,14,37,4,0,3,0,216,1,0
C:\Users\user\Desktop\STUFF A LOT OF 'EM\er\Design_Pattern\ant\src\main\org\apache\tools\mail\MailMessage.java,org.apache.tools.mail.MailPrintStream,class,2,4,2,2,11,4,0,5,10,0.8,0.0,0.0,5,0,3,0,0,2,5,0,0,0,1,0,0,1,0,0,0,0,0,34,0,2,4,0,0,0,2,4,1,4,1,0,0,0,30,0,0
C:\Users\user\Desktop\STUFF A LOT OF 'EM\er\Design_Pattern\ant\src\main\org\apache\tools\ant\taskdefs\optional\extension\ExtensionAdapter.java,org.apache.tools.ant.taskdefs.optional.extension.ExtensionAdapter,class,6,12,6,6,23,2,0,10,25,0.7272727,0.0,0.0,11,0,9,1,0,1,10,0,0,0,7,0,0,7,0,0,0,0,0,81,2,0,10,0,0,4,0,22,2,13,1,0,0,0,108,1,0
C:\Users\user\Desktop\STUFF A LOT OF 'EM\er\Design_Pattern\ant\src\main\org\apache\tools\ant\taskdefs\ManifestException.java,org.apache.tools.ant.taskdefs.ManifestException,class,0,3,3,0,1,3,0,0,0,0.0,NaN,NaN,1,0,1,0,0,0,1,0,0,0,0,0,0,0,0,0,0,0,0,5,0,0,0,0,0,0,0,0,0,0,0,0,0,0,24,1,0
C:\Users\user\Desktop\STUFF A LOT OF 'EM\er\Design_Pattern\ant\src\main\org\apache\tools\ant\types\ResourceFactory.java,org.apache.tools.ant.types.ResourceFactory,interface,1,3,2,1,1,1,0,0,0,0.0,NaN,NaN,1,0,0,0,0,1,1,0,0,0,0,0,0,0,0,0,0,0,0,3,0,0,0,0,0,0,0,0,0,0,0,0,0,0,37,1,0
C:\Users\user\Desktop\STUFF A LOT OF 'EM\er\Design_Pattern\ant\src\main\org\apache\tools\ant\types\selectors\SizeSelector.java,org.apache.tools.ant.types.selectors.SizeSelector$ByteUnits,innerclass,1,1,0,1,1,2,0,0,0,0.0,NaN,NaN,1,0,1,0,0,0,1,0,0,0,0,0,0,0,0,0,0,0,0,5,1,0,0,0,0,36,0,0,0,0,0,0,0,0,69,9,0
C:\Users\user\Desktop\STUFF A LOT OF 'EM\er\Design_Pattern\ant\src\main\org\apache\tools\ant\taskdefs\Chmod.java,org.apache.tools.ant.taskdefs.Chmod,class,13,14,1,13,27,5,0,34,61,0.6296296,0.0,0.0,18,0,16,0,2,0,18,0,0,0,3,0,0,3,0,0,0,0,1,101,4,0,3,2,0,8,0,13,5,6,3,0,0,0,128,1,0
C:\Users\user\Desktop\STUFF A LOT OF 'EM\er\Design_Pattern\ant\src\main\org\apache\tools\ant\filters\TokenFilter.java,org.apache.tools.ant.filters.TokenFilter$ReplaceString,innerclass,2,2,0,2,8,3,0,6,0,0.33333334,0.0,0.0,3,0,3,0,0,0,3,0,0,0,2,0,0,2,0,0,0,0,0,32,1,1,2,0,0,1,2,7,1,5,2,0,0,0,33,9,0
C:\Users\user\Desktop\STUFF A LOT OF 'EM\er\Design_Pattern\ant\src\main\org\apache\tools\ant\util\JAXPUtils.java,org.apache.tools.ant.util.JAXPUtils,class,10,14,4,10,23,1,0,17,55,0.90909094,0.0,0.0,11,11,8,3,0,0,8,0,0,3,4,4,0,4,0,0,1,0,14,93,12,0,4,7,0,6,0,8,3,5,2,0,0,0,114,1,0
C:\Users\user\Desktop\STUFF A LOT OF 'EM\er\Design_Pattern\ant\src\main\org\apache\tools\ant\taskdefs\optional\sitraka\bytecode\ClassPathLoader.java,org.apache.tools.ant.taskdefs.optional.sitraka.bytecode.JarLoader,class,3,4,1,3,5,1,0,11,0,0.0,0.0,0.0,3,0,2,0,0,1,3,0,0,0,1,0,0,1,0,0,0,0,1,26,2,1,0,0,0,1,0,8,0,8,2,0,0,0,34,16,0
C:\Users\user\Desktop\STUFF A LOT OF 'EM\er\Design_Pattern\ant\src\main\org\apache\tools\ant\taskdefs\PumpStreamHandler.java,org.apache.tools.ant.taskdefs.PumpStreamHandler,class,3,9,6,3,25,1,1,9,41,0.74444443,0.0,0.0,15,0,9,0,6,0,15,0,0,0,6,0,0,6,0,0,0,0,0,98,4,0,4,6,0,0,0,7,0,7,2,0,0,0,72,1,0
C:\Users\user\Desktop\STUFF A LOT OF 'EM\er\Design_Pattern\ant\src\main\org\apache\tools\ant\RuntimeConfigurable.java,org.apache.tools.ant.RuntimeConfigurable,class,13,24,11,13,58,1,0,41,134,0.8528139,0.0,0.0,21,0,19,0,0,2,21,0,0,0,11,1,0,11,0,0,1,0,4,197,14,4,23,1,4,3,8,44,0,25,4,0,0,0,240,1,0
C:\Users\user\Desktop\STUFF A LOT OF 'EM\er\Design_Pattern\ant\src\testcases\org\apache\tools\ant\taskdefs\CopydirTest.java,org.apache.tools.ant.taskdefs.CopydirTest,class,1,1,0,1,11,3,0,8,36,0.0,0.0,0.0,9,0,9,0,0,0,9,0,0,0,0,0,0,0,0,0,0,0,0,33,0,0,0,0,0,15,0,1,0,1,1,0,0,0,38,1,0
C:\Users\user\Desktop\STUFF A LOT OF 'EM\er\Design_Pattern\ant\src\main\org\apache\tools\ant\taskdefs\optional\perforce\P4Fstat.java,org.apache.tools.ant.taskdefs.optional.perforce.P4Fstat,class,7,9,2,7,25,2,0,21,14,0.8046875,0.0,0.0,8,0,5,2,0,1,6,0,0,0,16,6,0,16,0,0,6,0,0,97,2,3,6,0,2,19,13,31,5,24,4,0,0,0,149,1,0
C:\Users\user\Desktop\STUFF A LOT OF 'EM\er\Design_Pattern\ant\src\main\org\apache\tools\ant\taskdefs\XSLTProcess.java,org.apache.tools.ant.taskdefs.XSLTProcess$StyleMapper,innerclass,1,1,0,1,4,1,0,2,3,0.0,0.0,0.0,3,0,3,0,0,0,3,0,0,0,0,0,0,0,0,0,0,0,0,13,1,0,0,0,0,0,2,2,1,1,1,0,0,0,38,2,0
C:\Users\user\Desktop\STUFF A LOT OF 'EM\er\Design_Pattern\ant\src\main\org\apache\tools\ant\taskdefs\ExecuteJava.java,org.apache.tools.ant.taskdefs.ExecuteJava,class,11,14,3,11,30,1,0,36,25,0.77777785,0.0,0.0,10,0,10,0,0,0,10,0,0,2,9,0,0,9,0,0,0,0,4,143,1,0,11,3,2,11,1,31,3,17,4,0,0,0,101,1,0
C:\Users\user\Desktop\STUFF A LOT OF 'EM\er\Design_Pattern\ant\src\main\org\apache\tools\ant\taskdefs\optional\junit\JUnitTask.java,org.apache.tools.ant.taskdefs.optional.junit.JUnitTask,class,33,34,1,33,156,5,0,170,1353,0.94363624,0.0,0.0,55,0,34,7,14,0,48,0,0,0,20,1,0,20,0,0,1,0,5,678,20,17,43,6,4,74,16,132,34,105,4,1,3,0,555,1,0
C:\Users\user\Desktop\STUFF A LOT OF 'EM\er\Design_Pattern\ant\src\main\org\apache\tools\ant\SubBuildListener.java,org.apache.tools.ant.SubBuildListener,interface,2,4,2,2,2,1,0,0,1,0.0,0.0,0.0,2,0,0,0,0,2,2,0,0,0,0,0,0,0,0,0,0,0,0,4,0,0,0,0,0,0,0,0,0,0,0,0,0,0,77,1,0
C:\Users\user\Desktop\STUFF A LOT OF 'EM\er\Design_Pattern\ant\src\main\org\apache\tools\ant\taskdefs\optional\splash\SplashTask.java,org.apache.tools.ant.taskdefs.optional.splash.SplashTask,class,5,6,1,5,30,2,0,29,22,0.7916666,0.0,0.0,9,0,8,1,0,0,8,0,0,0,8,1,0,8,0,0,0,0,8,137,0,1,9,6,4,25,5,36,3,19,4,0,0,0,119,1,0
C:\Users\user\Desktop\STUFF A LOT OF 'EM\er\Design_Pattern\ant\src\main\org\apache\tools\ant\PathTokenizer.java,org.apache.tools.ant.PathTokenizer,class,1,2,1,1,24,1,0,9,0,0.25,0.0,0.0,3,0,3,0,0,0,3,0,0,0,4,0,0,4,0,0,0,0,2,68,3,0,4,0,0,14,2,19,2,8,6,0,0,0,110,1,0
C:\Users\user\Desktop\STUFF A LOT OF 'EM\er\Design_Pattern\ant\src\main\org\apache\tools\ant\taskdefs\optional\sitraka\Coverage.java,org.apache.tools.ant.taskdefs.optional.sitraka.Coverage,class,18,19,1,18,58,7,0,52,244,0.9157894,0.0,0.0,25,0,22,0,3,0,25,0,0,0,19,0,0,0,19,0,0,0,2,250,8,3,19,3,1,35,5,52,21,37,3,0,4,0,272,1,0
C:\Users\user\Desktop\STUFF A LOT OF 'EM\er\Design_Pattern\ant\src\main\org\apache\tools\ant\types\Environment.java,org.apache.tools.ant.types.Environment$Variable,innerclass,2,2,0,2,10,1,0,5,2,0.5,0.0,0.0,8,0,8,0,0,0,8,0,0,0,1,0,0,1,0,0,0,0,0,32,3,0,2,0,0,3,0,5,1,3,1,0,0,0,72,9,0
C:\Users\user\Desktop\STUFF A LOT OF 'EM\er\Design_Pattern\ant\src\testcases\org\apache\tools\ant\taskdefs\TypeAdapterTest.java,org.apache.tools.ant.taskdefs.TypeAdapterTest$MyExec,innerclass,1,1,0,1,2,1,0,1,0,0.0,0.0,0.0,2,0,2,0,0,0,2,0,0,0,1,0,0,1,0,0,0,0,0,9,0,0,0,0,0,1,0,1,0,1,0,0,0,0,6,9,0
C:\Users\user\Desktop\STUFF A LOT OF 'EM\er\Design_Pattern\ant\src\main\org\apache\tools\ant\types\selectors\SizeSelector.java,org.apache.tools.ant.types.selectors.SizeSelector,class,7,12,5,7,42,7,0,17,0,0.6785714,0.0,0.0,8,0,8,0,0,0,8,0,0,0,7,3,3,4,0,0,3,0,0,132,5,1,7,1,23,14,41,26,4,13,4,0,2,0,228,1,0
C:\Users\user\Desktop\STUFF A LOT OF 'EM\er\Design_Pattern\ant\src\main\org\apache\tools\ant\types\selectors\ContainsSelector.java,org.apache.tools.ant.types.selectors.ContainsSelector,class,6,11,5,6,26,5,0,18,8,0.76785713,0.0,0.0,8,0,8,0,0,0,8,0,0,0,7,4,4,3,0,0,4,0,2,109,4,2,4,2,0,16,2,22,3,13,3,0,0,0,144,1,0
C:\Users\user\Desktop\STUFF A LOT OF 'EM\er\Design_Pattern\ant\src\testcases\org\apache\tools\ant\taskdefs\optional\junit\JUnitTestRunnerTest.java,org.apache.tools.ant.taskdefs.optional.junit.JUnitTestRunnerTest,class,12,13,1,12,9,9,0,9,28,0.0,0.0,0.0,8,1,7,0,1,0,8,0,0,0,0,0,0,0,0,0,0,0,0,112,1,0,1,0,0,1,1,7,0,7,0,0,7,0,32,1,0
C:\Users\user\Desktop\STUFF A LOT OF 'EM\er\Design_Pattern\ant\src\main\org\apache\tools\ant\DefaultLogger.java,org.apache.tools.ant.DefaultLogger,class,6,12,6,6,30,1,3,22,79,0.83809525,0.0,0.0,15,1,12,0,3,0,15,0,0,0,7,2,1,1,5,0,2,0,4,126,1,2,5,1,1,8,2,28,4,22,5,0,0,0,185,1,0
C:\Users\user\Desktop\STUFF A LOT OF 'EM\er\Design_Pattern\ant\src\main\org\apache\tools\ant\taskdefs\MacroInstance.java,org.apache.tools.ant.taskdefs.MacroInstance$Element,innerclass,2,2,0,2,2,1,0,1,0,0.0,0.0,0.0,2,0,2,0,0,0,2,0,0,0,1,0,0,1,0,0,0,0,0,9,1,0,0,0,0,0,0,1,0,1,0,0,0,0,27,9,0
C:\Users\user\Desktop\STUFF A LOT OF 'EM\er\Design_Pattern\ant\src\main\org\apache\tools\ant\types\FileList.java,org.apache.tools.ant.types.FileList$FileName,innerclass,0,0,0,0,2,1,0,0,0,0.0,0.0,0.0,2,0,2,0,0,0,2,0,0,0,1,0,0,1,0,0,0,0,0,9,1,0,0,0,0,0,0,1,0,1,0,0,0,0,18,9,0
C:\Users\user\Desktop\STUFF A LOT OF 'EM\er\Design_Pattern\ant\src\main\org\apache\tools\ant\taskdefs\optional\depend\AntAnalyzer.java,org.apache.tools.ant.taskdefs.optional.depend.AntAnalyzer,class,2,3,1,2,19,2,0,23,3,0.0,0.0,0.0,3,0,1,0,2,0,3,0,0,0,0,0,0,0,0,0,0,0,0,85,1,8,4,2,0,2,3,29,1,25,5,0,0,0,86,1,0
C:\Users\user\Desktop\STUFF A LOT OF 'EM\er\Design_Pattern\ant\src\main\org\apache\tools\ant\taskdefs\optional\sitraka\StringUtil.java,org.apache.tools.ant.taskdefs.optional.sitraka.StringUtil,class,0,1,1,0,4,1,0,6,1,0.0,NaN,NaN,2,1,1,1,0,0,1,0,0,0,0,0,0,0,0,0,0,0,0,16,0,1,1,0,0,0,3,3,2,1,2,0,0,0,25,17,0
C:\Users\user\Desktop\STUFF A LOT OF 'EM\er\Design_Pattern\ant\src\testcases\org\apache\tools\ant\util\regexp\JakartaOroRegexpTest.java,org.apache.tools.ant.util.regexp.JakartaOroRegexpTest,class,3,3,0,3,2,4,0,0,1,0.0,0.0,0.0,2,0,2,0,0,0,2,0,0,0,0,0,0,0,0,0,0,0,0,8,1,0,0,0,0,0,0,0,0,0,0,0,0,0,13,1,0
C:\Users\user\Desktop\STUFF A LOT OF 'EM\er\Design_Pattern\ant\src\main\org\apache\tools\ant\taskdefs\condition\ConditionBase.java,org.apache.tools.ant.taskdefs.condition.ConditionBase,class,18,24,6,18,19,2,6,3,0,0.0,0.0,0.0,19,0,17,0,2,0,19,0,1,0,1,0,0,1,0,0,0,0,0,60,2,0,0,0,0,0,0,1,0,1,0,0,0,0,88,1025,0
C:\Users\user\Desktop\STUFF A LOT OF 'EM\er\Design_Pattern\ant\src\main\org\apache\tools\ant\taskdefs\ManifestTask.java,org.apache.tools.ant.taskdefs.ManifestTask,class,7,7,0,7,22,4,0,14,5,0.6428572,0.0,0.0,7,0,7,0,0,0,7,0,0,0,4,0,0,4,0,0,0,0,1,100,1,0,6,4,0,11,0,20,3,12,4,0,1,0,94,1,0
C:\Users\user\Desktop\STUFF A LOT OF 'EM\er\Design_Pattern\ant\src\main\org\apache\tools\ant\taskdefs\optional\sos\SOSCheckin.java,org.apache.tools.ant.taskdefs.optional.sos.SOSCheckin,class,3,3,0,3,6,3,0,10,6,0.0,0.0,0.0,4,0,3,0,1,0,4,0,1,0,0,0,0,0,0,0,0,0,0,32,1,0,2,0,0,0,0,1,0,0,1,0,0,0,74,1,0
C:\Users\user\Desktop\STUFF A LOT OF 'EM\er\Design_Pattern\ant\src\main\org\apache\tools\ant\util\OutputStreamFunneler.java,org.apache.tools.ant.util.OutputStreamFunneler,class,2,5,3,2,13,2,0,6,1,0.6571428,0.0,0.0,7,0,4,3,0,0,4,0,0,5,5,1,1,4,0,0,1,0,0,98,1,0,2,4,0,2,4,7,0,5,4,0,1,0,83,1,0
C:\Users\user\Desktop\STUFF A LOT OF 'EM\er\Design_Pattern\ant\src\main\org\apache\tools\ant\DynamicAttributeNS.java,org.apache.tools.ant.DynamicAttributeNS,interface,0,2,2,0,1,1,0,0,0,0.0,NaN,NaN,1,0,0,0,0,1,1,0,0,0,0,0,0,0,0,0,0,0,0,3,0,0,0,0,0,0,0,0,0,0,0,0,0,0,38,1,0
C:\Users\user\Desktop\STUFF A LOT OF 'EM\er\Design_Pattern\ant\src\main\org\apache\tools\ant\taskdefs\optional\perforce\FStatP4OutputHandler.java,org.apache.tools.ant.taskdefs.optional.perforce.FStatP4OutputHandler,class,3,4,1,3,6,2,0,5,0,0.5625,0.0,0.0,4,0,4,0,0,0,4,0,0,0,4,1,0,4,0,0,0,0,0,26,2,0,0,0,0,3,2,6,0,6,1,0,0,0,44,0,0
C:\Users\user\Desktop\STUFF A LOT OF 'EM\er\Design_Pattern\ant\src\main\org\apache\tools\ant\taskdefs\optional\depend\ClassFileIterator.java,org.apache.tools.ant.taskdefs.optional.depend.ClassFileIterator,interface,1,3,2,1,1,1,0,0,0,0.0,NaN,NaN,1,0,0,0,0,1,1,0,0,0,0,0,0,0,0,0,0,0,0,3,0,0,0,0,0,0,0,0,0,0,0,0,0,0,17,1,0
C:\Users\user\Desktop\STUFF A LOT OF 'EM\er\Design_Pattern\ant\src\testcases\org\apache\tools\ant\taskdefs\UnzipTest.java,org.apache.tools.ant.taskdefs.UnzipTest,class,2,2,0,2,15,2,0,9,105,0.0,0.0,0.0,15,0,15,0,0,0,15,0,0,0,0,0,0,0,0,0,0,0,0,62,0,0,0,0,0,41,0,3,0,3,0,0,0,0,51,1,0
C:\Users\user\Desktop\STUFF A LOT OF 'EM\er\Design_Pattern\ant\src\main\org\apache\tools\ant\taskdefs\optional\sos\SOSLabel.java,org.apache.tools.ant.taskdefs.optional.sos.SOSLabel,class,4,4,0,4,6,3,0,10,6,0.0,0.0,0.0,4,0,3,0,1,0,4,0,0,0,0,0,0,0,0,0,0,0,0,28,1,0,2,0,0,1,0,1,0,0,1,0,0,0,56,1,0
C:\Users\user\Desktop\STUFF A LOT OF 'EM\er\Design_Pattern\ant\src\main\org\apache\tools\ant\types\optional\image\Draw.java,org.apache.tools.ant.types.optional.image.Draw,class,8,9,1,8,10,5,0,10,17,0.71428573,0.0,0.0,7,0,7,0,0,0,7,0,0,0,2,0,0,0,2,0,0,0,0,43,1,1,0,0,3,4,3,12,2,9,2,0,0,0,35,1,0
C:\Users\user\Desktop\STUFF A LOT OF 'EM\er\Design_Pattern\ant\src\main\org\apache\tools\ant\util\LazyFileOutputStream.java,org.apache.tools.ant.util.LazyFileOutputStream,class,2,5,3,2,16,2,0,6,29,0.7424242,0.0,0.0,11,0,10,1,0,0,10,0,0,4,6,0,0,6,0,0,0,0,0,57,0,0,0,0,0,1,1,8,1,6,1,0,0,0,68,1,0
C:\Users\user\Desktop\STUFF A LOT OF 'EM\er\Design_Pattern\ant\src\main\org\apache\tools\ant\BuildEvent.java,org.apache.tools.ant.BuildEvent,class,4,22,18,4,11,1,0,3,25,0.7272727,0.0,0.0,11,0,11,0,0,0,11,0,0,0,6,0,0,6,0,0,0,0,0,51,6,0,0,0,0,0,0,13,0,6,0,0,0,0,75,1,0
C:\Users\user\Desktop\STUFF A LOT OF 'EM\er\Design_Pattern\ant\src\main\org\apache\tools\ant\taskdefs\condition\IsTrue.java,org.apache.tools.ant.taskdefs.condition.IsTrue,class,3,4,1,3,4,2,0,1,0,0.0,0.0,0.0,2,0,2,0,0,0,2,0,0,0,1,0,0,1,0,0,0,0,0,12,1,0,1,0,0,1,0,2,0,1,1,0,0,0,36,1,0
C:\Users\user\Desktop\STUFF A LOT OF 'EM\er\Design_Pattern\ant\src\main\org\apache\tools\ant\taskdefs\Exit.java,org.apache.tools.ant.taskdefs.Exit$NestedCondition,innerclass,3,3,0,3,2,3,0,4,0,0.0,NaN,NaN,1,0,1,0,0,0,1,0,0,0,0,0,0,0,0,0,0,0,0,8,1,0,1,0,2,1,1,0,0,0,1,0,0,0,13,2,0
C:\Users\user\Desktop\STUFF A LOT OF 'EM\er\Design_Pattern\ant\src\main\org\apache\tools\ant\taskdefs\Jikes.java,org.apache.tools.ant.taskdefs.Jikes,class,4,4,0,4,10,1,0,17,0,0.0,0.0,0.0,2,0,0,0,2,0,2,0,0,0,3,0,0,0,3,0,0,0,3,66,0,1,2,4,1,11,7,15,5,10,5,0,0,0,75,1,0
C:\Users\user\Desktop\STUFF A LOT OF 'EM\er\Design_Pattern\ant\src\testcases\org\apache\tools\ant\types\AddTypeTest.java,org.apache.tools.ant.types.AddTypeTest$AB,interface,2,2,0,2,0,1,0,0,0,0.0,-1.0,-1.0,0,0,0,0,0,0,0,0,0,0,0,0,0,0,0,0,0,0,0,2,0,0,0,0,0,0,0,0,0,0,0,0,0,0,2,9,0
C:\Users\user\Desktop\STUFF A LOT OF 'EM\er\Design_Pattern\ant\src\main\org\apache\tools\ant\taskdefs\optional\depend\Depend.java,org.apache.tools.ant.taskdefs.optional.depend.Depend$ClassFileInfo,innerclass,0,0,0,0,0,1,0,0,0,NaN,-1.0,-1.0,0,0,0,0,0,0,0,0,0,0,4,0,0,4,0,0,0,0,0,6,0,0,0,0,0,0,0,1,0,4,0,0,0,0,35,10,0
C:\Users\user\Desktop\STUFF A LOT OF 'EM\er\Design_Pattern\ant\src\main\org\apache\tools\ant\DynamicElement.java,org.apache.tools.ant.DynamicElement,interface,0,2,2,0,1,1,0,0,0,0.0,NaN,NaN,1,0,0,0,0,1,1,0,0,0,0,0,0,0,0,0,0,0,0,3,0,0,0,0,0,0,0,0,0,0,0,0,0,0,26,1,0
C:\Users\user\Desktop\STUFF A LOT OF 'EM\er\Design_Pattern\ant\src\testcases\org\apache\tools\ant\taskdefs\ChecksumTest.java,org.apache.tools.ant.taskdefs.ChecksumTest,class,3,4,1,3,12,3,0,16,66,0.0,0.0,0.0,12,0,11,1,0,0,11,0,0,0,0,0,0,0,0,0,0,0,1,56,0,0,0,0,0,35,0,3,2,3,0,0,0,0,52,1,0
C:\Users\user\Desktop\STUFF A LOT OF 'EM\er\Design_Pattern\ant\src\testcases\org\example\junit\Output.java,org.example.junit.Output,class,1,1,0,1,2,2,0,1,1,0.0,0.0,0.0,2,0,2,0,0,0,2,0,0,0,0,0,0,0,0,0,0,0,0,8,0,0,0,0,0,1,0,0,0,0,0,0,0,0,17,1,0
C:\Users\user\Desktop\STUFF A LOT OF 'EM\er\Design_Pattern\ant\src\main\org\apache\tools\ant\taskdefs\Ear.java,org.apache.tools.ant.taskdefs.Ear,class,5,5,0,5,14,3,0,15,13,0.7142858,0.0,0.0,7,0,4,0,3,0,7,0,0,0,3,1,0,3,0,0,1,0,0,51,0,0,2,0,0,12,0,7,2,4,2,0,0,0,95,1,0
C:\Users\user\Desktop\STUFF A LOT OF 'EM\er\Design_Pattern\ant\src\main\org\apache\tools\ant\taskdefs\Get.java,org.apache.tools.ant.taskdefs.Get,class,4,5,1,4,43,3,0,34,14,0.75,0.0,0.0,8,0,8,0,0,0,8,0,0,0,7,0,0,7,0,0,0,0,1,204,4,2,10,4,3,24,12,37,11,26,5,0,1,0,180,1,0
C:\Users\user\Desktop\STUFF A LOT OF 'EM\er\Design_Pattern\ant\src\testcases\org\apache\tools\ant\taskdefs\FilterTest.java,org.apache.tools.ant.taskdefs.FilterTest,class,2,3,1,2,16,3,0,12,78,0.0,0.0,0.0,13,0,12,1,0,0,12,0,0,0,0,0,0,0,0,0,0,0,0,68,1,0,0,2,0,36,0,5,3,3,2,0,0,0,54,1,0
C:\Users\user\Desktop\STUFF A LOT OF 'EM\er\Design_Pattern\ant\src\main\org\apache\tools\ant\taskdefs\condition\Condition.java,org.apache.tools.ant.taskdefs.condition.Condition,interface,0,19,19,0,1,1,0,0,0,0.0,NaN,NaN,1,0,0,0,0,1,1,0,0,0,0,0,0,0,0,0,0,0,0,3,0,0,0,0,0,0,0,0,0,0,0,0,0,0,19,1,0
C:\Users\user\Desktop\STUFF A LOT OF 'EM\er\Design_Pattern\ant\src\main\org\apache\tools\ant\taskdefs\JDBCTask.java,org.apache.tools.ant.taskdefs.JDBCTask,class,8,10,2,8,48,3,1,25,216,0.88257575,0.0,0.0,24,1,19,1,4,0,23,0,0,0,11,1,0,11,0,0,0,0,1,176,17,0,14,3,1,27,3,31,13,18,5,0,0,0,179,1025,0
C:\Users\user\Desktop\STUFF A LOT OF 'EM\er\Design_Pattern\ant\src\main\org\apache\tools\ant\util\depend\bcel\FullAnalyzer.java,org.apache.tools.ant.util.depend.bcel.FullAnalyzer,class,5,5,0,5,16,2,0,19,3,0.0,0.0,0.0,3,0,1,0,2,0,3,0,0,0,0,0,0,0,0,0,0,0,0,65,1,6,2,2,0,3,3,20,1,18,4,0,0,0,90,1,0
C:\Users\user\Desktop\STUFF A LOT OF 'EM\er\Design_Pattern\ant\src\main\org\apache\tools\ant\types\XMLCatalog.java,org.apache.tools.ant.types.XMLCatalog$CatalogResolver,interface,4,4,0,4,2,1,0,0,1,0.0,0.0,0.0,2,0,0,0,0,2,2,0,0,0,0,0,0,0,0,0,0,0,0,4,0,0,0,0,0,0,0,0,0,0,0,0,0,0,20,2,0
C:\Users\user\Desktop\STUFF A LOT OF 'EM\er\Design_Pattern\ant\src\main\org\apache\tools\bzip2\BZip2Constants.java,org.apache.tools.bzip2.BZip2Constants,interface,1,3,2,1,0,1,0,0,0,NaN,-1.0,-1.0,0,0,0,0,0,0,0,0,0,0,11,0,0,0,0,11,0,0,0,13,0,0,0,0,2,0,523,11,2,11,0,0,0,0,37,1,0
C:\Users\user\Desktop\STUFF A LOT OF 'EM\er\Design_Pattern\ant\src\testcases\org\apache\tools\ant\taskdefs\optional\perforce\P4ChangeTest.java,org.apache.tools.ant.taskdefs.optional.perforce.P4ChangeTest,class,3,3,0,3,4,2,0,3,0,0.25,0.0,0.0,4,0,3,0,1,0,4,0,0,0,1,0,0,0,1,0,0,0,0,21,0,0,0,0,0,7,0,7,1,7,0,0,0,0,31,1,0
C:\Users\user\Desktop\STUFF A LOT OF 'EM\er\Design_Pattern\ant\src\main\org\apache\tools\ant\types\selectors\modifiedselector\ModifiedSelector.java,org.apache.tools.ant.types.selectors.modifiedselector.ModifiedSelector$AlgorithmName,innerclass,1,1,0,1,1,2,0,0,0,0.0,NaN,NaN,1,0,1,0,0,0,1,0,0,0,0,0,0,0,0,0,0,0,0,5,1,0,0,0,0,2,0,0,0,0,0,0,0,0,6,9,0
C:\Users\user\Desktop\STUFF A LOT OF 'EM\er\Design_Pattern\ant\src\main\org\apache\tools\ant\util\regexp\Regexp.java,org.apache.tools.ant.util.regexp.Regexp,interface,1,12,11,1,1,1,0,0,0,1.0,NaN,NaN,1,0,0,0,0,1,1,0,0,0,2,0,0,0,0,2,0,0,0,5,0,0,0,0,0,0,2,2,0,2,0,0,0,0,54,1,0
C:\Users\user\Desktop\STUFF A LOT OF 'EM\er\Design_Pattern\ant\src\testcases\org\apache\tools\ant\taskdefs\WarTest.java,org.apache.tools.ant.taskdefs.WarTest,class,1,1,0,1,4,2,0,2,6,0.75,0.0,0.0,4,0,4,0,0,0,4,0,0,0,1,1,1,0,0,0,1,0,0,15,0,0,0,0,0,3,0,1,0,1,0,0,0,0,36,1,0
C:\Users\user\Desktop\STUFF A LOT OF 'EM\er\Design_Pattern\ant\src\testcases\org\apache\tools\ant\taskdefs\ZipTest.java,org.apache.tools.ant.taskdefs.ZipTest,class,1,1,0,1,22,2,0,17,103,0.8666667,0.0,0.0,15,0,15,0,0,0,15,0,0,0,1,0,0,0,0,1,0,0,2,71,0,0,6,1,0,31,2,6,0,5,2,0,0,0,63,1,0
C:\Users\user\Desktop\STUFF A LOT OF 'EM\er\Design_Pattern\ant\src\main\org\apache\tools\ant\taskdefs\Rename.java,org.apache.tools.ant.taskdefs.Rename,class,3,3,0,3,9,2,0,6,0,0.5,0.0,0.0,4,0,4,0,0,0,4,0,0,0,3,0,0,3,0,0,0,0,1,32,0,0,2,1,0,6,0,4,2,3,1,0,0,0,46,1,0
C:\Users\user\Desktop\STUFF A LOT OF 'EM\er\Design_Pattern\ant\src\main\org\apache\tools\ant\taskdefs\Zip.java,org.apache.tools.ant.taskdefs.Zip$Duplicate,innerclass,1,1,0,1,1,2,0,0,0,0.0,NaN,NaN,1,0,1,0,0,0,1,0,0,0,0,0,0,0,0,0,0,0,0,5,1,0,0,0,0,3,0,0,0,0,0,0,0,0,13,9,0
C:\Users\user\Desktop\STUFF A LOT OF 'EM\er\Design_Pattern\ant\src\main\org\apache\tools\ant\Location.java,org.apache.tools.ant.Location,class,2,17,15,2,11,1,0,9,5,0.6428572,0.0,0.0,7,0,6,1,0,0,6,0,0,0,4,1,1,3,0,0,1,0,0,43,3,0,3,0,0,3,5,6,0,5,2,0,0,0,93,1,0
C:\Users\user\Desktop\STUFF A LOT OF 'EM\er\Design_Pattern\ant\src\main\org\apache\tools\ant\taskdefs\optional\depend\constantpool\InterfaceMethodRefCPInfo.java,org.apache.tools.ant.taskdefs.optional.depend.constantpool.InterfaceMethodRefCPInfo,class,4,6,2,4,8,2,0,9,3,0.5714286,0.0,0.0,7,0,7,0,0,0,7,0,0,0,5,0,0,5,0,0,0,0,0,43,4,0,0,0,0,5,1,9,2,8,1,0,0,0,73,1,0
C:\Users\user\Desktop\STUFF A LOT OF 'EM\er\Design_Pattern\ant\src\main\org\apache\tools\ant\taskdefs\optional\pvcs\PvcsProject.java,org.apache.tools.ant.taskdefs.optional.pvcs.PvcsProject,class,0,1,1,0,3,1,0,0,1,0.33333334,0.0,0.0,3,0,3,0,0,0,3,0,0,0,1,0,0,1,0,0,0,0,0,12,1,0,0,0,0,0,0,1,0,1,0,0,0,0,22,1,0
C:\Users\user\Desktop\STUFF A LOT OF 'EM\er\Design_Pattern\ant\src\main\org\apache\tools\ant\taskdefs\optional\unix\Chown.java,org.apache.tools.ant.taskdefs.optional.unix.Chown,class,2,2,0,2,5,3,0,6,4,0.5,0.0,0.0,4,0,3,0,1,0,4,0,0,0,1,0,0,1,0,0,0,0,0,19,0,0,0,0,0,5,0,2,2,1,1,0,0,0,57,1,0
C:\Users\user\Desktop\STUFF A LOT OF 'EM\er\Design_Pattern\ant\src\main\org\apache\tools\ant\types\optional\image\Scale.java,org.apache.tools.ant.types.optional.image.Scale$ProportionsAttribute,innerclass,1,1,0,1,1,2,0,0,0,0.0,NaN,NaN,1,0,1,0,0,0,1,0,0,0,0,0,0,0,0,0,0,0,0,5,1,0,0,0,0,5,0,0,0,0,0,0,0,0,5,9,0
C:\Users\user\Desktop\STUFF A LOT OF 'EM\er\Design_Pattern\ant\src\testcases\org\apache\tools\ant\taskdefs\optional\sitraka\ClassPathLoaderTest.java,org.apache.tools.ant.taskdefs.optional.sitraka.ClassPathLoaderTest,class,3,3,0,3,3,2,0,5,1,0.0,0.0,0.0,2,0,2,0,0,0,2,0,0,0,0,0,0,0,0,0,0,0,0,12,0,0,0,0,0,0,1,3,0,3,0,0,0,0,20,1,0
C:\Users\user\Desktop\STUFF A LOT OF 'EM\er\Design_Pattern\ant\src\main\org\apache\tools\ant\taskdefs\optional\ide\VAJLocalUtil.java,org.apache.tools.ant.taskdefs.optional.ide.VAJLocalUtil,class,13,20,7,13,66,1,4,71,66,0.9166667,0.0,0.0,12,3,3,6,0,3,6,0,0,0,1,1,0,1,0,0,0,0,16,261,6,12,15,8,5,65,12,56,25,45,4,0,0,0,176,1024,0
C:\Users\user\Desktop\STUFF A LOT OF 'EM\er\Design_Pattern\ant\src\main\org\apache\tools\ant\taskdefs\optional\metamata\MParse.java,org.apache.tools.ant.taskdefs.optional.metamata.MParse,class,11,12,1,11,39,4,0,45,77,0.82666665,0.0,0.0,15,0,7,0,8,0,15,0,0,0,5,0,0,5,0,0,0,0,0,162,4,3,7,4,0,26,6,40,11,28,3,0,0,0,169,1,0
C:\Users\user\Desktop\STUFF A LOT OF 'EM\er\Design_Pattern\ant\src\main\org\apache\tools\ant\filters\TokenFilter.java,org.apache.tools.ant.filters.TokenFilter$DeleteCharacters$Anonymous1,anonymous,1,1,0,1,4,1,0,2,0,0.0,NaN,NaN,1,0,1,0,0,0,1,0,0,0,0,0,0,0,0,0,0,0,0,13,2,1,1,0,1,0,1,1,0,1,2,0,0,0,14,-1,0
C:\Users\user\Desktop\STUFF A LOT OF 'EM\er\Design_Pattern\ant\src\main\org\apache\tools\ant\taskdefs\Filter.java,org.apache.tools.ant.taskdefs.Filter,class,5,6,1,5,15,3,0,7,0,0.53333336,0.0,0.0,5,0,4,0,1,0,5,0,0,0,3,0,0,3,0,0,0,0,0,31,0,0,6,0,0,4,0,5,2,5,1,0,0,0,57,1,0
C:\Users\user\Desktop\STUFF A LOT OF 'EM\er\Design_Pattern\ant\src\main\org\apache\tools\ant\taskdefs\optional\metamata\MAudit.java,org.apache.tools.ant.taskdefs.optional.metamata.MAudit,class,9,10,1,9,39,4,0,17,92,0.875,0.0,0.0,16,0,12,0,4,0,16,0,0,0,12,1,0,11,0,1,1,0,1,145,5,1,10,2,0,16,2,34,1,19,3,0,0,0,186,1,0
C:\Users\user\Desktop\STUFF A LOT OF 'EM\er\Design_Pattern\ant\src\main\org\apache\tools\ant\taskdefs\XSLTLogger.java,org.apache.tools.ant.taskdefs.XSLTLogger,interface,0,3,3,0,1,1,0,0,0,0.0,NaN,NaN,1,0,0,0,0,1,1,0,0,0,0,0,0,0,0,0,0,0,0,3,0,0,0,0,0,0,0,0,0,0,0,0,0,0,10,1,0
C:\Users\user\Desktop\STUFF A LOT OF 'EM\er\Design_Pattern\ant\src\testcases\org\apache\tools\ant\types\selectors\TypeSelectorTest.java,org.apache.tools.ant.types.selectors.TypeSelectorTest,class,4,5,1,4,5,3,0,10,6,0.0,0.0,0.0,4,0,4,0,0,0,4,0,0,0,0,0,0,0,0,0,0,0,0,40,1,0,0,2,0,6,2,7,0,5,1,0,0,0,54,1,0
C:\Users\user\Desktop\STUFF A LOT OF 'EM\er\Design_Pattern\ant\src\main\org\apache\tools\ant\filters\StripLineBreaks.java,org.apache.tools.ant.filters.StripLineBreaks,class,5,6,1,5,14,5,0,11,9,0.7619048,0.0,0.0,7,0,5,2,0,0,5,0,5,0,3,2,0,3,0,0,2,0,0,54,3,2,4,0,0,2,3,12,0,8,3,0,0,0,115,17,0
C:\Users\user\Desktop\STUFF A LOT OF 'EM\er\Design_Pattern\ant\src\main\org\apache\tools\ant\taskdefs\ConditionTask.java,org.apache.tools.ant.taskdefs.ConditionTask,class,5,5,0,5,7,3,0,7,0,0.33333334,0.0,0.0,3,0,3,0,0,0,3,0,0,0,2,0,0,2,0,0,0,0,0,29,0,0,1,0,0,9,2,5,4,3,1,0,0,0,75,1,0
C:\Users\user\Desktop\STUFF A LOT OF 'EM\er\Design_Pattern\ant\src\testcases\org\apache\tools\ant\taskdefs\DeltreeTest.java,org.apache.tools.ant.taskdefs.DeltreeTest,class,1,1,0,1,4,3,0,3,6,0.0,0.0,0.0,4,0,4,0,0,0,4,0,0,0,0,0,0,0,0,0,0,0,0,14,0,0,0,0,0,4,0,0,0,0,0,0,0,0,20,1,0
C:\Users\user\Desktop\STUFF A LOT OF 'EM\er\Design_Pattern\ant\src\testcases\org\apache\tools\ant\taskdefs\optional\RhinoReferenceTest.java,org.apache.tools.ant.taskdefs.optional.RhinoReferenceTest,class,1,1,0,1,3,2,0,2,3,0.0,0.0,0.0,3,0,3,0,0,0,3,0,0,0,0,0,0,0,0,0,0,0,0,11,0,0,0,0,0,2,0,0,0,0,0,0,0,0,28,1,0
C:\Users\user\Desktop\STUFF A LOT OF 'EM\er\Design_Pattern\ant\src\main\org\apache\tools\ant\taskdefs\GenerateKey.java,org.apache.tools.ant.taskdefs.GenerateKey$DnameParam,innerclass,0,0,0,0,4,1,0,0,2,0.5,0.0,0.0,4,0,4,0,0,0,4,0,0,0,2,0,0,2,0,0,0,0,0,16,2,0,0,0,0,0,0,2,0,2,0,0,0,0,8,9,0
C:\Users\user\Desktop\STUFF A LOT OF 'EM\er\Design_Pattern\ant\src\main\org\apache\tools\ant\types\optional\image\Scale.java,org.apache.tools.ant.types.optional.image.Scale,class,7,9,2,7,21,6,0,21,18,0.75,0.0,0.0,8,0,8,0,0,0,8,0,0,0,5,0,0,5,0,0,0,0,6,100,9,2,0,0,7,11,11,37,7,18,2,0,1,0,51,1,0
C:\Users\user\Desktop\STUFF A LOT OF 'EM\er\Design_Pattern\ant\src\main\org\apache\tools\ant\Project.java,org.apache.tools.ant.Project,class,22,217,195,22,191,3,0,145,4502,0.9675122,0.0,0.0,101,4,89,5,7,0,97,0,3,3,32,15,12,20,0,0,15,0,36,755,42,18,32,7,11,65,10,148,27,124,5,0,1,0,634,1,0
C:\Users\user\Desktop\STUFF A LOT OF 'EM\er\Design_Pattern\ant\src\main\org\apache\tools\ant\taskdefs\optional\junit\AggregateTransformer.java,org.apache.tools.ant.taskdefs.optional.junit.AggregateTransformer$Format,innerclass,1,1,0,1,1,2,0,0,0,0.0,NaN,NaN,1,0,1,0,0,0,1,0,0,0,0,0,0,0,0,0,0,0,0,5,1,0,0,0,0,0,0,0,0,0,0,0,0,0,5,9,0
C:\Users\user\Desktop\STUFF A LOT OF 'EM\er\Design_Pattern\ant\src\main\org\apache\tools\ant\taskdefs\optional\junit\DOMUtil.java,org.apache.tools.ant.taskdefs.optional.junit.DOMUtil$NodeListImpl,innerclass,2,2,0,2,3,4,0,2,1,0.0,0.0,0.0,2,0,2,0,0,0,2,0,0,0,0,0,0,0,0,0,0,0,0,13,3,0,0,1,0,0,0,0,0,0,1,0,0,0,24,9,0
C:\Users\user\Desktop\STUFF A LOT OF 'EM\er\Design_Pattern\ant\src\main\org\apache\tools\ant\taskdefs\Deltree.java,org.apache.tools.ant.taskdefs.Deltree,class,3,4,1,3,12,3,0,8,0,0.0,0.0,0.0,3,0,2,1,0,0,2,0,0,0,1,0,0,1,0,0,0,0,0,46,1,1,1,1,0,8,1,6,6,6,3,0,0,0,47,1,0
C:\Users\user\Desktop\STUFF A LOT OF 'EM\er\Design_Pattern\ant\src\main\org\apache\tools\ant\types\Permissions.java,org.apache.tools.ant.types.Permissions$Permission,innerclass,1,1,0,1,19,1,0,16,2,0.61111116,0.0,0.0,9,0,7,1,0,1,8,0,0,0,4,0,0,4,0,0,0,0,0,67,10,1,3,0,1,7,3,9,2,9,3,0,0,0,46,9,0
C:\Users\user\Desktop\STUFF A LOT OF 'EM\er\Design_Pattern\ant\src\main\org\apache\tools\ant\taskdefs\optional\ide\VAJWorkspaceScanner.java,org.apache.tools.ant.taskdefs.optional.ide.VAJWorkspaceScanner,class,4,6,2,4,24,2,0,21,8,0.70000005,0.0,0.0,5,0,5,0,0,0,5,0,0,0,2,1,0,2,0,0,1,0,4,81,2,7,4,1,0,8,13,32,3,24,4,0,0,0,124,0,0
C:\Users\user\Desktop\STUFF A LOT OF 'EM\er\Design_Pattern\ant\src\main\org\apache\tools\ant\types\selectors\ExtendFileSelector.java,org.apache.tools.ant.types.selectors.ExtendFileSelector,interface,2,4,2,2,0,1,0,0,0,0.0,-1.0,-1.0,0,0,0,0,0,0,0,0,0,0,0,0,0,0,0,0,0,0,0,2,0,0,0,0,0,0,0,0,0,0,0,0,0,0,46,1,0
C:\Users\user\Desktop\STUFF A LOT OF 'EM\er\Design_Pattern\ant\src\main\org\apache\tools\ant\taskdefs\optional\XMLValidateTask.java,org.apache.tools.ant.taskdefs.optional.XMLValidateTask$ValidatorErrorHandler,innerclass,3,3,0,3,12,1,0,8,9,0.7619048,0.0,0.0,7,0,5,2,0,0,5,0,0,0,3,0,0,0,3,0,0,0,0,41,3,0,3,1,4,5,2,10,3,6,2,0,0,0,59,4,0
C:\Users\user\Desktop\STUFF A LOT OF 'EM\er\Design_Pattern\ant\src\main\org\apache\tools\ant\taskdefs\optional\ssh\SSHExec.java,org.apache.tools.ant.taskdefs.optional.ssh.SSHExec,class,9,10,1,9,29,3,0,30,14,0.796875,0.0,0.0,8,0,7,1,0,0,7,0,0,0,8,1,0,8,0,0,2,0,0,148,0,1,10,2,0,10,7,26,3,18,4,1,0,0,149,1,0
C:\Users\user\Desktop\STUFF A LOT OF 'EM\er\Design_Pattern\ant\src\main\org\apache\tools\ant\taskdefs\XSLTProcess.java,org.apache.tools.ant.taskdefs.XSLTProcess$Param,innerclass,2,2,0,2,14,1,0,1,18,0.75,0.0,0.0,8,0,8,0,0,0,8,0,0,0,5,0,0,5,0,0,0,0,0,43,5,0,6,0,0,2,0,7,0,5,1,0,0,0,66,9,0
C:\Users\user\Desktop\STUFF A LOT OF 'EM\er\Design_Pattern\ant\src\testcases\org\apache\tools\ant\taskdefs\optional\junit\JUnitVersionHelperTest.java,org.apache.tools.ant.taskdefs.optional.junit.JUnitVersionHelperTest$Foo,innerclass,2,2,0,2,2,1,0,0,1,0.0,0.0,0.0,2,0,2,0,0,0,2,0,0,0,0,0,0,0,0,0,0,0,0,7,1,0,0,0,0,0,1,0,0,0,0,0,0,0,7,9,0
C:\Users\user\Desktop\STUFF A LOT OF 'EM\er\Design_Pattern\ant\src\etc\testcases\taskdefs\optional\depend\src4\test\Outer.java,test.Outer$Inner,innerclass,0,0,0,0,0,1,0,0,0,0.0,-1.0,-1.0,0,0,0,0,0,0,0,0,0,0,0,0,0,0,0,0,0,0,0,2,0,0,0,0,0,0,0,0,0,0,0,0,0,0,1,8,0
C:\Users\user\Desktop\STUFF A LOT OF 'EM\er\Design_Pattern\ant\src\main\org\apache\tools\ant\taskdefs\Patch.java,org.apache.tools.ant.taskdefs.Patch,class,6,6,0,6,24,2,0,16,0,0.65000004,0.0,0.0,10,0,10,0,0,0,10,0,0,0,4,0,0,4,0,0,0,0,0,85,0,0,3,1,0,15,1,7,4,6,2,0,0,0,117,1,0
C:\Users\user\Desktop\STUFF A LOT OF 'EM\er\Design_Pattern\ant\src\main\org\apache\tools\ant\taskdefs\Zip.java,org.apache.tools.ant.taskdefs.Zip,class,25,27,2,25,179,4,1,120,392,0.89864844,0.0,0.0,37,1,22,1,14,0,36,0,4,1,24,2,0,16,8,0,1,0,6,690,22,22,33,10,11,91,79,188,45,118,5,0,3,0,444,1,0
C:\Users\user\Desktop\STUFF A LOT OF 'EM\er\Design_Pattern\ant\src\testcases\org\example\junit\ThreadedOutput.java,org.example.junit.ThreadedOutput,class,1,1,0,1,2,2,0,2,1,0.0,0.0,0.0,2,0,2,0,0,0,2,0,0,0,0,0,0,0,0,0,0,0,0,15,0,0,0,0,0,0,0,1,0,1,0,1,0,0,23,1,0
C:\Users\user\Desktop\STUFF A LOT OF 'EM\er\Design_Pattern\ant\src\main\org\apache\tools\ant\DynamicAttribute.java,org.apache.tools.ant.DynamicAttribute,interface,0,3,3,0,1,1,0,0,0,0.0,NaN,NaN,1,0,0,0,0,1,1,0,0,0,0,0,0,0,0,0,0,0,0,3,0,0,0,0,0,0,0,0,0,0,0,0,0,0,25,1,0
C:\Users\user\Desktop\STUFF A LOT OF 'EM\er\Design_Pattern\ant\src\main\org\apache\tools\ant\taskdefs\optional\ide\VAJAntTool.java,org.apache.tools.ant.taskdefs.optional.ide.VAJAntTool,class,7,9,2,7,9,1,0,13,1,0.33333334,0.0,0.0,3,3,3,0,0,0,3,0,0,0,1,1,0,1,0,0,1,0,4,49,1,0,0,3,0,5,3,13,2,10,2,0,0,0,80,1,0
C:\Users\user\Desktop\STUFF A LOT OF 'EM\er\Design_Pattern\ant\src\testcases\org\apache\tools\ant\taskdefs\SQLExecTest.java,org.apache.tools.ant.taskdefs.SQLExecTest$NullDriver,innerclass,0,0,0,0,6,1,0,0,15,0.0,0.0,0.0,6,0,6,0,0,0,6,0,0,0,0,0,0,0,0,0,0,0,0,20,6,0,0,0,0,0,3,0,0,0,0,0,0,0,24,9,0
C:\Users\user\Desktop\STUFF A LOT OF 'EM\er\Design_Pattern\ant\src\main\org\apache\tools\ant\taskdefs\Execute.java,org.apache.tools.ant.taskdefs.Execute$CommandLauncherProxy,innerclass,2,2,0,2,2,2,0,1,1,0.5,0.0,0.0,2,0,1,0,0,1,2,0,0,0,1,0,0,1,0,0,0,0,0,9,1,0,0,0,0,0,0,1,0,1,0,0,0,0,44,10,0
C:\Users\user\Desktop\STUFF A LOT OF 'EM\er\Design_Pattern\ant\src\main\org\apache\tools\ant\taskdefs\Tar.java,org.apache.tools.ant.taskdefs.Tar$TarLongFileMode,innerclass,1,1,0,1,7,2,0,3,19,0.8333333,0.0,0.0,7,0,7,0,0,0,7,0,0,0,2,1,1,1,0,0,2,0,0,26,6,0,0,0,0,5,0,6,0,6,0,0,0,0,49,9,0
C:\Users\user\Desktop\STUFF A LOT OF 'EM\er\Design_Pattern\ant\src\main\org\apache\tools\ant\taskdefs\optional\sitraka\bytecode\ClassPathLoader.java,org.apache.tools.ant.taskdefs.optional.sitraka.bytecode.NullLoader,class,2,4,2,2,4,1,0,0,4,0.5,0.0,0.0,4,0,2,0,0,2,4,0,0,0,1,0,0,1,0,0,0,0,0,15,2,0,0,0,0,0,1,1,0,1,0,0,0,0,18,16,0
C:\Users\user\Desktop\STUFF A LOT OF 'EM\er\Design_Pattern\ant\src\main\org\apache\tools\ant\taskdefs\Manifest.java,org.apache.tools.ant.taskdefs.Manifest$Section,innerclass,4,4,0,4,52,1,0,36,38,0.703125,0.0,0.0,16,0,15,1,0,0,15,0,0,0,4,0,0,4,0,0,0,0,0,189,16,7,22,0,1,26,4,39,8,32,4,0,0,0,175,9,0
C:\Users\user\Desktop\STUFF A LOT OF 'EM\er\Design_Pattern\ant\src\main\org\apache\tools\ant\taskdefs\Javadoc.java,org.apache.tools.ant.taskdefs.Javadoc$ExtensionInfo,innerclass,4,4,0,4,8,2,0,5,7,0.5833334,0.0,0.0,6,0,6,0,0,0,6,0,0,0,2,0,0,2,0,0,0,0,0,30,3,0,2,0,0,0,0,3,0,2,1,0,0,0,63,9,0
C:\Users\user\Desktop\STUFF A LOT OF 'EM\er\Design_Pattern\ant\src\main\org\apache\tools\ant\types\PropertySet.java,org.apache.tools.ant.types.PropertySet,class,13,18,5,13,49,4,0,52,126,0.8991596,0.0,0.0,17,0,14,1,2,0,16,0,2,0,7,0,0,7,0,0,0,0,2,230,5,5,12,0,1,5,1,46,2,38,4,0,2,0,145,1,0
C:\Users\user\Desktop\STUFF A LOT OF 'EM\er\Design_Pattern\ant\src\testcases\org\apache\tools\ant\taskdefs\ExecTaskTest.java,org.apache.tools.ant.taskdefs.ExecTaskTest$MonitoredBuildListener,innerclass,2,2,0,2,8,1,0,3,21,0.0,0.0,0.0,7,0,7,0,0,0,7,0,0,0,0,0,0,0,0,0,0,0,0,19,0,0,0,0,0,1,0,1,0,0,1,0,0,0,13,2,0
C:\Users\user\Desktop\STUFF A LOT OF 'EM\er\Design_Pattern\ant\src\main\org\apache\tools\ant\Target.java,org.apache.tools.ant.Target,class,9,32,23,9,55,1,0,31,259,0.86574066,0.0,0.0,27,0,23,2,0,2,25,0,1,0,8,0,0,8,0,0,0,0,1,170,16,5,7,1,6,22,5,32,6,25,4,0,0,0,204,1,0
C:\Users\user\Desktop\STUFF A LOT OF 'EM\er\Design_Pattern\ant\src\main\org\apache\tools\ant\taskdefs\optional\ejb\EjbJar.java,org.apache.tools.ant.taskdefs.optional.ejb.EjbJar$CMPVersion,innerclass,1,1,0,1,1,2,0,0,0,0.0,NaN,NaN,1,0,1,0,0,0,1,0,0,0,2,2,2,0,0,0,2,0,0,7,1,0,0,0,0,2,0,2,0,2,0,0,0,0,17,9,0
C:\Users\user\Desktop\STUFF A LOT OF 'EM\er\Design_Pattern\ant\src\testcases\org\apache\tools\ant\util\LazyFileOutputStreamTest.java,org.apache.tools.ant.util.LazyFileOutputStreamTest,class,3,3,0,3,7,2,0,6,0,0.14285715,0.0,0.0,7,0,7,0,0,0,7,0,0,0,2,1,0,2,0,0,1,0,0,37,0,0,0,1,0,5,2,2,4,2,1,0,0,0,30,1,0
C:\Users\user\Desktop\STUFF A LOT OF 'EM\er\Design_Pattern\ant\src\main\org\apache\tools\ant\taskdefs\optional\perforce\P4Handler.java,org.apache.tools.ant.taskdefs.optional.perforce.P4Handler,interface,1,6,5,1,2,1,0,0,1,0.0,0.0,0.0,2,0,0,0,0,2,2,0,0,0,0,0,0,0,0,0,0,0,0,4,0,0,0,0,0,0,0,0,0,0,0,0,0,0,43,1,0
C:\Users\user\Desktop\STUFF A LOT OF 'EM\er\Design_Pattern\ant\src\main\org\apache\tools\ant\types\DirSet.java,org.apache.tools.ant.types.DirSet,class,3,8,5,3,4,4,0,5,3,0.0,0.0,0.0,3,0,2,0,1,0,3,0,0,0,0,0,0,0,0,0,0,0,0,16,2,0,0,0,1,0,0,0,0,0,1,0,0,0,34,1,0
C:\Users\user\Desktop\STUFF A LOT OF 'EM\er\Design_Pattern\ant\src\testcases\org\apache\tools\ant\taskdefs\ReplaceTest.java,org.apache.tools.ant.taskdefs.ReplaceTest,class,2,3,1,2,17,2,0,10,78,1.0,0.0,0.0,13,0,13,0,0,0,13,0,0,0,1,1,0,1,0,0,1,0,0,66,0,1,3,1,0,24,2,8,1,5,2,0,0,0,58,1,0
C:\Users\user\Desktop\STUFF A LOT OF 'EM\er\Design_Pattern\ant\src\main\org\apache\tools\ant\taskdefs\optional\junit\JUnitTask.java,org.apache.tools.ant.taskdefs.optional.junit.JUnitTask$SummaryAttribute,innerclass,1,1,0,1,2,2,0,2,1,0.0,0.0,0.0,2,0,2,0,0,0,2,0,0,0,0,0,0,0,0,0,0,0,0,9,2,0,0,0,0,11,0,1,0,1,0,0,0,0,22,9,0
C:\Users\user\Desktop\STUFF A LOT OF 'EM\er\Design_Pattern\ant\src\main\org\apache\tools\ant\taskdefs\MacroDef.java,org.apache.tools.ant.taskdefs.MacroDef$Attribute,innerclass,3,3,0,3,17,1,0,5,4,0.5833333,0.0,0.0,8,0,8,0,0,0,8,0,0,0,3,0,0,3,0,0,0,0,3,55,11,0,6,0,0,2,0,4,2,4,2,0,0,0,52,9,0
C:\Users\user\Desktop\STUFF A LOT OF 'EM\er\Design_Pattern\ant\src\main\org\apache\tools\ant\taskdefs\optional\ejb\WebsphereDeploymentTool.java,org.apache.tools.ant.taskdefs.optional.ejb.WebsphereDeploymentTool$Anonymous1,anonymous,0,0,0,0,1,1,0,0,0,0.0,NaN,NaN,1,0,0,0,1,0,1,0,0,0,0,0,0,0,0,0,0,0,0,4,0,0,0,0,0,0,0,0,0,0,0,0,0,0,2,-1,0
C:\Users\user\Desktop\STUFF A LOT OF 'EM\er\Design_Pattern\ant\src\testcases\org\apache\tools\ant\TopLevelTaskTest.java,org.apache.tools.ant.TopLevelTaskTest,class,1,1,0,1,4,2,0,2,6,0.0,0.0,0.0,4,0,4,0,0,0,4,0,0,0,0,0,0,0,0,0,0,0,0,17,0,0,0,0,0,9,0,0,0,0,0,0,0,0,29,1,0
C:\Users\user\Desktop\STUFF A LOT OF 'EM\er\Design_Pattern\ant\src\main\org\apache\tools\ant\taskdefs\ExecuteWatchdog.java,org.apache.tools.ant.taskdefs.ExecuteWatchdog,class,4,11,7,4,15,1,0,7,4,0.6,0.0,0.0,9,0,8,0,1,0,9,0,0,2,5,0,0,5,0,0,0,0,0,66,2,0,3,2,0,3,0,14,1,5,3,0,0,0,131,1,0
C:\Users\user\Desktop\STUFF A LOT OF 'EM\er\Design_Pattern\ant\src\main\org\apache\tools\ant\taskdefs\optional\perforce\P4Delete.java,org.apache.tools.ant.taskdefs.optional.perforce.P4Delete,class,3,3,0,3,4,2,0,1,0,0.0,0.0,0.0,2,0,2,0,0,0,2,0,0,0,1,0,1,0,0,0,0,0,0,15,0,0,2,0,0,4,0,3,2,1,1,0,0,0,68,1,0
C:\Users\user\Desktop\STUFF A LOT OF 'EM\er\Design_Pattern\ant\src\main\org\apache\tools\ant\taskdefs\optional\ejb\BorlandGenerateClient.java,org.apache.tools.ant.taskdefs.optional.ejb.BorlandGenerateClient,class,9,11,2,9,32,3,0,32,22,0.75,0.0,0.0,13,0,9,0,4,0,13,0,0,0,8,2,0,0,0,8,2,0,0,156,1,0,10,3,1,47,1,27,9,16,2,0,0,0,123,1,0
C:\Users\user\Desktop\STUFF A LOT OF 'EM\er\Design_Pattern\ant\src\main\org\apache\tools\ant\taskdefs\Javadoc.java,org.apache.tools.ant.taskdefs.Javadoc,class,29,30,1,29,225,10,0,118,2669,0.9477913,0.0,0.0,83,0,77,5,1,0,78,0,0,0,33,3,0,32,0,1,1,0,0,1112,9,19,59,6,2,132,27,163,25,126,8,1,11,0,503,1,0
C:\Users\user\Desktop\STUFF A LOT OF 'EM\er\Design_Pattern\ant\src\testcases\org\apache\tools\ant\taskdefs\optional\DotnetTest.java,org.apache.tools.ant.taskdefs.optional.DotnetTest,class,1,1,0,1,12,3,0,3,66,0.9166667,0.0,0.0,12,0,12,0,0,0,12,0,0,0,1,1,0,1,0,0,1,0,0,39,0,0,0,0,0,14,0,1,1,1,0,0,0,0,68,1,0
C:\Users\user\Desktop\STUFF A LOT OF 'EM\er\Design_Pattern\ant\src\main\org\apache\tools\ant\taskdefs\optional\depend\ClassFileUtils.java,org.apache.tools.ant.taskdefs.optional.depend.ClassFileUtils,class,0,2,2,0,2,1,0,1,1,0.0,0.0,0.0,2,2,2,0,0,0,2,0,0,0,0,0,0,0,0,0,0,0,0,8,2,0,0,0,0,0,0,0,0,0,0,0,0,0,40,1,0
C:\Users\user\Desktop\STUFF A LOT OF 'EM\er\Design_Pattern\ant\src\testcases\org\apache\tools\ant\types\CommandlineTest.java,org.apache.tools.ant.types.CommandlineTest,class,2,2,0,2,7,2,0,10,6,0.0,0.0,0.0,4,0,4,0,0,0,4,0,0,0,0,0,0,0,0,0,0,0,0,91,0,1,0,2,1,91,40,21,2,4,1,0,0,0,39,1,0
C:\Users\user\Desktop\STUFF A LOT OF 'EM\er\Design_Pattern\ant\src\testcases\org\apache\tools\ant\DummyTaskWithoutPublicConstructor.java,org.apache.tools.ant.DummyTaskWithoutPublicConstructor,class,1,2,1,1,2,2,0,0,1,0.0,0.0,0.0,2,0,1,0,0,1,2,0,0,0,0,0,0,0,0,0,0,0,0,6,0,0,0,0,0,0,0,0,0,0,0,0,0,0,6,1,0
C:\Users\user\Desktop\STUFF A LOT OF 'EM\er\Design_Pattern\ant\src\main\org\apache\tools\ant\taskdefs\optional\NetRexxC.java,org.apache.tools.ant.taskdefs.optional.NetRexxC$VerboseAttr,innerclass,1,1,0,1,1,2,0,0,0,0.0,NaN,NaN,1,0,1,0,0,0,1,0,0,0,0,0,0,0,0,0,0,0,0,5,1,0,0,0,0,8,0,0,0,0,0,0,0,0,6,9,0
C:\Users\user\Desktop\STUFF A LOT OF 'EM\er\Design_Pattern\ant\src\main\org\apache\tools\ant\taskdefs\optional\ssh\Scp.java,org.apache.tools.ant.taskdefs.optional.ssh.Scp,class,13,15,2,13,48,3,0,47,72,0.70588243,0.0,0.0,17,0,11,6,0,0,11,0,0,0,4,0,0,4,0,0,0,0,1,199,3,3,13,4,0,16,12,57,11,33,4,0,0,0,146,1,0
C:\Users\user\Desktop\STUFF A LOT OF 'EM\er\Design_Pattern\ant\src\main\org\apache\tools\ant\taskdefs\optional\vss\MSVSSConstants.java,org.apache.tools.ant.taskdefs.optional.vss.MSVSSConstants,interface,0,2,2,0,0,1,0,0,0,NaN,-1.0,-1.0,0,0,0,0,0,0,0,0,0,0,48,0,0,0,0,48,0,0,0,50,0,0,0,0,0,48,0,48,0,48,0,0,0,0,58,1,0
C:\Users\user\Desktop\STUFF A LOT OF 'EM\er\Design_Pattern\ant\src\main\org\apache\tools\ant\types\Assertions.java,org.apache.tools.ant.types.Assertions$BaseAssertion,innerclass,2,2,0,2,11,1,0,7,11,0.6666667,0.0,0.0,6,0,4,0,2,0,6,1,0,0,2,0,0,2,0,0,0,0,0,35,3,0,4,0,0,3,0,3,0,3,2,0,0,0,43,1033,0
C:\Users\user\Desktop\STUFF A LOT OF 'EM\er\Design_Pattern\ant\src\main\org\apache\tools\ant\taskdefs\Basename.java,org.apache.tools.ant.taskdefs.Basename,class,4,4,0,4,11,3,0,8,0,0.5,0.0,0.0,4,0,4,0,0,0,4,0,0,0,3,0,0,3,0,0,0,0,0,31,0,0,5,0,0,2,4,6,2,5,2,0,0,0,72,1,0
C:\Users\user\Desktop\STUFF A LOT OF 'EM\er\Design_Pattern\ant\src\main\org\apache\tools\ant\taskdefs\XSLTLiaison.java,org.apache.tools.ant.taskdefs.XSLTLiaison,interface,0,5,5,0,3,1,0,0,3,1.0,0.0,0.0,3,0,0,0,0,3,3,0,0,0,1,0,0,0,0,1,0,0,0,6,0,0,0,0,0,1,0,1,0,1,0,0,0,0,70,1,0
C:\Users\user\Desktop\STUFF A LOT OF 'EM\er\Design_Pattern\ant\src\main\org\apache\tools\ant\types\selectors\OrSelector.java,org.apache.tools.ant.types.selectors.OrSelector,class,2,5,3,2,6,5,0,9,3,0.0,0.0,0.0,3,0,3,0,0,0,3,0,0,0,0,0,0,0,0,0,0,0,0,25,3,1,0,0,1,2,0,3,0,3,2,0,0,0,60,1,0
C:\Users\user\Desktop\STUFF A LOT OF 'EM\er\Design_Pattern\ant\src\main\org\apache\tools\ant\filters\ReplaceTokens.java,org.apache.tools.ant.filters.ReplaceTokens,class,7,8,1,7,37,5,0,29,36,0.8376069,0.0,0.0,13,0,7,6,0,0,7,0,9,0,9,2,0,9,0,0,2,0,0,163,11,2,15,0,0,9,20,39,6,23,6,0,1,0,147,17,0
C:\Users\user\Desktop\STUFF A LOT OF 'EM\er\Design_Pattern\ant\src\main\org\apache\tools\ant\helper\ProjectHelperImpl.java,org.apache.tools.ant.helper.ProjectHelperImpl$RootHandler,innerclass,8,8,0,8,8,2,0,10,0,0.0,0.0,0.0,4,0,4,0,0,0,4,0,0,0,1,0,0,0,0,1,0,0,0,36,2,0,0,1,0,6,0,6,3,4,2,0,0,0,83,8,0
C:\Users\user\Desktop\STUFF A LOT OF 'EM\er\Design_Pattern\ant\src\main\org\apache\tools\ant\taskdefs\optional\clearcase\ClearCase.java,org.apache.tools.ant.taskdefs.optional.clearcase.ClearCase,class,8,21,13,8,14,3,13,22,43,0.8863636,0.0,0.0,11,0,8,0,3,0,11,0,4,0,20,16,14,6,0,0,15,0,1,78,7,0,0,1,1,21,1,33,1,27,1,0,0,0,146,1025,0
C:\Users\user\Desktop\STUFF A LOT OF 'EM\er\Design_Pattern\ant\src\main\org\apache\tools\ant\taskdefs\optional\unix\Chgrp.java,org.apache.tools.ant.taskdefs.optional.unix.Chgrp,class,2,2,0,2,5,3,0,6,4,0.5,0.0,0.0,4,0,3,0,1,0,4,0,0,0,1,0,0,1,0,0,0,0,0,19,0,0,0,0,0,5,0,2,2,1,1,0,0,0,60,1,0
C:\Users\user\Desktop\STUFF A LOT OF 'EM\er\Design_Pattern\ant\src\testcases\org\apache\tools\ant\types\selectors\BaseSelectorTest.java,org.apache.tools.ant.types.selectors.BaseSelectorTest,class,7,17,10,7,29,3,9,24,86,0.8693182,0.0,0.0,16,0,12,0,4,0,16,1,0,0,11,0,0,2,9,0,0,0,0,135,8,4,5,1,3,24,6,33,3,27,2,0,1,0,191,1025,0
C:\Users\user\Desktop\STUFF A LOT OF 'EM\er\Design_Pattern\ant\src\main\org\apache\tools\ant\taskdefs\condition\IsSet.java,org.apache.tools.ant.taskdefs.condition.IsSet,class,4,5,1,4,4,2,0,2,0,0.0,0.0,0.0,2,0,2,0,0,0,2,0,0,0,1,0,0,1,0,0,0,0,0,12,1,0,2,0,0,2,0,1,1,1,1,0,0,0,31,1,0
C:\Users\user\Desktop\STUFF A LOT OF 'EM\er\Design_Pattern\ant\src\etc\testcases\taskdefs\optional\depend\src4\test\Outer.java,test.Outer,class,0,0,0,0,0,1,0,0,0,0.0,-1.0,-1.0,0,0,0,0,0,0,0,0,0,0,0,0,0,0,0,0,0,0,0,4,0,0,0,0,0,0,0,0,0,0,0,0,1,0,1,1,0
C:\Users\user\Desktop\STUFF A LOT OF 'EM\er\Design_Pattern\ant\src\main\org\apache\tools\ant\taskdefs\optional\javacc\JavaCC.java,org.apache.tools.ant.taskdefs.optional.javacc.JavaCC,class,9,12,3,9,58,3,0,39,0,0.94596756,0.0,0.0,31,4,26,2,3,0,29,0,0,0,40,35,0,26,14,0,36,0,7,245,6,2,8,2,0,49,15,74,11,56,4,0,0,0,196,1,0
C:\Users\user\Desktop\STUFF A LOT OF 'EM\er\Design_Pattern\ant\src\main\org\apache\tools\ant\taskdefs\optional\depend\constantpool\ClassCPInfo.java,org.apache.tools.ant.taskdefs.optional.depend.constantpool.ClassCPInfo,class,3,9,6,3,5,2,0,4,0,0.3,0.0,0.0,5,0,5,0,0,0,5,0,0,0,2,0,0,2,0,0,0,0,0,21,2,0,0,0,1,4,1,3,1,2,0,0,0,0,72,1,0
C:\Users\user\Desktop\STUFF A LOT OF 'EM\er\Design_Pattern\ant\src\main\org\apache\tools\ant\filters\TabsToSpaces.java,org.apache.tools.ant.filters.TabsToSpaces,class,5,6,1,5,14,5,0,11,9,0.7857143,0.0,0.0,7,0,5,2,0,0,5,0,5,0,4,2,0,4,0,0,2,0,0,56,3,1,3,0,0,1,6,14,1,8,4,0,0,0,109,17,0
C:\Users\user\Desktop\STUFF A LOT OF 'EM\er\Design_Pattern\ant\src\main\org\apache\tools\ant\taskdefs\optional\clearcase\CCLock.java,org.apache.tools.ant.taskdefs.optional.clearcase.CCLock,class,8,9,1,8,32,4,0,26,155,0.91387564,0.0,0.0,19,0,14,5,0,0,14,0,0,0,11,5,5,6,0,0,5,0,1,125,11,0,8,0,0,9,1,23,3,15,1,0,0,0,164,1,0
C:\Users\user\Desktop\STUFF A LOT OF 'EM\er\Design_Pattern\ant\src\testcases\org\apache\tools\ant\types\AddTypeTest.java,org.apache.tools.ant.types.AddTypeTest$CImpl,innerclass,1,1,0,1,0,1,0,0,0,0.0,-1.0,-1.0,0,0,0,0,0,0,0,0,0,0,0,0,0,0,0,0,0,0,0,2,0,0,0,0,0,0,0,0,0,0,0,0,0,0,2,9,0
C:\Users\user\Desktop\STUFF A LOT OF 'EM\er\Design_Pattern\ant\src\main\org\apache\tools\ant\taskdefs\optional\ejb\EjbJar.java,org.apache.tools.ant.taskdefs.optional.ejb.EjbJar$DTDLocation,innerclass,1,1,0,1,0,2,0,0,0,0.0,-1.0,-1.0,0,0,0,0,0,0,0,0,0,0,0,0,0,0,0,0,0,0,0,2,0,0,0,0,0,0,0,0,0,0,0,0,0,0,14,9,0
C:\Users\user\Desktop\STUFF A LOT OF 'EM\er\Design_Pattern\ant\src\main\org\apache\tools\ant\taskdefs\optional\javacc\JJTree.java,org.apache.tools.ant.taskdefs.optional.javacc.JJTree,class,11,12,1,11,49,3,0,52,69,0.9043061,0.0,0.0,22,0,17,5,0,0,17,0,0,0,19,13,0,19,0,0,14,0,2,189,8,3,11,1,6,38,12,54,17,38,3,0,0,0,164,1,0
C:\Users\user\Desktop\STUFF A LOT OF 'EM\er\Design_Pattern\ant\src\main\org\apache\tools\ant\taskdefs\optional\vss\MSVSSCHECKIN.java,org.apache.tools.ant.taskdefs.optional.vss.MSVSSCHECKIN,class,5,5,0,5,7,3,0,18,15,0.0,0.0,0.0,6,0,5,0,1,0,6,0,1,0,0,0,0,0,0,0,0,0,0,34,1,0,1,0,0,1,0,2,0,2,1,0,0,0,83,1,0
C:\Users\user\Desktop\STUFF A LOT OF 'EM\er\Design_Pattern\ant\src\main\org\apache\tools\ant\helper\ProjectHelperImpl.java,org.apache.tools.ant.helper.ProjectHelperImpl$DataTypeHandler,innerclass,11,11,0,11,6,3,0,6,0,0.33333334,0.0,0.0,4,0,4,0,0,0,4,0,0,0,3,0,0,3,0,0,0,0,0,29,0,0,1,1,0,1,0,4,1,3,2,0,0,0,118,8,0
C:\Users\user\Desktop\STUFF A LOT OF 'EM\er\Design_Pattern\ant\src\main\org\apache\tools\ant\taskdefs\optional\perforce\P4Label.java,org.apache.tools.ant.taskdefs.optional.perforce.P4Label$Anonymous2,anonymous,0,0,0,0,1,1,0,1,0,0.0,NaN,NaN,1,0,1,0,0,0,1,0,0,0,0,0,0,0,0,0,0,0,0,5,0,0,0,0,0,0,0,0,0,0,0,0,0,0,3,-1,0
C:\Users\user\Desktop\STUFF A LOT OF 'EM\er\Design_Pattern\ant\src\main\org\apache\tools\ant\taskdefs\optional\perforce\P4Label.java,org.apache.tools.ant.taskdefs.optional.perforce.P4Label$Anonymous3,anonymous,0,0,0,0,2,1,0,3,0,0.0,NaN,NaN,1,0,1,0,0,0,1,0,0,0,0,0,0,0,0,0,0,0,0,9,0,0,0,0,0,3,0,1,2,0,1,0,0,0,4,-1,0
C:\Users\user\Desktop\STUFF A LOT OF 'EM\er\Design_Pattern\ant\src\main\org\apache\tools\ant\taskdefs\optional\perforce\P4Label.java,org.apache.tools.ant.taskdefs.optional.perforce.P4Label$Anonymous1,anonymous,0,0,0,0,1,1,0,1,0,0.0,NaN,NaN,1,0,1,0,0,0,1,0,0,0,0,0,0,0,0,0,0,0,0,5,0,0,0,0,0,0,0,0,0,0,0,0,0,0,3,-1,0
C:\Users\user\Desktop\STUFF A LOT OF 'EM\er\Design_Pattern\ant\src\main\org\apache\tools\ant\taskdefs\optional\net\TelnetTask.java,org.apache.tools.ant.taskdefs.optional.net.TelnetTask$TelnetRead,innerclass,2,2,0,2,4,2,0,1,0,0.0,0.0,0.0,3,0,3,0,0,0,3,0,0,0,1,0,0,1,0,0,0,0,0,14,0,0,1,0,0,0,0,3,0,1,1,0,0,0,45,1,0
C:\Users\user\Desktop\STUFF A LOT OF 'EM\er\Design_Pattern\ant\src\main\org\apache\tools\ant\types\RedirectorElement.java,org.apache.tools.ant.types.RedirectorElement,class,9,10,1,9,96,3,0,37,175,0.87198055,0.0,0.0,23,0,21,0,2,0,23,0,0,0,18,0,0,18,0,0,0,0,0,283,6,1,35,3,7,15,7,36,5,27,3,0,0,0,176,1,0
C:\Users\user\Desktop\STUFF A LOT OF 'EM\er\Design_Pattern\ant\src\main\org\apache\tools\ant\taskdefs\optional\script\ScriptDefBase.java,org.apache.tools.ant.taskdefs.optional.script.ScriptDefBase,class,5,7,2,5,8,2,0,10,2,0.5,0.0,0.0,4,0,3,1,0,0,3,0,0,0,2,0,0,2,0,0,0,0,0,36,2,0,3,0,0,5,0,9,3,8,1,0,0,0,62,1,0
C:\Users\user\Desktop\STUFF A LOT OF 'EM\er\Design_Pattern\ant\src\main\org\apache\tools\ant\taskdefs\Parallel.java,org.apache.tools.ant.taskdefs.Parallel$TaskList,innerclass,2,2,0,2,1,1,0,1,0,0.0,NaN,NaN,1,0,1,0,0,0,1,0,0,0,1,0,0,1,0,0,0,0,0,6,0,0,0,0,0,0,0,1,0,1,0,0,0,0,28,9,0
C:\Users\user\Desktop\STUFF A LOT OF 'EM\er\Design_Pattern\ant\src\main\org\apache\tools\ant\taskdefs\Sync.java,org.apache.tools.ant.taskdefs.Sync$MyCopy,innerclass,4,4,0,4,5,2,0,3,6,0.75,0.0,0.0,4,0,3,0,1,0,4,0,0,0,1,0,0,1,0,0,0,0,1,20,2,1,0,0,0,1,1,4,0,4,1,0,0,0,30,9,0
C:\Users\user\Desktop\STUFF A LOT OF 'EM\er\Design_Pattern\ant\src\testcases\org\apache\tools\ant\filters\LineContainsTest.java,org.apache.tools.ant.filters.LineContainsTest,class,2,2,0,2,4,3,0,7,6,0.0,0.0,0.0,4,0,4,0,0,0,4,0,0,0,0,0,0,0,0,0,0,0,1,18,0,0,0,0,0,5,0,3,0,3,0,0,0,0,28,1,0
C:\Users\user\Desktop\STUFF A LOT OF 'EM\er\Design_Pattern\ant\src\main\org\apache\tools\ant\taskdefs\optional\net\RExecTask.java,org.apache.tools.ant.taskdefs.optional.net.RExecTask$RExecRead,innerclass,2,2,0,2,4,2,0,1,0,0.0,0.0,0.0,3,0,3,0,0,0,3,0,0,0,1,0,0,1,0,0,0,0,0,14,0,0,1,0,0,0,0,3,0,1,1,0,0,0,46,1,0
C:\Users\user\Desktop\STUFF A LOT OF 'EM\er\Design_Pattern\ant\src\main\org\apache\tools\ant\taskdefs\optional\sitraka\ReportFilters.java,org.apache.tools.ant.taskdefs.optional.sitraka.ReportFilters,class,6,9,3,6,11,3,0,10,0,0.4166667,0.0,0.0,6,0,5,0,1,0,6,0,0,0,2,0,0,0,2,0,0,0,0,73,2,2,1,0,0,1,2,16,1,13,2,0,3,0,66,1,0
C:\Users\user\Desktop\STUFF A LOT OF 'EM\er\Design_Pattern\ant\src\testcases\org\apache\tools\ant\taskdefs\AvailableTest.java,org.apache.tools.ant.taskdefs.AvailableTest,class,1,1,0,1,31,3,0,7,378,0.0,0.0,0.0,28,0,28,0,0,0,28,0,0,0,0,0,0,0,0,0,0,0,0,109,0,0,3,0,0,67,0,0,0,0,0,0,0,0,56,1,0
C:\Users\user\Desktop\STUFF A LOT OF 'EM\er\Design_Pattern\ant\src\main\org\apache\tools\ant\taskdefs\optional\perforce\P4Label.java,org.apache.tools.ant.taskdefs.optional.perforce.P4Label$Anonymous4,anonymous,0,0,0,0,1,1,0,1,0,0.0,NaN,NaN,1,0,1,0,0,0,1,0,0,0,0,0,0,0,0,0,0,0,0,5,0,0,0,0,0,0,0,0,0,0,0,0,0,0,3,-1,0
C:\Users\user\Desktop\STUFF A LOT OF 'EM\er\Design_Pattern\ant\src\main\org\apache\tools\ant\util\regexp\Jdk14RegexpMatcher.java,org.apache.tools.ant.util.regexp.Jdk14RegexpMatcher,class,4,7,3,4,17,1,1,11,30,0.6666667,0.0,0.0,9,0,7,0,2,0,9,0,0,0,1,0,0,1,0,0,0,0,4,66,8,1,1,2,0,1,1,15,0,11,2,0,0,0,67,1,0
C:\Users\user\Desktop\STUFF A LOT OF 'EM\er\Design_Pattern\ant\src\main\org\apache\tools\ant\taskdefs\optional\depend\constantpool\StringCPInfo.java,org.apache.tools.ant.taskdefs.optional.depend.constantpool.StringCPInfo,class,3,4,1,3,4,3,0,6,6,0.75,0.0,0.0,4,0,4,0,0,0,4,0,0,0,1,0,0,1,0,0,0,0,0,17,1,0,0,0,1,4,1,1,1,1,0,0,0,0,62,1,0
C:\Users\user\Desktop\STUFF A LOT OF 'EM\er\Design_Pattern\ant\src\main\org\apache\tools\ant\taskdefs\optional\sos\SOS.java,org.apache.tools.ant.taskdefs.optional.sos.SOS,class,9,14,5,9,54,2,4,35,628,0.944356,0.0,0.0,37,0,12,0,24,1,37,1,10,0,17,0,0,16,1,0,0,0,0,202,19,0,9,1,0,14,2,40,5,23,3,0,0,0,178,1025,0
C:\Users\user\Desktop\STUFF A LOT OF 'EM\er\Design_Pattern\ant\src\main\org\apache\tools\ant\taskdefs\optional\XMLValidateTask.java,org.apache.tools.ant.taskdefs.optional.XMLValidateTask$Property,innerclass,0,0,0,0,4,1,0,0,2,0.5,0.0,0.0,4,0,4,0,0,0,4,0,0,0,2,0,0,2,0,0,0,0,0,16,2,0,0,0,0,0,0,2,0,2,0,0,0,0,29,17,0
C:\Users\user\Desktop\STUFF A LOT OF 'EM\er\Design_Pattern\ant\src\main\org\apache\tools\ant\taskdefs\optional\ide\VAJLoad.java,org.apache.tools.ant.taskdefs.optional.ide.VAJLoad,class,5,6,1,5,4,4,1,5,0,0.0,0.0,0.0,2,0,2,0,0,0,2,0,0,0,1,0,0,0,0,1,0,0,0,21,1,0,0,1,0,0,0,2,0,2,2,0,0,0,92,1,0
C:\Users\user\Desktop\STUFF A LOT OF 'EM\er\Design_Pattern\ant\src\testcases\org\apache\tools\ant\taskdefs\optional\junit\JUnitTestRunnerTest.java,org.apache.tools.ant.taskdefs.optional.junit.JUnitTestRunnerTest$NoSuiteTestCase,innerclass,1,1,0,1,2,2,0,0,1,0.0,0.0,0.0,2,0,2,0,0,0,2,0,0,0,0,0,0,0,0,0,0,0,0,7,0,0,0,0,0,0,0,0,0,0,0,0,0,0,7,9,0
C:\Users\user\Desktop\STUFF A LOT OF 'EM\er\Design_Pattern\ant\src\testcases\org\apache\tools\ant\taskdefs\InputTest.java,org.apache.tools.ant.taskdefs.InputTest,class,4,5,1,4,10,3,0,14,0,0.25,0.0,0.0,8,0,7,1,0,0,7,0,0,0,1,0,0,1,0,0,0,0,3,36,1,0,0,0,0,17,0,3,7,1,1,0,0,0,40,1,0
C:\Users\user\Desktop\STUFF A LOT OF 'EM\er\Design_Pattern\ant\src\testcases\org\apache\tools\ant\taskdefs\ExecTaskTest.java,org.apache.tools.ant.taskdefs.ExecTaskTest,class,6,7,1,6,63,3,0,36,524,0.9659091,0.0,0.0,33,0,30,3,0,0,30,0,0,0,8,2,0,8,0,0,5,0,6,342,20,1,21,5,2,186,6,29,27,25,3,0,2,0,139,1,0
C:\Users\user\Desktop\STUFF A LOT OF 'EM\er\Design_Pattern\ant\src\main\org\apache\tools\ant\taskdefs\optional\ejb\WebsphereDeploymentTool.java,org.apache.tools.ant.taskdefs.optional.ejb.WebsphereDeploymentTool$DBVendor,innerclass,1,1,0,1,1,2,0,0,0,0.0,NaN,NaN,1,0,1,0,0,0,1,0,0,0,0,0,0,0,0,0,0,0,0,5,1,0,0,0,0,10,0,0,0,0,0,0,0,0,14,9,0
C:\Users\user\Desktop\STUFF A LOT OF 'EM\er\Design_Pattern\ant\src\main\org\apache\tools\ant\taskdefs\optional\jsp\JspMangler.java,org.apache.tools.ant.taskdefs.optional.jsp.JspMangler,interface,0,5,5,0,2,1,0,0,1,0.0,0.0,0.0,2,0,0,0,0,2,2,0,0,0,0,0,0,0,0,0,0,0,0,4,0,0,0,0,0,0,0,0,0,0,0,0,0,0,47,1,0
C:\Users\user\Desktop\STUFF A LOT OF 'EM\er\Design_Pattern\ant\src\testcases\org\apache\tools\ant\filters\TokenFilterTest.java,org.apache.tools.ant.filters.TokenFilterTest,class,4,5,1,4,48,3,0,22,561,0.0,0.0,0.0,34,0,26,8,0,0,26,0,0,0,0,0,0,0,0,0,0,0,2,177,14,0,1,4,0,109,3,14,5,13,2,0,1,0,99,1,0
C:\Users\user\Desktop\STUFF A LOT OF 'EM\er\Design_Pattern\ant\src\main\org\apache\tools\ant\taskdefs\optional\clearcase\CCMklabel.java,org.apache.tools.ant.taskdefs.optional.clearcase.CCMklabel,class,8,9,1,8,36,4,0,28,176,0.92307687,0.0,0.0,20,0,15,5,0,0,15,0,0,0,13,6,6,7,0,0,6,0,1,133,7,0,11,0,0,10,1,28,3,18,2,0,0,0,147,1,0
C:\Users\user\Desktop\STUFF A LOT OF 'EM\er\Design_Pattern\ant\src\main\org\apache\tools\ant\taskdefs\optional\dotnet\Ildasm.java,org.apache.tools.ant.taskdefs.optional.dotnet.Ildasm$VisibilityOptions,innerclass,1,1,0,1,1,2,0,0,0,0.0,NaN,NaN,1,0,1,0,0,0,1,0,0,0,0,0,0,0,0,0,0,0,0,5,1,0,0,0,0,7,0,0,0,0,0,0,0,0,9,9,0
C:\Users\user\Desktop\STUFF A LOT OF 'EM\er\Design_Pattern\ant\src\main\org\apache\tools\ant\BuildException.java,org.apache.tools.ant.BuildException,class,2,257,255,2,17,4,3,9,35,0.5666667,0.0,0.0,15,0,15,0,0,0,15,0,0,0,2,0,0,2,0,0,0,0,0,66,4,0,2,0,0,2,0,7,1,2,2,0,0,0,75,1,0
C:\Users\user\Desktop\STUFF A LOT OF 'EM\er\Design_Pattern\ant\src\testcases\org\apache\tools\ant\DummyTaskWithoutExecute.java,org.apache.tools.ant.DummyTaskWithoutExecute,class,0,1,1,0,2,1,0,0,1,0.0,0.0,0.0,2,0,2,0,0,0,2,0,0,0,0,0,0,0,0,0,0,0,0,6,0,0,0,0,0,0,0,0,0,0,0,0,0,0,6,1,0
C:\Users\user\Desktop\STUFF A LOT OF 'EM\er\Design_Pattern\ant\src\main\org\apache\tools\ant\filters\EscapeUnicode.java,org.apache.tools.ant.filters.EscapeUnicode,class,4,5,1,4,10,5,0,11,4,0.4,0.0,0.0,5,0,4,1,0,0,4,0,3,0,1,0,0,1,0,0,0,0,1,44,2,1,2,0,0,1,6,11,2,6,4,0,0,0,88,1,0
C:\Users\user\Desktop\STUFF A LOT OF 'EM\er\Design_Pattern\ant\src\main\org\apache\tools\ant\filters\ReplaceTokens.java,org.apache.tools.ant.filters.ReplaceTokens$Token,innerclass,0,0,0,0,4,1,0,0,2,0.5,0.0,0.0,4,0,4,0,0,0,4,0,4,0,2,0,0,2,0,0,0,0,0,16,2,0,0,0,0,0,0,2,0,2,0,0,0,0,18,9,0
C:\Users\user\Desktop\STUFF A LOT OF 'EM\er\Design_Pattern\ant\src\testcases\org\apache\tools\ant\filters\TokenFilterTest.java,org.apache.tools.ant.filters.TokenFilterTest$Capitalize,innerclass,1,1,0,1,2,1,0,4,0,0.0,NaN,NaN,1,0,1,0,0,0,1,0,0,0,0,0,0,0,0,0,0,0,0,6,2,0,1,0,0,0,4,0,1,0,1,0,0,0,3,9,0
C:\Users\user\Desktop\STUFF A LOT OF 'EM\er\Design_Pattern\ant\src\main\org\apache\tools\ant\taskdefs\optional\sitraka\CovReport.java,org.apache.tools.ant.taskdefs.optional.sitraka.CovReport$ReportFormat,innerclass,1,1,0,1,1,2,0,0,0,0.0,NaN,NaN,1,0,1,0,0,0,1,0,0,0,0,0,0,0,0,0,0,0,0,5,1,0,0,0,0,3,0,0,0,0,0,0,0,0,6,9,0
C:\Users\user\Desktop\STUFF A LOT OF 'EM\er\Design_Pattern\ant\src\main\org\apache\tools\tar\TarInputStream.java,org.apache.tools.tar.TarInputStream,class,4,6,2,4,50,3,0,21,84,0.8263889,0.0,0.0,16,0,16,0,0,0,16,0,0,0,9,0,0,1,8,0,0,0,5,184,11,4,14,0,7,11,39,48,15,28,2,0,0,0,177,1,0
C:\Users\user\Desktop\STUFF A LOT OF 'EM\er\Design_Pattern\ant\src\testcases\org\apache\tools\ant\taskdefs\optional\i18n\TranslateTest.java,org.apache.tools.ant.taskdefs.optional.i18n.TranslateTest,class,3,4,1,3,12,3,0,8,8,0.70000005,0.0,0.0,5,0,4,1,0,0,4,0,0,0,2,2,0,2,0,0,2,0,0,51,5,2,3,1,1,20,5,12,8,11,4,0,0,0,69,1,0
C:\Users\user\Desktop\STUFF A LOT OF 'EM\er\Design_Pattern\ant\src\main\org\apache\tools\ant\taskdefs\optional\starteam\StarTeamList.java,org.apache.tools.ant.taskdefs.optional.starteam.StarTeamList,class,10,12,2,10,26,7,0,50,47,0.8181818,0.0,0.0,11,3,3,1,7,0,10,0,0,0,3,2,0,3,0,0,2,0,5,140,6,3,6,1,3,12,9,22,8,19,3,0,1,0,176,1,0
C:\Users\user\Desktop\STUFF A LOT OF 'EM\er\Design_Pattern\ant\src\main\org\apache\tools\ant\taskdefs\XSLTProcess.java,org.apache.tools.ant.taskdefs.XSLTProcess$Factory$Attribute,innerclass,2,2,0,2,9,1,0,1,0,0.375,0.0,0.0,4,0,4,0,0,0,4,0,0,0,2,0,0,2,0,0,0,0,0,34,3,0,0,1,0,5,0,4,1,2,3,0,0,0,51,9,0
C:\Users\user\Desktop\STUFF A LOT OF 'EM\er\Design_Pattern\ant\src\testcases\org\apache\tools\ant\taskdefs\optional\junit\JUnitTestRunnerTest.java,org.apache.tools.ant.taskdefs.optional.junit.JUnitTestRunnerTest$SuiteTestCase,innerclass,4,4,0,4,2,3,0,0,1,0.0,0.0,0.0,2,1,2,0,0,0,2,0,0,0,0,0,0,0,0,0,0,0,0,8,1,0,0,0,0,0,0,0,0,0,0,0,0,0,6,9,0
C:\Users\user\Desktop\STUFF A LOT OF 'EM\er\Design_Pattern\ant\src\main\org\apache\tools\ant\taskdefs\Javadoc.java,org.apache.tools.ant.taskdefs.Javadoc$JavadocOutputStream,innerclass,1,1,0,1,9,3,0,2,0,0.0,0.0,0.0,3,0,0,0,2,1,3,0,0,0,1,0,0,1,0,0,0,0,0,32,0,0,4,0,0,2,0,4,0,1,3,0,0,0,14,2,0
C:\Users\user\Desktop\STUFF A LOT OF 'EM\er\Design_Pattern\ant\src\testcases\org\apache\tools\ant\util\regexp\Jdk14RegexpMatcherTest.java,org.apache.tools.ant.util.regexp.Jdk14RegexpMatcherTest,class,3,3,0,3,10,3,0,5,15,0.0,0.0,0.0,6,0,6,0,0,0,6,0,0,0,0,0,0,0,0,0,0,0,0,40,1,0,0,4,0,4,0,0,0,0,1,0,0,0,33,1,0
C:\Users\user\Desktop\STUFF A LOT OF 'EM\er\Design_Pattern\ant\src\testcases\org\apache\tools\ant\taskdefs\dir2\A.java,org.apache.tools.ant.taskdefs.dir2.A,class,1,3,2,1,4,1,1,2,1,0.33333334,0.0,0.0,3,2,2,0,1,0,4,0,0,0,1,1,0,0,0,1,0,0,0,16,1,0,0,0,0,3,0,2,0,1,0,0,0,0,12,1,0
C:\Users\user\Desktop\STUFF A LOT OF 'EM\er\Design_Pattern\ant\src\testcases\org\apache\tools\ant\types\PolyTest.java,org.apache.tools.ant.types.PolyTest$MyFileSet,innerclass,1,1,0,1,0,2,0,0,0,0.0,-1.0,-1.0,0,0,0,0,0,0,0,0,0,0,0,0,0,0,0,0,0,0,0,2,0,0,0,0,0,0,0,0,0,0,0,0,0,0,3,9,0
C:\Users\user\Desktop\STUFF A LOT OF 'EM\er\Design_Pattern\ant\src\testcases\org\apache\tools\ant\taskdefs\AntTest.java,org.apache.tools.ant.taskdefs.AntTest$InputHandlerChecker,innerclass,5,5,0,5,12,1,0,5,41,0.8,0.0,0.0,10,0,7,1,0,2,9,0,0,0,2,0,0,2,0,0,0,0,0,42,1,0,1,1,0,0,0,2,0,2,2,0,0,0,28,2,0
C:\Users\user\Desktop\STUFF A LOT OF 'EM\er\Design_Pattern\ant\src\main\org\apache\tools\ant\taskdefs\optional\sos\SOSCheckout.java,org.apache.tools.ant.taskdefs.optional.sos.SOSCheckout,class,3,3,0,3,4,3,0,8,3,0.0,0.0,0.0,3,0,2,0,1,0,3,0,1,0,0,0,0,0,0,0,0,0,0,25,1,0,1,0,0,0,0,1,0,0,1,0,0,0,70,1,0
C:\Users\user\Desktop\STUFF A LOT OF 'EM\er\Design_Pattern\ant\src\testcases\org\apache\tools\ant\taskdefs\optional\sitraka\ClassFileTest.java,org.apache.tools.ant.taskdefs.optional.sitraka.ClassFileTest,class,5,6,1,5,5,2,0,16,3,0.0,0.0,0.0,3,0,2,0,1,0,3,0,0,0,0,0,0,0,0,0,0,0,0,29,1,1,0,0,0,9,5,7,3,7,2,0,0,0,44,1,0
C:\Users\user\Desktop\STUFF A LOT OF 'EM\er\Design_Pattern\ant\src\main\org\apache\tools\ant\taskdefs\UpToDate.java,org.apache.tools.ant.taskdefs.UpToDate,class,11,12,1,11,31,2,0,21,19,0.73333335,0.0,0.0,10,0,8,1,1,0,9,0,0,0,6,0,0,5,1,0,0,0,0,98,5,1,16,0,3,16,4,23,6,16,2,0,0,0,114,1,0
C:\Users\user\Desktop\STUFF A LOT OF 'EM\er\Design_Pattern\ant\src\main\org\apache\tools\ant\types\selectors\DateSelector.java,org.apache.tools.ant.types.selectors.DateSelector,class,6,11,5,6,39,6,0,27,16,0.8125,0.0,0.0,12,0,12,0,0,0,12,0,0,0,12,6,6,6,0,0,6,0,2,142,6,1,11,3,10,27,12,23,9,17,4,0,1,0,182,1,0
C:\Users\user\Desktop\STUFF A LOT OF 'EM\er\Design_Pattern\ant\src\testcases\org\apache\tools\ant\util\regexp\JakartaOroMatcherTest.java,org.apache.tools.ant.util.regexp.JakartaOroMatcherTest,class,3,3,0,3,2,3,0,0,1,0.0,0.0,0.0,2,0,2,0,0,0,2,0,0,0,0,0,0,0,0,0,0,0,0,8,1,0,0,0,0,0,0,0,0,0,0,0,0,0,14,1,0
C:\Users\user\Desktop\STUFF A LOT OF 'EM\er\Design_Pattern\ant\src\testcases\org\apache\tools\ant\util\StringUtilsTest.java,org.apache.tools.ant.util.StringUtilsTest,class,1,1,0,1,4,2,0,6,6,0.0,0.0,0.0,4,0,4,0,0,0,4,0,0,0,0,0,0,0,0,0,0,0,0,29,0,0,0,0,0,15,11,6,0,6,0,0,0,0,14,1,0
C:\Users\user\Desktop\STUFF A LOT OF 'EM\er\Design_Pattern\ant\src\main\org\apache\tools\ant\util\regexp\RegexpMatcher.java,org.apache.tools.ant.util.regexp.RegexpMatcher,interface,0,17,17,0,6,1,0,0,15,1.0,0.0,0.0,6,0,0,0,0,6,6,0,0,0,4,0,0,0,0,4,0,0,0,12,0,0,0,0,0,0,4,4,0,4,0,0,0,0,86,1,0
C:\Users\user\Desktop\STUFF A LOT OF 'EM\er\Design_Pattern\ant\src\main\org\apache\tools\ant\taskdefs\optional\sitraka\bytecode\MethodInfo.java,org.apache.tools.ant.taskdefs.optional.sitraka.bytecode.MethodInfo,class,3,6,3,3,19,1,0,20,66,0.82692313,0.0,0.0,13,0,12,0,1,0,13,0,0,0,4,0,0,4,0,0,0,0,7,90,10,3,1,0,0,6,11,23,5,22,2,0,0,0,52,17,0
C:\Users\user\Desktop\STUFF A LOT OF 'EM\er\Design_Pattern\ant\src\main\org\apache\tools\ant\taskdefs\ExecTask.java,org.apache.tools.ant.taskdefs.ExecTask,class,16,24,8,16,75,3,1,67,316,0.8999998,0.0,0.0,37,0,26,0,11,0,37,0,1,0,20,0,0,15,5,0,0,0,4,298,13,3,15,2,2,31,5,65,15,36,4,0,0,0,313,1,0
C:\Users\user\Desktop\STUFF A LOT OF 'EM\er\Design_Pattern\ant\src\main\org\apache\tools\ant\helper\ProjectHelperImpl.java,org.apache.tools.ant.helper.ProjectHelperImpl,class,19,28,9,19,19,16,0,30,0,0.71428573,0.0,0.0,4,1,2,2,0,0,2,0,0,0,7,1,0,7,0,0,0,0,0,428,0,0,4,3,1,9,0,19,3,17,3,0,8,0,151,1,0
C:\Users\user\Desktop\STUFF A LOT OF 'EM\er\Design_Pattern\ant\src\testcases\org\apache\tools\ant\types\PolyTest.java,org.apache.tools.ant.types.PolyTest$MyPath,innerclass,2,2,0,2,1,2,0,0,0,0.0,NaN,NaN,1,0,1,0,0,0,1,0,0,0,0,0,0,0,0,0,0,0,0,5,0,0,0,0,0,0,0,0,0,0,0,0,0,0,4,9,0
C:\Users\user\Desktop\STUFF A LOT OF 'EM\er\Design_Pattern\ant\src\main\org\apache\tools\ant\AntTypeDefinition.java,org.apache.tools.ant.AntTypeDefinition,class,5,11,6,5,61,1,2,26,75,0.75,0.0,0.0,18,0,15,3,0,0,15,0,0,0,6,0,0,6,0,0,0,0,1,207,32,0,27,3,3,14,2,31,6,19,3,0,0,0,143,1,0
C:\Users\user\Desktop\STUFF A LOT OF 'EM\er\Design_Pattern\ant\src\main\org\apache\tools\ant\taskdefs\Unpack.java,org.apache.tools.ant.taskdefs.Unpack,class,3,6,3,3,17,2,2,18,12,0.5555556,0.0,0.0,9,0,5,2,2,0,7,2,0,0,2,0,0,0,2,0,0,0,0,58,0,0,3,1,0,7,1,10,4,6,1,0,0,0,60,1025,0
C:\Users\user\Desktop\STUFF A LOT OF 'EM\er\Design_Pattern\ant\src\main\org\apache\tools\bzip2\CBZip2OutputStream.java,org.apache.tools.bzip2.CBZip2OutputStream$StackElem,innerclass,0,0,0,0,0,1,0,0,0,NaN,-1.0,-1.0,0,0,0,0,0,0,0,0,0,0,3,0,0,0,0,3,0,0,0,5,0,0,0,0,0,0,0,0,0,3,0,0,0,0,5,10,0
C:\Users\user\Desktop\STUFF A LOT OF 'EM\er\Design_Pattern\ant\src\main\org\apache\tools\ant\taskdefs\compilers\Javac12.java,org.apache.tools.ant.taskdefs.compilers.Javac12,class,5,6,1,5,5,2,0,10,0,0.0,NaN,NaN,1,0,1,0,0,0,1,0,0,0,0,0,0,0,0,0,0,0,1,34,1,0,0,2,0,9,0,7,1,7,2,0,0,0,75,1,0
C:\Users\user\Desktop\STUFF A LOT OF 'EM\er\Design_Pattern\ant\src\main\org\apache\tools\ant\taskdefs\optional\clearcase\CCMkattr.java,org.apache.tools.ant.taskdefs.optional.clearcase.CCMkattr,class,9,10,1,9,40,4,0,30,196,0.92674,0.0,0.0,21,0,15,6,0,0,15,0,0,0,13,6,6,7,0,0,6,0,2,147,7,0,13,0,0,15,1,29,4,19,2,0,0,0,149,1,0
C:\Users\user\Desktop\STUFF A LOT OF 'EM\er\Design_Pattern\ant\src\main\org\apache\tools\ant\taskdefs\optional\ide\VAJAntToolGUI.java,org.apache.tools.ant.taskdefs.optional.ide.VAJAntToolGUI$VAJBuildLogger,innerclass,8,8,0,8,15,1,0,21,34,0.7777778,0.0,0.0,9,0,9,0,0,0,9,0,0,0,1,0,0,1,0,0,0,0,3,59,0,0,3,0,1,7,0,6,7,4,2,0,0,0,70,2,0
C:\Users\user\Desktop\STUFF A LOT OF 'EM\er\Design_Pattern\ant\src\main\org\apache\tools\ant\taskdefs\compilers\Javac13.java,org.apache.tools.ant.taskdefs.compilers.Javac13,class,4,5,1,4,4,2,0,9,0,0.0,NaN,NaN,1,0,1,0,0,0,1,0,0,0,1,1,0,1,0,0,1,0,1,22,1,0,1,1,3,4,1,6,0,6,2,0,0,0,65,1,0
C:\Users\user\Desktop\STUFF A LOT OF 'EM\er\Design_Pattern\ant\src\main\org\apache\tools\ant\taskdefs\optional\ejb\IPlanetEjbc.java,org.apache.tools.ant.taskdefs.optional.ejb.IPlanetEjbc$EjbcException,innerclass,0,0,0,0,1,3,0,0,0,0.0,NaN,NaN,1,0,1,0,0,0,1,0,0,0,0,0,0,0,0,0,0,0,0,5,0,0,0,0,0,0,0,0,0,0,0,0,0,0,25,1,0
C:\Users\user\Desktop\STUFF A LOT OF 'EM\er\Design_Pattern\ant\src\main\org\apache\tools\ant\filters\ClassConstants.java,org.apache.tools.ant.filters.ClassConstants,class,4,5,1,4,16,4,0,12,6,0.75,0.0,0.0,4,0,4,0,0,0,4,0,2,0,2,1,0,2,0,0,1,0,1,65,3,0,6,1,0,2,7,17,0,11,5,0,0,0,141,17,0
C:\Users\user\Desktop\STUFF A LOT OF 'EM\er\Design_Pattern\ant\src\main\org\apache\tools\ant\taskdefs\optional\clearcase\CCMkdir.java,org.apache.tools.ant.taskdefs.optional.clearcase.CCMkdir,class,8,9,1,8,19,4,0,22,39,0.8571429,0.0,0.0,10,0,7,3,0,0,7,0,0,0,7,4,4,3,0,0,4,0,1,75,3,0,5,0,0,6,1,15,2,11,2,0,0,0,128,1,0
C:\Users\user\Desktop\STUFF A LOT OF 'EM\er\Design_Pattern\ant\src\main\org\apache\tools\ant\taskdefs\Tstamp.java,org.apache.tools.ant.taskdefs.Tstamp,class,5,8,3,5,7,3,0,11,2,0.5,0.0,0.0,4,0,3,1,0,0,3,0,0,0,2,0,0,2,0,0,0,0,0,149,1,1,0,1,0,9,0,11,1,9,2,0,2,0,82,1,0
C:\Users\user\Desktop\STUFF A LOT OF 'EM\er\Design_Pattern\ant\src\main\org\apache\tools\ant\taskdefs\optional\EchoProperties.java,org.apache.tools.ant.taskdefs.optional.EchoProperties$FormatAttribute,innerclass,1,1,0,1,1,2,0,0,0,0.0,NaN,NaN,1,0,1,0,0,0,1,0,0,0,1,0,0,1,0,0,0,0,0,6,1,0,0,0,0,2,0,1,0,1,0,0,0,0,6,9,0
C:\Users\user\Desktop\STUFF A LOT OF 'EM\er\Design_Pattern\ant\src\main\org\apache\tools\ant\taskdefs\optional\depend\constantpool\FloatCPInfo.java,org.apache.tools.ant.taskdefs.optional.depend.constantpool.FloatCPInfo,class,1,2,1,1,3,3,0,3,3,0.0,0.0,0.0,3,0,3,0,0,0,3,0,0,0,0,0,0,0,0,0,0,0,0,11,1,0,0,0,0,1,1,0,1,0,0,0,0,0,41,1,0
C:\Users\user\Desktop\STUFF A LOT OF 'EM\er\Design_Pattern\ant\src\main\org\apache\tools\ant\taskdefs\optional\PropertyFile.java,org.apache.tools.ant.taskdefs.optional.PropertyFile$Entry,innerclass,6,6,0,6,61,3,0,23,0,0.72027975,0.0,0.0,13,0,7,5,1,0,8,0,0,0,11,3,0,11,0,0,3,0,4,220,1,0,40,5,2,17,5,54,12,24,3,0,2,0,141,9,0
C:\Users\user\Desktop\STUFF A LOT OF 'EM\er\Design_Pattern\ant\src\main\org\apache\tools\ant\TaskAdapter.java,org.apache.tools.ant.TaskAdapter,class,6,9,3,6,15,3,0,10,4,0.4,0.0,0.0,5,1,5,0,0,0,5,0,0,0,1,0,0,1,0,0,0,0,1,72,2,0,2,3,1,14,1,12,9,10,2,0,0,0,107,1,0
C:\Users\user\Desktop\STUFF A LOT OF 'EM\er\Design_Pattern\ant\src\main\org\apache\tools\ant\types\DataType.java,org.apache.tools.ant.types.DataType,class,5,29,24,5,23,2,17,13,55,0.7142857,0.0,0.0,14,0,4,0,10,0,14,0,0,0,3,0,0,0,3,0,0,0,0,78,9,0,1,0,2,7,0,10,4,7,2,0,0,0,187,1025,0
C:\Users\user\Desktop\STUFF A LOT OF 'EM\er\Design_Pattern\ant\src\main\org\apache\tools\ant\taskdefs\optional\perforce\SimpleP4OutputHandler.java,org.apache.tools.ant.taskdefs.optional.perforce.SimpleP4OutputHandler,class,2,14,12,2,10,2,2,7,0,0.0,0.0,0.0,2,0,2,0,0,0,2,0,0,0,1,0,0,0,0,1,0,0,0,26,1,0,0,0,0,8,0,3,1,1,2,0,0,0,50,1,0
C:\Users\user\Desktop\STUFF A LOT OF 'EM\er\Design_Pattern\ant\src\testcases\org\apache\tools\ant\taskdefs\LoadPropertiesTest.java,org.apache.tools.ant.taskdefs.LoadPropertiesTest,class,1,1,0,1,5,3,0,4,10,0.0,0.0,0.0,5,0,5,0,0,0,5,0,0,0,0,0,0,0,0,0,0,0,0,19,0,0,0,0,0,6,0,1,0,1,0,0,0,0,30,1,0
C:\Users\user\Desktop\STUFF A LOT OF 'EM\er\Design_Pattern\ant\src\main\org\apache\tools\ant\taskdefs\optional\depend\constantpool\ConstantPool.java,org.apache.tools.ant.taskdefs.optional.depend.constantpool.ConstantPool,class,9,18,9,9,53,1,0,34,0,0.4642857,0.0,0.0,14,0,14,0,0,0,14,0,0,0,2,0,0,2,0,0,0,0,1,138,11,10,8,0,0,4,23,48,2,40,3,0,0,0,141,1,0
C:\Users\user\Desktop\STUFF A LOT OF 'EM\er\Design_Pattern\ant\src\main\org\apache\tools\ant\taskdefs\optional\extension\ExtensionSet.java,org.apache.tools.ant.taskdefs.optional.extension.ExtensionSet,class,10,13,3,10,9,2,0,14,0,0.4166667,0.0,0.0,6,0,6,0,0,0,6,0,0,0,2,0,0,2,0,0,2,0,3,37,2,0,0,0,0,2,0,6,2,6,1,0,0,0,86,1,0
C:\Users\user\Desktop\STUFF A LOT OF 'EM\er\Design_Pattern\ant\src\main\org\apache\tools\ant\taskdefs\optional\sos\SOSGet.java,org.apache.tools.ant.taskdefs.optional.sos.SOSGet,class,3,3,0,3,8,3,0,12,10,0.0,0.0,0.0,5,0,4,0,1,0,5,0,1,0,0,0,0,0,0,0,0,0,0,39,1,0,3,0,0,0,0,1,0,0,2,0,0,0,83,1,0
C:\Users\user\Desktop\STUFF A LOT OF 'EM\er\Design_Pattern\ant\src\testcases\org\apache\tools\ant\taskdefs\ExecuteWatchdogTest.java,org.apache.tools.ant.taskdefs.ExecuteWatchdogTest,class,5,6,1,5,18,2,0,28,25,0.78000003,0.0,0.0,10,1,5,4,1,0,6,0,0,0,5,4,0,5,0,0,4,0,10,93,4,1,4,0,2,20,14,24,12,22,2,1,0,0,93,1,0
C:\Users\user\Desktop\STUFF A LOT OF 'EM\er\Design_Pattern\ant\src\main\org\apache\tools\ant\taskdefs\optional\ide\VAJLoadProjects.java,org.apache.tools.ant.taskdefs.optional.ide.VAJLoadProjects,class,1,1,0,1,0,5,0,0,0,0.0,-1.0,-1.0,0,0,0,0,0,0,0,0,0,0,0,0,0,0,0,0,0,0,0,2,0,0,0,0,0,0,0,0,0,0,0,0,0,0,21,1,0
C:\Users\user\Desktop\STUFF A LOT OF 'EM\er\Design_Pattern\ant\src\main\org\apache\tools\ant\types\EnumeratedAttribute.java,org.apache.tools.ant.types.EnumeratedAttribute,class,2,65,63,2,14,1,72,4,14,0.625,0.0,0.0,8,0,7,0,1,0,8,1,5,0,2,0,0,1,1,0,0,0,0,39,7,1,4,0,1,1,6,6,1,5,2,0,0,0,74,1025,0
C:\Users\user\Desktop\STUFF A LOT OF 'EM\er\Design_Pattern\ant\src\main\org\apache\tools\ant\taskdefs\optional\ide\VAJTask.java,org.apache.tools.ant.taskdefs.optional.ide.VAJTask,class,5,8,3,5,5,4,3,0,1,0.5555556,0.0,0.0,3,0,2,0,1,0,3,0,0,0,3,0,0,1,2,0,0,0,0,27,1,0,2,0,0,0,0,7,0,3,2,0,1,0,57,1,0
C:\Users\user\Desktop\STUFF A LOT OF 'EM\er\Design_Pattern\ant\src\testcases\org\apache\tools\ant\types\FilterSetTest.java,org.apache.tools.ant.types.FilterSetTest,class,4,5,1,4,17,2,0,18,45,0.9,0.0,0.0,10,0,9,1,0,0,9,0,0,0,1,1,0,1,0,0,1,0,0,101,5,2,3,1,1,63,9,25,4,18,4,0,0,0,96,1,0
C:\Users\user\Desktop\STUFF A LOT OF 'EM\er\Design_Pattern\ant\src\testcases\org\apache\tools\ant\types\FileSetTest.java,org.apache.tools.ant.types.FileSetTest,class,3,3,0,3,2,3,0,0,1,0.0,0.0,0.0,2,0,1,0,1,0,2,0,0,0,0,0,0,0,0,0,0,0,0,8,1,0,0,0,0,0,0,0,0,0,0,0,0,0,15,1,0
C:\Users\user\Desktop\STUFF A LOT OF 'EM\er\Design_Pattern\ant\src\testcases\org\apache\tools\ant\taskdefs\optional\junit\JUnitClassLoaderTest.java,org.apache.tools.ant.taskdefs.optional.junit.JUnitClassLoaderTest,class,1,1,0,1,2,2,0,5,1,0.0,0.0,0.0,2,0,2,0,0,0,2,0,0,0,0,0,0,0,0,0,0,0,1,10,0,0,0,0,0,0,0,2,0,2,0,0,0,0,23,1,0
C:\Users\user\Desktop\STUFF A LOT OF 'EM\er\Design_Pattern\ant\src\main\org\apache\tools\ant\types\selectors\SelectorUtils.java,org.apache.tools.ant.types.selectors.SelectorUtils,class,3,8,5,3,118,1,0,26,120,0.9375,0.0,0.0,16,15,14,2,0,0,14,0,0,0,1,1,0,1,0,0,0,0,22,368,50,26,38,0,9,7,47,96,31,64,5,0,0,0,222,17,0
C:\Users\user\Desktop\STUFF A LOT OF 'EM\er\Design_Pattern\ant\src\testcases\org\apache\tools\ant\taskdefs\DefaultExcludesTest.java,org.apache.tools.ant.taskdefs.DefaultExcludesTest,class,2,3,1,2,8,3,0,4,21,0.0,0.0,0.0,7,0,6,1,0,0,6,0,0,0,0,0,0,0,0,0,0,0,0,32,0,1,0,0,0,53,1,4,2,4,1,0,0,0,32,1,0
C:\Users\user\Desktop\STUFF A LOT OF 'EM\er\Design_Pattern\ant\src\main\org\apache\tools\ant\taskdefs\optional\ide\VAJExportServlet.java,org.apache.tools.ant.taskdefs.optional.ide.VAJExportServlet,class,2,2,0,2,1,3,0,5,0,0.0,NaN,NaN,1,0,0,0,1,0,1,0,0,0,2,2,2,0,0,0,2,0,0,7,0,0,0,0,0,2,0,2,0,2,0,0,0,0,155,1,0
C:\Users\user\Desktop\STUFF A LOT OF 'EM\er\Design_Pattern\ant\src\main\org\apache\tools\ant\util\regexp\Jdk14RegexpRegexp.java,org.apache.tools.ant.util.regexp.Jdk14RegexpRegexp,class,4,6,2,4,11,2,0,15,3,0.0,0.0,0.0,3,0,2,0,1,0,3,0,0,0,0,0,0,0,0,0,0,0,3,59,2,1,2,0,0,1,3,13,0,10,4,0,0,0,46,1,0
C:\Users\user\Desktop\STUFF A LOT OF 'EM\er\Design_Pattern\ant\src\main\org\apache\tools\ant\taskdefs\optional\script\ScriptDef.java,org.apache.tools.ant.taskdefs.optional.script.ScriptDef$Attribute,innerclass,0,0,0,0,1,1,0,1,0,0.0,NaN,NaN,1,0,1,0,0,0,1,0,0,0,1,0,0,1,0,0,0,0,0,6,0,0,0,0,0,0,0,1,0,1,0,0,0,0,12,9,0
C:\Users\user\Desktop\STUFF A LOT OF 'EM\er\Design_Pattern\ant\src\main\org\apache\tools\ant\taskdefs\optional\sitraka\CovMerge.java,org.apache.tools.ant.taskdefs.optional.sitraka.CovMerge,class,10,11,1,10,23,3,0,38,12,0.6666667,0.0,0.0,8,0,5,0,3,0,8,0,0,0,3,0,0,3,0,0,0,0,0,106,2,3,3,3,0,10,3,27,5,24,3,0,0,0,117,1,0
C:\Users\user\Desktop\STUFF A LOT OF 'EM\er\Design_Pattern\ant\src\main\org\apache\tools\ant\taskdefs\LogOutputStream.java,org.apache.tools.ant.taskdefs.LogOutputStream,class,3,15,12,3,23,2,3,11,4,0.7777778,0.0,0.0,9,0,6,0,3,0,9,0,0,0,7,3,0,7,0,0,3,0,0,70,1,3,7,0,4,0,9,15,1,12,2,0,0,0,100,1,0
C:\Users\user\Desktop\STUFF A LOT OF 'EM\er\Design_Pattern\ant\src\testcases\org\apache\tools\ant\taskdefs\optional\junit\JUnitReportTest.java,org.apache.tools.ant.taskdefs.optional.junit.JUnitReportTest,class,1,1,0,1,5,2,0,4,6,0.0,0.0,0.0,4,0,2,0,2,0,4,0,0,0,0,0,0,0,0,0,0,0,0,17,0,0,0,0,0,5,0,0,0,0,1,0,0,0,54,1,0
C:\Users\user\Desktop\STUFF A LOT OF 'EM\er\Design_Pattern\ant\src\testcases\org\apache\tools\ant\types\selectors\ContainsSelectorTest.java,org.apache.tools.ant.types.selectors.ContainsSelectorTest,class,6,7,1,6,6,3,0,14,6,1.0,0.0,0.0,4,0,4,0,0,0,4,0,0,0,1,0,0,1,0,0,0,0,0,70,1,0,0,3,0,18,4,16,0,6,1,0,0,0,72,1,0
C:\Users\user\Desktop\STUFF A LOT OF 'EM\er\Design_Pattern\ant\src\main\org\apache\tools\ant\types\Assertions.java,org.apache.tools.ant.types.Assertions$DisabledAssertion,innerclass,1,1,0,1,1,2,0,0,0,0.0,NaN,NaN,1,0,1,0,0,0,1,0,0,0,0,0,0,0,0,0,0,0,0,5,1,0,0,0,0,1,0,0,0,0,0,0,0,0,19,9,0
C:\Users\user\Desktop\STUFF A LOT OF 'EM\er\Design_Pattern\ant\src\main\org\apache\tools\ant\taskdefs\optional\ejb\IPlanetEjbc.java,org.apache.tools.ant.taskdefs.optional.ejb.IPlanetEjbc$Classname,innerclass,1,1,0,1,9,1,0,5,5,0.61904764,0.0,0.0,7,0,7,0,0,0,7,0,0,0,3,0,0,3,0,0,0,0,0,39,7,0,2,0,0,2,3,7,2,5,1,0,0,0,84,10,0
C:\Users\user\Desktop\STUFF A LOT OF 'EM\er\Design_Pattern\ant\src\main\org\apache\tools\ant\taskdefs\Copydir.java,org.apache.tools.ant.taskdefs.Copydir,class,7,8,1,7,19,4,0,22,7,0.69047624,0.0,0.0,7,0,6,1,0,0,6,0,0,0,6,0,0,6,0,0,0,0,0,77,0,2,3,2,2,14,3,20,3,16,4,0,0,0,66,1,0
C:\Users\user\Desktop\STUFF A LOT OF 'EM\er\Design_Pattern\ant\src\testcases\org\apache\tools\ant\taskdefs\optional\ANTLRTest.java,org.apache.tools.ant.taskdefs.optional.CalcFileFilter,class,0,1,1,0,1,1,0,1,0,0.0,NaN,NaN,1,0,1,0,0,0,1,0,0,0,0,0,0,0,0,0,0,0,0,5,1,0,0,0,0,1,0,0,0,0,0,0,0,0,6,0,0
C:\Users\user\Desktop\STUFF A LOT OF 'EM\er\Design_Pattern\ant\src\main\org\apache\tools\ant\taskdefs\Execute.java,org.apache.tools.ant.taskdefs.Execute$OS2CommandLauncher,innerclass,3,3,0,3,4,3,0,6,1,0.0,0.0,0.0,2,0,1,0,0,1,2,0,0,0,0,0,0,0,0,0,0,0,1,28,2,0,2,0,0,5,12,12,1,4,2,0,0,0,69,10,0
C:\Users\user\Desktop\STUFF A LOT OF 'EM\er\Design_Pattern\ant\src\main\org\apache\tools\ant\filters\StripJavaComments.java,org.apache.tools.ant.filters.StripJavaComments,class,3,4,1,3,20,4,0,2,6,0.75,0.0,0.0,4,0,4,0,0,0,4,0,2,0,3,0,0,3,0,0,0,0,0,65,2,3,14,0,0,0,7,20,0,5,8,0,0,0,105,17,0
C:\Users\user\Desktop\STUFF A LOT OF 'EM\er\Design_Pattern\ant\src\main\org\apache\tools\ant\taskdefs\optional\j2ee\HotDeploymentTool.java,org.apache.tools.ant.taskdefs.optional.j2ee.HotDeploymentTool,interface,1,5,4,1,3,1,0,0,3,1.0,0.0,0.0,3,0,3,0,0,0,3,0,0,0,5,5,5,0,0,0,5,0,0,10,0,0,0,0,0,5,0,5,0,5,0,0,0,0,51,1,0
C:\Users\user\Desktop\STUFF A LOT OF 'EM\er\Design_Pattern\ant\src\main\org\apache\tools\ant\types\selectors\BaseSelector.java,org.apache.tools.ant.types.selectors.BaseSelector,class,4,30,26,4,9,3,5,2,9,0.5,0.0,0.0,6,0,6,0,0,0,6,1,0,0,1,0,0,1,0,0,0,0,0,24,1,0,3,0,0,0,0,2,0,1,1,0,0,0,107,1025,0
C:\Users\user\Desktop\STUFF A LOT OF 'EM\er\Design_Pattern\ant\src\testcases\org\apache\tools\ant\taskdefs\EchoTest.java,org.apache.tools.ant.taskdefs.EchoTest,class,1,1,0,1,5,3,0,2,10,0.0,0.0,0.0,5,0,5,0,0,0,5,0,0,0,0,0,0,0,0,0,0,0,0,17,0,0,0,0,0,13,0,0,1,0,0,0,0,0,21,1,0
C:\Users\user\Desktop\STUFF A LOT OF 'EM\er\Design_Pattern\ant\src\main\org\apache\tools\ant\taskdefs\optional\PropertyFile.java,org.apache.tools.ant.taskdefs.optional.PropertyFile,class,5,6,1,5,19,3,0,21,16,0.6944445,0.0,0.0,9,0,4,5,0,0,4,0,0,0,4,0,0,4,0,0,0,0,0,341,2,1,4,5,1,3,0,14,2,11,4,0,2,0,113,1,0
C:\Users\user\Desktop\STUFF A LOT OF 'EM\er\Design_Pattern\ant\src\main\org\apache\tools\ant\listener\Log4jListener.java,org.apache.tools.ant.listener.Log4jListener,class,7,7,0,7,26,1,0,19,0,0.0,0.0,0.0,8,0,8,0,0,0,8,0,0,0,1,0,0,1,0,0,0,0,0,100,0,0,5,0,1,17,0,18,6,14,3,0,0,0,47,1,16
C:\Users\user\Desktop\STUFF A LOT OF 'EM\er\Design_Pattern\ant\src\main\org\apache\tools\ant\taskdefs\optional\vss\MSVSS.java,org.apache.tools.ant.taskdefs.optional.vss.MSVSS,class,10,19,9,10,118,4,8,45,1361,0.96011406,0.0,0.0,54,0,8,5,40,1,49,1,5,0,26,0,0,26,0,0,0,0,1,382,48,2,33,3,1,38,26,89,35,49,3,0,2,0,317,1025,0
C:\Users\user\Desktop\STUFF A LOT OF 'EM\er\Design_Pattern\ant\src\main\org\apache\tools\ant\taskdefs\RecorderEntry.java,org.apache.tools.ant.taskdefs.RecorderEntry,class,5,7,2,5,36,1,0,24,128,0.84999996,0.0,0.0,20,1,17,2,1,0,18,0,0,0,7,0,0,7,0,0,0,0,7,121,3,1,9,0,4,23,11,25,18,16,3,0,0,0,133,1,0
C:\Users\user\Desktop\STUFF A LOT OF 'EM\er\Design_Pattern\ant\src\main\org\apache\tools\ant\taskdefs\WaitFor.java,org.apache.tools.ant.taskdefs.WaitFor,class,5,5,0,5,12,3,0,9,5,0.6666667,0.0,0.0,6,0,6,0,0,0,6,0,0,0,5,0,0,5,0,0,0,0,3,82,1,1,1,2,0,5,8,18,4,10,3,0,1,0,115,1,0
C:\Users\user\Desktop\STUFF A LOT OF 'EM\er\Design_Pattern\ant\src\main\org\apache\tools\ant\types\FileList.java,org.apache.tools.ant.types.FileList,class,6,11,5,6,23,3,0,21,2,0.44444445,0.0,0.0,9,0,7,0,2,0,9,0,0,0,2,0,0,2,0,0,0,0,0,85,5,1,6,0,3,5,3,9,1,7,2,0,1,0,122,1,0
C:\Users\user\Desktop\STUFF A LOT OF 'EM\er\Design_Pattern\ant\src\main\org\apache\tools\ant\types\selectors\PresentSelector.java,org.apache.tools.ant.types.selectors.PresentSelector,class,7,11,4,7,20,5,0,11,1,0.5357143,0.0,0.0,7,0,7,0,0,0,7,0,0,0,4,0,0,4,0,0,0,0,0,79,4,0,12,0,0,11,4,13,1,8,1,0,1,0,161,1,0
C:\Users\user\Desktop\STUFF A LOT OF 'EM\er\Design_Pattern\ant\src\testcases\org\apache\tools\ant\types\DescriptionTest.java,org.apache.tools.ant.types.DescriptionTest,class,1,1,0,1,7,2,0,3,21,0.0,0.0,0.0,7,0,7,0,0,0,7,0,0,0,0,0,0,0,0,0,0,0,0,25,0,0,0,0,0,12,0,0,0,0,0,0,0,0,29,1,0
C:\Users\user\Desktop\STUFF A LOT OF 'EM\er\Design_Pattern\ant\src\main\org\apache\tools\ant\filters\TokenFilter.java,org.apache.tools.ant.filters.TokenFilter,class,18,24,6,18,44,19,0,18,49,0.7789474,0.0,0.0,19,2,19,0,0,0,19,0,1,0,5,0,0,5,0,0,0,0,1,464,6,3,16,0,0,2,12,32,2,14,4,0,11,0,162,1,0
C:\Users\user\Desktop\STUFF A LOT OF 'EM\er\Design_Pattern\ant\src\main\org\apache\tools\ant\taskdefs\optional\junit\JUnitResultFormatter.java,org.apache.tools.ant.taskdefs.optional.junit.JUnitResultFormatter,interface,2,11,9,2,5,1,0,0,10,0.0,0.0,0.0,5,0,0,0,0,5,5,0,0,0,0,0,0,0,0,0,0,0,0,7,0,0,0,0,0,0,0,0,0,0,0,0,0,0,44,1,0
C:\Users\user\Desktop\STUFF A LOT OF 'EM\er\Design_Pattern\ant\src\main\org\apache\tools\ant\util\ChainedMapper.java,org.apache.tools.ant.util.ChainedMapper,class,2,2,0,2,6,2,0,11,0,0.0,NaN,NaN,1,0,1,0,0,0,1,0,0,0,0,0,0,0,0,0,0,0,1,23,1,2,3,0,3,0,1,7,0,6,4,0,0,0,43,1,0
C:\Users\user\Desktop\STUFF A LOT OF 'EM\er\Design_Pattern\ant\src\testcases\org\apache\tools\ant\util\regexp\Jdk14RegexpRegexpTest.java,org.apache.tools.ant.util.regexp.Jdk14RegexpRegexpTest,class,3,3,0,3,10,4,0,5,15,0.0,0.0,0.0,6,0,6,0,0,0,6,0,0,0,0,0,0,0,0,0,0,0,0,40,1,0,0,4,0,4,0,0,0,0,1,0,0,0,32,1,0
C:\Users\user\Desktop\STUFF A LOT OF 'EM\er\Design_Pattern\ant\src\main\org\apache\tools\ant\types\optional\image\DrawOperation.java,org.apache.tools.ant.types.optional.image.DrawOperation,interface,1,9,8,1,1,1,0,0,0,0.0,NaN,NaN,1,0,1,0,0,0,1,0,0,0,0,0,0,0,0,0,0,0,0,3,0,0,0,0,0,0,0,0,0,0,0,0,0,0,47,1,0
C:\Users\user\Desktop\STUFF A LOT OF 'EM\er\Design_Pattern\ant\src\main\org\apache\tools\ant\types\selectors\modifiedselector\PropertiesfileCache.java,org.apache.tools.ant.types.selectors.modifiedselector.PropertiesfileCache,class,2,4,2,2,24,1,0,24,0,0.5416667,0.0,0.0,12,0,12,0,0,0,12,0,0,0,4,0,0,4,0,0,0,0,3,88,7,1,3,3,3,4,0,18,0,9,2,0,0,0,118,1,0
C:\Users\user\Desktop\STUFF A LOT OF 'EM\er\Design_Pattern\ant\src\testcases\org\apache\tools\ant\DummyTaskWithoutDefaultConstructor.java,org.apache.tools.ant.DummyTaskWithoutDefaultConstructor,class,1,2,1,1,2,2,0,0,1,0.0,0.0,0.0,2,0,2,0,0,0,2,0,0,0,0,0,0,0,0,0,0,0,0,6,0,0,0,0,0,0,0,0,0,0,0,0,0,0,7,1,0
C:\Users\user\Desktop\STUFF A LOT OF 'EM\er\Design_Pattern\ant\src\main\org\apache\tools\ant\util\IdentityMapper.java,org.apache.tools.ant.util.IdentityMapper,class,1,5,4,1,3,1,0,0,3,0.0,0.0,0.0,3,0,3,0,0,0,3,0,0,0,0,0,0,0,0,0,0,0,0,9,1,0,0,0,0,0,0,0,0,0,0,0,0,0,30,1,0
C:\Users\user\Desktop\STUFF A LOT OF 'EM\er\Design_Pattern\ant\src\main\org\apache\tools\ant\taskdefs\email\MimeMailer.java,org.apache.tools.ant.taskdefs.email.MimeMailer$StringDataSource,innerclass,0,0,0,0,16,1,0,6,5,0.67857146,0.0,0.0,7,0,7,0,0,0,7,0,0,0,4,0,0,4,0,0,0,0,0,42,6,0,7,0,1,7,1,8,0,4,2,0,0,0,23,0,0
C:\Users\user\Desktop\STUFF A LOT OF 'EM\er\Design_Pattern\ant\src\main\org\apache\tools\ant\util\regexp\RegexpMatcherFactory.java,org.apache.tools.ant.util.regexp.RegexpMatcherFactory,class,4,9,5,4,12,1,1,7,10,0.0,0.0,0.0,5,0,3,0,2,0,5,0,0,0,0,0,0,0,0,0,0,0,3,55,6,0,2,5,0,9,0,4,0,2,1,0,0,0,49,1,0
C:\Users\user\Desktop\STUFF A LOT OF 'EM\er\Design_Pattern\ant\src\main\org\apache\tools\ant\taskdefs\CallTarget.java,org.apache.tools.ant.taskdefs.CallTarget,class,10,11,1,10,23,3,0,29,0,0.6923077,0.0,0.0,13,0,13,0,0,0,13,0,0,0,4,0,0,4,0,0,0,0,0,93,3,0,10,0,0,3,0,6,0,4,1,0,0,0,110,1,0
C:\Users\user\Desktop\STUFF A LOT OF 'EM\er\Design_Pattern\ant\src\main\org\apache\tools\ant\taskdefs\Execute.java,org.apache.tools.ant.taskdefs.Execute$WinNTCommandLauncher,innerclass,3,3,0,3,4,3,0,4,1,0.0,0.0,0.0,2,0,1,0,0,1,2,0,0,0,0,0,0,0,0,0,0,0,1,26,2,0,2,0,0,5,8,10,1,3,2,0,0,0,61,10,0
C:\Users\user\Desktop\STUFF A LOT OF 'EM\er\Design_Pattern\ant\src\main\org\apache\tools\ant\taskdefs\Recorder.java,org.apache.tools.ant.taskdefs.Recorder,class,8,9,1,8,17,4,0,14,11,0.7380953,0.0,0.0,7,0,6,0,1,0,7,0,0,0,6,1,0,6,0,0,0,0,0,92,1,0,3,1,0,9,1,24,1,11,3,0,2,0,140,1,0
C:\Users\user\Desktop\STUFF A LOT OF 'EM\er\Design_Pattern\ant\src\main\org\apache\tools\ant\taskdefs\optional\metamata\MMetricsStreamHandler.java,org.apache.tools.ant.taskdefs.optional.metamata.MMetricsStreamHandler$ElementEntry,innerclass,0,0,0,0,3,1,0,0,0,0.33333334,0.0,0.0,3,0,2,0,0,1,3,0,0,0,2,0,0,2,0,0,0,0,0,14,2,0,0,0,0,0,0,2,0,2,0,0,0,0,21,26,0
C:\Users\user\Desktop\STUFF A LOT OF 'EM\er\Design_Pattern\ant\src\main\org\apache\tools\ant\taskdefs\optional\perforce\P4Label.java,org.apache.tools.ant.taskdefs.optional.perforce.P4Label,class,4,4,0,4,14,2,0,9,0,0.5,0.0,0.0,4,0,4,0,0,0,4,0,0,0,3,0,0,0,3,0,0,0,2,79,0,0,5,0,0,29,3,15,6,8,1,4,0,0,84,1,0
C:\Users\user\Desktop\STUFF A LOT OF 'EM\er\Design_Pattern\ant\src\main\org\apache\tools\ant\taskdefs\optional\PropertyFile.java,org.apache.tools.ant.taskdefs.optional.PropertyFile$Unit,innerclass,1,1,0,1,3,2,0,5,1,0.6333333,0.0,0.0,3,0,3,0,0,0,3,0,0,0,10,9,0,10,0,0,9,0,0,30,2,0,0,0,0,8,0,12,0,12,0,0,0,0,46,9,0
C:\Users\user\Desktop\STUFF A LOT OF 'EM\er\Design_Pattern\ant\src\main\org\apache\tools\ant\util\DateUtils.java,org.apache.tools.ant.util.DateUtils,class,2,4,2,2,18,1,0,20,45,0.96000004,0.0,0.0,10,9,8,2,0,0,9,0,0,0,10,10,4,6,0,0,10,0,7,79,10,0,2,1,11,16,31,26,21,25,1,0,0,0,180,17,0
C:\Users\user\Desktop\STUFF A LOT OF 'EM\er\Design_Pattern\ant\src\main\org\apache\tools\ant\util\ResourceUtils.java,org.apache.tools.ant.util.ResourceUtils,class,7,10,3,7,13,1,0,19,1,0.0,0.0,0.0,2,2,2,0,0,0,2,0,0,0,0,0,0,0,0,0,0,0,3,47,2,2,2,0,2,12,4,11,6,9,5,0,0,0,103,1,0
C:\Users\user\Desktop\STUFF A LOT OF 'EM\er\Design_Pattern\ant\src\main\org\apache\tools\ant\types\selectors\TypeSelector.java,org.apache.tools.ant.types.selectors.TypeSelector$FileType,innerclass,1,1,0,1,1,2,0,0,0,0.0,NaN,NaN,1,0,1,0,0,0,1,0,0,0,2,2,2,0,0,0,2,0,0,7,1,0,0,0,0,2,0,2,0,2,0,0,0,0,26,9,0
C:\Users\user\Desktop\STUFF A LOT OF 'EM\er\Design_Pattern\ant\src\main\org\apache\tools\ant\taskdefs\optional\ejb\GenericDeploymentTool.java,org.apache.tools.ant.taskdefs.optional.ejb.GenericDeploymentTool,class,18,27,9,18,102,1,6,98,304,0.915825,0.0,0.0,33,0,10,1,21,1,32,0,0,0,18,9,6,9,3,0,9,0,2,441,23,9,27,9,2,53,29,127,29,89,5,0,0,0,413,1,0
C:\Users\user\Desktop\STUFF A LOT OF 'EM\er\Design_Pattern\ant\src\testcases\org\apache\tools\ant\types\CommandlineJavaTest.java,org.apache.tools.ant.types.CommandlineJavaTest,class,6,6,0,6,13,2,0,33,0,0.16666667,0.0,0.0,6,0,6,0,0,0,6,0,0,0,1,0,0,1,0,0,0,0,11,111,1,3,0,2,0,64,21,22,2,21,2,0,0,0,48,1,0
C:\Users\user\Desktop\STUFF A LOT OF 'EM\er\Design_Pattern\ant\src\main\org\apache\tools\ant\taskdefs\MacroInstance.java,org.apache.tools.ant.taskdefs.MacroInstance,class,14,17,3,14,58,3,0,78,25,0.7933884,0.0,0.0,11,0,7,4,0,0,7,0,0,0,11,3,0,11,0,0,3,0,2,258,6,8,22,1,1,24,7,64,8,47,4,0,1,0,143,1,0
C:\Users\user\Desktop\STUFF A LOT OF 'EM\er\Design_Pattern\ant\src\main\org\apache\tools\ant\taskdefs\optional\TraXLiaison.java,org.apache.tools.ant.taskdefs.optional.TraXLiaison,class,26,28,2,26,51,1,0,58,162,0.8916666,0.0,0.0,20,0,14,5,1,0,15,0,0,0,12,0,0,12,0,0,0,0,4,224,5,5,20,5,1,13,12,54,5,43,3,0,0,0,199,1,0
C:\Users\user\Desktop\STUFF A LOT OF 'EM\er\Design_Pattern\ant\src\main\org\apache\tools\ant\helper\ProjectHelper2.java,org.apache.tools.ant.helper.ProjectHelper2$ElementHandler,innerclass,10,10,0,10,17,2,0,36,10,0.0,0.0,0.0,5,0,5,0,0,0,5,0,0,0,0,0,0,0,0,0,0,0,2,63,1,1,6,0,2,4,4,17,3,13,4,0,0,0,137,9,0
C:\Users\user\Desktop\STUFF A LOT OF 'EM\er\Design_Pattern\ant\src\main\org\apache\tools\ant\taskdefs\rmic\KaffeRmic.java,org.apache.tools.ant.taskdefs.rmic.KaffeRmic,class,3,4,1,3,4,2,0,11,0,0.0,NaN,NaN,1,0,1,0,0,0,1,0,0,0,0,0,0,0,0,0,0,0,1,25,1,0,0,1,0,8,0,6,1,6,2,0,0,0,43,1,0
C:\Users\user\Desktop\STUFF A LOT OF 'EM\er\Design_Pattern\ant\src\main\org\apache\tools\ant\filters\LineContainsRegExp.java,org.apache.tools.ant.filters.LineContainsRegExp,class,7,8,1,7,19,5,0,21,8,0.7083333,0.0,0.0,8,0,5,3,0,0,5,0,5,0,3,1,0,3,0,0,1,0,0,80,4,3,6,0,0,1,6,21,0,14,4,0,0,0,150,17,0
C:\Users\user\Desktop\STUFF A LOT OF 'EM\er\Design_Pattern\ant\src\testcases\org\apache\tools\ant\types\AddTypeTest.java,org.apache.tools.ant.types.AddTypeTest$AImpl,innerclass,1,1,0,1,0,1,0,0,0,0.0,-1.0,-1.0,0,0,0,0,0,0,0,0,0,0,0,0,0,0,0,0,0,0,0,2,0,0,0,0,0,0,0,0,0,0,0,0,0,0,2,9,0
C:\Users\user\Desktop\STUFF A LOT OF 'EM\er\Design_Pattern\ant\src\main\org\apache\tools\ant\taskdefs\optional\ccm\CCMCheckout.java,org.apache.tools.ant.taskdefs.optional.ccm.CCMCheckout,class,2,2,0,2,1,5,0,1,0,0.0,NaN,NaN,1,0,1,0,0,0,1,0,0,0,0,0,0,0,0,0,0,0,0,6,0,0,0,0,0,0,0,0,0,0,0,0,0,0,21,1,0
C:\Users\user\Desktop\STUFF A LOT OF 'EM\er\Design_Pattern\ant\src\main\org\apache\tools\ant\util\WeakishReference.java,org.apache.tools.ant.util.WeakishReference$HardReference,innerclass,1,1,0,1,2,2,0,0,0,0.0,0.0,0.0,2,0,2,0,0,0,2,0,0,0,1,0,0,1,0,0,0,0,0,9,1,0,0,0,0,0,0,1,0,1,0,0,0,0,12,9,0
C:\Users\user\Desktop\STUFF A LOT OF 'EM\er\Design_Pattern\ant\src\main\org\apache\tools\ant\types\optional\image\Rotate.java,org.apache.tools.ant.types.optional.image.Rotate,class,6,8,2,6,9,5,0,15,4,0.5,0.0,0.0,4,0,4,0,0,0,4,0,0,0,1,0,0,0,1,0,0,0,1,51,5,2,0,0,7,4,6,19,2,11,2,0,0,0,71,1,0
C:\Users\user\Desktop\STUFF A LOT OF 'EM\er\Design_Pattern\ant\src\testcases\org\apache\tools\ant\taskdefs\PropertyTest.java,org.apache.tools.ant.taskdefs.PropertyTest,class,2,2,0,2,18,2,0,13,55,0.0,0.0,0.0,11,0,11,0,0,0,11,0,0,0,0,0,0,0,0,0,0,0,0,65,3,0,3,4,0,30,3,2,1,2,1,0,0,0,63,1,0
C:\Users\user\Desktop\STUFF A LOT OF 'EM\er\Design_Pattern\ant\src\main\org\apache\tools\ant\taskdefs\optional\sitraka\Filters.java,org.apache.tools.ant.taskdefs.optional.sitraka.Filters,class,3,4,1,3,9,3,0,7,2,0.6,0.0,0.0,5,0,5,0,0,0,5,0,0,0,3,1,1,0,2,0,1,0,0,63,1,1,0,0,0,1,3,7,1,6,2,0,3,0,61,1,0
C:\Users\user\Desktop\STUFF A LOT OF 'EM\er\Design_Pattern\ant\src\main\org\apache\tools\ant\types\Assertions.java,org.apache.tools.ant.types.Assertions,class,9,11,2,9,26,5,0,24,0,0.4166667,0.0,0.0,12,1,9,3,0,0,9,0,0,0,2,0,0,2,0,0,0,0,3,149,5,3,3,0,2,15,3,19,3,18,2,0,3,0,162,1,0
C:\Users\user\Desktop\STUFF A LOT OF 'EM\er\Design_Pattern\ant\src\main\org\apache\tools\ant\taskdefs\LogStreamHandler.java,org.apache.tools.ant.taskdefs.LogStreamHandler,class,4,16,12,4,3,2,0,4,1,0.0,0.0,0.0,2,0,2,0,0,0,2,0,0,0,0,0,0,0,0,0,0,0,0,15,0,0,0,1,0,0,0,0,0,0,1,0,0,0,38,1,0
C:\Users\user\Desktop\STUFF A LOT OF 'EM\er\Design_Pattern\ant\src\main\org\apache\tools\ant\taskdefs\optional\depend\constantpool\IntegerCPInfo.java,org.apache.tools.ant.taskdefs.optional.depend.constantpool.IntegerCPInfo,class,1,2,1,1,3,3,0,3,3,0.0,0.0,0.0,3,0,3,0,0,0,3,0,0,0,0,0,0,0,0,0,0,0,0,11,1,0,0,0,0,1,1,0,1,0,0,0,0,0,41,1,0
C:\Users\user\Desktop\STUFF A LOT OF 'EM\er\Design_Pattern\ant\src\testcases\org\apache\tools\ant\util\UnPackageNameMapperTest.java,org.apache.tools.ant.util.UnPackageNameMapperTest,class,3,4,1,3,3,2,0,6,3,0.0,0.0,0.0,3,0,2,1,0,0,2,0,0,0,0,0,0,0,0,0,0,0,0,17,1,0,0,0,0,4,1,4,0,4,0,0,0,0,21,1,0
C:\Users\user\Desktop\STUFF A LOT OF 'EM\er\Design_Pattern\ant\src\testcases\org\apache\tools\ant\taskdefs\optional\jdepend\JDependTest.java,org.apache.tools.ant.taskdefs.optional.jdepend.JDependTest,class,2,3,1,2,11,2,0,8,45,1.0,0.0,0.0,10,0,8,0,2,0,10,0,0,0,1,1,1,0,0,0,1,0,0,35,0,0,0,0,0,17,1,2,1,2,0,0,0,0,71,1,0
C:\Users\user\Desktop\STUFF A LOT OF 'EM\er\Design_Pattern\ant\src\main\org\apache\tools\ant\util\PackageNameMapper.java,org.apache.tools.ant.util.PackageNameMapper,class,1,1,0,1,1,2,0,3,0,0.0,NaN,NaN,1,0,0,0,1,0,1,0,0,0,0,0,0,0,0,0,0,0,0,6,1,0,0,0,0,0,0,1,1,1,0,0,0,0,61,1,0
C:\Users\user\Desktop\STUFF A LOT OF 'EM\er\Design_Pattern\ant\src\testcases\org\apache\tools\ant\taskdefs\ParallelTest.java,org.apache.tools.ant.taskdefs.ParallelTest,class,6,7,1,6,15,2,0,16,15,0.75,0.0,0.0,7,1,6,0,0,1,7,0,0,0,4,4,4,0,0,0,4,0,6,79,2,2,3,1,3,25,9,20,5,19,2,0,0,0,124,1,0
C:\Users\user\Desktop\STUFF A LOT OF 'EM\er\Design_Pattern\ant\src\main\org\apache\tools\ant\taskdefs\optional\junit\FormatterElement.java,org.apache.tools.ant.taskdefs.optional.junit.FormatterElement,class,8,14,6,8,32,2,0,11,65,0.83571434,0.0,0.0,14,0,10,0,0,4,14,0,0,0,10,3,3,7,0,0,3,0,2,122,8,0,7,3,1,10,0,19,1,13,2,0,1,0,151,1,0
C:\Users\user\Desktop\STUFF A LOT OF 'EM\er\Design_Pattern\ant\src\testcases\org\apache\tools\ant\taskdefs\optional\XalanLiaisonTest.java,org.apache.tools.ant.taskdefs.optional.XalanLiaisonTest,class,3,3,0,3,5,2,0,6,6,0.0,0.0,0.0,4,0,3,0,1,0,4,0,0,0,0,0,0,0,0,0,0,0,0,27,1,0,0,1,0,6,0,4,0,4,1,0,0,0,28,1,0
C:\Users\user\Desktop\STUFF A LOT OF 'EM\er\Design_Pattern\ant\src\main\org\apache\tools\ant\taskdefs\email\PlainMailer.java,org.apache.tools.ant.taskdefs.email.PlainMailer,class,7,10,3,7,15,2,1,29,1,0.0,0.0,0.0,2,0,1,0,1,0,2,0,0,0,0,0,0,0,0,0,0,0,0,74,0,7,3,2,1,9,4,16,2,12,2,0,0,0,63,0,0
C:\Users\user\Desktop\STUFF A LOT OF 'EM\er\Design_Pattern\ant\src\main\org\apache\tools\ant\filters\BaseFilterReader.java,org.apache.tools.ant.filters.BaseFilterReader,class,2,20,18,2,20,3,5,6,41,0.8333333,0.0,0.0,10,0,5,0,5,0,10,0,8,0,3,1,0,3,0,0,1,0,0,72,10,3,6,1,0,1,10,12,1,8,3,0,0,0,148,1025,0
C:\Users\user\Desktop\STUFF A LOT OF 'EM\er\Design_Pattern\ant\src\testcases\org\apache\tools\zip\ZipLongTest.java,org.apache.tools.zip.ZipLongTest,class,3,3,0,3,5,2,0,5,10,0.0,0.0,0.0,5,0,5,0,0,0,5,0,0,0,0,0,0,0,0,0,0,0,0,34,0,0,0,0,0,12,24,8,0,8,0,0,0,0,37,1,0
C:\Users\user\Desktop\STUFF A LOT OF 'EM\er\Design_Pattern\ant\src\testcases\org\apache\tools\ant\taskdefs\DynamicTest.java,org.apache.tools.ant.taskdefs.DynamicTest,class,1,1,0,1,3,3,0,4,3,0.0,0.0,0.0,3,0,3,0,0,0,3,0,0,0,0,0,0,0,0,0,0,0,0,15,0,0,0,0,0,10,0,0,0,0,0,0,0,0,18,1,0
C:\Users\user\Desktop\STUFF A LOT OF 'EM\er\Design_Pattern\ant\src\testcases\org\apache\tools\ant\taskdefs\AntTest.java,org.apache.tools.ant.taskdefs.AntTest$BasedirChecker,innerclass,3,3,0,3,12,1,0,7,32,0.81481487,0.0,0.0,9,0,7,0,0,2,9,0,0,0,3,0,0,3,0,0,0,0,0,36,2,0,1,1,0,1,1,3,0,3,2,0,0,0,26,2,0
C:\Users\user\Desktop\STUFF A LOT OF 'EM\er\Design_Pattern\ant\src\main\org\apache\tools\ant\DemuxOutputStream.java,org.apache.tools.ant.DemuxOutputStream,class,4,6,2,4,26,2,0,18,33,0.8142857,0.0,0.0,10,0,5,3,2,0,7,0,0,0,7,4,0,7,0,0,4,0,3,103,1,3,7,1,2,0,9,29,1,22,2,0,1,0,138,1,0
C:\Users\user\Desktop\STUFF A LOT OF 'EM\er\Design_Pattern\ant\src\main\org\apache\tools\ant\taskdefs\condition\IsReference.java,org.apache.tools.ant.taskdefs.condition.IsReference,class,5,6,1,5,8,2,0,8,0,0.33333334,0.0,0.0,3,0,3,0,0,0,3,0,0,0,2,0,0,2,0,0,0,0,0,32,4,0,5,0,0,2,0,5,1,4,2,0,0,0,53,1,0
C:\Users\user\Desktop\STUFF A LOT OF 'EM\er\Design_Pattern\ant\src\main\org\apache\tools\ant\taskdefs\optional\perforce\P4OutputHandler.java,org.apache.tools.ant.taskdefs.optional.perforce.P4OutputHandler,interface,0,0,0,0,1,1,0,0,0,0.0,NaN,NaN,1,0,0,0,0,1,1,0,0,0,0,0,0,0,0,0,0,0,0,3,0,0,0,0,0,0,0,0,0,0,0,0,0,0,34,1,0
C:\Users\user\Desktop\STUFF A LOT OF 'EM\er\Design_Pattern\ant\src\testcases\org\apache\tools\ant\taskdefs\AbstractCvsTaskTest.java,org.apache.tools.ant.taskdefs.AbstractCvsTaskTest,class,1,1,0,1,7,3,0,7,21,0.0,0.0,0.0,7,0,7,0,0,0,7,0,0,0,0,0,0,0,0,0,0,0,0,29,0,0,0,0,0,14,0,2,0,2,0,0,0,0,32,1,0
C:\Users\user\Desktop\STUFF A LOT OF 'EM\er\Design_Pattern\ant\src\main\org\apache\tools\ant\taskdefs\optional\clearcase\CCMkelem.java,org.apache.tools.ant.taskdefs.optional.clearcase.CCMkelem,class,8,9,1,8,38,4,0,28,194,0.9299722,0.0,0.0,21,0,17,4,0,0,17,0,0,0,17,9,9,8,0,0,9,0,1,139,8,0,7,0,0,12,1,30,2,21,2,0,0,0,174,1,0
C:\Users\user\Desktop\STUFF A LOT OF 'EM\er\Design_Pattern\ant\src\main\org\apache\tools\ant\taskdefs\optional\ide\VAJAntToolGUI.java,org.apache.tools.ant.taskdefs.optional.ide.VAJAntToolGUI$PrivateEventHandler,innerclass,2,2,0,2,39,1,0,50,55,0.0,0.0,0.0,11,0,11,0,0,0,11,0,0,0,0,0,0,0,0,0,0,0,2,117,0,0,21,4,2,5,4,0,2,0,3,0,0,0,71,2,0
C:\Users\user\Desktop\STUFF A LOT OF 'EM\er\Design_Pattern\ant\src\main\org\apache\tools\ant\taskdefs\Replace.java,org.apache.tools.ant.taskdefs.Replace,class,7,8,1,7,58,2,0,56,75,0.83760685,0.0,0.0,18,0,15,3,0,0,15,0,0,0,13,0,0,13,0,0,0,0,2,301,6,5,20,5,0,35,10,72,11,49,3,0,2,0,223,1,0
C:\Users\user\Desktop\STUFF A LOT OF 'EM\er\Design_Pattern\ant\src\main\org\apache\tools\ant\PropertyHelper.java,org.apache.tools.ant.PropertyHelper,class,3,6,3,3,63,1,0,31,80,0.73999995,0.0,0.0,20,2,18,0,1,1,20,0,0,7,5,0,0,5,0,0,0,0,1,238,26,6,24,0,3,23,13,50,19,41,3,0,0,0,257,1,0
C:\Users\user\Desktop\STUFF A LOT OF 'EM\er\Design_Pattern\ant\src\testcases\org\apache\tools\ant\ProjectTest.java,org.apache.tools.ant.DummyTaskPackage,class,1,2,1,1,2,2,0,0,1,0.0,0.0,0.0,2,0,2,0,0,0,2,0,0,0,0,0,0,0,0,0,0,0,0,6,0,0,0,0,0,0,0,0,0,0,0,0,0,0,4,0,0
C:\Users\user\Desktop\STUFF A LOT OF 'EM\er\Design_Pattern\ant\src\testcases\org\apache\tools\zip\ExtraFieldUtilsTest.java,org.apache.tools.zip.ExtraFieldUtilsTest,class,7,7,0,7,7,2,0,21,0,0.125,0.0,0.0,4,0,4,0,0,0,4,0,0,0,4,0,0,4,0,0,0,0,10,61,0,2,0,1,2,13,50,13,13,13,1,0,0,0,49,1,0
C:\Users\user\Desktop\STUFF A LOT OF 'EM\er\Design_Pattern\ant\src\main\org\apache\tools\ant\input\PropertyFileInputHandler.java,org.apache.tools.ant.input.PropertyFileInputHandler,class,4,5,1,4,8,1,0,8,1,0.5,0.0,0.0,3,0,2,1,0,0,2,0,0,1,2,1,1,1,0,0,1,0,1,32,0,0,3,1,0,10,0,5,4,4,2,0,0,0,65,1,0
C:\Users\user\Desktop\STUFF A LOT OF 'EM\er\Design_Pattern\ant\src\main\org\apache\tools\ant\taskdefs\WaitFor.java,org.apache.tools.ant.taskdefs.WaitFor$Unit,innerclass,1,1,0,1,3,2,0,5,1,0.625,0.0,0.0,3,0,3,0,0,0,3,0,0,0,8,7,0,8,0,0,7,0,0,26,2,0,0,0,0,6,16,10,4,10,0,0,0,0,49,9,0
C:\Users\user\Desktop\STUFF A LOT OF 'EM\er\Design_Pattern\ant\src\main\org\apache\tools\ant\taskdefs\optional\junit\Xalan2Executor.java,org.apache.tools.ant.taskdefs.optional.junit.Xalan2Executor,class,10,10,0,10,8,2,0,13,1,0.5555556,0.0,0.0,3,0,0,0,2,1,3,0,0,0,3,2,0,3,0,0,2,0,0,40,4,0,0,2,0,14,0,9,9,9,2,0,0,0,64,1,0
C:\Users\user\Desktop\STUFF A LOT OF 'EM\er\Design_Pattern\ant\src\main\org\apache\tools\ant\util\KeepAliveOutputStream.java,org.apache.tools.ant.util.KeepAliveOutputStream,class,0,1,1,0,2,3,0,0,1,0.0,0.0,0.0,2,0,2,0,0,0,2,0,0,0,0,0,0,0,0,0,0,0,0,7,0,0,0,0,0,0,0,0,0,0,0,0,0,0,40,1,0
C:\Users\user\Desktop\STUFF A LOT OF 'EM\er\Design_Pattern\ant\src\testcases\org\apache\tools\ant\AntClassLoaderTest.java,org.apache.tools.ant.AntClassLoaderTest,class,4,4,0,4,8,2,0,5,1,0.33333334,0.0,0.0,3,0,3,0,0,0,3,0,0,0,1,0,0,1,0,0,0,0,0,40,0,0,0,3,0,9,0,3,0,3,1,0,0,0,34,1,0
C:\Users\user\Desktop\STUFF A LOT OF 'EM\er\Design_Pattern\ant\src\main\org\apache\tools\ant\filters\TokenFilter.java,org.apache.tools.ant.filters.TokenFilter$Filter,interface,0,0,0,0,1,1,0,0,0,0.0,NaN,NaN,1,0,0,0,0,1,1,0,0,0,0,0,0,0,0,0,0,0,0,3,0,0,0,0,0,0,0,0,0,0,0,0,0,0,18,1,0
C:\Users\user\Desktop\STUFF A LOT OF 'EM\er\Design_Pattern\ant\src\main\org\apache\tools\ant\taskdefs\Expand.java,org.apache.tools.ant.taskdefs.Expand,class,11,13,2,11,48,3,1,40,24,0.79365075,0.0,0.0,9,0,7,0,2,0,9,0,0,0,7,1,0,7,0,0,1,0,0,173,2,7,11,5,2,22,13,45,7,33,5,0,0,0,139,1,0
C:\Users\user\Desktop\STUFF A LOT OF 'EM\er\Design_Pattern\ant\src\main\org\apache\tools\ant\taskdefs\optional\ccm\CCMCreateTask.java,org.apache.tools.ant.taskdefs.optional.ccm.CCMCreateTask,class,7,8,1,7,31,4,0,31,178,0.92499995,0.0,0.0,20,0,19,1,0,0,19,0,0,0,12,6,6,6,0,0,6,0,1,134,6,0,8,1,0,18,3,32,8,22,2,0,0,0,123,1,0
C:\Users\user\Desktop\STUFF A LOT OF 'EM\er\Design_Pattern\ant\src\main\org\apache\tools\ant\taskdefs\optional\ide\VAJTask.java,org.apache.tools.ant.taskdefs.optional.ide.VAJTask$VAJLocalToolUtil,innerclass,2,2,0,2,1,2,0,1,0,0.0,NaN,NaN,1,0,1,0,0,0,1,0,0,0,0,0,0,0,0,0,0,0,0,5,0,0,0,0,0,0,0,0,0,0,0,0,0,0,12,0,0
C:\Users\user\Desktop\STUFF A LOT OF 'EM\er\Design_Pattern\ant\src\main\org\apache\tools\ant\taskdefs\Transform.java,org.apache.tools.ant.taskdefs.Transform,class,1,1,0,1,0,2,0,0,0,0.0,-1.0,-1.0,0,0,0,0,0,0,0,0,0,0,0,0,0,0,0,0,0,0,0,2,0,0,0,0,0,0,0,0,0,0,0,0,0,0,10,1,0
C:\Users\user\Desktop\STUFF A LOT OF 'EM\er\Design_Pattern\ant\src\main\org\apache\tools\ant\types\ResourceLocation.java,org.apache.tools.ant.types.ResourceLocation,class,0,5,5,0,6,1,1,0,9,0.75000006,0.0,0.0,6,0,6,0,0,0,6,0,0,0,4,0,0,4,0,0,0,0,0,24,3,0,0,0,0,0,0,7,0,4,0,0,0,0,83,1,0
C:\Users\user\Desktop\STUFF A LOT OF 'EM\er\Design_Pattern\ant\src\main\org\apache\tools\ant\taskdefs\condition\And.java,org.apache.tools.ant.taskdefs.condition.And,class,2,3,1,2,3,3,0,4,0,0.0,NaN,NaN,1,0,1,0,0,0,1,0,0,0,0,0,0,0,0,0,0,0,0,12,2,1,0,0,0,0,0,2,0,2,2,0,0,0,34,1,0
C:\Users\user\Desktop\STUFF A LOT OF 'EM\er\Design_Pattern\ant\src\main\org\apache\tools\ant\taskdefs\optional\jsp\JspC.java,org.apache.tools.ant.taskdefs.optional.jsp.JspC,class,13,17,4,13,73,4,0,42,734,0.9354376,0.0,0.0,41,0,35,3,3,0,38,0,0,0,17,1,0,13,3,1,1,0,1,288,23,3,17,0,2,31,10,50,10,38,3,0,1,0,309,1,0
C:\Users\user\Desktop\STUFF A LOT OF 'EM\er\Design_Pattern\ant\src\main\org\apache\tools\ant\filters\PrefixLines.java,org.apache.tools.ant.filters.PrefixLines,class,5,6,1,5,17,5,0,14,9,0.7142857,0.0,0.0,7,0,5,2,0,0,5,0,5,0,3,1,0,3,0,0,1,0,0,64,4,1,7,0,0,1,7,16,1,7,3,0,0,0,114,17,0
C:\Users\user\Desktop\STUFF A LOT OF 'EM\er\Design_Pattern\ant\src\main\org\apache\tools\ant\taskdefs\ImportTask.java,org.apache.tools.ant.taskdefs.ImportTask,class,8,8,0,8,13,3,0,18,0,0.44444445,0.0,0.0,3,0,3,0,0,0,3,0,0,0,3,1,0,3,0,0,1,0,1,52,2,0,5,1,0,12,1,10,3,9,2,0,0,0,119,1,0
C:\Users\user\Desktop\STUFF A LOT OF 'EM\er\Design_Pattern\ant\src\main\org\apache\tools\ant\taskdefs\Execute.java,org.apache.tools.ant.taskdefs.Execute$Anonymous1,anonymous,0,0,0,0,1,1,0,0,0,0.0,NaN,NaN,1,0,1,0,0,0,1,0,0,0,0,0,0,0,0,0,0,0,0,4,0,0,0,0,0,0,0,0,0,0,0,0,0,0,5,-1,0
C:\Users\user\Desktop\STUFF A LOT OF 'EM\er\Design_Pattern\ant\src\main\org\apache\tools\ant\taskdefs\optional\junit\JUnitTask.java,org.apache.tools.ant.taskdefs.optional.junit.JUnitTask$ForkMode,innerclass,1,1,0,1,3,2,0,1,3,0.6666667,0.0,0.0,3,0,3,0,0,0,3,0,0,0,3,3,3,0,0,0,3,0,0,15,1,0,0,0,0,3,0,3,0,3,0,0,0,0,35,25,0
C:\Users\user\Desktop\STUFF A LOT OF 'EM\er\Design_Pattern\ant\src\main\org\apache\tools\ant\taskdefs\FixCRLF.java,org.apache.tools.ant.taskdefs.FixCRLF$AddAsisRemove,innerclass,1,1,0,1,1,2,0,0,0,0.0,NaN,NaN,1,0,1,0,0,0,1,0,0,0,0,0,0,0,0,0,0,0,0,5,1,0,0,0,0,3,0,0,0,0,0,0,0,0,12,9,0
C:\Users\user\Desktop\STUFF A LOT OF 'EM\er\Design_Pattern\ant\src\main\org\apache\tools\ant\taskdefs\optional\net\RExecTask.java,org.apache.tools.ant.taskdefs.optional.net.RExecTask,class,8,9,1,8,26,6,0,12,31,0.7954545,0.0,0.0,11,0,10,1,0,0,10,0,0,0,8,0,0,8,0,0,0,0,0,226,2,1,10,3,1,8,0,21,2,13,3,0,4,0,132,1,0
C:\Users\user\Desktop\STUFF A LOT OF 'EM\er\Design_Pattern\ant\src\main\org\apache\tools\ant\types\FlexInteger.java,org.apache.tools.ant.types.FlexInteger,class,0,1,1,0,3,1,0,3,0,0.0,0.0,0.0,3,0,3,0,0,0,3,0,0,0,1,0,0,1,0,0,0,0,1,12,2,0,0,0,0,0,0,1,0,1,0,0,0,0,38,1,0
C:\Users\user\Desktop\STUFF A LOT OF 'EM\er\Design_Pattern\ant\src\main\org\apache\tools\ant\util\depend\bcel\DependencyVisitor.java,org.apache.tools.ant.util.depend.bcel.DependencyVisitor,class,8,10,2,8,19,2,0,23,43,0.72727275,0.0,0.0,11,0,8,2,0,1,9,0,0,0,2,0,0,2,0,0,0,0,0,72,1,1,2,0,2,7,14,15,6,13,3,0,0,0,101,1,0
C:\Users\user\Desktop\STUFF A LOT OF 'EM\er\Design_Pattern\ant\src\main\org\apache\tools\ant\taskdefs\Dirname.java,org.apache.tools.ant.taskdefs.Dirname,class,4,4,0,4,5,3,0,4,0,0.33333334,0.0,0.0,3,0,3,0,0,0,3,0,0,0,2,0,0,2,0,0,0,0,0,22,0,0,2,0,0,2,0,3,0,3,1,0,0,0,51,1,0
C:\Users\user\Desktop\STUFF A LOT OF 'EM\er\Design_Pattern\ant\src\main\org\apache\tools\ant\taskdefs\optional\ANTLR.java,org.apache.tools.ant.taskdefs.optional.ANTLR,class,15,16,1,15,58,3,0,52,194,0.8869048,0.0,0.0,24,0,18,4,2,0,20,0,0,0,14,0,0,14,0,0,0,0,1,222,6,1,9,4,2,38,5,34,13,28,3,0,0,0,211,1,0
C:\Users\user\Desktop\STUFF A LOT OF 'EM\er\Design_Pattern\ant\src\main\org\apache\tools\ant\taskdefs\Definer.java,org.apache.tools.ant.taskdefs.Definer$Anonymous1,anonymous,0,0,0,0,3,1,0,0,0,0.0,0.0,0.0,2,0,2,0,0,0,2,0,0,0,1,0,0,1,0,0,0,0,0,15,2,0,0,0,0,0,0,2,0,1,1,0,0,0,13,-1,0
C:\Users\user\Desktop\STUFF A LOT OF 'EM\er\Design_Pattern\ant\src\main\org\apache\tools\ant\taskdefs\rmic\RmicAdapter.java,org.apache.tools.ant.taskdefs.rmic.RmicAdapter,interface,3,6,3,3,4,1,0,0,6,0.0,0.0,0.0,4,0,0,0,0,4,4,0,0,0,0,0,0,0,0,0,0,0,0,6,0,0,0,0,0,0,0,0,0,0,0,0,0,0,71,1,0
C:\Users\user\Desktop\STUFF A LOT OF 'EM\er\Design_Pattern\ant\src\main\org\apache\tools\ant\DynamicConfigurator.java,org.apache.tools.ant.DynamicConfigurator,interface,2,2,0,2,0,1,0,0,0,0.0,-1.0,-1.0,0,0,0,0,0,0,0,0,0,0,0,0,0,0,0,0,0,0,0,2,0,0,0,0,0,0,0,0,0,0,0,0,0,0,12,1,0
C:\Users\user\Desktop\STUFF A LOT OF 'EM\er\Design_Pattern\ant\src\testcases\org\apache\tools\ant\BuildFileTest.java,org.apache.tools.ant.BuildFileTest,class,7,80,73,7,38,3,72,37,334,0.8869047,0.0,0.0,28,0,1,1,26,0,27,0,0,0,6,0,0,5,1,0,0,0,4,204,11,1,4,3,4,18,3,27,7,22,2,0,2,0,194,1025,0
C:\Users\user\Desktop\STUFF A LOT OF 'EM\er\Design_Pattern\ant\src\main\org\apache\tools\ant\IntrospectionHelper.java,org.apache.tools.ant.IntrospectionHelper$NestedCreator,interface,1,1,0,1,5,1,0,0,10,0.0,0.0,0.0,5,0,0,0,0,5,5,0,0,0,0,0,0,0,0,0,0,0,0,7,0,0,0,0,0,0,0,0,0,0,0,0,0,0,28,2,0
C:\Users\user\Desktop\STUFF A LOT OF 'EM\er\Design_Pattern\ant\src\main\org\apache\tools\ant\taskdefs\Javadoc.java,org.apache.tools.ant.taskdefs.Javadoc$Anonymous1,anonymous,0,0,0,0,2,1,0,1,0,0.0,NaN,NaN,1,0,1,0,0,0,1,0,0,0,0,0,0,0,0,0,0,0,0,8,2,0,0,0,0,1,0,0,0,0,1,0,0,0,5,-1,0
C:\Users\user\Desktop\STUFF A LOT OF 'EM\er\Design_Pattern\ant\src\testcases\org\apache\tools\ant\types\selectors\SizeSelectorTest.java,org.apache.tools.ant.types.selectors.SizeSelectorTest,class,6,7,1,6,9,3,0,13,6,1.0,0.0,0.0,4,0,4,0,0,0,4,0,0,0,1,0,0,1,0,0,0,0,0,141,1,0,0,6,0,40,21,38,3,18,1,0,0,0,85,1,0
C:\Users\user\Desktop\STUFF A LOT OF 'EM\er\Design_Pattern\ant\src\main\org\apache\tools\ant\taskdefs\optional\starteam\StarTeamCheckin.java,org.apache.tools.ant.taskdefs.optional.starteam.StarTeamCheckin,class,11,12,1,11,31,7,0,32,40,0.7307692,0.0,0.0,13,0,7,2,4,0,11,0,0,0,4,0,0,4,0,0,0,0,3,148,5,2,7,1,4,20,2,26,9,18,3,0,1,0,205,1,0
C:\Users\user\Desktop\STUFF A LOT OF 'EM\er\Design_Pattern\ant\src\main\org\apache\tools\ant\ComponentHelper.java,org.apache.tools.ant.ComponentHelper$AntTypeTable,innerclass,3,3,0,3,13,3,0,11,8,0.375,0.0,0.0,8,0,8,0,0,0,8,0,0,0,1,0,0,1,0,0,0,0,0,47,11,1,4,0,0,0,0,8,0,8,2,0,0,0,34,10,0
C:\Users\user\Desktop\STUFF A LOT OF 'EM\er\Design_Pattern\ant\src\main\org\apache\tools\ant\taskdefs\SendEmail.java,org.apache.tools.ant.taskdefs.SendEmail,class,2,3,1,2,1,2,0,2,0,0.0,NaN,NaN,1,0,1,0,0,0,1,0,0,0,0,0,0,0,0,0,0,0,0,5,0,0,0,0,0,0,0,0,0,0,0,0,0,0,48,1,0
C:\Users\user\Desktop\STUFF A LOT OF 'EM\er\Design_Pattern\ant\src\main\org\apache\tools\ant\types\resolver\ApacheCatalog.java,org.apache.tools.ant.types.resolver.ApacheCatalog,class,4,6,2,4,7,2,0,10,0,0.0,0.0,0.0,3,0,2,0,1,0,3,0,0,0,1,0,0,1,0,0,0,0,0,35,1,0,4,0,0,2,6,8,0,7,2,0,0,0,122,1,0
C:\Users\user\Desktop\STUFF A LOT OF 'EM\er\Design_Pattern\ant\src\main\org\apache\tools\ant\input\InputHandler.java,org.apache.tools.ant.input.InputHandler,interface,1,6,5,1,1,1,0,0,0,0.0,NaN,NaN,1,0,0,0,0,1,1,0,0,0,0,0,0,0,0,0,0,0,0,3,0,0,0,0,0,0,0,0,0,0,0,0,0,0,26,1,0
C:\Users\user\Desktop\STUFF A LOT OF 'EM\er\Design_Pattern\ant\src\main\org\apache\tools\ant\types\selectors\ExtendSelector.java,org.apache.tools.ant.types.selectors.ExtendSelector,class,12,16,4,12,30,4,0,22,19,0.67499995,0.0,0.0,10,0,10,0,0,0,10,0,3,0,4,0,0,4,0,0,0,0,2,97,3,0,8,1,3,11,4,14,4,8,3,0,0,0,134,1,0
C:\Users\user\Desktop\STUFF A LOT OF 'EM\er\Design_Pattern\ant\src\main\org\apache\tools\ant\helper\ProjectHelper2.java,org.apache.tools.ant.helper.ProjectHelper2$TargetHandler,innerclass,8,8,0,8,22,2,0,27,3,0.0,0.0,0.0,3,0,3,0,0,0,3,0,0,0,0,0,0,0,0,0,0,0,0,75,1,1,5,0,0,24,2,14,8,10,3,0,0,0,100,9,0
C:\Users\user\Desktop\STUFF A LOT OF 'EM\er\Design_Pattern\ant\src\main\org\apache\tools\ant\listener\AnsiColorLogger.java,org.apache.tools.ant.listener.AnsiColorLogger,class,2,3,1,2,20,2,0,11,0,0.5625,NaN,NaN,2,0,0,1,1,0,1,0,2,0,16,10,0,16,0,0,10,0,1,99,0,0,10,2,0,9,11,35,11,27,3,0,0,0,163,17,0
C:\Users\user\Desktop\STUFF A LOT OF 'EM\er\Design_Pattern\ant\src\main\org\apache\tools\ant\taskdefs\SQLExec.java,org.apache.tools.ant.taskdefs.SQLExec$Transaction,innerclass,1,1,0,1,6,1,0,5,0,0.33333334,0.0,0.0,3,0,2,1,0,0,2,0,0,0,2,0,0,2,0,0,0,0,0,26,0,0,3,1,1,3,1,5,1,3,2,0,0,0,54,1,0
C:\Users\user\Desktop\STUFF A LOT OF 'EM\er\Design_Pattern\ant\src\main\org\apache\tools\tar\TarBuffer.java,org.apache.tools.tar.TarBuffer,class,2,5,3,2,57,1,0,12,0,0.6753247,0.0,0.0,21,0,17,4,0,0,17,0,0,0,11,2,2,9,0,0,2,0,3,203,10,2,17,0,7,29,17,28,16,17,3,0,0,0,167,1,0
C:\Users\user\Desktop\STUFF A LOT OF 'EM\er\Design_Pattern\ant\src\main\org\apache\tools\ant\taskdefs\Javac.java,org.apache.tools.ant.taskdefs.Javac,class,16,26,10,16,112,5,0,47,2593,0.96285707,0.0,0.0,75,0,68,0,7,0,75,0,0,0,28,1,0,25,3,0,1,0,3,395,39,2,18,1,2,36,11,74,6,44,3,0,1,0,365,1,0
C:\Users\user\Desktop\STUFF A LOT OF 'EM\er\Design_Pattern\ant\src\testcases\org\apache\tools\ant\util\GlobPatternMapperTest.java,org.apache.tools.ant.util.GlobPatternMapperTest,class,2,2,0,2,5,2,0,6,10,0.0,0.0,0.0,5,0,5,0,0,0,5,0,0,0,0,0,0,0,0,0,0,0,0,59,0,0,0,0,0,46,14,12,0,8,0,0,0,0,25,1,0
C:\Users\user\Desktop\STUFF A LOT OF 'EM\er\Design_Pattern\ant\src\main\org\apache\tools\ant\taskdefs\cvslib\RedirectingStreamHandler.java,org.apache.tools.ant.taskdefs.cvslib.RedirectingStreamHandler,class,4,5,1,4,5,2,0,5,3,0.0,0.0,0.0,3,0,1,0,0,2,3,0,0,0,0,0,0,0,0,0,0,0,0,24,2,0,0,2,0,1,0,1,0,1,1,0,0,0,33,0,0
C:\Users\user\Desktop\STUFF A LOT OF 'EM\er\Design_Pattern\ant\src\main\org\apache\tools\ant\taskdefs\optional\junit\JUnitTestRunner.java,org.apache.tools.ant.taskdefs.optional.junit.JUnitTestRunner,class,14,21,7,14,85,1,2,75,278,0.8928572,0.0,0.0,28,7,16,7,5,0,21,0,0,0,20,7,3,17,0,0,4,0,25,353,9,11,20,6,10,21,38,96,4,65,6,0,0,0,246,1,0
C:\Users\user\Desktop\STUFF A LOT OF 'EM\er\Design_Pattern\ant\src\main\org\apache\tools\ant\util\FileNameMapper.java,org.apache.tools.ant.util.FileNameMapper,interface,0,29,29,0,3,1,0,0,3,0.0,0.0,0.0,3,0,0,0,0,3,3,0,0,0,0,0,0,0,0,0,0,0,0,5,0,0,0,0,0,0,0,0,0,0,0,0,0,0,58,1,0
C:\Users\user\Desktop\STUFF A LOT OF 'EM\er\Design_Pattern\ant\src\main\org\apache\tools\ant\taskdefs\cvslib\RCSFile.java,org.apache.tools.ant.taskdefs.cvslib.RCSFile,class,0,2,2,0,6,1,0,1,4,0.6,0.0,0.0,5,0,0,0,0,5,5,0,0,0,3,0,0,3,0,0,0,0,0,24,3,0,0,0,0,0,0,3,0,3,1,0,0,0,15,0,0
C:\Users\user\Desktop\STUFF A LOT OF 'EM\er\Design_Pattern\ant\src\main\org\apache\tools\ant\taskdefs\optional\clearcase\CCMklbtype.java,org.apache.tools.ant.taskdefs.optional.clearcase.CCMklbtype,class,8,9,1,8,37,4,0,24,235,0.933504,0.0,0.0,23,0,19,4,0,0,19,0,0,0,17,8,8,9,0,0,8,0,1,143,10,0,6,0,0,12,1,34,3,22,2,0,0,0,167,1,0
C:\Users\user\Desktop\STUFF A LOT OF 'EM\er\Design_Pattern\ant\src\main\org\apache\tools\ant\taskdefs\optional\junit\SummaryJUnitResultFormatter.java,org.apache.tools.ant.taskdefs.optional.junit.SummaryJUnitResultFormatter,class,6,8,2,6,21,1,0,16,56,0.8333333,0.0,0.0,12,0,12,0,0,0,12,0,0,0,5,0,0,5,0,0,0,0,2,71,0,0,4,2,0,9,3,10,1,7,3,0,0,0,68,1,0
C:\Users\user\Desktop\STUFF A LOT OF 'EM\er\Design_Pattern\ant\src\main\org\apache\tools\ant\taskdefs\optional\perforce\P4Sync.java,org.apache.tools.ant.taskdefs.optional.perforce.P4Sync,class,3,3,0,3,10,2,0,3,0,0.33333334,0.0,0.0,3,0,3,0,0,0,3,0,0,0,2,0,0,1,0,1,0,0,0,26,0,0,4,0,0,12,0,5,3,2,1,0,0,0,122,1,0
C:\Users\user\Desktop\STUFF A LOT OF 'EM\er\Design_Pattern\ant\src\testcases\org\apache\tools\ant\types\PatternSetTest.java,org.apache.tools.ant.types.PatternSetTest,class,4,4,0,4,18,2,0,18,4,0.4,0.0,0.0,5,0,5,0,0,0,5,0,0,0,1,0,0,1,0,0,0,0,0,150,0,0,0,13,0,60,6,17,0,11,1,0,0,0,73,1,0
C:\Users\user\Desktop\STUFF A LOT OF 'EM\er\Design_Pattern\ant\src\main\org\apache\tools\ant\taskdefs\optional\IContract.java,org.apache.tools.ant.taskdefs.optional.IContract$IContractPresenceDetector,innerclass,2,2,0,2,8,1,0,2,21,0.0,0.0,0.0,7,0,7,0,0,0,7,0,0,0,0,0,0,0,0,0,0,0,0,19,0,0,0,0,0,1,0,1,0,0,1,0,0,0,39,2,0
C:\Users\user\Desktop\STUFF A LOT OF 'EM\er\Design_Pattern\ant\src\main\org\apache\tools\ant\types\Resource.java,org.apache.tools.ant.types.Resource,class,1,9,8,1,18,1,0,3,41,0.69642854,0.0,0.0,14,0,14,0,0,0,14,0,0,0,4,0,0,4,0,0,0,0,0,59,6,0,0,1,1,4,4,13,2,5,1,0,0,0,105,1,0
C:\Users\user\Desktop\STUFF A LOT OF 'EM\er\Design_Pattern\ant\src\main\org\apache\tools\ant\taskdefs\optional\windows\Attrib.java,org.apache.tools.ant.taskdefs.optional.windows.Attrib,class,5,6,1,5,19,2,0,14,130,0.92436975,0.0,0.0,17,1,12,3,2,0,14,0,0,0,7,6,0,7,0,0,6,0,1,67,3,0,1,0,1,16,0,9,7,8,1,0,0,0,83,1,0
C:\Users\user\Desktop\STUFF A LOT OF 'EM\er\Design_Pattern\ant\src\testcases\org\apache\tools\ant\types\MapperTest.java,org.apache.tools.ant.types.MapperTest$TaskdefForCopyTest,innerclass,1,1,0,1,4,2,0,2,6,0.0,0.0,0.0,4,0,3,0,0,1,4,0,0,0,0,0,0,0,0,0,0,0,0,14,0,0,0,0,0,3,0,0,0,0,0,0,0,0,19,2,0
C:\Users\user\Desktop\STUFF A LOT OF 'EM\er\Design_Pattern\ant\src\testcases\org\apache\tools\ant\types\AddTypeTest.java,org.apache.tools.ant.types.AddTypeTest$BImpl,innerclass,1,1,0,1,0,1,0,0,0,0.0,-1.0,-1.0,0,0,0,0,0,0,0,0,0,0,0,0,0,0,0,0,0,0,0,2,0,0,0,0,0,0,0,0,0,0,0,0,0,0,2,9,0
C:\Users\user\Desktop\STUFF A LOT OF 'EM\er\Design_Pattern\ant\src\main\org\apache\tools\ant\taskdefs\optional\depend\Depend.java,org.apache.tools.ant.taskdefs.optional.depend.Depend,class,14,15,1,14,113,4,0,68,157,0.86363643,0.0,0.0,22,0,10,11,1,0,11,0,0,0,13,2,0,13,0,0,2,0,4,461,14,23,36,3,2,52,23,153,25,118,8,0,1,0,318,1,0
C:\Users\user\Desktop\STUFF A LOT OF 'EM\er\Design_Pattern\ant\src\main\org\apache\tools\ant\util\Tokenizer.java,org.apache.tools.ant.util.Tokenizer,interface,0,1,1,0,2,1,0,0,1,0.0,0.0,0.0,2,0,0,0,0,2,2,0,0,0,0,0,0,0,0,0,0,0,0,4,0,0,0,0,0,0,0,0,0,0,0,0,0,0,29,1,0
C:\Users\user\Desktop\STUFF A LOT OF 'EM\er\Design_Pattern\ant\src\testcases\org\apache\tools\ant\taskdefs\DeleteTest.java,org.apache.tools.ant.taskdefs.DeleteTest,class,1,1,0,1,6,3,0,3,15,0.0,0.0,0.0,6,0,6,0,0,0,6,0,0,0,0,0,0,0,0,0,0,0,0,20,0,0,0,0,0,6,0,0,0,0,0,0,0,0,23,1,0
C:\Users\user\Desktop\STUFF A LOT OF 'EM\er\Design_Pattern\ant\src\testcases\org\apache\tools\ant\taskdefs\PathConvertTest.java,org.apache.tools.ant.taskdefs.PathConvertTest,class,2,3,1,2,5,2,0,4,10,0.8666666,0.0,0.0,5,0,4,1,0,0,4,0,0,0,3,3,0,3,0,0,3,0,0,21,0,0,0,0,0,6,0,3,2,3,0,0,0,0,41,1,0
C:\Users\user\Desktop\STUFF A LOT OF 'EM\er\Design_Pattern\ant\src\main\org\apache\tools\ant\taskdefs\optional\jdepend\JDependTask.java,org.apache.tools.ant.taskdefs.optional.jdepend.JDependTask$FormatAttribute,innerclass,1,1,0,1,1,2,0,0,0,0.0,NaN,NaN,1,0,1,0,0,0,1,0,0,0,1,0,0,1,0,0,0,0,0,6,1,0,0,0,0,2,0,1,0,1,0,0,0,0,14,9,0
C:\Users\user\Desktop\STUFF A LOT OF 'EM\er\Design_Pattern\ant\src\main\org\apache\tools\ant\taskdefs\optional\depend\constantpool\LongCPInfo.java,org.apache.tools.ant.taskdefs.optional.depend.constantpool.LongCPInfo,class,1,2,1,1,3,3,0,3,3,0.0,0.0,0.0,3,0,3,0,0,0,3,0,0,0,0,0,0,0,0,0,0,0,0,11,1,0,0,0,0,1,1,0,1,0,0,0,0,0,41,1,0
C:\Users\user\Desktop\STUFF A LOT OF 'EM\er\Design_Pattern\ant\src\main\org\apache\tools\zip\ZipEntry.java,org.apache.tools.zip.ZipEntry,class,5,10,5,5,59,2,0,49,352,0.91536045,0.0,0.0,29,3,22,3,4,0,26,0,0,0,11,5,0,11,0,0,2,0,7,213,14,3,6,4,8,9,23,40,6,29,3,0,0,0,189,1,0
C:\Users\user\Desktop\STUFF A LOT OF 'EM\er\Design_Pattern\ant\src\main\org\apache\tools\ant\taskdefs\compilers\JavacExternal.java,org.apache.tools.ant.taskdefs.compilers.JavacExternal,class,4,5,1,4,3,2,0,10,0,0.0,NaN,NaN,1,0,1,0,0,0,1,0,0,0,0,0,0,0,0,0,0,0,0,11,1,0,1,0,0,1,2,2,0,2,0,0,0,0,33,1,0
C:\Users\user\Desktop\STUFF A LOT OF 'EM\er\Design_Pattern\ant\src\main\org\apache\tools\ant\taskdefs\PathConvert.java,org.apache.tools.ant.taskdefs.PathConvert$MapEntry,innerclass,1,1,0,1,9,1,0,4,3,0.6666667,0.0,0.0,3,0,3,0,0,0,3,0,0,0,2,0,0,2,0,0,0,0,0,27,1,0,2,0,0,2,0,9,2,5,2,0,0,0,65,1,0
C:\Users\user\Desktop\STUFF A LOT OF 'EM\er\Design_Pattern\ant\src\main\org\apache\tools\ant\taskdefs\optional\junit\BaseTest.java,org.apache.tools.ant.taskdefs.optional.junit.BaseTest,class,1,6,5,1,18,1,2,2,122,0.9,0.0,0.0,17,0,17,0,0,0,17,0,0,0,10,0,0,0,10,0,0,0,0,66,8,0,1,0,0,0,0,17,0,10,1,0,0,0,52,1025,0
C:\Users\user\Desktop\STUFF A LOT OF 'EM\er\Design_Pattern\ant\src\main\org\apache\tools\ant\taskdefs\Concat.java,org.apache.tools.ant.taskdefs.Concat$MultiReader,innerclass,3,3,0,3,33,2,0,11,0,0.50000006,0.0,0.0,6,0,3,3,0,0,3,0,0,0,5,0,0,5,0,0,0,0,0,122,10,6,10,0,2,1,24,32,7,13,5,0,0,0,90,2,0
C:\Users\user\Desktop\STUFF A LOT OF 'EM\er\Design_Pattern\ant\src\main\org\apache\tools\ant\taskdefs\Definer.java,org.apache.tools.ant.taskdefs.Definer$Format,innerclass,1,1,0,1,1,2,0,0,0,1.0,NaN,NaN,1,0,1,0,0,0,1,0,0,0,1,1,1,0,0,0,1,0,0,6,1,0,0,0,0,2,2,2,0,2,0,0,0,0,24,9,0
C:\Users\user\Desktop\STUFF A LOT OF 'EM\er\Design_Pattern\ant\src\main\org\apache\tools\ant\util\Watchdog.java,org.apache.tools.ant.util.Watchdog,class,2,4,2,2,13,1,0,12,7,0.61904764,0.0,0.0,7,0,6,0,1,0,7,0,1,3,3,0,0,3,0,0,0,0,2,47,0,2,0,1,2,2,3,10,2,7,2,0,0,0,37,1,0
C:\Users\user\Desktop\STUFF A LOT OF 'EM\er\Design_Pattern\ant\src\main\org\apache\tools\ant\taskdefs\optional\net\RExecTask.java,org.apache.tools.ant.taskdefs.optional.net.RExecTask$RExecWrite,innerclass,2,2,0,2,2,2,0,1,0,0.0,0.0,0.0,2,0,2,0,0,0,2,0,0,0,1,0,0,1,0,0,0,0,0,9,0,0,0,0,0,0,0,2,0,1,0,0,0,0,32,1,0
C:\Users\user\Desktop\STUFF A LOT OF 'EM\er\Design_Pattern\ant\src\main\org\apache\tools\ant\taskdefs\Jar.java,org.apache.tools.ant.taskdefs.Jar$FilesetManifestConfig,innerclass,1,1,0,1,1,2,0,0,0,0.0,NaN,NaN,1,0,1,0,0,0,1,0,0,0,0,0,0,0,0,0,0,0,0,5,1,0,0,0,0,3,0,0,0,0,0,0,0,0,7,9,0
C:\Users\user\Desktop\STUFF A LOT OF 'EM\er\Design_Pattern\ant\src\testcases\org\apache\tools\ant\util\regexp\JakartaRegexpMatcherTest.java,org.apache.tools.ant.util.regexp.JakartaRegexpMatcherTest,class,3,3,0,3,7,3,0,3,10,0.0,0.0,0.0,5,0,4,0,1,0,5,0,0,0,0,0,0,0,0,0,0,0,0,26,1,0,0,2,0,2,0,0,0,0,1,0,0,0,42,1,0
C:\Users\user\Desktop\STUFF A LOT OF 'EM\er\Design_Pattern\ant\src\main\org\apache\tools\ant\filters\BaseParamFilterReader.java,org.apache.tools.ant.filters.BaseParamFilterReader,class,3,14,11,3,4,4,11,1,4,0.5,0.0,0.0,4,0,3,0,1,0,4,0,2,0,1,0,0,1,0,0,0,0,0,16,1,0,0,0,0,0,0,1,0,1,0,0,0,0,40,1025,0
C:\Users\user\Desktop\STUFF A LOT OF 'EM\er\Design_Pattern\ant\src\main\org\apache\tools\ant\taskdefs\optional\script\ScriptDef.java,org.apache.tools.ant.taskdefs.optional.script.ScriptDef,class,8,9,1,8,30,2,0,31,7,0.70000005,0.0,0.0,10,0,10,0,0,0,10,0,0,0,6,0,0,6,0,0,0,0,2,146,2,2,13,3,0,43,0,26,15,18,3,0,2,0,124,1,0
C:\Users\user\Desktop\STUFF A LOT OF 'EM\er\Design_Pattern\ant\src\main\org\apache\tools\ant\taskdefs\optional\XMLValidateTask.java,org.apache.tools.ant.taskdefs.optional.XMLValidateTask$Attribute,innerclass,0,0,0,0,4,1,0,0,2,0.5,0.0,0.0,4,0,4,0,0,0,4,0,0,0,2,0,0,2,0,0,0,0,0,16,2,0,0,0,0,0,0,3,0,2,0,0,0,0,27,1,0
C:\Users\user\Desktop\STUFF A LOT OF 'EM\er\Design_Pattern\ant\src\main\org\apache\tools\ant\filters\StripLineComments.java,org.apache.tools.ant.filters.StripLineComments,class,6,7,1,6,19,5,0,19,8,0.7083333,0.0,0.0,8,0,5,3,0,0,5,0,5,0,3,1,0,3,0,0,1,0,0,84,4,3,6,0,0,1,6,17,0,10,4,0,1,0,120,17,0
C:\Users\user\Desktop\STUFF A LOT OF 'EM\er\Design_Pattern\ant\src\main\org\apache\tools\ant\taskdefs\optional\sitraka\Triggers.java,org.apache.tools.ant.taskdefs.optional.sitraka.Triggers,class,1,2,1,1,6,1,0,8,1,0.5555556,0.0,0.0,3,0,3,0,0,0,4,0,0,0,3,2,0,2,1,0,2,0,0,65,1,1,0,0,0,16,4,6,1,6,2,0,1,0,35,1,0
C:\Users\user\Desktop\STUFF A LOT OF 'EM\er\Design_Pattern\ant\src\main\org\apache\tools\ant\taskdefs\optional\depend\constantpool\ConstantCPInfo.java,org.apache.tools.ant.taskdefs.optional.depend.constantpool.ConstantCPInfo,class,1,7,6,1,3,2,5,0,1,0.33333334,0.0,0.0,3,0,2,0,1,0,3,0,0,0,1,0,0,1,0,0,0,0,0,12,1,0,0,0,0,0,0,1,0,1,0,0,0,0,42,1025,0
C:\Users\user\Desktop\STUFF A LOT OF 'EM\er\Design_Pattern\ant\src\testcases\org\apache\tools\ant\taskdefs\XmlPropertyTest.java,org.apache.tools.ant.taskdefs.XmlPropertyTest$Anonymous1,anonymous,0,0,0,0,2,1,0,5,0,0.0,NaN,NaN,1,0,1,0,0,0,1,0,0,0,0,0,0,0,0,0,0,0,0,10,2,0,0,0,1,2,1,0,0,0,1,0,0,0,4,-1,0
C:\Users\user\Desktop\STUFF A LOT OF 'EM\er\Design_Pattern\ant\src\main\org\apache\tools\ant\taskdefs\optional\vss\MSVSS.java,org.apache.tools.ant.taskdefs.optional.vss.MSVSS$WritableFiles,innerclass,1,1,0,1,1,2,0,0,0,0.0,NaN,NaN,1,0,1,0,0,0,1,0,0,0,0,0,0,0,0,0,0,0,0,5,1,0,0,0,0,0,0,0,0,0,0,0,0,0,17,9,0
C:\Users\user\Desktop\STUFF A LOT OF 'EM\er\Design_Pattern\ant\src\main\org\apache\tools\ant\taskdefs\optional\perforce\P4Labelsync.java,org.apache.tools.ant.taskdefs.optional.perforce.P4Labelsync,class,5,6,1,5,16,2,0,8,20,0.75,0.0,0.0,8,0,8,0,0,0,8,0,0,0,4,0,0,3,1,0,0,0,2,50,3,0,3,0,0,13,2,10,4,4,1,0,0,0,104,1,0
C:\Users\user\Desktop\STUFF A LOT OF 'EM\er\Design_Pattern\ant\src\testcases\org\apache\tools\ant\taskdefs\StyleTest.java,org.apache.tools.ant.taskdefs.StyleTest,class,2,3,1,2,16,2,0,14,91,0.0,0.0,0.0,14,0,9,3,2,0,11,0,0,0,0,0,0,0,0,0,0,0,0,59,2,0,0,2,0,30,1,3,1,2,2,0,0,0,57,1,0
C:\Users\user\Desktop\STUFF A LOT OF 'EM\er\Design_Pattern\ant\src\testcases\org\apache\tools\ant\types\AbstractFileSetTest.java,org.apache.tools.ant.types.AbstractFileSetTest,class,5,9,4,5,23,2,3,22,3,0.33333334,0.0,0.0,6,0,4,0,2,0,6,1,2,0,1,0,0,1,0,0,0,0,0,168,1,0,0,17,0,88,0,13,28,7,1,0,0,0,68,1025,0
C:\Users\user\Desktop\STUFF A LOT OF 'EM\er\Design_Pattern\ant\src\main\org\apache\tools\mail\ErrorInQuitException.java,org.apache.tools.mail.ErrorInQuitException,class,0,1,1,0,1,4,0,1,0,0.0,NaN,NaN,1,0,1,0,0,0,1,0,0,0,0,0,0,0,0,0,0,0,0,5,0,0,0,0,0,0,0,0,0,0,0,0,0,0,39,1,0
C:\Users\user\Desktop\STUFF A LOT OF 'EM\er\Design_Pattern\ant\src\testcases\org\apache\tools\ant\util\FileUtilsTest.java,org.apache.tools.ant.util.FileUtilsTest,class,4,5,1,4,37,2,0,42,0,0.64444447,0.0,0.0,15,0,13,2,0,0,13,0,0,0,3,0,0,3,0,0,0,0,8,240,1,0,3,7,2,233,15,31,49,23,1,0,0,0,129,1,0
C:\Users\user\Desktop\STUFF A LOT OF 'EM\er\Design_Pattern\ant\src\testcases\org\apache\tools\ant\taskdefs\SubAntTest.java,org.apache.tools.ant.taskdefs.SubAntTest$BasedirChecker,innerclass,3,3,0,3,12,1,0,7,32,0.81481487,0.0,0.0,9,0,7,0,0,2,9,0,0,0,3,0,0,3,0,0,0,0,0,36,2,0,1,1,0,1,1,3,0,3,2,0,0,0,26,2,0
C:\Users\user\Desktop\STUFF A LOT OF 'EM\er\Design_Pattern\ant\src\testcases\org\apache\tools\ant\DirectoryScannerTest.java,org.apache.tools.ant.DirectoryScannerTest,class,4,5,1,4,41,3,0,28,288,0.84,0.0,0.0,25,0,24,1,0,0,24,0,0,0,1,0,0,1,0,0,0,0,3,274,2,6,0,2,0,144,7,54,4,43,4,0,0,0,132,1,0
C:\Users\user\Desktop\STUFF A LOT OF 'EM\er\Design_Pattern\ant\src\main\org\apache\tools\ant\taskdefs\optional\vss\MSVSS.java,org.apache.tools.ant.taskdefs.optional.vss.MSVSS$CurrentModUpdated,innerclass,1,1,0,1,1,2,0,0,0,0.0,NaN,NaN,1,0,1,0,0,0,1,0,0,0,0,0,0,0,0,0,0,0,0,5,1,0,0,0,0,0,0,0,0,0,0,0,0,0,19,9,0
C:\Users\user\Desktop\STUFF A LOT OF 'EM\er\Design_Pattern\ant\src\testcases\org\apache\tools\ant\taskdefs\AntTest.java,org.apache.tools.ant.taskdefs.AntTest,class,12,13,1,12,40,3,0,30,465,0.0,0.0,0.0,31,0,29,0,2,0,31,0,0,0,0,0,0,0,0,0,0,0,1,355,0,2,4,0,0,91,5,26,2,26,1,0,4,0,105,1,0
C:\Users\user\Desktop\STUFF A LOT OF 'EM\er\Design_Pattern\ant\src\testcases\org\apache\tools\ant\taskdefs\CVSPassTest.java,org.apache.tools.ant.taskdefs.CVSPassTest,class,2,3,1,2,13,3,0,14,24,0.7222222,0.0,0.0,9,0,8,1,0,0,8,0,0,0,4,0,0,4,0,0,4,0,1,68,1,1,2,3,1,24,0,12,7,10,2,0,0,0,66,1,0
C:\Users\user\Desktop\STUFF A LOT OF 'EM\er\Design_Pattern\ant\src\testcases\org\apache\tools\ant\taskdefs\TimeProcess.java,org.apache.tools.ant.taskdefs.TimeProcess,class,0,0,0,0,2,1,0,2,0,0.0,NaN,NaN,1,1,1,0,0,0,1,0,0,0,0,0,0,0,0,0,0,0,2,9,0,0,0,0,0,1,2,1,1,1,1,0,0,0,19,1,0
C:\Users\user\Desktop\STUFF A LOT OF 'EM\er\Design_Pattern\ant\src\etc\testcases\core\loaderref\src\Task1.java,Task1,class,1,1,0,1,0,3,0,0,0,0.0,-1.0,-1.0,0,0,0,0,0,0,0,0,0,0,0,0,0,0,0,0,0,0,0,2,0,0,0,0,0,0,0,0,0,0,0,0,0,0,2,1,0
C:\Users\user\Desktop\STUFF A LOT OF 'EM\er\Design_Pattern\ant\src\main\org\apache\tools\ant\BuildListener.java,org.apache.tools.ant.BuildListener,interface,1,21,20,1,7,1,0,0,21,0.0,0.0,0.0,7,0,0,0,0,7,7,0,0,0,0,0,0,0,0,0,0,0,0,9,0,0,0,0,0,0,0,0,0,0,0,0,0,0,49,1,0
C:\Users\user\Desktop\STUFF A LOT OF 'EM\er\Design_Pattern\ant\src\main\org\apache\tools\ant\taskdefs\MacroDef.java,org.apache.tools.ant.taskdefs.MacroDef$NestedSequential,innerclass,4,4,0,4,6,1,0,4,0,0.0,0.0,0.0,3,0,3,0,0,0,3,0,0,0,1,0,0,1,0,0,0,0,0,22,4,1,1,0,0,0,1,4,0,4,2,0,0,0,47,9,0
C:\Users\user\Desktop\STUFF A LOT OF 'EM\er\Design_Pattern\ant\src\main\org\apache\tools\ant\taskdefs\optional\ide\VAJBuildInfo.java,org.apache.tools.ant.taskdefs.optional.ide.VAJBuildInfo$InterruptedChecker,innerclass,4,4,0,4,10,1,0,9,0,0.11111111,0.0,0.0,9,0,8,0,1,0,9,0,0,0,1,0,0,0,0,1,0,0,0,40,0,0,0,0,0,0,0,1,0,1,1,0,0,0,57,2,0
C:\Users\user\Desktop\STUFF A LOT OF 'EM\er\Design_Pattern\ant\src\main\org\apache\tools\ant\util\FlatFileNameMapper.java,org.apache.tools.ant.util.FlatFileNameMapper,class,1,1,0,1,3,1,0,1,3,0.0,0.0,0.0,3,0,3,0,0,0,3,0,0,0,0,0,0,0,0,0,0,0,0,9,1,0,0,0,0,0,0,0,0,0,0,0,0,0,40,1,0
C:\Users\user\Desktop\STUFF A LOT OF 'EM\er\Design_Pattern\ant\src\testcases\org\apache\tools\ant\taskdefs\optional\sitraka\ClassFileTest.java,org.apache.tools.ant.taskdefs.optional.sitraka.ClassTest,class,0,1,1,0,4,1,0,1,3,0.0,0.0,0.0,3,0,3,0,0,0,3,0,0,0,0,0,0,0,0,0,0,0,0,14,0,0,0,1,0,1,0,0,0,0,1,0,0,0,10,0,0
C:\Users\user\Desktop\STUFF A LOT OF 'EM\er\Design_Pattern\ant\src\main\org\apache\tools\ant\taskdefs\optional\junit\DOMUtil.java,org.apache.tools.ant.taskdefs.optional.junit.DOMUtil$NodeFilter,interface,1,1,0,1,1,1,0,0,0,0.0,NaN,NaN,1,0,0,0,0,1,1,0,0,0,0,0,0,0,0,0,0,0,0,3,0,0,0,0,0,0,0,0,0,0,0,0,0,0,25,1,0
C:\Users\user\Desktop\STUFF A LOT OF 'EM\er\Design_Pattern\ant\src\main\org\apache\tools\ant\taskdefs\optional\starteam\StarTeamCheckout.java,org.apache.tools.ant.taskdefs.optional.starteam.StarTeamCheckout,class,12,13,1,12,68,7,0,56,101,0.77777773,0.0,0.0,18,0,10,4,4,0,14,0,0,0,5,0,0,5,0,0,0,0,3,280,8,4,15,1,9,50,4,44,24,30,5,0,1,0,340,1,0
C:\Users\user\Desktop\STUFF A LOT OF 'EM\er\Design_Pattern\ant\src\main\org\apache\tools\ant\launch\Locator.java,org.apache.tools.ant.launch.Locator,class,1,3,2,1,36,1,0,42,21,0.0,0.0,0.0,7,6,6,1,0,0,6,0,0,0,0,0,0,0,0,0,0,0,11,140,12,3,9,3,4,15,21,41,6,27,4,1,0,0,170,17,0
C:\Users\user\Desktop\STUFF A LOT OF 'EM\er\Design_Pattern\ant\src\testcases\org\apache\tools\ant\taskdefs\optional\JspcTest.java,org.apache.tools.ant.taskdefs.optional.JspcTest,class,6,7,1,6,17,2,0,14,118,0.9166667,0.0,0.0,16,0,12,0,4,0,16,0,0,0,3,1,0,3,0,0,1,0,0,70,1,0,0,0,0,39,1,11,5,9,0,0,0,0,118,1,0
C:\Users\user\Desktop\STUFF A LOT OF 'EM\er\Design_Pattern\ant\src\main\org\apache\tools\ant\taskdefs\optional\j2ee\WebLogicHotDeploymentTool.java,org.apache.tools.ant.taskdefs.optional.j2ee.WebLogicHotDeploymentTool,class,8,10,2,8,32,2,0,26,39,0.8181818,0.0,0.0,11,0,6,0,5,0,11,0,0,0,5,2,0,5,0,0,2,0,0,69,6,1,7,0,6,23,2,19,6,14,3,0,0,0,184,1,0
C:\Users\user\Desktop\STUFF A LOT OF 'EM\er\Design_Pattern\ant\src\main\org\apache\tools\ant\taskdefs\Ant.java,org.apache.tools.ant.taskdefs.Ant$Reference,innerclass,1,1,0,1,3,2,0,0,0,0.0,0.0,0.0,3,0,3,0,0,0,3,0,0,0,1,0,0,1,0,0,0,0,0,12,1,0,0,0,0,0,0,2,0,1,0,0,0,0,37,9,0
C:\Users\user\Desktop\STUFF A LOT OF 'EM\er\Design_Pattern\ant\src\main\org\apache\tools\ant\taskdefs\compilers\CompilerAdapter.java,org.apache.tools.ant.taskdefs.compilers.CompilerAdapter,interface,1,4,3,1,2,1,0,0,1,0.0,0.0,0.0,2,0,0,0,0,2,2,0,0,0,0,0,0,0,0,0,0,0,0,4,0,0,0,0,0,0,0,0,0,0,0,0,0,0,53,1,0
C:\Users\user\Desktop\STUFF A LOT OF 'EM\er\Design_Pattern\ant\src\main\org\apache\tools\ant\taskdefs\optional\sitraka\Triggers.java,org.apache.tools.ant.taskdefs.optional.sitraka.Triggers$Method,innerclass,1,1,0,1,8,1,0,4,2,0.6,0.0,0.0,5,0,5,0,0,0,5,0,0,0,4,0,0,0,4,0,0,0,0,34,1,0,3,0,0,5,0,5,2,5,1,0,0,0,60,9,0
C:\Users\user\Desktop\STUFF A LOT OF 'EM\er\Design_Pattern\ant\src\main\org\apache\tools\ant\taskdefs\optional\vss\MSVSSCP.java,org.apache.tools.ant.taskdefs.optional.vss.MSVSSCP,class,4,4,0,4,3,3,0,9,1,0.0,0.0,0.0,2,0,1,0,1,0,2,0,0,0,0,0,0,0,0,0,0,0,0,18,1,0,1,0,0,1,0,2,0,2,1,0,0,0,64,1,0
C:\Users\user\Desktop\STUFF A LOT OF 'EM\er\Design_Pattern\ant\src\main\org\apache\tools\ant\taskdefs\MacroDef.java,org.apache.tools.ant.taskdefs.MacroDef,class,16,22,6,16,55,5,0,38,47,0.78571427,0.0,0.0,14,3,12,2,0,0,12,0,0,0,7,0,0,7,0,0,0,0,4,387,24,4,21,0,3,23,6,21,4,17,2,0,5,0,118,1,0
C:\Users\user\Desktop\STUFF A LOT OF 'EM\er\Design_Pattern\ant\src\main\org\apache\tools\ant\taskdefs\optional\sound\SoundTask.java,org.apache.tools.ant.taskdefs.optional.sound.SoundTask$BuildAlert,innerclass,1,1,0,1,11,1,0,9,9,0.6666667,0.0,0.0,6,0,6,0,0,0,6,0,0,0,3,0,0,3,0,0,0,0,0,47,3,1,0,0,0,2,3,16,2,11,4,0,0,0,55,1,0
C:\Users\user\Desktop\STUFF A LOT OF 'EM\er\Design_Pattern\ant\src\main\org\apache\tools\ant\util\regexp\JakartaRegexpRegexp.java,org.apache.tools.ant.util.regexp.JakartaRegexpRegexp,class,5,7,2,5,8,2,0,12,3,0.0,0.0,0.0,3,0,2,0,1,0,3,0,0,0,0,0,0,0,0,0,0,0,2,41,2,1,1,0,0,0,3,11,0,8,4,0,0,0,32,1,0
C:\Users\user\Desktop\STUFF A LOT OF 'EM\er\Design_Pattern\ant\src\main\org\apache\tools\ant\taskdefs\optional\sitraka\Coverage.java,org.apache.tools.ant.taskdefs.optional.sitraka.Coverage$Finalsnapshot,innerclass,1,1,0,1,1,2,0,0,0,0.0,NaN,NaN,1,0,1,0,0,0,1,0,0,0,0,0,0,0,0,0,0,0,0,5,1,0,0,0,0,3,0,0,0,0,0,0,0,0,5,9,0
C:\Users\user\Desktop\STUFF A LOT OF 'EM\er\Design_Pattern\ant\src\testcases\org\apache\tools\ant\types\EnumeratedAttributeTest.java,org.apache.tools.ant.types.EnumeratedAttributeTest$TestNull,innerclass,1,1,0,1,1,2,0,0,0,0.0,NaN,NaN,1,0,1,0,0,0,1,0,0,0,0,0,0,0,0,0,0,0,0,5,1,0,0,0,0,0,0,0,0,0,0,0,0,0,7,9,0
