file,class,type,cbo,cboModified,fanin,fanout,wmc,dit,noc,rfc,lcom,lcom*,tcc,lcc,totalMethodsQty,staticMethodsQty,publicMethodsQty,privateMethodsQty,protectedMethodsQty,defaultMethodsQty,visibleMethodsQty,abstractMethodsQty,finalMethodsQty,synchronizedMethodsQty,totalFieldsQty,staticFieldsQty,publicFieldsQty,privateFieldsQty,protectedFieldsQty,defaultFieldsQty,finalFieldsQty,synchronizedFieldsQty,nosi,loc,returnQty,loopQty,comparisonsQty,tryCatchQty,parenthesizedExpsQty,stringLiteralsQty,numbersQty,assignmentsQty,mathOperationsQty,variablesQty,maxNestedBlocksQty,anonymousClassesQty,innerClassesQty,lambdasQty,uniqueWordsQty,modifiers,logStatementsQty
C:\Users\user\Desktop\STUFF A LOT OF 'EM\er\Design_Pattern\jhotdraw\figures\ConnectedTextTool.java,org.jhotdraw.figures.ConnectedTextTool,class,15,19,4,15,16,8,0,21,26,0.75,0.0,0.0,8,0,4,0,4,0,8,0,0,0,1,0,0,1,0,0,0,0,0,130,3,0,6,0,7,1,0,3,0,3,2,0,2,0,57,1,0
C:\Users\user\Desktop\STUFF A LOT OF 'EM\er\Design_Pattern\jhotdraw\contrib\html\HTMLTextAreaFigure.java,org.jhotdraw.contrib.html.HTMLTextAreaFigure,class,24,30,6,24,95,6,0,133,1369,0.9629629,0.0,0.0,54,0,29,0,25,0,56,0,0,0,12,4,3,9,0,0,3,0,11,451,28,4,22,1,19,27,27,74,8,48,4,4,1,0,623,1,0
C:\Users\user\Desktop\STUFF A LOT OF 'EM\er\Design_Pattern\jhotdraw\samples\pert\PertDependency.java,org.jhotdraw.samples.pert.PertDependency,class,8,12,4,8,8,4,0,14,10,1.0,0.0,0.0,5,0,5,0,0,0,5,0,0,0,2,1,0,2,0,0,1,0,1,39,2,0,2,0,3,0,4,7,0,7,1,0,0,0,37,1,0
C:\Users\user\Desktop\STUFF A LOT OF 'EM\er\Design_Pattern\jhotdraw\test\util\BoundsTest.java,org.jhotdraw.test.util.BoundsTest,class,3,6,3,3,40,2,0,7,691,0.8947368,0.0,0.0,38,0,36,0,2,0,38,0,0,0,1,0,0,1,0,0,0,0,0,98,1,1,0,1,0,2,5,5,0,4,1,0,0,0,141,1,0
C:\Users\user\Desktop\STUFF A LOT OF 'EM\er\Design_Pattern\jhotdraw\util\UndoCommand.java,org.jhotdraw.util.UndoCommand,class,5,7,2,5,9,2,0,12,3,0.0,0.0,0.0,3,0,3,0,0,0,3,0,0,0,0,0,0,0,0,0,0,0,0,26,3,0,2,0,3,0,1,4,0,4,1,0,0,0,74,1,0
C:\Users\user\Desktop\STUFF A LOT OF 'EM\er\Design_Pattern\jhotdraw\contrib\zoom\ZoomDrawingView.java,org.jhotdraw.contrib.zoom.ZoomDrawingView,class,14,24,10,14,57,6,0,57,586,0.875,0.0,0.0,36,0,24,6,6,0,30,0,2,0,2,0,0,2,0,0,0,0,5,280,16,1,7,0,29,5,41,67,54,47,2,3,0,0,179,1,0
C:\Users\user\Desktop\STUFF A LOT OF 'EM\er\Design_Pattern\jhotdraw\test\util\PaletteIconTest.java,org.jhotdraw.test.util.PaletteIconTest,class,5,7,2,5,13,2,0,8,43,0.8,0.0,0.0,10,0,8,0,2,0,10,0,0,0,1,0,0,1,0,0,0,0,1,47,1,1,1,1,0,5,11,10,4,6,1,0,0,0,99,1,0
C:\Users\user\Desktop\STUFF A LOT OF 'EM\er\Design_Pattern\jhotdraw\contrib\html\HTMLTextAreaTool.java,org.jhotdraw.contrib.html.HTMLTextAreaTool,class,4,5,1,4,2,4,0,0,1,0.0,0.0,0.0,2,0,1,0,1,0,2,0,0,0,0,0,0,0,0,0,0,0,0,8,1,0,0,0,0,1,1,0,0,0,0,0,0,0,56,1,0
C:\Users\user\Desktop\STUFF A LOT OF 'EM\er\Design_Pattern\jhotdraw\contrib\FloatingTextArea.java,org.jhotdraw.contrib.FloatingTextArea,class,1,4,3,1,9,1,0,19,0,0.47619048,0.0,0.0,7,0,7,0,0,0,7,0,0,0,3,0,0,0,3,0,0,0,2,43,2,0,2,0,0,0,2,4,0,4,1,0,0,0,91,1,0
C:\Users\user\Desktop\STUFF A LOT OF 'EM\er\Design_Pattern\jhotdraw\test\util\StorableInputTest.java,org.jhotdraw.test.util.StorableInputTest,class,3,5,2,3,12,2,0,5,64,0.8333333,0.0,0.0,12,0,10,0,2,0,12,0,0,0,1,0,0,1,0,0,0,0,1,36,1,0,0,0,0,2,0,4,0,3,0,0,0,0,83,1,0
C:\Users\user\Desktop\STUFF A LOT OF 'EM\er\Design_Pattern\jhotdraw\test\figures\TextToolTest.java,org.jhotdraw.test.figures.TextToolTest,class,4,7,3,4,11,3,0,4,53,0.8181818,0.0,0.0,11,0,9,0,2,0,11,0,0,0,1,0,0,1,0,0,0,0,0,31,1,0,0,0,0,0,4,2,0,1,0,0,0,0,88,1,0
C:\Users\user\Desktop\STUFF A LOT OF 'EM\er\Design_Pattern\jhotdraw\contrib\dnd\JHDDragSourceListener.java,org.jhotdraw.contrib.dnd.JHDDragSourceListener$RemoveUndoActivity,innerclass,8,8,0,8,10,2,0,18,0,0.25,0.0,0.0,4,0,4,0,0,0,4,0,0,0,1,0,0,1,0,0,0,0,4,47,4,2,1,0,0,3,2,7,1,5,2,0,0,0,41,9,0
C:\Users\user\Desktop\STUFF A LOT OF 'EM\er\Design_Pattern\jhotdraw\standard\TextHolder.java,org.jhotdraw.standard.TextHolder,interface,1,15,14,1,9,1,0,0,36,0.0,0.0,0.0,9,0,9,0,0,0,9,0,0,0,0,0,0,0,0,0,0,0,0,11,0,0,0,0,0,0,0,0,0,0,0,0,0,0,69,1,0
C:\Users\user\Desktop\STUFF A LOT OF 'EM\er\Design_Pattern\jhotdraw\contrib\WindowMenu.java,org.jhotdraw.contrib.WindowMenu$ChildMenuItem,innerclass,0,0,0,0,2,7,0,1,0,0.0,0.0,0.0,2,0,2,0,0,0,2,0,0,0,1,0,0,1,0,0,0,0,0,10,1,0,0,0,0,0,0,1,0,1,0,0,0,0,11,0,0
C:\Users\user\Desktop\STUFF A LOT OF 'EM\er\Design_Pattern\jhotdraw\standard\SingleFigureEnumerator.java,org.jhotdraw.standard.SingleFigureEnumerator,class,3,22,19,3,5,1,0,1,0,0.375,0.0,0.0,4,0,4,0,0,0,4,0,0,0,2,0,0,2,0,0,0,0,0,19,2,0,1,0,0,0,0,4,0,3,0,0,0,0,72,17,0
C:\Users\user\Desktop\STUFF A LOT OF 'EM\er\Design_Pattern\jhotdraw\samples\nothing\NothingApp.java,org.jhotdraw.samples.nothing.NothingApp,class,14,16,2,14,3,7,0,4,3,0.0,0.0,0.0,3,1,2,0,1,0,3,0,0,0,0,0,0,0,0,0,0,0,0,28,0,0,0,0,0,17,0,9,8,2,0,0,0,0,70,1,0
C:\Users\user\Desktop\STUFF A LOT OF 'EM\er\Design_Pattern\jhotdraw\test\standard\NullToolTest.java,org.jhotdraw.test.standard.NullToolTest,class,3,6,3,3,7,3,0,4,19,0.71428573,0.0,0.0,7,0,5,0,2,0,7,0,0,0,1,0,0,1,0,0,0,0,0,23,1,0,0,0,0,0,0,2,0,1,0,0,0,0,80,1,0
C:\Users\user\Desktop\STUFF A LOT OF 'EM\er\Design_Pattern\jhotdraw\test\util\collections\jdk12\CollectionsFactoryJDK12Test.java,org.jhotdraw.test.util.collections.jdk12.CollectionsFactoryJDK12Test,class,3,6,3,3,8,2,0,3,26,0.75,0.0,0.0,8,0,6,0,2,0,8,0,0,0,1,0,0,1,0,0,0,0,0,25,1,0,0,0,0,0,0,2,0,1,0,0,0,0,76,1,0
C:\Users\user\Desktop\STUFF A LOT OF 'EM\er\Design_Pattern\jhotdraw\util\collections\jdk11\ListWrapper.java,org.jhotdraw.util.collections.jdk11.ListWrapper,class,1,3,2,1,26,1,0,22,0,0.03846154,0.0,0.0,26,0,26,0,0,0,26,0,0,0,1,0,0,1,0,0,0,0,0,81,21,0,0,0,0,0,0,3,0,1,0,0,0,0,38,1,0
C:\Users\user\Desktop\STUFF A LOT OF 'EM\er\Design_Pattern\jhotdraw\standard\DragTracker.java,org.jhotdraw.standard.DragTracker,class,9,13,4,9,21,3,0,29,83,0.85714287,0.0,0.0,14,0,7,0,7,0,14,0,0,0,3,0,0,3,0,0,0,0,2,115,5,1,0,0,3,0,2,6,4,5,2,0,1,0,56,1,0
C:\Users\user\Desktop\STUFF A LOT OF 'EM\er\Design_Pattern\jhotdraw\util\Geom.java,org.jhotdraw.util.Geom,class,1,24,23,1,54,1,0,22,251,0.9130435,0.0,0.0,23,22,22,1,0,0,22,0,0,0,4,4,4,0,0,0,4,0,23,177,31,0,5,0,45,0,42,52,113,40,3,0,0,0,136,1,0
C:\Users\user\Desktop\STUFF A LOT OF 'EM\er\Design_Pattern\jhotdraw\figures\ElbowHandle.java,org.jhotdraw.figures.ElbowHandle,class,8,11,3,8,15,2,0,19,14,0.6666667,0.0,0.0,9,0,5,4,0,0,5,0,0,0,2,0,0,2,0,0,0,0,5,97,5,0,5,0,2,0,14,47,26,39,1,0,0,0,63,1,0
C:\Users\user\Desktop\STUFF A LOT OF 'EM\er\Design_Pattern\jhotdraw\standard\OffsetLocator.java,org.jhotdraw.standard.OffsetLocator,class,5,8,3,5,7,2,0,7,0,0.5142857,0.0,0.0,7,0,7,0,0,0,7,0,0,0,5,1,0,5,0,0,1,0,0,43,1,0,0,0,0,0,4,16,0,6,0,0,0,0,41,1,0
C:\Users\user\Desktop\STUFF A LOT OF 'EM\er\Design_Pattern\jhotdraw\test\figures\EllipseFigureTest.java,org.jhotdraw.test.figures.EllipseFigureTest,class,3,6,3,3,14,2,0,3,89,0.85714287,0.0,0.0,14,0,12,0,2,0,14,0,0,0,1,0,0,1,0,0,0,0,0,37,1,0,0,0,0,0,0,2,0,1,0,0,0,0,92,1,0
C:\Users\user\Desktop\STUFF A LOT OF 'EM\er\Design_Pattern\jhotdraw\contrib\SplitPaneDrawApplication.java,org.jhotdraw.contrib.SplitPaneDrawApplication,class,3,4,1,3,3,7,1,0,3,0.0,0.0,0.0,3,0,2,0,1,0,3,0,0,0,0,0,0,0,0,0,0,0,0,11,1,0,0,0,0,1,0,0,0,0,0,0,0,0,25,1,0
C:\Users\user\Desktop\STUFF A LOT OF 'EM\er\Design_Pattern\jhotdraw\test\standard\DeleteFromDrawingVisitorTest.java,org.jhotdraw.test.standard.DeleteFromDrawingVisitorTest,class,5,8,3,5,9,3,0,7,34,0.7777778,0.0,0.0,9,0,7,0,2,0,9,0,0,0,1,0,0,1,0,0,0,0,0,28,1,0,0,0,0,0,0,2,0,1,0,0,0,0,86,1,0
C:\Users\user\Desktop\STUFF A LOT OF 'EM\er\Design_Pattern\jhotdraw\util\ColorMap.java,org.jhotdraw.util.ColorMap,class,2,9,7,2,14,1,0,4,0,0.16666667,0.0,0.0,6,6,6,0,0,0,6,0,0,0,1,1,0,0,0,1,0,0,3,37,8,2,0,0,0,18,9,3,2,3,2,0,0,0,41,1,0
C:\Users\user\Desktop\STUFF A LOT OF 'EM\er\Design_Pattern\jhotdraw\contrib\html\HTMLContentProducerContext.java,org.jhotdraw.contrib.html.HTMLContentProducerContext,interface,1,3,2,1,0,1,0,0,0,0.0,-1.0,-1.0,0,0,0,0,0,0,0,0,0,0,0,0,0,0,0,0,0,0,0,2,0,0,0,0,0,0,0,0,0,0,0,0,0,0,19,1,0
C:\Users\user\Desktop\STUFF A LOT OF 'EM\er\Design_Pattern\jhotdraw\standard\BringToFrontCommand.java,org.jhotdraw.standard.BringToFrontCommand$UndoActivity,innerclass,5,5,0,5,2,3,0,3,1,0.0,0.0,0.0,2,0,1,0,1,0,2,0,0,0,0,0,0,0,0,0,0,0,0,8,0,0,0,0,0,0,0,0,0,0,0,0,0,0,11,9,0
C:\Users\user\Desktop\STUFF A LOT OF 'EM\er\Design_Pattern\jhotdraw\standard\ChangeConnectionHandle.java,org.jhotdraw.standard.ChangeConnectionHandle,class,13,16,3,13,38,3,2,38,161,0.8947369,0.0,0.0,19,0,4,2,13,0,17,6,0,0,4,0,0,4,0,0,0,0,1,146,9,1,12,0,6,0,0,15,0,13,3,0,1,0,113,1025,0
C:\Users\user\Desktop\STUFF A LOT OF 'EM\er\Design_Pattern\jhotdraw\standard\LocatorHandle.java,org.jhotdraw.standard.LocatorHandle,class,7,14,7,7,13,2,5,13,0,0.25,0.0,0.0,4,0,4,0,0,0,4,0,0,0,1,0,0,1,0,0,0,0,8,44,3,0,0,0,0,0,0,11,0,3,2,0,0,0,46,1,0
C:\Users\user\Desktop\STUFF A LOT OF 'EM\er\Design_Pattern\jhotdraw\test\standard\ChangeConnectionEndHandleTest.java,org.jhotdraw.test.standard.ChangeConnectionEndHandleTest,class,4,7,3,4,6,2,0,3,13,0.6666667,0.0,0.0,6,0,4,0,2,0,6,0,0,0,1,0,0,1,0,0,0,0,0,21,1,0,0,0,0,0,0,2,0,1,0,0,0,0,76,1,0
C:\Users\user\Desktop\STUFF A LOT OF 'EM\er\Design_Pattern\jhotdraw\samples\javadraw\FollowURLTool.java,org.jhotdraw.samples.javadraw.FollowURLTool,class,4,5,1,4,8,2,0,9,0,0.0,0.0,0.0,3,0,2,0,0,1,3,0,0,0,1,0,0,1,0,0,0,0,0,37,2,0,4,1,0,1,0,7,0,6,1,0,0,0,41,0,0
C:\Users\user\Desktop\STUFF A LOT OF 'EM\er\Design_Pattern\jhotdraw\standard\BoxHandleKit.java,org.jhotdraw.standard.SouthEastHandle,class,5,6,1,5,2,4,0,5,1,0.0,0.0,0.0,2,0,1,0,0,1,2,0,0,0,0,0,0,0,0,0,0,0,3,9,0,0,0,0,0,0,0,1,0,1,0,0,0,0,14,0,0
C:\Users\user\Desktop\STUFF A LOT OF 'EM\er\Design_Pattern\jhotdraw\util\CollectionsFactory.java,org.jhotdraw.util.CollectionsFactory,class,2,60,58,2,16,1,2,5,55,0.90909094,0.0,0.0,11,4,8,0,3,0,11,7,0,0,3,3,0,3,0,0,1,0,5,49,5,0,0,2,0,5,0,7,1,5,1,0,0,0,52,1025,0
C:\Users\user\Desktop\STUFF A LOT OF 'EM\er\Design_Pattern\jhotdraw\test\samples\javadraw\JavaDrawAppletTest.java,org.jhotdraw.test.samples.javadraw.JavaDrawAppletTest,class,3,6,3,3,9,2,0,3,34,0.7777778,0.0,0.0,9,0,7,0,2,0,9,0,0,0,1,0,0,1,0,0,0,0,0,27,1,0,0,0,0,0,0,2,0,1,0,0,0,0,81,1,0
C:\Users\user\Desktop\STUFF A LOT OF 'EM\er\Design_Pattern\jhotdraw\standard\BoxHandleKit.java,org.jhotdraw.standard.NorthWestHandle,class,5,6,1,5,2,4,0,5,1,0.0,0.0,0.0,2,0,1,0,0,1,2,0,0,0,0,0,0,0,0,0,0,0,3,9,0,0,0,0,0,0,0,1,4,1,0,0,0,0,14,0,0
C:\Users\user\Desktop\STUFF A LOT OF 'EM\er\Design_Pattern\jhotdraw\contrib\html\TextHolderContentProducer.java,org.jhotdraw.contrib.html.TextHolderContentProducer,class,6,8,2,6,8,2,0,8,19,0.71428573,0.0,0.0,7,0,6,0,1,0,7,0,0,0,1,0,0,1,0,0,0,0,0,26,2,0,1,0,1,0,0,2,0,2,0,0,0,0,94,1,0
C:\Users\user\Desktop\STUFF A LOT OF 'EM\er\Design_Pattern\jhotdraw\contrib\html\DisposableResourceManager.java,org.jhotdraw.contrib.html.DisposableResourceManager,interface,1,5,4,1,6,1,0,0,15,0.0,0.0,0.0,6,0,6,0,0,0,6,0,0,0,0,0,0,0,0,0,0,0,0,8,0,0,0,0,0,0,0,0,0,0,0,0,0,0,84,1,0
C:\Users\user\Desktop\STUFF A LOT OF 'EM\er\Design_Pattern\jhotdraw\samples\minimap\MiniMapDesktop.java,org.jhotdraw.samples.minimap.MiniMapDesktop,class,5,7,2,5,2,6,0,8,1,0.5,0.0,0.0,2,0,0,0,2,0,2,0,0,0,1,0,0,1,0,0,0,0,1,17,2,0,0,0,0,1,3,5,0,5,0,0,0,0,34,1,0
C:\Users\user\Desktop\STUFF A LOT OF 'EM\er\Design_Pattern\jhotdraw\framework\JHotDrawException.java,org.jhotdraw.framework.JHotDrawException,class,1,2,1,1,4,3,0,3,4,0.5,0.0,0.0,4,0,3,0,1,0,4,0,0,0,1,0,0,1,0,0,0,0,0,17,1,0,0,0,0,0,0,1,0,1,0,0,0,0,14,1,0
C:\Users\user\Desktop\STUFF A LOT OF 'EM\er\Design_Pattern\jhotdraw\test\standard\SelectionToolTest.java,org.jhotdraw.test.standard.SelectionToolTest,class,3,6,3,3,9,3,0,4,34,0.7777778,0.0,0.0,9,0,7,0,2,0,9,0,0,0,1,0,0,1,0,0,0,0,0,27,1,0,0,0,0,0,0,2,0,1,0,0,0,0,80,1,0
C:\Users\user\Desktop\STUFF A LOT OF 'EM\er\Design_Pattern\jhotdraw\standard\BoxHandleKit.java,org.jhotdraw.standard.BoxHandleKit,class,11,21,10,11,10,1,0,10,45,0.0,0.0,0.0,10,10,10,0,0,0,10,0,0,0,0,0,0,0,0,0,0,0,9,39,8,0,0,0,0,0,0,0,0,0,0,0,0,0,40,1,0
C:\Users\user\Desktop\STUFF A LOT OF 'EM\er\Design_Pattern\jhotdraw\test\samples\nothing\NothingAppTest.java,org.jhotdraw.test.samples.nothing.NothingAppTest,class,3,6,3,3,6,2,0,3,13,0.6666667,0.0,0.0,6,0,4,0,2,0,6,0,0,0,1,0,0,1,0,0,0,0,0,21,1,0,0,0,0,0,0,2,0,1,0,0,0,0,73,1,0
C:\Users\user\Desktop\STUFF A LOT OF 'EM\er\Design_Pattern\jhotdraw\util\GraphLayout.java,org.jhotdraw.util.GraphLayout,class,7,9,2,7,27,2,0,30,0,0.7777778,0.0,0.0,8,0,6,2,0,0,6,0,0,2,8,0,6,1,0,1,0,0,14,135,3,5,5,0,5,0,32,70,41,43,4,0,0,0,71,1,0
C:\Users\user\Desktop\STUFF A LOT OF 'EM\er\Design_Pattern\jhotdraw\contrib\TextAreaTool.java,org.jhotdraw.contrib.TextAreaTool,class,13,17,4,13,32,4,1,45,114,0.875,0.0,0.0,16,0,7,1,8,0,15,0,0,0,3,0,0,0,3,0,0,0,0,195,9,0,12,0,5,0,1,8,0,6,2,0,1,0,143,1,0
C:\Users\user\Desktop\STUFF A LOT OF 'EM\er\Design_Pattern\jhotdraw\contrib\MDIDesktopPane.java,org.jhotdraw.contrib.MDIDesktopPane,class,9,26,17,9,62,6,0,63,326,0.8988095,0.0,0.0,28,0,17,3,8,0,25,0,0,0,6,1,0,5,1,0,0,0,10,325,11,12,9,8,14,2,47,80,37,57,3,1,0,0,224,1,0
C:\Users\user\Desktop\STUFF A LOT OF 'EM\er\Design_Pattern\jhotdraw\figures\RadiusHandle.java,org.jhotdraw.figures.RadiusHandle,class,9,11,2,9,9,3,0,15,21,0.85714287,0.0,0.0,7,0,6,0,1,0,7,0,0,0,1,1,0,1,0,0,1,0,2,81,2,0,2,0,9,0,9,14,14,14,1,0,1,0,64,0,0
C:\Users\user\Desktop\STUFF A LOT OF 'EM\er\Design_Pattern\jhotdraw\test\samples\pert\PertAppletTest.java,org.jhotdraw.test.samples.pert.PertAppletTest,class,3,6,3,3,5,2,0,3,8,0.6,0.0,0.0,5,0,3,0,2,0,5,0,0,0,1,0,0,1,0,0,0,0,0,19,1,0,0,0,0,0,0,2,0,1,0,0,0,0,70,1,0
C:\Users\user\Desktop\STUFF A LOT OF 'EM\er\Design_Pattern\jhotdraw\test\standard\SendToBackCommandTest.java,org.jhotdraw.test.standard.SendToBackCommandTest,class,3,6,3,3,6,3,0,4,13,0.6666667,0.0,0.0,6,0,4,0,2,0,6,0,0,0,1,0,0,1,0,0,0,0,0,21,1,0,0,0,0,1,0,2,0,1,0,0,0,0,77,1,0
C:\Users\user\Desktop\STUFF A LOT OF 'EM\er\Design_Pattern\jhotdraw\test\standard\ToolButtonTest.java,org.jhotdraw.test.standard.ToolButtonTest,class,5,8,3,5,19,3,0,4,169,0.8947368,0.0,0.0,19,0,17,0,2,0,19,0,0,0,1,0,0,1,0,0,0,0,0,48,1,0,0,0,0,2,0,3,1,2,0,0,0,0,96,1,0
C:\Users\user\Desktop\STUFF A LOT OF 'EM\er\Design_Pattern\jhotdraw\standard\FastBufferedUpdateStrategy.java,org.jhotdraw.standard.FastBufferedUpdateStrategy,class,5,7,2,5,14,1,0,14,1,0.4666667,0.0,0.0,3,0,2,1,0,0,2,0,0,0,5,0,0,5,0,0,0,0,0,61,0,0,7,0,6,0,12,27,6,18,2,0,0,0,51,1,0
C:\Users\user\Desktop\STUFF A LOT OF 'EM\er\Design_Pattern\jhotdraw\standard\ChangeConnectionEndHandle.java,org.jhotdraw.standard.ChangeConnectionEndHandle,class,8,11,3,8,8,5,0,9,28,0.0,0.0,0.0,8,0,2,0,6,0,8,0,0,0,0,0,0,0,0,0,0,0,0,36,4,0,0,0,0,0,0,0,0,0,0,0,1,0,48,1,0
C:\Users\user\Desktop\STUFF A LOT OF 'EM\er\Design_Pattern\jhotdraw\test\samples\nothing\NothingAppletTest.java,org.jhotdraw.test.samples.nothing.NothingAppletTest,class,3,6,3,3,5,2,0,3,8,0.6,0.0,0.0,5,0,3,0,2,0,5,0,0,0,1,0,0,1,0,0,0,0,0,19,1,0,0,0,0,0,0,2,0,1,0,0,0,0,70,1,0
C:\Users\user\Desktop\STUFF A LOT OF 'EM\er\Design_Pattern\jhotdraw\standard\FigureAndEnumerator.java,org.jhotdraw.standard.FigureAndEnumerator,class,2,3,1,2,6,1,0,3,0,0.0,0.0,0.0,4,0,4,0,0,0,4,0,0,0,2,0,0,2,0,0,0,0,0,26,4,0,0,0,0,0,0,2,0,2,1,0,0,0,42,1,0
C:\Users\user\Desktop\STUFF A LOT OF 'EM\er\Design_Pattern\jhotdraw\test\figures\NullConnectorTest.java,org.jhotdraw.test.figures.NullConnectorTest,class,4,7,3,4,5,2,0,3,8,0.6,0.0,0.0,5,0,3,0,2,0,5,0,0,0,1,0,0,1,0,0,0,0,0,19,1,0,0,0,0,0,4,2,0,1,0,0,0,0,73,1,0
C:\Users\user\Desktop\STUFF A LOT OF 'EM\er\Design_Pattern\jhotdraw\test\util\collections\jdk11\MapWrapperTest.java,org.jhotdraw.test.util.collections.jdk11.MapWrapperTest,class,3,5,2,3,17,2,0,3,134,0.88235295,0.0,0.0,17,0,15,0,2,0,17,0,0,0,1,0,0,1,0,0,0,0,0,43,1,0,0,0,0,0,0,2,0,1,0,0,0,0,94,1,0
C:\Users\user\Desktop\STUFF A LOT OF 'EM\er\Design_Pattern\jhotdraw\framework\FigureChangeEvent.java,org.jhotdraw.framework.FigureChangeEvent,class,2,20,18,2,6,1,0,1,7,0.6666667,0.0,0.0,6,0,6,0,0,0,6,0,0,0,3,1,0,3,0,0,1,0,0,26,3,0,0,0,0,0,4,4,0,3,0,0,0,0,41,1,0
C:\Users\user\Desktop\STUFF A LOT OF 'EM\er\Design_Pattern\jhotdraw\util\Storable.java,org.jhotdraw.util.Storable,interface,2,15,13,2,2,1,0,0,1,0.0,0.0,0.0,2,0,2,0,0,0,2,0,0,0,0,0,0,0,0,0,0,0,0,4,0,0,0,0,0,0,0,0,0,0,0,0,0,0,34,1,0
C:\Users\user\Desktop\STUFF A LOT OF 'EM\er\Design_Pattern\jhotdraw\util\Clipboard.java,org.jhotdraw.util.Clipboard,class,1,5,4,1,4,1,0,0,0,0.5,0.0,0.0,4,1,3,1,0,0,3,0,0,0,2,1,0,1,0,1,0,0,0,15,2,0,0,0,0,0,0,2,0,2,0,0,0,0,27,1,0
C:\Users\user\Desktop\STUFF A LOT OF 'EM\er\Design_Pattern\jhotdraw\contrib\html\HTMLColorContentProducer.java,org.jhotdraw.contrib.html.HTMLColorContentProducer,class,3,5,2,3,4,4,0,6,3,0.0,0.0,0.0,3,1,3,0,0,0,3,0,0,0,0,0,0,0,0,0,0,0,2,12,2,0,1,0,1,1,1,2,2,2,0,0,0,0,54,1,0
C:\Users\user\Desktop\STUFF A LOT OF 'EM\er\Design_Pattern\jhotdraw\figures\ConnectedTextTool.java,org.jhotdraw.figures.ConnectedTextTool$DeleteUndoActivity,innerclass,7,7,0,7,11,3,0,11,8,0.6,0.0,0.0,5,0,5,0,0,0,5,0,0,0,1,0,0,1,0,0,0,0,0,39,5,2,2,0,0,0,0,5,0,5,2,0,0,0,23,9,0
C:\Users\user\Desktop\STUFF A LOT OF 'EM\er\Design_Pattern\jhotdraw\util\StandardStorageFormat.java,org.jhotdraw.util.StandardStorageFormat,class,6,14,8,6,20,1,3,14,126,0.8627451,0.0,0.0,17,0,13,0,4,0,17,0,0,0,3,0,0,3,0,0,0,0,0,92,16,0,0,0,1,5,0,8,3,7,1,1,0,0,130,1,0
C:\Users\user\Desktop\STUFF A LOT OF 'EM\er\Design_Pattern\jhotdraw\test\standard\BufferedUpdateStrategyTest.java,org.jhotdraw.test.standard.BufferedUpdateStrategyTest,class,3,6,3,3,6,2,0,3,13,0.6666667,0.0,0.0,6,0,4,0,2,0,6,0,0,0,1,0,0,1,0,0,0,0,0,21,1,0,0,0,0,0,0,2,0,1,0,0,0,0,74,1,0
C:\Users\user\Desktop\STUFF A LOT OF 'EM\er\Design_Pattern\jhotdraw\test\figures\FiguresSuite.java,org.jhotdraw.test.figures.FiguresSuite,class,31,32,1,31,2,1,0,3,1,0.0,0.0,0.0,2,2,2,0,0,0,2,0,0,0,0,0,0,0,0,0,0,0,1,39,1,0,0,0,0,1,0,1,0,1,0,0,0,0,14,1,0
C:\Users\user\Desktop\STUFF A LOT OF 'EM\er\Design_Pattern\jhotdraw\contrib\MiniMapView.java,org.jhotdraw.contrib.MiniMapView$MouseListener,innerclass,2,2,0,2,3,2,0,4,3,0.0,0.0,0.0,3,0,3,0,0,0,3,0,0,0,0,0,0,0,0,0,0,0,0,12,0,0,0,0,0,0,4,2,0,2,0,0,0,0,20,1,0
C:\Users\user\Desktop\STUFF A LOT OF 'EM\er\Design_Pattern\jhotdraw\standard\ReverseFigureEnumerator.java,org.jhotdraw.standard.ReverseFigureEnumerator,class,4,9,5,4,4,1,0,3,0,0.375,0.0,0.0,4,0,4,0,0,0,4,0,0,0,2,0,0,2,0,0,0,0,0,17,2,0,0,0,0,0,0,2,0,2,0,0,0,0,67,17,0
C:\Users\user\Desktop\STUFF A LOT OF 'EM\er\Design_Pattern\jhotdraw\figures\ConnectedTextTool.java,org.jhotdraw.figures.ConnectedTextTool$UndoActivity,innerclass,7,7,0,7,15,3,0,12,8,0.6,0.0,0.0,5,0,5,0,0,0,5,0,0,0,1,0,0,1,0,0,0,0,0,48,5,2,2,0,0,0,0,5,0,5,3,0,0,0,25,9,0
C:\Users\user\Desktop\STUFF A LOT OF 'EM\er\Design_Pattern\jhotdraw\test\util\CommandChoiceTest.java,org.jhotdraw.test.util.CommandChoiceTest,class,3,5,2,3,7,2,0,3,19,0.71428573,0.0,0.0,7,0,5,0,2,0,7,0,0,0,1,0,0,1,0,0,0,0,0,23,1,0,0,0,0,0,0,2,0,1,0,0,0,0,77,1,0
C:\Users\user\Desktop\STUFF A LOT OF 'EM\er\Design_Pattern\jhotdraw\util\FloatingTextField.java,org.jhotdraw.util.FloatingTextField,class,1,5,4,1,11,1,0,18,0,0.44444445,0.0,0.0,9,0,9,0,0,0,9,0,0,0,2,0,0,2,0,0,0,0,0,47,2,0,2,0,0,0,2,3,0,3,1,0,0,0,69,1,0
C:\Users\user\Desktop\STUFF A LOT OF 'EM\er\Design_Pattern\jhotdraw\test\contrib\PolygonHandleTest.java,org.jhotdraw.test.contrib.PolygonHandleTest,class,4,6,2,4,9,3,0,5,34,0.7777778,0.0,0.0,9,0,7,0,2,0,9,0,0,0,1,0,0,1,0,0,0,0,1,30,1,0,0,0,0,0,8,3,0,2,0,0,0,0,82,1,0
C:\Users\user\Desktop\STUFF A LOT OF 'EM\er\Design_Pattern\jhotdraw\standard\RelativeLocator.java,org.jhotdraw.standard.RelativeLocator,class,6,30,24,6,18,2,0,6,75,0.8,0.0,0.0,15,9,15,0,0,0,15,0,0,0,4,1,0,2,0,2,1,0,0,64,12,0,2,0,4,0,22,10,4,6,2,0,0,0,57,1,0
C:\Users\user\Desktop\STUFF A LOT OF 'EM\er\Design_Pattern\jhotdraw\test\contrib\ChopDiamondConnectorTest.java,org.jhotdraw.test.contrib.ChopDiamondConnectorTest,class,3,5,2,3,5,2,0,3,8,0.6,0.0,0.0,5,0,3,0,2,0,5,0,0,0,1,0,0,1,0,0,0,0,0,19,1,0,0,0,0,0,0,2,0,1,0,0,0,0,71,1,0
C:\Users\user\Desktop\STUFF A LOT OF 'EM\er\Design_Pattern\jhotdraw\util\StandardVersionControlStrategy.java,org.jhotdraw.util.StandardVersionControlStrategy,class,5,9,4,5,11,1,0,8,13,0.6666667,0.0,0.0,6,0,2,1,3,0,5,0,0,0,1,0,0,1,0,0,0,0,2,39,4,2,1,0,0,6,6,6,4,6,2,0,0,0,88,1,0
C:\Users\user\Desktop\STUFF A LOT OF 'EM\er\Design_Pattern\jhotdraw\contrib\html\EllipseFigureGeometricAdapter.java,org.jhotdraw.contrib.html.EllipseFigureGeometricAdapter,class,2,2,0,2,3,4,0,1,3,0.0,0.0,0.0,3,0,3,0,0,0,3,0,0,0,0,0,0,0,0,0,0,0,0,13,1,0,0,0,0,0,0,2,0,2,0,0,0,0,32,1,0
C:\Users\user\Desktop\STUFF A LOT OF 'EM\er\Design_Pattern\jhotdraw\test\figures\PolyLineFigureTest.java,org.jhotdraw.test.figures.PolyLineFigureTest,class,5,8,3,5,31,2,0,8,394,0.86206895,0.0,0.0,29,0,27,0,2,0,29,0,0,0,1,0,0,1,0,0,0,0,0,77,1,2,0,0,0,0,2,6,0,5,1,0,0,0,131,1,0
C:\Users\user\Desktop\STUFF A LOT OF 'EM\er\Design_Pattern\jhotdraw\contrib\zoom\ZoomUpdateStrategy.java,org.jhotdraw.contrib.zoom.ZoomUpdateStrategy,class,3,3,0,3,6,1,0,8,0,0.0,NaN,NaN,1,0,1,0,0,0,1,0,0,0,3,0,0,3,0,0,0,0,0,25,0,0,4,0,11,0,8,10,8,7,2,0,0,0,40,1,0
C:\Users\user\Desktop\STUFF A LOT OF 'EM\er\Design_Pattern\jhotdraw\test\standard\FigureChangeAdapterTest.java,org.jhotdraw.test.standard.FigureChangeAdapterTest,class,3,6,3,3,10,2,0,3,43,0.8,0.0,0.0,10,0,8,0,2,0,10,0,0,0,1,0,0,1,0,0,0,0,0,29,1,0,0,0,0,0,0,2,0,1,0,0,0,0,79,1,0
C:\Users\user\Desktop\STUFF A LOT OF 'EM\er\Design_Pattern\jhotdraw\standard\ActionTool.java,org.jhotdraw.standard.ActionTool,class,6,8,2,6,5,2,1,8,6,0.0,0.0,0.0,4,0,4,0,0,0,4,1,0,0,0,0,0,0,0,0,0,0,0,17,0,0,1,0,0,0,0,1,0,1,1,0,0,0,38,1025,0
C:\Users\user\Desktop\STUFF A LOT OF 'EM\er\Design_Pattern\jhotdraw\standard\HandleTracker.java,org.jhotdraw.standard.HandleTracker,class,3,6,3,3,5,2,0,9,0,0.2,0.0,0.0,5,0,5,0,0,0,5,0,0,0,1,0,0,1,0,0,0,0,0,21,0,0,0,0,0,0,0,1,0,1,0,0,0,0,25,1,0
C:\Users\user\Desktop\STUFF A LOT OF 'EM\er\Design_Pattern\jhotdraw\util\PaletteIcon.java,org.jhotdraw.util.PaletteIcon,class,0,2,2,0,6,1,0,0,3,0.62500006,0.0,0.0,6,0,6,0,0,0,6,0,0,0,4,0,0,0,0,4,0,0,0,27,5,0,0,0,0,0,0,4,0,4,0,0,0,0,27,1,0
C:\Users\user\Desktop\STUFF A LOT OF 'EM\er\Design_Pattern\jhotdraw\standard\BringToFrontCommand.java,org.jhotdraw.standard.BringToFrontCommand,class,9,12,3,9,6,4,0,14,6,0.0,0.0,0.0,4,0,3,0,1,0,4,0,0,0,0,0,0,0,0,0,0,0,0,29,2,1,0,0,0,0,1,1,0,1,1,0,1,0,42,1,0
C:\Users\user\Desktop\STUFF A LOT OF 'EM\er\Design_Pattern\jhotdraw\test\samples\pert\PertFigureTest.java,org.jhotdraw.test.samples.pert.PertFigureTest,class,3,6,3,3,28,2,0,3,376,0.9285714,0.0,0.0,28,0,26,0,2,0,28,0,0,0,1,0,0,1,0,0,0,0,0,65,1,0,0,0,0,0,0,2,0,1,0,0,0,0,113,1,0
C:\Users\user\Desktop\STUFF A LOT OF 'EM\er\Design_Pattern\jhotdraw\contrib\dnd\DragNDropTool.java,org.jhotdraw.contrib.dnd.DragNDropTool,class,14,18,4,14,33,2,0,37,139,0.8518519,0.0,0.0,18,1,8,3,7,0,15,0,0,0,3,0,0,3,0,0,0,0,1,157,8,0,10,0,0,0,0,13,0,9,3,1,0,0,226,1,0
C:\Users\user\Desktop\STUFF A LOT OF 'EM\er\Design_Pattern\jhotdraw\figures\PolyLineHandle.java,org.jhotdraw.figures.PolyLineHandle,class,10,14,4,10,8,4,0,9,13,0.6666667,0.0,0.0,6,0,4,1,1,0,5,0,0,0,1,0,0,1,0,0,0,0,0,72,2,0,2,0,4,0,0,2,0,2,1,0,1,0,58,1,0
C:\Users\user\Desktop\STUFF A LOT OF 'EM\er\Design_Pattern\jhotdraw\test\standard\NullDrawingViewTest.java,org.jhotdraw.test.standard.NullDrawingViewTest,class,5,8,3,5,55,3,0,10,1366,0.9245283,0.0,0.0,53,0,51,0,2,0,53,0,0,0,1,0,0,1,0,0,0,0,1,125,1,2,0,0,0,0,2,6,0,5,1,0,0,0,154,1,0
C:\Users\user\Desktop\STUFF A LOT OF 'EM\er\Design_Pattern\jhotdraw\standard\StandardFigureSelection.java,org.jhotdraw.standard.StandardFigureSelection,class,9,15,6,9,8,1,0,16,2,0.5,0.0,0.0,4,1,4,0,0,0,4,0,0,0,2,1,1,1,0,0,1,0,1,42,4,2,0,1,0,1,3,11,0,11,3,0,0,0,69,1,0
C:\Users\user\Desktop\STUFF A LOT OF 'EM\er\Design_Pattern\jhotdraw\framework\ConnectionFigure.java,org.jhotdraw.framework.ConnectionFigure,interface,4,28,24,4,20,1,0,0,190,0.0,0.0,0.0,20,0,20,0,0,0,20,0,0,0,0,0,0,0,0,0,0,0,0,22,0,0,0,0,0,0,0,0,0,0,0,0,0,0,114,1,0
C:\Users\user\Desktop\STUFF A LOT OF 'EM\er\Design_Pattern\jhotdraw\util\StorageFormat.java,org.jhotdraw.util.StorageFormat,interface,1,5,4,1,5,1,0,0,10,0.0,0.0,0.0,5,0,5,0,0,0,5,0,0,0,0,0,0,0,0,0,0,0,0,7,0,0,0,0,0,0,0,0,0,0,0,0,0,0,80,1,0
C:\Users\user\Desktop\STUFF A LOT OF 'EM\er\Design_Pattern\jhotdraw\test\standard\StandardSuite.java,org.jhotdraw.test.standard.StandardSuite,class,50,51,1,50,2,1,0,3,1,0.0,0.0,0.0,2,2,2,0,0,0,2,0,0,0,0,0,0,0,0,0,0,0,1,58,1,0,0,0,0,1,0,1,0,1,0,0,0,0,14,1,0
C:\Users\user\Desktop\STUFF A LOT OF 'EM\er\Design_Pattern\jhotdraw\standard\CutCommand.java,org.jhotdraw.standard.CutCommand$UndoActivity,innerclass,9,9,0,9,13,2,0,26,16,0.625,0.0,0.0,8,0,7,0,1,0,8,0,0,0,2,0,0,2,0,0,0,0,3,49,6,2,0,0,0,0,2,3,0,3,1,0,0,0,50,9,0
C:\Users\user\Desktop\STUFF A LOT OF 'EM\er\Design_Pattern\jhotdraw\contrib\DesktopEventService.java,org.jhotdraw.contrib.DesktopEventService$Anonymous1,anonymous,4,4,0,4,4,1,0,9,1,0.0,0.0,0.0,2,0,2,0,0,0,2,0,0,0,0,0,0,0,0,0,0,0,3,20,0,0,2,0,0,0,0,4,0,4,1,0,0,0,53,-1,0
C:\Users\user\Desktop\STUFF A LOT OF 'EM\er\Design_Pattern\jhotdraw\contrib\WindowMenu.java,org.jhotdraw.contrib.WindowMenu$Anonymous1,anonymous,1,1,0,1,3,1,0,3,1,0.0,0.0,0.0,2,0,2,0,0,0,2,0,0,0,0,0,0,0,0,0,0,0,0,8,1,0,0,0,1,0,1,0,0,0,0,0,0,0,3,-1,0
C:\Users\user\Desktop\STUFF A LOT OF 'EM\er\Design_Pattern\jhotdraw\framework\ToolListener.java,org.jhotdraw.framework.ToolListener,interface,0,5,5,0,6,1,0,0,15,0.0,0.0,0.0,6,0,6,0,0,0,6,0,0,0,0,0,0,0,0,0,0,0,0,8,0,0,0,0,0,0,0,0,0,0,0,0,0,0,13,1,0
C:\Users\user\Desktop\STUFF A LOT OF 'EM\er\Design_Pattern\jhotdraw\figures\ChopEllipseConnector.java,org.jhotdraw.figures.ChopEllipseConnector,class,3,5,2,3,3,3,0,3,3,1.0,0.0,0.0,3,0,2,0,1,0,3,0,0,0,1,1,0,1,0,0,1,0,2,13,1,0,0,0,0,0,1,3,0,3,0,0,0,0,31,1,0
C:\Users\user\Desktop\STUFF A LOT OF 'EM\er\Design_Pattern\jhotdraw\contrib\DesktopEventService.java,org.jhotdraw.contrib.DesktopEventService,class,8,15,7,8,25,1,0,25,117,0.8333333,0.0,0.0,18,0,8,2,8,0,16,0,0,0,4,0,0,4,0,0,0,0,4,113,6,5,2,0,0,0,2,19,0,19,2,1,0,0,79,1,0
C:\Users\user\Desktop\STUFF A LOT OF 'EM\er\Design_Pattern\jhotdraw\test\samples\nothing\AllTests.java,org.jhotdraw.test.samples.nothing.AllTests,class,5,7,2,5,2,1,0,2,1,0.0,0.0,0.0,2,2,2,0,0,0,2,0,0,0,0,0,0,0,0,0,0,0,0,11,1,0,0,0,0,1,0,1,0,1,0,0,0,0,10,1,0
C:\Users\user\Desktop\STUFF A LOT OF 'EM\er\Design_Pattern\jhotdraw\standard\ChangeAttributeCommand.java,org.jhotdraw.standard.ChangeAttributeCommand,class,10,14,4,10,6,3,0,13,0,0.25,0.0,0.0,4,0,3,0,1,0,4,0,0,0,2,0,0,2,0,0,0,0,0,97,2,1,0,0,0,0,1,3,0,3,1,0,1,0,46,1,0
C:\Users\user\Desktop\STUFF A LOT OF 'EM\er\Design_Pattern\jhotdraw\test\util\IconkitTest.java,org.jhotdraw.test.util.IconkitTest,class,3,5,2,3,12,2,0,4,64,0.8333333,0.0,0.0,12,0,10,0,2,0,12,0,0,0,1,0,0,1,0,0,0,0,0,33,1,0,0,0,0,0,0,2,0,1,0,0,0,0,85,1,0
C:\Users\user\Desktop\STUFF A LOT OF 'EM\er\Design_Pattern\jhotdraw\util\collections\jdk11\CollectionsFactoryJDK11.java,org.jhotdraw.util.collections.jdk11.CollectionsFactoryJDK11,class,4,5,1,4,8,2,0,0,28,0.0,0.0,0.0,8,0,8,0,0,0,8,0,0,0,0,0,0,0,0,0,0,0,0,25,7,0,0,0,0,0,0,0,0,0,0,0,0,0,15,1,0
C:\Users\user\Desktop\STUFF A LOT OF 'EM\er\Design_Pattern\jhotdraw\contrib\html\HTMLLayouter.java,org.jhotdraw.contrib.html.HTMLLayouter,class,5,6,1,5,9,1,0,0,36,0.0,0.0,0.0,9,0,9,0,0,0,9,0,0,0,0,0,0,0,0,0,0,0,0,28,1,0,0,0,0,6,0,0,0,0,0,0,0,0,73,1,0
C:\Users\user\Desktop\STUFF A LOT OF 'EM\er\Design_Pattern\jhotdraw\contrib\WindowMenu.java,org.jhotdraw.contrib.WindowMenu$Anonymous3,anonymous,1,1,0,1,3,1,0,2,3,0.0,0.0,0.0,3,0,3,0,0,0,3,0,0,0,0,0,0,0,0,0,0,0,0,10,0,0,0,0,0,0,0,0,0,0,0,0,0,0,12,-1,0
C:\Users\user\Desktop\STUFF A LOT OF 'EM\er\Design_Pattern\jhotdraw\contrib\WindowMenu.java,org.jhotdraw.contrib.WindowMenu$Anonymous2,anonymous,1,1,0,1,3,1,0,3,1,0.0,0.0,0.0,2,0,2,0,0,0,2,0,0,0,0,0,0,0,0,0,0,0,0,8,1,0,0,0,1,0,1,0,0,0,0,0,0,0,3,-1,0
C:\Users\user\Desktop\STUFF A LOT OF 'EM\er\Design_Pattern\jhotdraw\test\util\UndoCommandTest.java,org.jhotdraw.test.util.UndoCommandTest,class,3,5,2,3,7,2,0,4,19,0.71428573,0.0,0.0,7,0,5,0,2,0,7,0,0,0,1,0,0,1,0,0,0,0,0,23,1,0,0,0,0,1,0,2,0,1,0,0,0,0,79,1,0
C:\Users\user\Desktop\STUFF A LOT OF 'EM\er\Design_Pattern\jhotdraw\util\UndoManager.java,org.jhotdraw.util.UndoManager,class,4,18,14,4,33,1,0,22,51,0.7236842,0.0,0.0,19,0,14,2,3,0,17,0,0,0,4,1,1,3,0,0,1,0,4,123,14,2,4,0,2,0,11,13,3,11,2,0,0,0,93,1,0
C:\Users\user\Desktop\STUFF A LOT OF 'EM\er\Design_Pattern\jhotdraw\contrib\WindowMenu.java,org.jhotdraw.contrib.WindowMenu$Anonymous4,anonymous,1,1,0,1,2,1,0,5,0,0.0,NaN,NaN,1,0,1,0,0,0,1,0,0,0,0,0,0,0,0,0,0,0,0,12,0,0,0,1,1,0,0,1,0,1,1,0,0,0,17,-1,0
C:\Users\user\Desktop\STUFF A LOT OF 'EM\er\Design_Pattern\jhotdraw\samples\javadraw\AnimationDecorator.java,org.jhotdraw.samples.javadraw.AnimationDecorator,class,6,9,3,6,18,3,0,10,15,0.70000005,0.0,0.0,10,0,10,0,0,0,10,0,0,3,4,1,0,4,0,0,1,0,0,50,2,0,0,0,8,0,12,15,2,7,1,0,0,0,44,1,0
C:\Users\user\Desktop\STUFF A LOT OF 'EM\er\Design_Pattern\jhotdraw\standard\AbstractTool.java,org.jhotdraw.standard.AbstractTool$Anonymous1,anonymous,2,2,0,2,3,1,0,3,3,0.0,0.0,0.0,3,0,3,0,0,0,3,0,0,0,0,0,0,0,0,0,0,0,0,11,0,0,0,0,0,0,0,0,0,0,0,0,0,0,8,-1,0
C:\Users\user\Desktop\STUFF A LOT OF 'EM\er\Design_Pattern\jhotdraw\test\util\CommandButtonTest.java,org.jhotdraw.test.util.CommandButtonTest,class,4,6,2,4,6,2,0,4,13,0.6666667,0.0,0.0,6,0,4,0,2,0,6,0,0,0,1,0,0,1,0,0,0,0,0,21,1,0,0,0,0,1,0,2,0,1,0,0,0,0,77,1,0
C:\Users\user\Desktop\STUFF A LOT OF 'EM\er\Design_Pattern\jhotdraw\test\standard\HandleEnumeratorTest.java,org.jhotdraw.test.standard.HandleEnumeratorTest,class,7,10,3,7,10,3,0,7,43,0.8,0.0,0.0,10,0,8,0,2,0,10,0,0,0,1,0,0,1,0,0,0,0,3,33,1,0,0,0,0,0,4,4,0,3,0,0,0,0,91,1,0
C:\Users\user\Desktop\STUFF A LOT OF 'EM\er\Design_Pattern\jhotdraw\util\collections\jdk11\SetWrapper.java,org.jhotdraw.util.collections.jdk11.SetWrapper,class,2,5,3,2,18,1,0,11,33,0.4,0.0,0.0,15,0,15,0,0,0,15,0,0,0,1,0,0,1,0,0,0,0,0,52,12,1,2,0,0,0,2,3,0,2,1,0,0,0,28,1,0
C:\Users\user\Desktop\STUFF A LOT OF 'EM\er\Design_Pattern\jhotdraw\test\util\RedoCommandTest.java,org.jhotdraw.test.util.RedoCommandTest,class,3,5,2,3,7,2,0,4,19,0.71428573,0.0,0.0,7,0,5,0,2,0,7,0,0,0,1,0,0,1,0,0,0,0,0,23,1,0,0,0,0,1,0,2,0,1,0,0,0,0,79,1,0
C:\Users\user\Desktop\STUFF A LOT OF 'EM\er\Design_Pattern\jhotdraw\test\figures\ImageFigureTest.java,org.jhotdraw.test.figures.ImageFigureTest,class,3,6,3,3,13,2,0,3,76,0.84615386,0.0,0.0,13,0,11,0,2,0,13,0,0,0,1,0,0,1,0,0,0,0,0,35,1,0,0,0,0,0,0,2,0,1,0,0,0,0,88,1,0
C:\Users\user\Desktop\STUFF A LOT OF 'EM\er\Design_Pattern\jhotdraw\test\util\FillerTest.java,org.jhotdraw.test.util.FillerTest,class,3,5,2,3,8,2,0,3,26,0.75,0.0,0.0,8,0,6,0,2,0,8,0,0,0,1,0,0,1,0,0,0,0,0,25,1,0,0,0,0,0,2,2,0,1,0,0,0,0,76,1,0
C:\Users\user\Desktop\STUFF A LOT OF 'EM\er\Design_Pattern\jhotdraw\figures\ShortestDistanceConnector.java,org.jhotdraw.figures.ShortestDistanceConnector,class,6,9,3,6,16,2,0,13,10,1.0,0.0,0.0,5,0,4,0,1,0,5,0,0,0,1,1,0,1,0,0,1,0,13,101,4,1,0,0,2,0,13,57,24,32,2,0,0,0,68,1,0
C:\Users\user\Desktop\STUFF A LOT OF 'EM\er\Design_Pattern\jhotdraw\test\standard\DragTrackerTest.java,org.jhotdraw.test.standard.DragTrackerTest,class,4,7,3,4,9,3,0,4,34,0.7777778,0.0,0.0,9,0,7,0,2,0,9,0,0,0,1,0,0,1,0,0,0,0,0,27,1,0,0,0,0,0,4,2,0,1,0,0,0,0,85,1,0
C:\Users\user\Desktop\STUFF A LOT OF 'EM\er\Design_Pattern\jhotdraw\framework\FigureAttributeConstant.java,org.jhotdraw.framework.FigureAttributeConstant,class,2,21,19,2,27,1,0,8,39,0.9792208,0.0,0.0,11,3,7,4,0,0,8,0,0,0,35,33,32,3,0,0,32,0,3,108,12,1,10,0,10,17,23,42,4,40,2,0,0,0,103,1,0
C:\Users\user\Desktop\STUFF A LOT OF 'EM\er\Design_Pattern\jhotdraw\samples\javadraw\JavaDrawViewer.java,org.jhotdraw.samples.javadraw.JavaDrawViewer,class,11,13,2,11,16,6,0,15,79,0.83928573,0.0,0.0,14,0,11,1,2,0,13,0,0,0,4,0,0,4,0,0,0,0,0,66,6,0,1,1,0,5,2,9,2,8,1,0,0,0,76,1,0
C:\Users\user\Desktop\STUFF A LOT OF 'EM\er\Design_Pattern\jhotdraw\standard\GridConstrainer.java,org.jhotdraw.standard.GridConstrainer,class,1,4,3,1,4,1,0,1,0,0.25,0.0,0.0,4,0,4,0,0,0,4,0,0,0,2,0,0,2,0,0,0,0,2,19,3,0,0,0,4,0,4,4,8,2,0,0,0,0,29,1,0
C:\Users\user\Desktop\STUFF A LOT OF 'EM\er\Design_Pattern\jhotdraw\test\standard\HandleTrackerTest.java,org.jhotdraw.test.standard.HandleTrackerTest,class,7,10,3,7,9,3,0,5,34,0.7777778,0.0,0.0,9,0,7,0,2,0,9,0,0,0,1,0,0,1,0,0,0,0,1,28,1,0,0,0,0,0,4,3,0,2,0,0,0,0,86,1,0
C:\Users\user\Desktop\STUFF A LOT OF 'EM\er\Design_Pattern\jhotdraw\test\standard\BringToFrontCommandTest.java,org.jhotdraw.test.standard.BringToFrontCommandTest,class,3,6,3,3,7,3,0,4,19,0.71428573,0.0,0.0,7,0,5,0,2,0,7,0,0,0,1,0,0,1,0,0,0,0,0,23,1,0,0,0,0,1,0,2,0,1,0,0,0,0,81,1,0
C:\Users\user\Desktop\STUFF A LOT OF 'EM\er\Design_Pattern\jhotdraw\test\util\CommandMenuTest.java,org.jhotdraw.test.util.CommandMenuTest,class,3,5,2,3,14,2,0,3,89,0.85714287,0.0,0.0,14,0,12,0,2,0,14,0,0,0,1,0,0,1,0,0,0,0,0,37,1,0,0,0,0,1,0,2,0,1,0,0,0,0,88,1,0
C:\Users\user\Desktop\STUFF A LOT OF 'EM\er\Design_Pattern\jhotdraw\contrib\Helper.java,org.jhotdraw.contrib.Helper,class,2,9,7,2,8,1,0,4,1,0.0,0.0,0.0,2,2,2,0,0,0,2,0,0,0,0,0,0,0,0,0,0,0,2,29,6,1,1,0,0,0,1,4,0,3,3,0,0,0,12,1,0
C:\Users\user\Desktop\STUFF A LOT OF 'EM\er\Design_Pattern\jhotdraw\samples\pert\PertFigureCreationTool.java,org.jhotdraw.samples.pert.PertFigureCreationTool,class,4,7,3,4,2,3,0,0,1,0.0,0.0,0.0,2,0,1,0,1,0,2,0,0,0,0,0,0,0,0,0,0,0,0,8,1,0,0,0,0,0,0,0,0,0,0,0,0,0,24,1,0
C:\Users\user\Desktop\STUFF A LOT OF 'EM\er\Design_Pattern\jhotdraw\standard\StandardDrawingView.java,org.jhotdraw.standard.StandardDrawingView$Anonymous1,anonymous,3,3,0,3,2,1,0,1,1,0.0,0.0,0.0,2,0,0,0,2,0,2,0,0,0,0,0,0,0,0,0,0,0,0,8,2,0,0,0,0,0,0,0,0,0,0,0,0,0,5,-1,0
C:\Users\user\Desktop\STUFF A LOT OF 'EM\er\Design_Pattern\jhotdraw\util\JDOStorageFormat.java,org.jhotdraw.util.JDOStorageFormat$DrawingListModel,innerclass,3,3,0,3,5,2,0,10,0,0.25,0.0,0.0,4,0,2,0,1,1,4,0,0,0,1,0,0,1,0,0,0,0,1,20,3,1,0,0,2,2,0,2,1,2,1,0,0,0,14,8,0
C:\Users\user\Desktop\STUFF A LOT OF 'EM\er\Design_Pattern\jhotdraw\test\figures\AllTests.java,org.jhotdraw.test.figures.AllTests,class,32,34,2,32,2,1,0,2,1,0.0,0.0,0.0,2,2,2,0,0,0,2,0,0,0,0,0,0,0,0,0,0,0,0,38,1,0,0,0,0,1,0,1,0,1,0,0,0,0,10,1,0
C:\Users\user\Desktop\STUFF A LOT OF 'EM\er\Design_Pattern\jhotdraw\util\StorableOutput.java,org.jhotdraw.util.StorableOutput,class,3,44,41,3,27,1,0,28,0,0.6041667,0.0,0.0,16,0,9,7,0,0,9,0,0,0,3,0,0,3,0,0,0,0,1,117,3,2,1,0,0,2,9,10,0,7,2,0,0,0,63,1,0
C:\Users\user\Desktop\STUFF A LOT OF 'EM\er\Design_Pattern\jhotdraw\contrib\dnd\DragNDropTool.java,org.jhotdraw.contrib.dnd.DragNDropTool$Anonymous1,anonymous,7,7,0,7,8,1,0,11,0,0.0,NaN,NaN,1,0,1,0,0,0,1,0,0,0,0,0,0,0,0,0,0,0,0,32,2,1,3,0,2,0,0,9,0,8,3,0,0,0,30,-1,0
C:\Users\user\Desktop\STUFF A LOT OF 'EM\er\Design_Pattern\jhotdraw\figures\PolyLineFigure.java,org.jhotdraw.figures.PolyLineFigure,class,16,36,20,16,69,2,2,57,370,0.9162162,0.0,0.0,37,1,31,1,5,0,36,0,0,0,10,5,4,2,4,0,5,0,10,257,25,9,10,0,5,0,36,50,11,42,3,0,0,0,180,1,0
C:\Users\user\Desktop\STUFF A LOT OF 'EM\er\Design_Pattern\jhotdraw\contrib\html\URLContentProducer.java,org.jhotdraw.contrib.html.URLContentProducer,class,6,8,2,6,12,3,0,15,19,0.71428573,0.0,0.0,7,0,6,0,1,0,7,0,0,0,1,0,0,1,0,0,0,0,0,43,3,0,3,1,3,0,1,6,0,6,1,0,0,0,111,1,0
C:\Users\user\Desktop\STUFF A LOT OF 'EM\er\Design_Pattern\jhotdraw\test\util\StorableOutputTest.java,org.jhotdraw.test.util.StorableOutputTest,class,3,5,2,3,13,2,0,5,76,0.84615386,0.0,0.0,13,0,11,0,2,0,13,0,0,0,1,0,0,1,0,0,0,0,1,38,1,0,0,0,0,2,0,4,0,3,0,0,0,0,85,1,0
C:\Users\user\Desktop\STUFF A LOT OF 'EM\er\Design_Pattern\jhotdraw\standard\AlignCommand.java,org.jhotdraw.standard.AlignCommand$UndoActivity,innerclass,6,6,0,6,14,2,0,19,28,0.7222222,0.0,0.0,9,0,7,0,2,0,9,0,0,0,2,0,0,2,0,0,0,0,0,59,6,3,0,0,0,0,0,11,2,11,1,0,0,0,38,9,0
C:\Users\user\Desktop\STUFF A LOT OF 'EM\er\Design_Pattern\jhotdraw\samples\net\NetApp.java,org.jhotdraw.samples.net.NetApp,class,8,10,2,8,3,7,0,4,3,0.0,0.0,0.0,3,1,2,0,1,0,3,0,0,0,0,0,0,0,0,0,0,0,0,18,0,0,0,0,0,7,0,4,3,2,0,0,0,0,28,1,0
C:\Users\user\Desktop\STUFF A LOT OF 'EM\er\Design_Pattern\jhotdraw\test\util\StandardVersionControlStrategyTest.java,org.jhotdraw.test.util.StandardVersionControlStrategyTest,class,3,5,2,3,6,2,0,4,13,0.6666667,0.0,0.0,6,0,4,0,2,0,6,0,0,0,1,0,0,1,0,0,0,0,0,21,1,0,0,0,0,0,0,2,0,1,0,0,0,0,81,1,0
C:\Users\user\Desktop\STUFF A LOT OF 'EM\er\Design_Pattern\jhotdraw\contrib\dnd\DNDFiguresTransferable.java,org.jhotdraw.contrib.dnd.DNDFiguresTransferable,class,2,4,2,2,5,1,0,2,2,0.5,0.0,0.0,4,0,4,0,0,0,4,0,0,0,2,1,1,1,0,0,0,0,0,19,3,0,1,0,0,1,0,2,0,2,1,0,0,0,21,1,0
C:\Users\user\Desktop\STUFF A LOT OF 'EM\er\Design_Pattern\jhotdraw\test\contrib\NestedCreationToolTest.java,org.jhotdraw.test.contrib.NestedCreationToolTest,class,4,6,2,4,9,3,0,4,34,0.7777778,0.0,0.0,9,0,7,0,2,0,9,0,0,0,1,0,0,1,0,0,0,0,0,27,1,0,0,0,0,0,4,2,0,1,0,0,0,0,85,1,0
C:\Users\user\Desktop\STUFF A LOT OF 'EM\er\Design_Pattern\jhotdraw\contrib\PolygonFigure.java,org.jhotdraw.contrib.PolygonFigure,class,17,30,13,17,70,3,1,35,583,0.95714283,0.0,0.0,35,4,34,0,1,0,35,0,0,0,4,2,0,3,0,1,2,0,22,311,20,18,3,0,14,0,45,118,43,81,4,1,0,0,187,1,0
C:\Users\user\Desktop\STUFF A LOT OF 'EM\er\Design_Pattern\jhotdraw\standard\AbstractCommand.java,org.jhotdraw.standard.AbstractCommand,class,11,40,29,11,36,1,13,19,266,0.9166667,0.0,0.0,24,0,14,2,8,0,22,0,0,0,5,0,0,5,0,0,0,0,0,151,11,0,7,0,3,1,0,7,0,7,2,1,1,0,101,1025,0
C:\Users\user\Desktop\STUFF A LOT OF 'EM\er\Design_Pattern\jhotdraw\standard\AbstractTool.java,org.jhotdraw.standard.AbstractTool$EventDispatcher,innerclass,3,3,0,3,17,1,0,14,0,0.11111111,0.0,0.0,9,0,9,0,0,0,9,0,0,0,2,0,0,2,0,0,0,0,1,54,0,6,0,0,6,0,0,8,0,8,1,0,0,0,23,9,0
C:\Users\user\Desktop\STUFF A LOT OF 'EM\er\Design_Pattern\jhotdraw\standard\BufferedUpdateStrategy.java,org.jhotdraw.standard.BufferedUpdateStrategy,class,2,5,3,2,4,1,0,5,0,0.4,NaN,NaN,1,0,1,0,0,0,1,0,0,0,5,1,0,5,0,0,1,0,0,18,0,0,3,0,3,0,6,9,0,7,1,0,0,0,46,1,0
C:\Users\user\Desktop\STUFF A LOT OF 'EM\er\Design_Pattern\jhotdraw\contrib\zoom\ZoomDrawingView.java,org.jhotdraw.contrib.zoom.ZoomDrawingView$Anonymous2,anonymous,1,1,0,1,2,1,0,3,1,0.0,0.0,0.0,2,0,2,0,0,0,2,0,0,0,0,0,0,0,0,0,0,0,0,8,0,0,0,0,0,0,0,0,0,0,0,0,0,0,8,-1,0
C:\Users\user\Desktop\STUFF A LOT OF 'EM\er\Design_Pattern\jhotdraw\test\samples\javadraw\JavadrawSuite.java,org.jhotdraw.test.samples.javadraw.JavadrawSuite,class,11,12,1,11,2,1,0,3,1,0.0,0.0,0.0,2,2,2,0,0,0,2,0,0,0,0,0,0,0,0,0,0,0,1,19,1,0,0,0,0,1,0,1,0,1,0,0,0,0,14,1,0
C:\Users\user\Desktop\STUFF A LOT OF 'EM\er\Design_Pattern\jhotdraw\contrib\zoom\ZoomDrawingView.java,org.jhotdraw.contrib.zoom.ZoomDrawingView$Anonymous3,anonymous,2,2,0,2,5,1,0,8,0,0.0,NaN,NaN,1,0,1,0,0,0,1,0,0,0,0,0,0,0,0,0,0,0,0,20,0,0,4,0,0,0,0,0,2,0,1,0,0,0,14,-1,0
C:\Users\user\Desktop\STUFF A LOT OF 'EM\er\Design_Pattern\jhotdraw\contrib\zoom\ZoomDrawingView.java,org.jhotdraw.contrib.zoom.ZoomDrawingView$Anonymous1,anonymous,1,1,0,1,2,1,0,3,1,0.0,0.0,0.0,2,0,2,0,0,0,2,0,0,0,0,0,0,0,0,0,0,0,0,8,0,0,0,0,0,0,0,0,0,0,0,0,0,0,8,-1,0
C:\Users\user\Desktop\STUFF A LOT OF 'EM\er\Design_Pattern\jhotdraw\figures\TextTool.java,org.jhotdraw.figures.TextTool,class,17,27,10,17,35,4,1,49,204,0.90476197,0.0,0.0,21,0,7,4,10,0,17,0,0,0,3,0,0,3,0,0,0,0,0,177,11,0,10,0,3,1,1,10,0,9,3,0,1,0,115,1,0
C:\Users\user\Desktop\STUFF A LOT OF 'EM\er\Design_Pattern\jhotdraw\test\util\JDOStorageFormatTest.java,org.jhotdraw.test.util.JDOStorageFormatTest,class,3,4,1,3,9,2,0,3,34,0.7777778,0.0,0.0,9,0,7,0,2,0,9,0,0,0,1,0,0,1,0,0,0,0,0,27,1,0,0,0,0,0,0,2,0,1,0,0,0,0,82,1,0
C:\Users\user\Desktop\STUFF A LOT OF 'EM\er\Design_Pattern\jhotdraw\standard\AbstractHandle.java,org.jhotdraw.standard.AbstractHandle,class,8,30,22,8,14,1,7,10,87,0.88095236,0.0,0.0,14,0,14,0,0,0,14,0,0,0,3,1,1,2,0,0,1,0,0,49,5,0,0,0,0,0,3,5,8,5,0,0,0,0,86,1025,0
C:\Users\user\Desktop\STUFF A LOT OF 'EM\er\Design_Pattern\jhotdraw\test\standard\StandardDrawingTest.java,org.jhotdraw.test.standard.StandardDrawingTest,class,3,6,3,3,20,2,0,6,165,0.84210527,0.0,0.0,19,0,17,0,2,0,19,0,0,0,1,0,0,1,0,0,0,0,0,52,1,1,0,0,0,9,1,4,0,3,1,0,0,0,113,1,0
C:\Users\user\Desktop\STUFF A LOT OF 'EM\er\Design_Pattern\jhotdraw\test\contrib\ComponentFigureTest.java,org.jhotdraw.test.contrib.ComponentFigureTest,class,3,5,2,3,10,3,0,3,43,0.8,0.0,0.0,10,0,8,0,2,0,10,0,0,0,1,0,0,1,0,0,0,0,0,29,1,0,0,0,0,1,0,2,0,1,0,0,0,0,85,1,0
C:\Users\user\Desktop\STUFF A LOT OF 'EM\er\Design_Pattern\jhotdraw\test\util\SerializationStorageFormatTest.java,org.jhotdraw.test.util.SerializationStorageFormatTest,class,3,5,2,3,8,2,0,3,26,0.75,0.0,0.0,8,0,6,0,2,0,8,0,0,0,1,0,0,1,0,0,0,0,0,25,1,0,0,0,0,0,0,2,0,1,0,0,0,0,79,1,0
C:\Users\user\Desktop\STUFF A LOT OF 'EM\er\Design_Pattern\jhotdraw\contrib\html\ColorContentProducer.java,org.jhotdraw.contrib.html.ColorContentProducer,class,5,7,2,5,11,3,1,12,19,0.71428573,0.0,0.0,7,0,7,0,0,0,7,0,0,0,1,0,0,1,0,0,0,0,1,36,2,0,3,0,2,1,1,5,2,4,1,0,0,0,79,1,0
C:\Users\user\Desktop\STUFF A LOT OF 'EM\er\Design_Pattern\jhotdraw\framework\Cursor.java,org.jhotdraw.framework.Cursor,interface,0,9,9,0,0,1,0,0,0,0.0,-1.0,-1.0,0,0,0,0,0,0,0,0,0,0,0,0,0,0,0,0,0,0,0,2,0,0,0,0,0,0,0,0,0,0,0,0,0,0,28,1,0
C:\Users\user\Desktop\STUFF A LOT OF 'EM\er\Design_Pattern\jhotdraw\util\collections\jdk11\MapWrapper.java,org.jhotdraw.util.collections.jdk11.MapWrapper,class,0,2,2,0,14,1,0,11,0,0.0,0.0,0.0,14,0,14,0,0,0,14,0,0,0,1,0,0,1,0,0,0,0,0,45,10,0,0,0,0,0,0,2,0,1,0,0,0,0,27,1,0
C:\Users\user\Desktop\STUFF A LOT OF 'EM\er\Design_Pattern\jhotdraw\standard\FigureChangeEventMulticaster.java,org.jhotdraw.standard.FigureChangeEventMulticaster,class,3,6,3,3,20,2,0,8,55,0.0,0.0,0.0,11,4,8,0,3,0,11,0,0,0,0,0,0,0,0,0,0,0,5,67,12,0,8,0,11,0,0,2,0,2,1,0,0,0,36,1,0
C:\Users\user\Desktop\STUFF A LOT OF 'EM\er\Design_Pattern\jhotdraw\standard\NullTool.java,org.jhotdraw.standard.NullTool,class,2,4,2,2,4,2,0,0,6,0.0,0.0,0.0,4,0,3,0,1,0,4,0,0,0,0,0,0,0,0,0,0,0,0,11,0,0,0,0,0,0,0,0,0,0,0,0,0,0,14,1,0
C:\Users\user\Desktop\STUFF A LOT OF 'EM\er\Design_Pattern\jhotdraw\framework\Painter.java,org.jhotdraw.framework.Painter,interface,1,13,12,1,1,1,0,0,0,0.0,NaN,NaN,1,0,1,0,0,0,1,0,0,0,0,0,0,0,0,0,0,0,0,3,0,0,0,0,0,0,0,0,0,0,0,0,0,0,37,1,0
C:\Users\user\Desktop\STUFF A LOT OF 'EM\er\Design_Pattern\jhotdraw\standard\BoxHandleKit.java,org.jhotdraw.standard.NorthHandle,class,5,6,1,5,2,4,0,5,1,0.0,0.0,0.0,2,0,1,0,0,1,2,0,0,0,0,0,0,0,0,0,0,0,2,9,0,0,0,0,0,0,0,1,3,1,0,0,0,0,13,0,0
C:\Users\user\Desktop\STUFF A LOT OF 'EM\er\Design_Pattern\jhotdraw\test\standard\CutCommandTest.java,org.jhotdraw.test.standard.CutCommandTest,class,3,6,3,3,7,3,0,4,19,0.71428573,0.0,0.0,7,0,5,0,2,0,7,0,0,0,1,0,0,1,0,0,0,0,0,23,1,0,0,0,0,1,0,2,0,1,0,0,0,0,79,1,0
C:\Users\user\Desktop\STUFF A LOT OF 'EM\er\Design_Pattern\jhotdraw\test\contrib\CTXCommandMenuTest.java,org.jhotdraw.test.contrib.CTXCommandMenuTest,class,3,5,2,3,14,2,0,3,89,0.85714287,0.0,0.0,14,0,12,0,2,0,14,0,0,0,1,0,0,1,0,0,0,0,0,37,1,0,0,0,0,1,0,2,0,1,0,0,0,0,91,1,0
C:\Users\user\Desktop\STUFF A LOT OF 'EM\er\Design_Pattern\jhotdraw\contrib\ClippingUpdateStrategy.java,org.jhotdraw.contrib.ClippingUpdateStrategy,class,6,8,2,6,7,1,0,10,1,0.0,0.0,0.0,2,0,2,0,0,0,2,0,0,0,0,0,0,0,0,0,0,0,0,29,1,1,1,0,0,0,5,8,0,6,2,0,0,0,36,1,0
C:\Users\user\Desktop\STUFF A LOT OF 'EM\er\Design_Pattern\jhotdraw\test\standard\SelectAllCommandTest.java,org.jhotdraw.test.standard.SelectAllCommandTest,class,3,6,3,3,7,3,0,4,19,0.71428573,0.0,0.0,7,0,5,0,2,0,7,0,0,0,1,0,0,1,0,0,0,0,0,23,1,0,0,0,0,1,0,2,0,1,0,0,0,0,80,1,0
C:\Users\user\Desktop\STUFF A LOT OF 'EM\er\Design_Pattern\jhotdraw\contrib\CTXWindowMenu.java,org.jhotdraw.contrib.CTXWindowMenu,class,6,8,2,6,11,14,0,12,0,0.3333333,0.0,0.0,3,0,1,0,1,1,3,0,0,0,7,0,0,6,0,1,0,0,0,121,1,2,2,0,0,5,9,10,0,10,1,7,1,0,66,1,0
C:\Users\user\Desktop\STUFF A LOT OF 'EM\er\Design_Pattern\jhotdraw\standard\SelectAllCommand.java,org.jhotdraw.standard.SelectAllCommand,class,9,12,3,9,6,3,0,13,6,0.0,0.0,0.0,4,0,3,0,1,0,4,0,0,0,0,0,0,0,0,0,0,0,0,44,3,0,1,0,1,0,0,1,0,1,1,0,1,0,59,1,0
C:\Users\user\Desktop\STUFF A LOT OF 'EM\er\Design_Pattern\jhotdraw\standard\HandleEnumerator.java,org.jhotdraw.standard.HandleEnumerator,class,4,27,23,4,7,1,0,10,1,0.6111111,0.0,0.0,6,1,6,0,0,0,6,0,0,0,3,1,0,3,0,0,0,0,2,29,4,1,0,0,0,0,0,5,0,4,1,0,0,0,86,1,0
C:\Users\user\Desktop\STUFF A LOT OF 'EM\er\Design_Pattern\jhotdraw\test\contrib\PolygonFigureTest.java,org.jhotdraw.test.contrib.PolygonFigureTest,class,3,5,2,3,34,2,0,3,559,0.9411765,0.0,0.0,34,0,32,0,2,0,34,0,0,0,1,0,0,1,0,0,0,0,0,77,1,0,0,0,0,0,0,2,0,1,0,0,0,0,130,1,0
C:\Users\user\Desktop\STUFF A LOT OF 'EM\er\Design_Pattern\jhotdraw\standard\ToolButton.java,org.jhotdraw.standard.ToolButton,class,8,13,5,8,26,7,0,25,149,0.8888889,0.0,0.0,18,0,15,2,1,0,16,0,0,0,2,0,0,2,0,0,0,0,1,96,7,1,5,1,0,4,19,9,3,6,1,0,0,0,59,1,0
C:\Users\user\Desktop\STUFF A LOT OF 'EM\er\Design_Pattern\jhotdraw\util\ReverseListEnumerator.java,org.jhotdraw.util.ReverseListEnumerator,class,0,2,2,0,6,1,0,3,0,0.125,0.0,0.0,4,0,4,0,0,0,4,0,0,0,2,0,0,2,0,0,0,0,0,21,2,0,0,0,0,1,3,2,1,2,1,0,0,0,26,1,0
C:\Users\user\Desktop\STUFF A LOT OF 'EM\er\Design_Pattern\jhotdraw\contrib\MDI_DrawApplication.java,org.jhotdraw.contrib.MDI_DrawApplication,class,10,15,5,10,14,7,1,20,66,0.0,0.0,0.0,12,0,7,0,5,0,12,0,0,0,0,0,0,0,0,0,0,0,1,53,6,0,1,0,0,3,0,4,2,4,1,0,0,0,144,1,0
C:\Users\user\Desktop\STUFF A LOT OF 'EM\er\Design_Pattern\jhotdraw\test\contrib\CommandMenuItemTest.java,org.jhotdraw.test.contrib.CommandMenuItemTest,class,5,7,2,5,8,3,0,7,15,0.5714286,0.0,0.0,7,0,5,0,2,0,7,0,0,0,1,0,0,1,0,0,0,0,0,28,1,1,0,0,0,2,1,4,0,3,1,0,0,0,90,1,0
C:\Users\user\Desktop\STUFF A LOT OF 'EM\er\Design_Pattern\jhotdraw\contrib\NestedCreationTool.java,org.jhotdraw.contrib.NestedCreationTool,class,8,10,2,8,14,3,0,17,19,0.71428573,0.0,0.0,7,0,5,0,2,0,7,0,0,0,1,0,0,1,0,0,0,0,0,48,1,0,4,0,3,0,0,3,0,2,2,0,0,0,30,1,0
C:\Users\user\Desktop\STUFF A LOT OF 'EM\er\Design_Pattern\jhotdraw\test\framework\FigureAttributeConstantTest.java,org.jhotdraw.test.framework.FigureAttributeConstantTest,class,3,6,3,3,10,2,0,3,43,0.8,0.0,0.0,10,0,8,0,2,0,10,0,0,0,1,0,0,1,0,0,0,0,0,29,1,0,0,0,0,1,0,2,0,1,0,0,0,0,82,1,0
C:\Users\user\Desktop\STUFF A LOT OF 'EM\er\Design_Pattern\jhotdraw\contrib\CustomToolBar.java,org.jhotdraw.contrib.CustomToolBar,class,2,4,2,2,12,5,0,11,0,0.25,0.0,0.0,6,0,6,0,0,0,6,0,0,0,4,0,0,4,0,0,0,0,2,59,2,1,4,0,0,0,0,13,0,6,2,0,0,0,78,1,0
C:\Users\user\Desktop\STUFF A LOT OF 'EM\er\Design_Pattern\jhotdraw\test\contrib\MDIDesktopPaneTest.java,org.jhotdraw.test.contrib.MDIDesktopPaneTest,class,3,5,2,3,19,3,0,4,169,0.8947368,0.0,0.0,19,0,17,0,2,0,19,0,0,0,1,0,0,1,0,0,0,0,0,47,1,0,0,0,0,0,0,2,0,1,0,0,0,0,100,1,0
C:\Users\user\Desktop\STUFF A LOT OF 'EM\er\Design_Pattern\jhotdraw\samples\javadraw\MySelectionTool.java,org.jhotdraw.samples.javadraw.MySelectionTool,class,7,10,3,7,5,3,0,10,3,0.0,0.0,0.0,3,0,2,0,1,0,3,0,0,0,0,0,0,0,0,0,0,0,0,19,1,0,2,0,0,1,1,1,1,1,2,0,0,0,32,1,0
C:\Users\user\Desktop\STUFF A LOT OF 'EM\er\Design_Pattern\jhotdraw\figures\ArrowTip.java,org.jhotdraw.figures.ArrowTip,class,4,10,6,4,13,2,0,16,72,0.90769225,0.0,0.0,13,0,5,2,6,0,11,0,0,0,5,1,0,5,0,0,1,0,3,61,5,0,0,0,2,0,6,7,10,7,0,0,0,0,82,1,0
C:\Users\user\Desktop\STUFF A LOT OF 'EM\er\Design_Pattern\jhotdraw\standard\BoxHandleKit.java,org.jhotdraw.standard.ResizeHandle$UndoActivity,innerclass,5,5,0,5,9,2,0,12,13,0.6666667,0.0,0.0,6,0,4,1,1,0,5,0,0,0,1,0,0,1,0,0,0,0,0,37,7,0,0,0,0,0,0,4,0,4,1,0,0,0,28,9,0
C:\Users\user\Desktop\STUFF A LOT OF 'EM\er\Design_Pattern\jhotdraw\test\figures\RectangleFigureTest.java,org.jhotdraw.test.figures.RectangleFigureTest,class,3,6,3,3,12,2,0,3,64,0.8333333,0.0,0.0,12,0,10,0,2,0,12,0,0,0,1,0,0,1,0,0,0,0,0,33,1,0,0,0,0,0,0,2,0,1,0,0,0,0,86,1,0
C:\Users\user\Desktop\STUFF A LOT OF 'EM\er\Design_Pattern\jhotdraw\figures\RoundRectangleFigure.java,org.jhotdraw.figures.RoundRectangleFigure,class,12,21,9,12,14,3,1,16,1,0.70238096,0.0,0.0,14,0,13,0,1,0,14,0,0,0,6,2,0,6,0,0,2,0,2,70,5,0,0,0,0,0,13,16,6,9,0,0,0,0,76,1,0
C:\Users\user\Desktop\STUFF A LOT OF 'EM\er\Design_Pattern\jhotdraw\util\UndoableCommand.java,org.jhotdraw.util.UndoableCommand,class,10,15,5,10,23,1,0,27,165,0.8947368,0.0,0.0,19,0,15,1,3,0,18,0,0,0,3,0,0,3,0,0,0,0,0,74,8,0,2,0,3,0,1,5,0,4,1,0,0,0,45,1,0
C:\Users\user\Desktop\STUFF A LOT OF 'EM\er\Design_Pattern\jhotdraw\test\figures\NumberTextFigureTest.java,org.jhotdraw.test.figures.NumberTextFigureTest,class,4,7,3,4,9,2,0,6,22,0.625,0.0,0.0,8,0,6,0,2,0,8,0,0,0,1,0,0,1,0,0,0,0,0,30,1,1,0,0,0,0,4,4,0,3,1,0,0,0,89,1,0
C:\Users\user\Desktop\STUFF A LOT OF 'EM\er\Design_Pattern\jhotdraw\test\contrib\CommandCheckBoxMenuItemTest.java,org.jhotdraw.test.contrib.CommandCheckBoxMenuItemTest,class,5,7,2,5,7,3,0,7,9,0.5,0.0,0.0,6,0,4,0,2,0,6,0,0,0,1,0,0,1,0,0,0,0,0,27,1,1,0,0,0,2,1,5,0,4,1,0,0,0,90,1,0
C:\Users\user\Desktop\STUFF A LOT OF 'EM\er\Design_Pattern\jhotdraw\util\JDOStorageFormat.java,org.jhotdraw.util.JDOStorageFormat$DrawingSelector,innerclass,1,1,0,1,2,6,0,6,1,0.0,NaN,NaN,2,0,0,1,0,1,1,0,0,0,0,0,0,0,0,0,0,0,0,11,0,0,0,0,0,2,2,0,0,0,0,0,0,0,14,8,0
C:\Users\user\Desktop\STUFF A LOT OF 'EM\er\Design_Pattern\jhotdraw\test\figures\ElbowConnectionTest.java,org.jhotdraw.test.figures.ElbowConnectionTest,class,3,6,3,3,9,2,0,3,34,0.7777778,0.0,0.0,9,0,7,0,2,0,9,0,0,0,1,0,0,1,0,0,0,0,0,27,1,0,0,0,0,0,0,2,0,1,0,0,0,0,81,1,0
C:\Users\user\Desktop\STUFF A LOT OF 'EM\er\Design_Pattern\jhotdraw\contrib\PolygonScaleHandle.java,org.jhotdraw.contrib.PolygonScaleHandle,class,9,11,2,9,13,3,0,18,16,0.5,0.0,0.0,8,0,6,0,1,1,8,0,0,0,1,0,0,1,0,0,0,0,1,97,6,0,4,0,19,0,10,10,19,8,1,0,1,0,88,0,0
C:\Users\user\Desktop\STUFF A LOT OF 'EM\er\Design_Pattern\jhotdraw\contrib\StandardLayouter.java,org.jhotdraw.contrib.StandardLayouter,class,6,9,3,6,8,2,0,13,10,0.0,0.0,0.0,5,0,5,0,0,0,5,0,0,0,0,0,0,0,0,0,0,0,2,44,3,2,0,0,1,0,4,18,8,12,2,0,0,0,126,1,0
C:\Users\user\Desktop\STUFF A LOT OF 'EM\er\Design_Pattern\jhotdraw\samples\javadraw\URLTool.java,org.jhotdraw.samples.javadraw.URLTool,class,7,12,5,7,16,2,0,23,30,0.7222222,0.0,0.0,9,0,4,5,0,0,4,0,0,0,2,0,0,2,0,0,0,0,3,67,3,0,7,0,4,1,5,11,6,7,1,1,0,0,60,1,0
C:\Users\user\Desktop\STUFF A LOT OF 'EM\er\Design_Pattern\jhotdraw\contrib\TextAreaTool.java,org.jhotdraw.contrib.TextAreaTool$UndoActivity,innerclass,7,7,0,7,23,2,0,21,32,0.7777778,0.0,0.0,9,0,7,0,2,0,9,0,0,0,2,0,0,2,0,0,0,0,0,80,7,5,2,0,3,0,1,8,0,8,2,0,0,0,54,9,0
C:\Users\user\Desktop\STUFF A LOT OF 'EM\er\Design_Pattern\jhotdraw\standard\CutCommand.java,org.jhotdraw.standard.CutCommand,class,12,15,3,12,8,4,0,21,6,0.0,0.0,0.0,4,0,3,0,1,0,4,0,0,0,0,0,0,0,0,0,0,0,1,85,2,2,1,0,0,0,3,6,0,5,3,0,1,0,51,1,0
C:\Users\user\Desktop\STUFF A LOT OF 'EM\er\Design_Pattern\jhotdraw\test\samples\javadraw\PatternPainterTest.java,org.jhotdraw.test.samples.javadraw.PatternPainterTest,class,4,7,3,4,6,3,0,5,13,0.6666667,0.0,0.0,6,0,4,0,2,0,6,0,0,0,1,0,0,1,0,0,0,0,1,22,1,0,0,0,0,1,0,3,1,2,0,0,0,0,77,1,0
C:\Users\user\Desktop\STUFF A LOT OF 'EM\er\Design_Pattern\jhotdraw\test\samples\pert\AllTests.java,org.jhotdraw.test.samples.pert.AllTests,class,8,10,2,8,2,1,0,2,1,0.0,0.0,0.0,2,2,2,0,0,0,2,0,0,0,0,0,0,0,0,0,0,0,0,14,1,0,0,0,0,1,0,1,0,1,0,0,0,0,10,1,0
C:\Users\user\Desktop\STUFF A LOT OF 'EM\er\Design_Pattern\jhotdraw\test\samples\pert\PertDependencyTest.java,org.jhotdraw.test.samples.pert.PertDependencyTest,class,3,6,3,3,9,2,0,3,34,0.7777778,0.0,0.0,9,0,7,0,2,0,9,0,0,0,1,0,0,1,0,0,0,0,0,27,1,0,0,0,0,0,0,2,0,1,0,0,0,0,79,1,0
C:\Users\user\Desktop\STUFF A LOT OF 'EM\er\Design_Pattern\jhotdraw\util\JDOStorageFormat.java,org.jhotdraw.util.JDOStorageFormat$Anonymous1,anonymous,0,0,0,0,1,1,0,2,0,0.0,NaN,NaN,1,0,1,0,0,0,1,0,0,0,0,0,0,0,0,0,0,0,0,5,0,0,0,0,0,0,0,1,0,1,0,0,0,0,3,-1,0
C:\Users\user\Desktop\STUFF A LOT OF 'EM\er\Design_Pattern\jhotdraw\util\JDOStorageFormat.java,org.jhotdraw.util.JDOStorageFormat$Anonymous2,anonymous,0,0,0,0,1,1,0,3,0,0.0,NaN,NaN,1,0,1,0,0,0,1,0,0,0,0,0,0,0,0,0,0,0,0,5,0,0,0,0,0,0,0,0,0,0,0,0,0,0,6,-1,0
C:\Users\user\Desktop\STUFF A LOT OF 'EM\er\Design_Pattern\jhotdraw\test\util\collections\jdk11\ListWrapperTest.java,org.jhotdraw.test.util.collections.jdk11.ListWrapperTest,class,3,5,2,3,23,2,0,3,251,0.9130435,0.0,0.0,23,0,21,0,2,0,23,0,0,0,1,0,0,1,0,0,0,0,0,55,1,0,0,0,0,0,0,2,0,1,0,0,0,0,101,1,0
C:\Users\user\Desktop\STUFF A LOT OF 'EM\er\Design_Pattern\jhotdraw\contrib\CompositeFigureCreationTool.java,org.jhotdraw.contrib.CompositeFigureCreationTool,class,9,12,3,9,10,3,0,21,13,0.6666667,0.0,0.0,6,0,4,0,2,0,6,0,0,0,1,0,0,1,0,0,0,0,0,45,1,0,2,0,2,0,0,3,0,2,2,0,0,0,31,1,0
C:\Users\user\Desktop\STUFF A LOT OF 'EM\er\Design_Pattern\jhotdraw\test\contrib\SVGStorageFormatTest.java,org.jhotdraw.test.contrib.SVGStorageFormatTest,class,3,5,2,3,8,2,0,3,26,0.75,0.0,0.0,8,0,6,0,2,0,8,0,0,0,1,0,0,1,0,0,0,0,0,25,1,0,0,0,0,0,0,2,0,1,0,0,0,0,81,1,0
C:\Users\user\Desktop\STUFF A LOT OF 'EM\er\Design_Pattern\jhotdraw\test\util\ClipboardTest.java,org.jhotdraw.test.util.ClipboardTest,class,3,6,3,3,8,2,0,7,15,0.5714286,0.0,0.0,7,0,5,0,2,0,7,0,0,0,1,0,0,1,0,0,0,0,1,28,1,1,0,0,0,0,1,4,0,3,1,0,0,0,83,1,0
C:\Users\user\Desktop\STUFF A LOT OF 'EM\er\Design_Pattern\jhotdraw\contrib\dnd\JHDDragSourceListener.java,org.jhotdraw.contrib.dnd.JHDDragSourceListener,class,12,15,3,12,19,2,0,28,45,0.78787875,0.0,0.0,11,1,6,1,4,0,10,0,0,0,3,0,0,3,0,0,0,0,6,120,3,1,5,0,0,5,0,12,0,11,3,0,1,0,89,1,0
C:\Users\user\Desktop\STUFF A LOT OF 'EM\er\Design_Pattern\jhotdraw\figures\ElbowConnection.java,org.jhotdraw.figures.ElbowTextLocator,class,2,3,1,2,1,2,0,1,0,0.0,NaN,NaN,1,0,1,0,0,0,1,0,0,0,0,0,0,0,0,0,0,0,0,6,1,0,0,0,0,0,1,1,1,1,0,0,0,0,9,0,0
C:\Users\user\Desktop\STUFF A LOT OF 'EM\er\Design_Pattern\jhotdraw\contrib\html\HTMLTextAreaFigure.java,org.jhotdraw.contrib.html.HTMLTextAreaFigure$Anonymous4,anonymous,1,1,0,1,1,1,0,1,0,0.0,NaN,NaN,1,0,1,0,0,0,1,0,0,0,0,0,0,0,0,0,0,0,0,5,0,0,0,0,0,0,0,0,0,0,0,0,0,0,12,-1,0
C:\Users\user\Desktop\STUFF A LOT OF 'EM\er\Design_Pattern\jhotdraw\contrib\html\ResourceManagerNotSetException.java,org.jhotdraw.contrib.html.ResourceManagerNotSetException,class,0,1,1,0,1,3,0,0,0,0.0,NaN,NaN,1,0,1,0,0,0,1,0,0,0,0,0,0,0,0,0,0,0,0,4,0,0,0,0,0,0,0,0,0,0,0,0,0,0,13,1,0
C:\Users\user\Desktop\STUFF A LOT OF 'EM\er\Design_Pattern\jhotdraw\contrib\html\HTMLTextAreaFigure.java,org.jhotdraw.contrib.html.HTMLTextAreaFigure$Anonymous3,anonymous,1,1,0,1,1,1,0,1,0,0.0,NaN,NaN,1,0,1,0,0,0,1,0,0,0,0,0,0,0,0,0,0,0,0,5,0,0,0,0,0,0,0,0,0,0,0,0,0,0,12,-1,0
C:\Users\user\Desktop\STUFF A LOT OF 'EM\er\Design_Pattern\jhotdraw\test\util\AllTests.java,org.jhotdraw.test.util.AllTests,class,32,34,2,32,2,1,0,2,1,0.0,0.0,0.0,2,2,2,0,0,0,2,0,0,0,0,0,0,0,0,0,0,0,0,38,1,0,0,0,0,1,0,1,0,1,0,0,0,0,10,1,0
C:\Users\user\Desktop\STUFF A LOT OF 'EM\er\Design_Pattern\jhotdraw\util\StandardStorageFormat.java,org.jhotdraw.util.StandardStorageFormat$Anonymous1,anonymous,1,1,0,1,3,1,0,5,1,0.0,0.0,0.0,2,0,2,0,0,0,2,0,0,0,0,0,0,0,0,0,0,0,0,13,3,0,0,0,0,1,0,0,1,0,1,0,0,0,7,-1,0
C:\Users\user\Desktop\STUFF A LOT OF 'EM\er\Design_Pattern\jhotdraw\contrib\SplitPaneDesktop.java,org.jhotdraw.contrib.SplitPaneDesktop$Anonymous1,anonymous,0,0,0,0,3,1,0,3,0,0.0,NaN,NaN,1,0,1,0,0,0,1,0,0,0,0,0,0,0,0,0,0,0,0,10,0,0,2,0,0,0,0,0,0,0,1,0,0,0,10,-1,0
C:\Users\user\Desktop\STUFF A LOT OF 'EM\er\Design_Pattern\jhotdraw\standard\DecoratorFigure.java,org.jhotdraw.standard.DecoratorFigure,class,14,19,5,14,45,2,2,42,778,0.98333335,0.0,0.0,40,0,37,1,2,0,39,0,0,3,3,1,0,3,0,0,1,0,0,142,18,0,5,0,3,0,2,4,0,4,1,0,0,0,167,1025,0
C:\Users\user\Desktop\STUFF A LOT OF 'EM\er\Design_Pattern\jhotdraw\test\samples\pert\PertApplicationTest.java,org.jhotdraw.test.samples.pert.PertApplicationTest,class,3,6,3,3,6,2,0,3,13,0.6666667,0.0,0.0,6,0,4,0,2,0,6,0,0,0,1,0,0,1,0,0,0,0,0,21,1,0,0,0,0,0,0,2,0,1,0,0,0,0,73,1,0
C:\Users\user\Desktop\STUFF A LOT OF 'EM\er\Design_Pattern\jhotdraw\contrib\SplitPaneDesktop.java,org.jhotdraw.contrib.SplitPaneDesktop,class,7,10,3,7,22,5,1,28,151,0.8888889,0.0,0.0,18,0,9,2,7,0,16,0,0,0,1,0,0,1,0,0,0,0,1,96,12,1,1,0,0,0,2,4,0,4,1,1,0,0,73,1,0
C:\Users\user\Desktop\STUFF A LOT OF 'EM\er\Design_Pattern\jhotdraw\util\collections\jdk11\IteratorWrapper.java,org.jhotdraw.util.collections.jdk11.IteratorWrapper,class,0,3,3,0,4,1,0,2,0,0.25,0.0,0.0,4,0,4,0,0,0,4,0,0,0,1,0,0,1,0,0,0,0,0,14,2,0,0,0,0,0,0,1,0,1,0,0,0,0,12,1,0
C:\Users\user\Desktop\STUFF A LOT OF 'EM\er\Design_Pattern\jhotdraw\standard\PasteCommand.java,org.jhotdraw.standard.PasteCommand$UndoActivity,innerclass,5,5,0,5,6,2,0,13,3,0.0,0.0,0.0,3,0,3,0,0,0,3,0,0,0,0,0,0,0,0,0,0,0,0,27,4,1,0,0,0,0,2,2,0,2,1,0,0,0,24,9,0
C:\Users\user\Desktop\STUFF A LOT OF 'EM\er\Design_Pattern\jhotdraw\contrib\html\AttributeContentProducerContext.java,org.jhotdraw.contrib.html.AttributeContentProducerContext,interface,1,3,2,1,1,1,0,0,0,0.0,NaN,NaN,1,0,1,0,0,0,1,0,0,0,0,0,0,0,0,0,0,0,0,3,0,0,0,0,0,0,0,0,0,0,0,0,0,0,28,1,0
C:\Users\user\Desktop\STUFF A LOT OF 'EM\er\Design_Pattern\jhotdraw\standard\StandardDrawing.java,org.jhotdraw.standard.StandardDrawing,class,15,26,11,15,32,3,1,33,76,0.8588235,0.0,0.0,17,0,16,1,0,0,16,0,0,4,5,1,0,5,0,0,1,0,9,116,9,5,9,1,0,0,17,23,0,19,2,0,0,0,136,1,0
C:\Users\user\Desktop\STUFF A LOT OF 'EM\er\Design_Pattern\jhotdraw\standard\BoxHandleKit.java,org.jhotdraw.standard.SouthHandle,class,5,6,1,5,2,4,0,5,1,0.0,0.0,0.0,2,0,1,0,0,1,2,0,0,0,0,0,0,0,0,0,0,0,2,9,0,0,0,0,0,0,0,1,1,1,0,0,0,0,13,0,0
C:\Users\user\Desktop\STUFF A LOT OF 'EM\er\Design_Pattern\jhotdraw\test\standard\AlignCommandTest.java,org.jhotdraw.test.standard.AlignCommandTest,class,3,6,3,3,7,3,0,4,19,0.71428573,0.0,0.0,7,0,5,0,2,0,7,0,0,0,1,0,0,1,0,0,0,0,0,23,1,0,0,0,0,0,0,2,0,1,0,0,0,0,78,1,0
C:\Users\user\Desktop\STUFF A LOT OF 'EM\er\Design_Pattern\jhotdraw\standard\SimpleUpdateStrategy.java,org.jhotdraw.standard.SimpleUpdateStrategy,class,2,8,6,2,1,1,0,1,0,1.0,NaN,NaN,1,0,1,0,0,0,1,0,0,0,1,1,0,1,0,0,1,0,0,6,0,0,0,0,0,0,1,1,0,1,0,0,0,0,27,1,0
C:\Users\user\Desktop\STUFF A LOT OF 'EM\er\Design_Pattern\jhotdraw\contrib\html\HTMLTextAreaFigure.java,org.jhotdraw.contrib.html.HTMLTextAreaFigure$Anonymous2,anonymous,1,1,0,1,1,1,0,1,0,0.0,NaN,NaN,1,0,1,0,0,0,1,0,0,0,0,0,0,0,0,0,0,0,0,5,0,0,0,0,0,0,0,0,0,0,0,0,0,0,10,-1,0
C:\Users\user\Desktop\STUFF A LOT OF 'EM\er\Design_Pattern\jhotdraw\contrib\html\HTMLTextAreaFigure.java,org.jhotdraw.contrib.html.HTMLTextAreaFigure$Anonymous1,anonymous,1,1,0,1,1,1,0,1,0,0.0,NaN,NaN,1,0,1,0,0,0,1,0,0,0,0,0,0,0,0,0,0,0,0,5,0,0,0,0,0,0,0,0,0,0,0,0,0,0,10,-1,0
C:\Users\user\Desktop\STUFF A LOT OF 'EM\er\Design_Pattern\jhotdraw\standard\DragTracker.java,org.jhotdraw.standard.DragTracker$UndoActivity,innerclass,5,5,0,5,11,2,0,12,24,0.75,0.0,0.0,8,0,8,0,0,0,8,0,0,0,2,0,0,2,0,0,0,0,0,42,6,1,0,0,0,0,0,3,2,3,1,0,0,0,25,9,0
C:\Users\user\Desktop\STUFF A LOT OF 'EM\er\Design_Pattern\jhotdraw\contrib\PopupMenuFigureSelection.java,org.jhotdraw.contrib.PopupMenuFigureSelection,interface,1,2,1,1,2,1,0,0,1,0.0,0.0,0.0,2,0,2,0,0,0,2,0,0,0,0,0,0,0,0,0,0,0,0,4,0,0,0,0,0,0,0,0,0,0,0,0,0,0,32,1,0
C:\Users\user\Desktop\STUFF A LOT OF 'EM\er\Design_Pattern\jhotdraw\contrib\GraphicalCompositeFigure.java,org.jhotdraw.contrib.GraphicalCompositeFigure,class,17,21,4,17,32,3,0,46,249,0.942029,0.0,0.0,23,0,20,0,3,0,23,0,0,0,3,1,0,3,0,0,1,0,2,128,9,0,8,0,1,0,1,8,2,8,2,0,0,0,239,1,0
C:\Users\user\Desktop\STUFF A LOT OF 'EM\er\Design_Pattern\jhotdraw\contrib\CommandMenuItem.java,org.jhotdraw.contrib.CommandMenuItem,class,3,8,5,3,6,6,0,5,13,0.6666667,0.0,0.0,6,0,6,0,0,0,6,0,0,0,1,0,0,1,0,0,0,0,0,26,1,0,0,0,0,0,0,1,0,1,0,0,0,0,54,1,0
C:\Users\user\Desktop\STUFF A LOT OF 'EM\er\Design_Pattern\jhotdraw\standard\OrderedFigureElement.java,org.jhotdraw.standard.OrderedFigureElement,class,2,4,2,2,6,1,0,1,0,0.375,0.0,0.0,4,0,4,0,0,0,4,0,0,0,2,0,0,2,0,0,0,0,0,24,5,0,1,0,0,0,3,3,0,3,1,0,0,0,27,0,0
C:\Users\user\Desktop\STUFF A LOT OF 'EM\er\Design_Pattern\jhotdraw\test\contrib\WindowMenuTest.java,org.jhotdraw.test.contrib.WindowMenuTest,class,5,7,2,5,5,3,0,5,8,0.6,0.0,0.0,5,0,3,0,2,0,5,0,0,0,1,0,0,1,0,0,0,0,0,20,1,0,0,0,1,1,0,3,0,2,0,0,0,0,82,1,0
C:\Users\user\Desktop\STUFF A LOT OF 'EM\er\Design_Pattern\jhotdraw\test\samples\pert\PertFigureCreationToolTest.java,org.jhotdraw.test.samples.pert.PertFigureCreationToolTest,class,3,6,3,3,5,3,0,4,8,0.6,0.0,0.0,5,0,3,0,2,0,5,0,0,0,1,0,0,1,0,0,0,0,0,19,1,0,0,0,0,0,0,2,0,1,0,0,0,0,77,1,0
C:\Users\user\Desktop\STUFF A LOT OF 'EM\er\Design_Pattern\jhotdraw\contrib\MiniMapView.java,org.jhotdraw.contrib.MiniMapView$SubjectListener,innerclass,0,0,0,0,1,1,0,1,0,0.0,NaN,NaN,1,0,1,0,0,0,1,0,0,0,0,0,0,0,0,0,0,0,0,5,0,0,0,0,0,0,0,0,0,0,0,0,0,0,8,0,0
C:\Users\user\Desktop\STUFF A LOT OF 'EM\er\Design_Pattern\jhotdraw\standard\BoxHandleKit.java,org.jhotdraw.standard.ResizeHandle,class,10,19,9,10,5,4,8,9,6,0.0,0.0,0.0,4,0,2,0,1,1,4,0,0,0,0,0,0,0,0,0,0,0,0,56,1,0,0,0,2,0,0,1,0,1,1,0,1,0,32,0,0
C:\Users\user\Desktop\STUFF A LOT OF 'EM\er\Design_Pattern\jhotdraw\samples\pert\PertFigure.java,org.jhotdraw.samples.pert.PertFigure,class,18,22,4,18,47,3,0,62,364,0.875,0.0,0.0,32,0,24,7,1,0,25,0,0,0,6,2,0,6,0,0,2,0,12,222,13,7,4,0,2,3,32,52,25,41,2,0,0,0,110,1,0
C:\Users\user\Desktop\STUFF A LOT OF 'EM\er\Design_Pattern\jhotdraw\test\samples\minimap\MinimapSuite.java,org.jhotdraw.test.samples.minimap.MinimapSuite,class,4,5,1,4,2,1,0,3,1,0.0,0.0,0.0,2,2,2,0,0,0,2,0,0,0,0,0,0,0,0,0,0,0,1,12,1,0,0,0,0,1,0,1,0,1,0,0,0,0,14,1,0
C:\Users\user\Desktop\STUFF A LOT OF 'EM\er\Design_Pattern\jhotdraw\test\contrib\CustomToolBarTest.java,org.jhotdraw.test.contrib.CustomToolBarTest,class,3,5,2,3,10,2,0,3,43,0.8,0.0,0.0,10,0,8,0,2,0,10,0,0,0,1,0,0,1,0,0,0,0,0,29,1,0,0,0,0,0,0,2,0,1,0,0,0,0,82,1,0
C:\Users\user\Desktop\STUFF A LOT OF 'EM\er\Design_Pattern\jhotdraw\util\Iconkit.java,org.jhotdraw.util.Iconkit,class,2,12,10,2,22,1,0,26,29,0.8,0.0,0.0,10,1,9,1,0,0,9,0,0,0,6,3,0,6,0,0,1,0,2,87,12,1,5,2,0,0,4,17,0,15,2,0,0,0,112,1,0
C:\Users\user\Desktop\STUFF A LOT OF 'EM\er\Design_Pattern\jhotdraw\figures\PolyLineHandle.java,org.jhotdraw.figures.PolyLineHandle$UndoActivity,innerclass,5,5,0,5,11,2,0,14,24,0.75,0.0,0.0,8,0,7,0,1,0,8,0,0,0,2,0,0,2,0,0,0,0,0,45,8,0,0,0,0,0,0,5,0,5,1,0,0,0,31,9,0
C:\Users\user\Desktop\STUFF A LOT OF 'EM\er\Design_Pattern\jhotdraw\standard\BoxHandleKit.java,org.jhotdraw.standard.WestHandle,class,5,6,1,5,2,4,0,5,1,0.0,0.0,0.0,2,0,1,0,0,1,2,0,0,0,0,0,0,0,0,0,0,0,2,9,0,0,0,0,0,0,0,1,3,1,0,0,0,0,13,0,0
C:\Users\user\Desktop\STUFF A LOT OF 'EM\er\Design_Pattern\jhotdraw\test\figures\PolyLineHandleTest.java,org.jhotdraw.test.figures.PolyLineHandleTest,class,4,7,3,4,8,3,0,5,26,0.75,0.0,0.0,8,0,6,0,2,0,8,0,0,0,1,0,0,1,0,0,0,0,1,28,1,0,0,0,0,0,8,3,0,2,0,0,0,0,81,1,0
C:\Users\user\Desktop\STUFF A LOT OF 'EM\er\Design_Pattern\jhotdraw\standard\PasteCommand.java,org.jhotdraw.standard.PasteCommand,class,13,16,3,13,9,4,0,19,10,0.0,0.0,0.0,5,0,3,1,1,0,4,0,0,0,0,0,0,0,0,0,0,0,2,63,4,1,2,0,0,0,0,5,2,5,2,0,1,0,50,1,0
C:\Users\user\Desktop\STUFF A LOT OF 'EM\er\Design_Pattern\jhotdraw\figures\RadiusHandle.java,org.jhotdraw.figures.RadiusHandle$UndoActivity,innerclass,5,5,0,5,9,2,0,12,13,0.6666667,0.0,0.0,6,0,4,0,2,0,6,0,0,0,1,0,0,1,0,0,0,0,0,37,7,0,0,0,0,0,0,4,0,4,1,0,0,0,29,9,0
C:\Users\user\Desktop\STUFF A LOT OF 'EM\er\Design_Pattern\jhotdraw\test\util\VersionManagementTest.java,org.jhotdraw.test.util.VersionManagementTest,class,3,5,2,3,11,2,0,3,53,0.8181818,0.0,0.0,11,0,9,0,2,0,11,0,0,0,1,0,0,1,0,0,0,0,0,31,1,0,0,0,0,0,0,2,0,1,0,0,0,0,88,1,0
C:\Users\user\Desktop\STUFF A LOT OF 'EM\er\Design_Pattern\jhotdraw\util\GraphLayout.java,org.jhotdraw.util.GraphNode,class,2,4,2,2,4,1,0,4,0,0.6,0.0,0.0,2,0,0,0,0,2,2,0,0,0,4,0,0,0,0,4,1,0,4,17,0,0,0,0,0,0,6,8,2,6,1,0,0,0,12,0,0
C:\Users\user\Desktop\STUFF A LOT OF 'EM\er\Design_Pattern\jhotdraw\util\VersionControlStrategy.java,org.jhotdraw.util.VersionControlStrategy,interface,0,3,3,0,1,1,0,0,0,0.0,NaN,NaN,1,0,1,0,0,0,1,0,0,0,0,0,0,0,0,0,0,0,0,3,0,0,0,0,0,0,0,0,0,0,0,0,0,0,23,1,0
C:\Users\user\Desktop\STUFF A LOT OF 'EM\er\Design_Pattern\jhotdraw\standard\AlignCommand.java,org.jhotdraw.standard.AlignCommand$Alignment,innerclass,2,2,0,2,5,1,0,2,8,0.94285715,0.0,0.0,5,0,3,2,0,0,3,1,0,0,7,6,6,1,0,0,6,0,0,58,2,0,0,0,0,6,0,7,0,7,0,6,0,0,39,1033,0
C:\Users\user\Desktop\STUFF A LOT OF 'EM\er\Design_Pattern\jhotdraw\framework\Locator.java,org.jhotdraw.framework.Locator,interface,2,20,18,2,1,1,0,0,0,0.0,NaN,NaN,1,0,1,0,0,0,1,0,0,0,0,0,0,0,0,0,0,0,0,3,0,0,0,0,0,0,0,0,0,0,0,0,0,0,32,1,0
C:\Users\user\Desktop\STUFF A LOT OF 'EM\er\Design_Pattern\jhotdraw\standard\ConnectionTool.java,org.jhotdraw.standard.ConnectionTool$UndoActivity,innerclass,7,7,0,7,8,2,0,21,6,0.6,0.0,0.0,5,0,3,0,2,0,5,0,0,0,3,0,0,3,0,0,0,0,0,42,5,1,0,0,0,0,2,4,0,4,1,0,0,0,29,9,0
C:\Users\user\Desktop\STUFF A LOT OF 'EM\er\Design_Pattern\jhotdraw\samples\net\NodeFigure.java,org.jhotdraw.samples.net.NodeFigure,class,16,19,3,16,20,4,0,37,79,0.8333333,0.0,0.0,14,0,8,6,0,0,8,0,0,0,3,1,0,3,0,0,1,0,16,99,8,2,1,0,1,2,6,21,3,18,2,0,0,0,92,1,0
C:\Users\user\Desktop\STUFF A LOT OF 'EM\er\Design_Pattern\jhotdraw\test\contrib\TextAreaToolTest.java,org.jhotdraw.test.contrib.TextAreaToolTest,class,4,6,2,4,11,3,0,4,53,0.8181818,0.0,0.0,11,0,9,0,2,0,11,0,0,0,1,0,0,1,0,0,0,0,0,31,1,0,0,0,0,0,4,2,0,1,0,0,0,0,89,1,0
C:\Users\user\Desktop\STUFF A LOT OF 'EM\er\Design_Pattern\jhotdraw\test\standard\ChangeConnectionStartHandleTest.java,org.jhotdraw.test.standard.ChangeConnectionStartHandleTest,class,4,7,3,4,6,2,0,3,13,0.6666667,0.0,0.0,6,0,4,0,2,0,6,0,0,0,1,0,0,1,0,0,0,0,0,21,1,0,0,0,0,0,0,2,0,1,0,0,0,0,76,1,0
C:\Users\user\Desktop\STUFF A LOT OF 'EM\er\Design_Pattern\jhotdraw\standard\BoxHandleKit.java,org.jhotdraw.standard.NorthEastHandle,class,5,6,1,5,2,4,0,6,1,0.0,0.0,0.0,2,0,1,0,0,1,2,0,0,0,0,0,0,0,0,0,0,0,3,9,0,0,0,0,0,0,0,1,2,1,0,0,0,0,14,0,0
C:\Users\user\Desktop\STUFF A LOT OF 'EM\er\Design_Pattern\jhotdraw\test\util\UndoableAdapterTest.java,org.jhotdraw.test.util.UndoableAdapterTest,class,7,9,2,7,19,2,0,18,61,0.5714286,0.0,0.0,14,0,12,0,2,0,14,0,0,0,1,0,0,1,0,0,0,0,0,65,1,4,0,1,0,1,7,10,0,9,2,0,0,0,116,1,0
C:\Users\user\Desktop\STUFF A LOT OF 'EM\er\Design_Pattern\jhotdraw\standard\AbstractConnector.java,org.jhotdraw.standard.AbstractConnector,class,7,13,6,7,12,1,4,8,54,0.8888889,0.0,0.0,12,0,11,0,1,0,12,0,0,0,3,1,0,3,0,0,1,0,1,39,6,0,0,0,0,0,2,5,0,3,0,0,0,0,108,1025,0
C:\Users\user\Desktop\STUFF A LOT OF 'EM\er\Design_Pattern\jhotdraw\test\standard\LocatorConnectorTest.java,org.jhotdraw.test.standard.LocatorConnectorTest,class,3,6,3,3,11,2,0,3,53,0.8181818,0.0,0.0,11,0,9,0,2,0,11,0,0,0,1,0,0,1,0,0,0,0,0,31,1,0,0,0,0,0,0,2,0,1,0,0,0,0,85,1,0
C:\Users\user\Desktop\STUFF A LOT OF 'EM\er\Design_Pattern\jhotdraw\test\util\UndoableCommandTest.java,org.jhotdraw.test.util.UndoableCommandTest,class,4,6,2,4,18,2,0,4,151,0.8888889,0.0,0.0,18,0,16,0,2,0,18,0,0,0,1,0,0,1,0,0,0,0,0,45,1,0,0,0,0,1,0,2,0,1,0,0,0,0,109,1,0
C:\Users\user\Desktop\STUFF A LOT OF 'EM\er\Design_Pattern\jhotdraw\contrib\TextAreaFigure.java,org.jhotdraw.contrib.TextAreaFigure,class,17,21,4,17,98,3,1,105,1024,0.9246468,0.0,0.0,49,0,37,0,12,0,50,0,0,0,13,1,0,1,11,1,1,0,14,434,23,8,30,0,8,18,50,124,23,67,5,0,0,0,417,1,0
C:\Users\user\Desktop\STUFF A LOT OF 'EM\er\Design_Pattern\jhotdraw\util\UndoableTool.java,org.jhotdraw.util.UndoableTool,class,9,13,4,9,34,1,0,37,461,0.9354839,0.0,0.0,31,0,27,1,3,0,30,0,0,0,2,0,0,2,0,0,0,0,0,104,10,0,2,0,2,0,0,3,0,3,1,0,0,0,90,1,0
C:\Users\user\Desktop\STUFF A LOT OF 'EM\er\Design_Pattern\jhotdraw\contrib\html\ContentProducer.java,org.jhotdraw.contrib.html.ContentProducer,interface,2,5,3,2,1,1,0,0,0,1.0,NaN,NaN,1,0,1,0,0,0,1,0,0,0,10,10,10,0,0,0,10,0,0,13,0,0,0,0,0,10,0,10,0,10,0,0,0,0,135,1,0
C:\Users\user\Desktop\STUFF A LOT OF 'EM\er\Design_Pattern\jhotdraw\test\util\PaletteLayoutTest.java,org.jhotdraw.test.util.PaletteLayoutTest,class,3,5,2,3,10,2,0,3,43,0.8,0.0,0.0,10,0,8,0,2,0,10,0,0,0,1,0,0,1,0,0,0,0,0,29,1,0,0,0,0,0,3,2,0,1,0,0,0,0,84,1,0
C:\Users\user\Desktop\STUFF A LOT OF 'EM\er\Design_Pattern\jhotdraw\contrib\ChopPolygonConnector.java,org.jhotdraw.contrib.ChopPolygonConnector,class,3,5,2,3,3,3,0,1,3,1.0,0.0,0.0,3,0,2,0,1,0,3,0,0,0,1,1,0,1,0,0,1,0,0,11,1,0,0,0,1,0,1,1,0,1,0,0,0,0,29,1,0
C:\Users\user\Desktop\STUFF A LOT OF 'EM\er\Design_Pattern\jhotdraw\test\util\StandardStorageFormatTest.java,org.jhotdraw.test.util.StandardStorageFormatTest,class,3,5,2,3,15,2,0,10,46,0.5833333,0.0,0.0,12,0,10,0,2,0,12,0,0,0,1,0,0,1,0,0,0,0,0,48,1,3,0,0,0,18,3,8,0,7,1,0,0,0,94,1,0
C:\Users\user\Desktop\STUFF A LOT OF 'EM\er\Design_Pattern\jhotdraw\figures\BorderDecorator.java,org.jhotdraw.figures.BorderDecorator,class,4,7,3,4,10,3,0,12,34,0.95555556,0.0,0.0,9,0,8,0,1,0,9,0,0,0,5,1,0,5,0,0,1,0,0,54,4,0,1,0,0,0,6,11,8,9,1,0,0,0,66,1,0
C:\Users\user\Desktop\STUFF A LOT OF 'EM\er\Design_Pattern\jhotdraw\standard\SelectAreaTracker.java,org.jhotdraw.standard.SelectAreaTracker,class,8,12,4,8,15,2,0,29,28,0.7222222,0.0,0.0,9,0,5,4,0,0,5,0,0,0,2,0,0,2,0,0,0,0,0,65,0,1,1,1,1,0,7,7,2,7,3,0,0,0,61,1,0
C:\Users\user\Desktop\STUFF A LOT OF 'EM\er\Design_Pattern\jhotdraw\test\framework\DrawingChangeEventTest.java,org.jhotdraw.test.framework.DrawingChangeEventTest,class,4,7,3,4,7,2,0,3,19,0.71428573,0.0,0.0,7,0,5,0,2,0,7,0,0,0,1,0,0,1,0,0,0,0,0,23,1,0,0,0,0,0,4,2,0,1,0,0,0,0,77,1,0
C:\Users\user\Desktop\STUFF A LOT OF 'EM\er\Design_Pattern\jhotdraw\util\JDOStorageFormat.java,org.jhotdraw.util.JDOStorageFormat,class,13,15,2,13,31,8,0,50,118,0.875,0.0,0.0,16,3,7,8,1,0,8,0,0,2,1,0,0,1,0,0,0,0,12,190,13,1,6,3,8,13,2,33,2,30,2,2,2,0,130,1,0
C:\Users\user\Desktop\STUFF A LOT OF 'EM\er\Design_Pattern\jhotdraw\standard\AWTCursor.java,org.jhotdraw.standard.AWTCursor,class,1,7,6,1,2,2,0,0,1,0.0,0.0,0.0,2,0,2,0,0,0,2,0,0,0,0,0,0,0,0,0,0,0,0,8,0,0,0,0,0,0,0,0,0,0,0,0,0,0,21,1,0
C:\Users\user\Desktop\STUFF A LOT OF 'EM\er\Design_Pattern\jhotdraw\figures\GroupHandle.java,org.jhotdraw.figures.GroupHandle,class,4,5,1,4,2,4,0,4,1,0.0,0.0,0.0,2,0,2,0,0,0,2,0,0,0,0,0,0,0,0,0,0,0,0,13,0,0,0,0,0,0,2,1,0,1,0,0,0,0,17,16,0
C:\Users\user\Desktop\STUFF A LOT OF 'EM\er\Design_Pattern\jhotdraw\test\util\collections\jdk11\Jdk11Suite.java,org.jhotdraw.test.util.collections.jdk11.Jdk11Suite,class,7,8,1,7,2,1,0,3,1,0.0,0.0,0.0,2,2,2,0,0,0,2,0,0,0,0,0,0,0,0,0,0,0,1,15,1,0,0,0,0,1,0,1,0,1,0,0,0,0,14,1,0
C:\Users\user\Desktop\STUFF A LOT OF 'EM\er\Design_Pattern\jhotdraw\figures\ImageFigure.java,org.jhotdraw.figures.ImageFigure,class,12,16,4,12,20,3,0,26,0,0.7076923,0.0,0.0,13,0,10,2,1,0,11,0,0,0,5,1,0,5,0,0,1,0,5,78,3,0,5,0,4,0,4,13,2,6,2,0,0,0,104,1,0
C:\Users\user\Desktop\STUFF A LOT OF 'EM\er\Design_Pattern\jhotdraw\util\RedoCommand.java,org.jhotdraw.util.RedoCommand,class,5,7,2,5,9,2,0,12,3,0.0,0.0,0.0,3,0,3,0,0,0,3,0,0,0,0,0,0,0,0,0,0,0,0,26,3,0,2,0,3,0,1,4,0,4,1,0,0,0,54,1,0
C:\Users\user\Desktop\STUFF A LOT OF 'EM\er\Design_Pattern\jhotdraw\contrib\html\ETSLADisposalStrategy.java,org.jhotdraw.contrib.html.DisposalThread,class,1,2,1,1,7,2,0,2,0,0.4666667,0.0,0.0,5,0,4,0,0,1,5,0,0,0,3,0,0,2,0,1,0,0,1,31,1,1,0,1,0,0,1,8,0,3,2,0,0,0,52,0,0
C:\Users\user\Desktop\STUFF A LOT OF 'EM\er\Design_Pattern\jhotdraw\framework\FigureVisitor.java,org.jhotdraw.framework.FigureVisitor,interface,3,8,5,3,3,1,0,0,3,0.0,0.0,0.0,3,0,3,0,0,0,3,0,0,0,0,0,0,0,0,0,0,0,0,5,0,0,0,0,0,0,0,0,0,0,0,0,0,0,9,1,0
C:\Users\user\Desktop\STUFF A LOT OF 'EM\er\Design_Pattern\jhotdraw\test\samples\net\NetAppTest.java,org.jhotdraw.test.samples.net.NetAppTest,class,3,6,3,3,6,2,0,3,13,0.6666667,0.0,0.0,6,0,4,0,2,0,6,0,0,0,1,0,0,1,0,0,0,0,0,21,1,0,0,0,0,0,0,2,0,1,0,0,0,0,73,1,0
C:\Users\user\Desktop\STUFF A LOT OF 'EM\er\Design_Pattern\jhotdraw\test\util\GraphLayoutTest.java,org.jhotdraw.test.util.GraphLayoutTest,class,3,5,2,3,10,2,0,3,43,0.8,0.0,0.0,10,0,8,0,2,0,10,0,0,0,1,0,0,1,0,0,0,0,0,29,1,0,0,0,0,0,0,2,0,1,0,0,0,0,82,1,0
C:\Users\user\Desktop\STUFF A LOT OF 'EM\er\Design_Pattern\jhotdraw\contrib\zoom\ZoomAreaTracker.java,org.jhotdraw.contrib.zoom.ZoomAreaTracker,class,4,5,1,4,4,3,0,4,1,0.0,0.0,0.0,2,0,2,0,0,0,2,0,0,0,0,0,0,0,0,0,0,0,0,10,0,0,0,0,1,0,2,1,0,1,1,0,0,0,18,1,0
C:\Users\user\Desktop\STUFF A LOT OF 'EM\er\Design_Pattern\jhotdraw\samples\javadraw\JavaDrawApplet.java,org.jhotdraw.samples.javadraw.JavaDrawApplet,class,24,27,3,24,11,7,0,13,11,0.5714286,0.0,0.0,7,0,4,0,3,0,7,0,0,0,2,0,0,2,0,0,0,0,0,73,1,0,3,0,2,33,0,18,15,3,1,1,0,0,51,1,0
C:\Users\user\Desktop\STUFF A LOT OF 'EM\er\Design_Pattern\jhotdraw\contrib\html\ETSLADisposalStrategy.java,org.jhotdraw.contrib.html.ETSLADisposalStrategy,class,6,9,3,6,21,1,0,17,35,0.75,0.0,0.0,11,0,9,0,2,0,11,0,0,2,4,0,0,4,0,0,0,0,1,79,5,1,4,1,1,0,1,12,1,7,4,0,0,0,134,1,0
C:\Users\user\Desktop\STUFF A LOT OF 'EM\er\Design_Pattern\jhotdraw\test\samples\javadraw\AnimationDecoratorTest.java,org.jhotdraw.test.samples.javadraw.AnimationDecoratorTest,class,3,6,3,3,12,2,0,3,64,0.8333333,0.0,0.0,12,0,10,0,2,0,12,0,0,0,1,0,0,1,0,0,0,0,0,33,1,0,0,0,0,0,0,2,0,1,0,0,0,0,86,1,0
C:\Users\user\Desktop\STUFF A LOT OF 'EM\er\Design_Pattern\jhotdraw\framework\FigureSelectionListener.java,org.jhotdraw.framework.FigureSelectionListener,interface,1,7,6,1,1,1,0,0,0,0.0,NaN,NaN,1,0,1,0,0,0,1,0,0,0,0,0,0,0,0,0,0,0,0,3,0,0,0,0,0,0,0,0,0,0,0,0,0,0,15,1,0
C:\Users\user\Desktop\STUFF A LOT OF 'EM\er\Design_Pattern\jhotdraw\contrib\zoom\ScalingGraphics.java,org.jhotdraw.contrib.zoom.ScalingGraphics$ScalingFontMetrics,innerclass,2,2,0,2,7,2,0,6,0,0.42857143,0.0,0.0,7,0,7,0,0,0,7,0,0,0,2,0,0,2,0,0,0,0,0,27,6,0,0,0,5,0,0,2,5,2,0,0,0,0,54,2,0
C:\Users\user\Desktop\STUFF A LOT OF 'EM\er\Design_Pattern\jhotdraw\test\util\collections\jdk12\Jdk12Suite.java,org.jhotdraw.test.util.collections.jdk12.Jdk12Suite,class,3,4,1,3,2,1,0,3,1,0.0,0.0,0.0,2,2,2,0,0,0,2,0,0,0,0,0,0,0,0,0,0,0,1,11,1,0,0,0,0,1,0,1,0,1,0,0,0,0,14,1,0
C:\Users\user\Desktop\STUFF A LOT OF 'EM\er\Design_Pattern\jhotdraw\test\util\GeomTest.java,org.jhotdraw.test.util.GeomTest,class,3,5,2,3,27,2,0,3,349,0.9259259,0.0,0.0,27,0,25,0,2,0,27,0,0,0,1,0,0,1,0,0,0,0,0,63,1,0,0,0,0,0,0,2,0,1,0,0,0,0,115,1,0
C:\Users\user\Desktop\STUFF A LOT OF 'EM\er\Design_Pattern\jhotdraw\contrib\TriangleRotationHandle.java,org.jhotdraw.contrib.TriangleRotationHandle,class,10,12,2,10,10,3,0,16,22,0.625,0.0,0.0,8,0,6,0,1,1,8,0,0,0,1,0,0,1,0,0,0,0,2,90,5,0,1,0,12,0,12,12,25,11,1,0,1,0,89,0,0
C:\Users\user\Desktop\STUFF A LOT OF 'EM\er\Design_Pattern\jhotdraw\figures\FontSizeHandle.java,org.jhotdraw.figures.FontSizeHandle$UndoActivity,innerclass,5,5,0,5,12,2,0,17,32,0.7777778,0.0,0.0,9,0,5,1,3,0,8,0,0,0,2,0,0,2,0,0,0,0,0,49,7,1,0,0,1,0,0,4,0,4,1,0,0,0,28,9,0
C:\Users\user\Desktop\STUFF A LOT OF 'EM\er\Design_Pattern\jhotdraw\test\contrib\MDI_DrawApplicationTest.java,org.jhotdraw.test.contrib.MDI_DrawApplicationTest,class,3,5,2,3,10,2,0,3,43,0.8,0.0,0.0,10,0,8,0,2,0,10,0,0,0,1,0,0,1,0,0,0,0,0,29,1,0,0,0,0,0,0,2,0,1,0,0,0,0,89,1,0
C:\Users\user\Desktop\STUFF A LOT OF 'EM\er\Design_Pattern\jhotdraw\test\standard\GridConstrainerTest.java,org.jhotdraw.test.standard.GridConstrainerTest,class,3,6,3,3,8,2,0,3,26,0.75,0.0,0.0,8,0,6,0,2,0,8,0,0,0,1,0,0,1,0,0,0,0,0,25,1,0,0,0,0,0,2,2,0,1,0,0,0,0,79,1,0
C:\Users\user\Desktop\STUFF A LOT OF 'EM\er\Design_Pattern\jhotdraw\test\standard\SingleFigureEnumeratorTest.java,org.jhotdraw.test.standard.SingleFigureEnumeratorTest,class,4,7,3,4,8,2,0,3,26,0.75,0.0,0.0,8,0,6,0,2,0,8,0,0,0,1,0,0,1,0,0,0,0,0,25,1,0,0,0,0,0,4,2,0,1,0,0,0,0,80,1,0
C:\Users\user\Desktop\STUFF A LOT OF 'EM\er\Design_Pattern\jhotdraw\contrib\PolygonHandle.java,org.jhotdraw.contrib.PolygonHandle$UndoActivity,innerclass,5,5,0,5,3,3,0,9,1,0.0,0.0,0.0,2,0,1,0,1,0,2,0,0,0,0,0,0,0,0,0,0,0,0,17,2,0,0,0,0,0,0,3,0,3,1,0,0,0,23,9,0
C:\Users\user\Desktop\STUFF A LOT OF 'EM\er\Design_Pattern\jhotdraw\contrib\zoom\ZoomCommand.java,org.jhotdraw.contrib.zoom.ZoomCommand,class,6,7,1,6,7,2,0,4,3,0.33333334,0.0,0.0,6,0,5,0,1,0,6,0,0,0,1,0,0,0,1,0,0,0,0,27,3,0,0,0,1,1,1,4,0,2,1,0,0,0,78,1,0
C:\Users\user\Desktop\STUFF A LOT OF 'EM\er\Design_Pattern\jhotdraw\contrib\zoom\MiniMapZoomableView.java,org.jhotdraw.contrib.zoom.MiniMapZoomableView,class,3,3,0,3,3,5,0,4,1,0.0,0.0,0.0,2,0,2,0,0,0,2,0,0,0,0,0,0,0,0,0,0,0,1,15,1,0,0,1,1,0,0,3,0,2,1,0,0,0,53,1,0
C:\Users\user\Desktop\STUFF A LOT OF 'EM\er\Design_Pattern\jhotdraw\contrib\Layouter.java,org.jhotdraw.contrib.Layouter,interface,3,10,7,3,5,1,0,0,10,0.0,0.0,0.0,5,0,5,0,0,0,5,0,0,0,0,0,0,0,0,0,0,0,0,7,0,0,0,0,0,0,0,0,0,0,0,0,0,0,87,1,0
C:\Users\user\Desktop\STUFF A LOT OF 'EM\er\Design_Pattern\jhotdraw\framework\Figure.java,org.jhotdraw.framework.Figure,interface,11,155,144,11,42,1,0,0,861,1.0,0.0,0.0,42,0,42,0,0,0,42,0,0,0,1,1,1,0,0,0,0,0,0,45,0,0,0,0,0,1,0,1,0,1,0,0,0,0,294,1,0
C:\Users\user\Desktop\STUFF A LOT OF 'EM\er\Design_Pattern\jhotdraw\contrib\DesktopEvent.java,org.jhotdraw.contrib.DesktopEvent,class,3,7,4,3,6,1,0,2,11,0.6666667,0.0,0.0,6,0,4,2,0,0,4,0,0,0,2,0,0,2,0,0,0,0,0,24,2,0,0,0,0,0,0,2,0,2,0,0,0,0,22,1,0
C:\Users\user\Desktop\STUFF A LOT OF 'EM\er\Design_Pattern\jhotdraw\test\contrib\AllTests.java,org.jhotdraw.test.contrib.AllTests,class,37,39,2,37,2,1,0,2,1,0.0,0.0,0.0,2,2,2,0,0,0,2,0,0,0,0,0,0,0,0,0,0,0,0,43,1,0,0,0,0,1,0,1,0,1,0,0,0,0,10,1,0
C:\Users\user\Desktop\STUFF A LOT OF 'EM\er\Design_Pattern\jhotdraw\framework\Drawing.java,org.jhotdraw.framework.Drawing,interface,5,69,64,5,37,1,0,0,666,0.0,0.0,0.0,37,0,37,0,0,0,37,0,0,0,0,0,0,0,0,0,0,0,0,39,0,0,0,0,0,0,0,0,0,0,0,0,0,0,261,1,0
C:\Users\user\Desktop\STUFF A LOT OF 'EM\er\Design_Pattern\jhotdraw\test\figures\UngroupCommandTest.java,org.jhotdraw.test.figures.UngroupCommandTest,class,3,6,3,3,7,3,0,4,19,0.71428573,0.0,0.0,7,0,5,0,2,0,7,0,0,0,1,0,0,1,0,0,0,0,0,23,1,0,0,0,0,1,0,2,0,1,0,0,0,0,79,1,0
C:\Users\user\Desktop\STUFF A LOT OF 'EM\er\Design_Pattern\jhotdraw\test\samples\net\AllTests.java,org.jhotdraw.test.samples.net.AllTests,class,5,7,2,5,2,1,0,2,1,0.0,0.0,0.0,2,2,2,0,0,0,2,0,0,0,0,0,0,0,0,0,0,0,0,11,1,0,0,0,0,1,0,1,0,1,0,0,0,0,10,1,0
C:\Users\user\Desktop\STUFF A LOT OF 'EM\er\Design_Pattern\jhotdraw\test\contrib\JScrollPaneDesktopTest.java,org.jhotdraw.test.contrib.JScrollPaneDesktopTest,class,3,5,2,3,12,2,0,3,64,0.8333333,0.0,0.0,12,0,10,0,2,0,12,0,0,0,1,0,0,1,0,0,0,0,0,33,1,0,0,0,0,0,0,2,0,1,0,0,0,0,85,1,0
C:\Users\user\Desktop\STUFF A LOT OF 'EM\er\Design_Pattern\jhotdraw\test\samples\pert\PertSuite.java,org.jhotdraw.test.samples.pert.PertSuite,class,7,8,1,7,2,1,0,3,1,0.0,0.0,0.0,2,2,2,0,0,0,2,0,0,0,0,0,0,0,0,0,0,0,1,15,1,0,0,0,0,1,0,1,0,1,0,0,0,0,14,1,0
C:\Users\user\Desktop\STUFF A LOT OF 'EM\er\Design_Pattern\jhotdraw\test\contrib\CustomSelectionToolTest.java,org.jhotdraw.test.contrib.CustomSelectionToolTest,class,3,5,2,3,8,3,0,4,26,0.75,0.0,0.0,8,0,6,0,2,0,8,0,0,0,1,0,0,1,0,0,0,0,0,25,1,0,0,0,0,0,0,2,0,1,0,0,0,0,80,1,0
C:\Users\user\Desktop\STUFF A LOT OF 'EM\er\Design_Pattern\jhotdraw\contrib\SVGStorageFormat.java,org.jhotdraw.contrib.SVGStorageFormat,class,5,7,2,5,6,2,0,5,15,0.0,0.0,0.0,6,0,5,0,1,0,6,0,0,0,0,0,0,0,0,0,0,0,0,28,5,0,0,0,0,5,0,6,0,5,0,0,0,0,86,1,0
C:\Users\user\Desktop\STUFF A LOT OF 'EM\er\Design_Pattern\jhotdraw\test\figures\RoundRectangleFigureTest.java,org.jhotdraw.test.figures.RoundRectangleFigureTest,class,3,6,3,3,16,2,0,3,118,0.875,0.0,0.0,16,0,14,0,2,0,16,0,0,0,1,0,0,1,0,0,0,0,0,41,1,0,0,0,0,0,0,2,0,1,0,0,0,0,97,1,0
C:\Users\user\Desktop\STUFF A LOT OF 'EM\er\Design_Pattern\jhotdraw\standard\DuplicateCommand.java,org.jhotdraw.standard.DuplicateCommand,class,9,14,5,9,5,3,0,13,6,0.0,0.0,0.0,4,0,2,0,2,0,4,0,0,0,0,0,0,0,0,0,0,0,0,21,2,0,0,0,0,0,3,2,0,2,0,0,0,0,40,1,0
C:\Users\user\Desktop\STUFF A LOT OF 'EM\er\Design_Pattern\jhotdraw\contrib\html\ContentProducerContext.java,org.jhotdraw.contrib.html.ContentProducerContext,interface,0,10,10,0,0,1,0,0,0,0.0,-1.0,-1.0,0,0,0,0,0,0,0,0,0,0,0,0,0,0,0,0,0,0,0,2,0,0,0,0,0,0,0,0,0,0,0,0,0,0,28,1,0
C:\Users\user\Desktop\STUFF A LOT OF 'EM\er\Design_Pattern\jhotdraw\test\figures\BorderToolTest.java,org.jhotdraw.test.figures.BorderToolTest,class,3,6,3,3,8,3,0,4,26,0.75,0.0,0.0,8,0,6,0,2,0,8,0,0,0,1,0,0,1,0,0,0,0,0,25,1,0,0,0,0,0,0,2,0,1,0,0,0,0,82,1,0
C:\Users\user\Desktop\STUFF A LOT OF 'EM\er\Design_Pattern\jhotdraw\standard\AlignCommand.java,org.jhotdraw.standard.AlignCommand,class,8,11,3,8,7,3,0,13,13,0.6666667,0.0,0.0,6,0,3,0,3,0,6,0,0,0,1,0,0,1,0,0,0,0,0,143,3,0,0,0,1,0,1,1,0,1,0,0,2,0,39,1,0
C:\Users\user\Desktop\STUFF A LOT OF 'EM\er\Design_Pattern\jhotdraw\standard\AlignCommand.java,org.jhotdraw.standard.AlignCommand$Alignment$Anonymous5,anonymous,1,1,0,1,1,1,0,2,0,0.0,NaN,NaN,1,0,1,0,0,0,1,0,0,0,0,0,0,0,0,0,0,0,0,6,0,0,0,0,2,0,3,1,5,1,0,0,0,0,6,-1,0
C:\Users\user\Desktop\STUFF A LOT OF 'EM\er\Design_Pattern\jhotdraw\standard\AlignCommand.java,org.jhotdraw.standard.AlignCommand$Alignment$Anonymous4,anonymous,1,1,0,1,1,1,0,2,0,0.0,NaN,NaN,1,0,1,0,0,0,1,0,0,0,0,0,0,0,0,0,0,0,0,6,0,0,0,0,0,0,1,1,1,1,0,0,0,0,6,-1,0
C:\Users\user\Desktop\STUFF A LOT OF 'EM\er\Design_Pattern\jhotdraw\standard\AlignCommand.java,org.jhotdraw.standard.AlignCommand$Alignment$Anonymous3,anonymous,1,1,0,1,1,1,0,2,0,0.0,NaN,NaN,1,0,1,0,0,0,1,0,0,0,0,0,0,0,0,0,0,0,0,6,0,0,0,0,2,0,1,1,3,1,0,0,0,0,6,-1,0
C:\Users\user\Desktop\STUFF A LOT OF 'EM\er\Design_Pattern\jhotdraw\standard\AlignCommand.java,org.jhotdraw.standard.AlignCommand$Alignment$Anonymous2,anonymous,1,1,0,1,1,1,0,2,0,0.0,NaN,NaN,1,0,1,0,0,0,1,0,0,0,0,0,0,0,0,0,0,0,0,6,0,0,0,0,2,0,3,1,5,1,0,0,0,0,6,-1,0
C:\Users\user\Desktop\STUFF A LOT OF 'EM\er\Design_Pattern\jhotdraw\standard\FigureTransferCommand.java,org.jhotdraw.standard.FigureTransferCommand,class,8,18,10,8,5,2,5,9,6,0.0,0.0,0.0,4,0,1,0,3,0,4,0,0,0,0,0,0,0,0,0,0,0,1,18,1,1,0,0,0,0,0,1,0,1,1,0,0,0,80,1025,0
C:\Users\user\Desktop\STUFF A LOT OF 'EM\er\Design_Pattern\jhotdraw\test\standard\ChangeAttributeCommandTest.java,org.jhotdraw.test.standard.ChangeAttributeCommandTest,class,4,7,3,4,7,3,0,4,19,0.71428573,0.0,0.0,7,0,5,0,2,0,7,0,0,0,1,0,0,1,0,0,0,0,0,24,1,0,0,0,0,1,0,3,0,2,0,0,0,0,85,1,0
C:\Users\user\Desktop\STUFF A LOT OF 'EM\er\Design_Pattern\jhotdraw\standard\AlignCommand.java,org.jhotdraw.standard.AlignCommand$Alignment$Anonymous6,anonymous,1,1,0,1,1,1,0,2,0,0.0,NaN,NaN,1,0,1,0,0,0,1,0,0,0,0,0,0,0,0,0,0,0,0,6,0,0,0,0,2,0,1,1,3,1,0,0,0,0,6,-1,0
C:\Users\user\Desktop\STUFF A LOT OF 'EM\er\Design_Pattern\jhotdraw\contrib\AutoscrollHelper.java,org.jhotdraw.contrib.AutoscrollHelper,class,1,4,3,1,16,1,2,3,8,0.625,0.0,0.0,8,0,8,0,0,0,8,3,0,0,2,0,0,2,0,0,0,0,0,39,2,0,0,0,2,0,11,24,16,12,1,0,0,0,47,1025,0
C:\Users\user\Desktop\STUFF A LOT OF 'EM\er\Design_Pattern\jhotdraw\framework\Connector.java,org.jhotdraw.framework.Connector,interface,3,30,27,3,7,1,0,0,21,0.0,0.0,0.0,7,0,7,0,0,0,7,6,0,0,0,0,0,0,0,0,0,0,0,9,0,0,0,0,0,0,0,0,0,0,0,0,0,0,98,1,0
C:\Users\user\Desktop\STUFF A LOT OF 'EM\er\Design_Pattern\jhotdraw\util\PaletteLayout.java,org.jhotdraw.util.PaletteLayout,class,1,4,3,1,16,1,0,8,22,0.625,0.0,0.0,8,0,8,0,0,0,8,0,0,0,3,0,0,3,0,0,0,0,2,74,2,2,0,0,0,0,10,30,6,16,4,0,0,0,39,1,0
C:\Users\user\Desktop\STUFF A LOT OF 'EM\er\Design_Pattern\jhotdraw\test\figures\GroupFigureTest.java,org.jhotdraw.test.figures.GroupFigureTest,class,3,6,3,3,11,2,0,3,53,0.8181818,0.0,0.0,11,0,9,0,2,0,11,0,0,0,1,0,0,1,0,0,0,0,0,31,1,0,0,0,0,0,0,2,0,1,0,0,0,0,85,1,0
C:\Users\user\Desktop\STUFF A LOT OF 'EM\er\Design_Pattern\jhotdraw\test\samples\javadraw\JavaDrawViewerTest.java,org.jhotdraw.test.samples.javadraw.JavaDrawViewerTest,class,3,6,3,3,16,2,0,3,118,0.875,0.0,0.0,16,0,14,0,2,0,16,0,0,0,1,0,0,1,0,0,0,0,0,41,1,0,0,0,0,0,0,2,0,1,0,0,0,0,98,1,0
C:\Users\user\Desktop\STUFF A LOT OF 'EM\er\Design_Pattern\jhotdraw\util\Undoable.java,org.jhotdraw.util.Undoable,interface,2,52,50,2,11,1,0,0,55,0.0,0.0,0.0,11,0,11,0,0,0,11,0,0,0,0,0,0,0,0,0,0,0,0,13,0,0,0,0,0,0,0,0,0,0,0,0,0,0,34,1,0
C:\Users\user\Desktop\STUFF A LOT OF 'EM\er\Design_Pattern\jhotdraw\test\figures\ScribbleToolTest.java,org.jhotdraw.test.figures.ScribbleToolTest,class,3,6,3,3,10,3,0,4,43,0.8,0.0,0.0,10,0,8,0,2,0,10,0,0,0,1,0,0,1,0,0,0,0,0,29,1,0,0,0,0,0,0,2,0,1,0,0,0,0,83,1,0
C:\Users\user\Desktop\STUFF A LOT OF 'EM\er\Design_Pattern\jhotdraw\standard\CompositeFigure.java,org.jhotdraw.standard.CompositeFigure,class,14,23,9,14,111,2,4,78,802,0.8958333,0.0,0.0,48,0,40,6,2,0,42,0,1,4,6,1,0,3,3,0,1,0,7,387,35,22,18,0,3,0,26,58,7,52,3,0,0,0,334,1025,0
C:\Users\user\Desktop\STUFF A LOT OF 'EM\er\Design_Pattern\jhotdraw\standard\AlignCommand.java,org.jhotdraw.standard.AlignCommand$Alignment$Anonymous1,anonymous,1,1,0,1,1,1,0,2,0,0.0,NaN,NaN,1,0,1,0,0,0,1,0,0,0,0,0,0,0,0,0,0,0,0,6,0,0,0,0,0,0,1,1,1,1,0,0,0,0,6,-1,0
C:\Users\user\Desktop\STUFF A LOT OF 'EM\er\Design_Pattern\jhotdraw\standard\PeripheralLocator.java,org.jhotdraw.standard.PeripheralLocator,class,2,3,1,2,7,2,0,2,1,0.6666667,0.0,0.0,3,0,2,1,0,0,2,0,0,0,4,1,0,4,0,0,0,0,6,41,1,0,0,0,14,1,20,18,30,9,1,0,0,0,40,1,0
C:\Users\user\Desktop\STUFF A LOT OF 'EM\er\Design_Pattern\jhotdraw\util\CommandMenu.java,org.jhotdraw.util.CommandMenu,class,4,10,6,4,20,7,1,20,66,0.6923077,0.0,0.0,13,0,12,0,1,0,13,0,0,7,1,0,0,1,0,0,0,0,0,66,1,3,3,0,0,2,3,10,0,10,3,0,0,0,65,1,0
C:\Users\user\Desktop\STUFF A LOT OF 'EM\er\Design_Pattern\jhotdraw\contrib\JPanelDesktop.java,org.jhotdraw.contrib.JPanelDesktop,class,7,11,4,7,17,5,0,25,116,0.875,0.0,0.0,16,0,9,3,4,0,13,0,0,0,2,0,0,2,0,0,0,0,0,70,7,0,1,0,0,2,0,5,2,4,1,0,0,0,50,1,0
C:\Users\user\Desktop\STUFF A LOT OF 'EM\er\Design_Pattern\jhotdraw\standard\ChangeConnectionEndHandle.java,org.jhotdraw.standard.ChangeConnectionEndHandle$UndoActivity,innerclass,4,4,0,4,2,3,0,3,1,0.0,0.0,0.0,2,0,1,0,1,0,2,0,0,0,0,0,0,0,0,0,0,0,0,10,1,0,0,0,0,0,0,1,0,1,0,0,0,0,14,9,0
C:\Users\user\Desktop\STUFF A LOT OF 'EM\er\Design_Pattern\jhotdraw\framework\Handle.java,org.jhotdraw.framework.Handle,interface,5,21,16,5,14,1,0,0,91,1.0,0.0,0.0,14,0,14,0,0,0,14,0,0,0,1,1,1,0,0,0,1,0,0,17,0,0,0,0,0,0,1,1,0,1,0,0,0,0,116,1,0
C:\Users\user\Desktop\STUFF A LOT OF 'EM\er\Design_Pattern\jhotdraw\test\standard\SimpleUpdateStrategyTest.java,org.jhotdraw.test.standard.SimpleUpdateStrategyTest,class,3,6,3,3,6,2,0,3,13,0.6666667,0.0,0.0,6,0,4,0,2,0,6,0,0,0,1,0,0,1,0,0,0,0,0,21,1,0,0,0,0,0,0,2,0,1,0,0,0,0,74,1,0
C:\Users\user\Desktop\STUFF A LOT OF 'EM\er\Design_Pattern\jhotdraw\framework\DrawingChangeEvent.java,org.jhotdraw.framework.DrawingChangeEvent,class,1,8,7,1,3,1,0,1,1,0.33333334,0.0,0.0,3,0,3,0,0,0,3,0,0,0,1,0,0,1,0,0,0,0,0,13,2,0,0,0,0,0,0,1,0,1,0,0,0,0,23,1,0
C:\Users\user\Desktop\STUFF A LOT OF 'EM\er\Design_Pattern\jhotdraw\standard\ChangeConnectionHandle.java,org.jhotdraw.standard.ChangeConnectionHandle$UndoActivity,innerclass,6,6,0,6,10,2,0,11,19,0.71428573,0.0,0.0,7,0,5,1,1,0,6,1,0,0,1,0,0,1,0,0,0,0,0,37,5,0,0,0,0,0,0,3,0,3,1,0,0,0,28,1033,0
C:\Users\user\Desktop\STUFF A LOT OF 'EM\er\Design_Pattern\jhotdraw\test\util\collections\jdk12\AllTests.java,org.jhotdraw.test.util.collections.jdk12.AllTests,class,4,5,1,4,2,1,0,2,1,0.0,0.0,0.0,2,2,2,0,0,0,2,0,0,0,0,0,0,0,0,0,0,0,0,10,1,0,0,0,0,1,0,1,0,1,0,0,0,0,10,1,0
C:\Users\user\Desktop\STUFF A LOT OF 'EM\er\Design_Pattern\jhotdraw\test\standard\FigureEnumeratorTest.java,org.jhotdraw.test.standard.FigureEnumeratorTest,class,6,9,3,6,9,2,0,6,34,0.7777778,0.0,0.0,9,0,7,0,2,0,9,0,0,0,1,0,0,1,0,0,0,0,1,30,1,0,0,0,0,0,6,3,0,2,0,0,0,0,87,1,0
C:\Users\user\Desktop\STUFF A LOT OF 'EM\er\Design_Pattern\jhotdraw\test\standard\StandardDrawingViewTest.java,org.jhotdraw.test.standard.StandardDrawingViewTest,class,9,12,3,9,62,3,0,12,1758,0.93333334,0.0,0.0,60,0,58,0,2,0,60,0,0,0,1,0,0,1,0,0,0,0,0,141,1,2,0,0,0,0,4,6,0,5,1,0,0,0,169,1,0
C:\Users\user\Desktop\STUFF A LOT OF 'EM\er\Design_Pattern\jhotdraw\test\contrib\StandardLayouterTest.java,org.jhotdraw.test.contrib.StandardLayouterTest,class,3,5,2,3,8,2,0,3,26,0.75,0.0,0.0,8,0,6,0,2,0,8,0,0,0,1,0,0,1,0,0,0,0,0,25,1,0,0,0,0,0,0,2,0,1,0,0,0,0,76,1,0
C:\Users\user\Desktop\STUFF A LOT OF 'EM\er\Design_Pattern\jhotdraw\test\standard\AllTests.java,org.jhotdraw.test.standard.AllTests,class,51,53,2,51,2,1,0,2,1,0.0,0.0,0.0,2,2,2,0,0,0,2,0,0,0,0,0,0,0,0,0,0,0,0,57,1,0,0,0,0,1,0,1,0,1,0,0,0,0,10,1,0
C:\Users\user\Desktop\STUFF A LOT OF 'EM\er\Design_Pattern\jhotdraw\test\util\collections\jdk11\IteratorWrapperTest.java,org.jhotdraw.test.util.collections.jdk11.IteratorWrapperTest,class,5,7,2,5,8,2,0,5,26,0.75,0.0,0.0,8,0,6,0,2,0,8,0,0,0,1,0,0,1,0,0,0,0,0,29,1,0,0,0,0,0,10,3,0,2,0,0,0,0,84,1,0
C:\Users\user\Desktop\STUFF A LOT OF 'EM\er\Design_Pattern\jhotdraw\framework\DrawingView.java,org.jhotdraw.framework.DrawingView,interface,12,156,144,12,48,1,0,0,1128,0.0,0.0,0.0,48,0,48,0,0,0,48,0,0,0,0,0,0,0,0,0,0,0,0,50,0,0,0,0,0,0,0,0,0,0,0,0,0,0,212,1,0
C:\Users\user\Desktop\STUFF A LOT OF 'EM\er\Design_Pattern\jhotdraw\test\figures\FontSizeHandleTest.java,org.jhotdraw.test.figures.FontSizeHandleTest,class,5,8,3,5,9,3,0,3,34,0.7777778,0.0,0.0,9,0,7,0,2,0,9,0,0,0,1,0,0,1,0,0,0,0,0,27,1,0,0,0,0,0,4,2,0,1,0,0,0,0,86,1,0
C:\Users\user\Desktop\STUFF A LOT OF 'EM\er\Design_Pattern\jhotdraw\test\standard\LocatorHandleTest.java,org.jhotdraw.test.standard.LocatorHandleTest,class,5,8,3,5,7,3,0,3,19,0.71428573,0.0,0.0,7,0,5,0,2,0,7,0,0,0,1,0,0,1,0,0,0,0,0,23,1,0,0,0,0,0,2,2,0,1,0,0,0,0,81,1,0
C:\Users\user\Desktop\STUFF A LOT OF 'EM\er\Design_Pattern\jhotdraw\contrib\html\GeometricFigure.java,org.jhotdraw.contrib.html.GeometricFigure,interface,1,7,6,1,1,1,0,0,0,0.0,NaN,NaN,1,0,1,0,0,0,1,0,0,0,0,0,0,0,0,0,0,0,0,3,0,0,0,0,0,0,0,0,0,0,0,0,0,0,36,1,0
C:\Users\user\Desktop\STUFF A LOT OF 'EM\er\Design_Pattern\jhotdraw\util\VersionRequester.java,org.jhotdraw.util.VersionRequester,interface,0,3,3,0,1,1,0,0,0,0.0,NaN,NaN,1,0,1,0,0,0,1,1,0,0,0,0,0,0,0,0,0,0,0,3,0,0,0,0,0,0,0,0,0,0,0,0,0,0,37,1,0
C:\Users\user\Desktop\STUFF A LOT OF 'EM\er\Design_Pattern\jhotdraw\test\contrib\CTXWindowMenuTest.java,org.jhotdraw.test.contrib.CTXWindowMenuTest,class,5,7,2,5,5,3,0,5,8,0.6,0.0,0.0,5,0,3,0,2,0,5,0,0,0,1,0,0,1,0,0,0,0,0,20,1,0,0,0,2,1,0,3,0,2,0,0,0,0,85,1,0
C:\Users\user\Desktop\STUFF A LOT OF 'EM\er\Design_Pattern\jhotdraw\contrib\SimpleLayouter.java,org.jhotdraw.contrib.SimpleLayouter,class,7,12,5,7,12,1,1,16,51,0.8787878,0.0,0.0,11,0,10,1,0,0,10,0,0,0,3,1,0,2,0,1,1,0,0,55,5,1,0,0,0,0,5,10,2,8,1,0,0,0,75,1,0
C:\Users\user\Desktop\STUFF A LOT OF 'EM\er\Design_Pattern\jhotdraw\test\figures\BorderDecoratorTest.java,org.jhotdraw.test.figures.BorderDecoratorTest,class,3,6,3,3,12,2,0,6,43,0.6363636,0.0,0.0,11,0,9,0,2,0,11,0,0,0,1,0,0,1,0,0,0,0,0,39,1,1,0,0,0,0,3,5,0,4,1,0,0,0,102,1,0
C:\Users\user\Desktop\STUFF A LOT OF 'EM\er\Design_Pattern\jhotdraw\standard\DeleteCommand.java,org.jhotdraw.standard.DeleteCommand,class,12,22,10,12,8,4,0,17,6,0.0,0.0,0.0,4,0,2,0,2,0,4,0,0,0,0,0,0,0,0,0,0,0,1,58,2,2,1,0,0,0,3,5,0,4,3,0,1,0,42,1,0
C:\Users\user\Desktop\STUFF A LOT OF 'EM\er\Design_Pattern\jhotdraw\test\JHDTestCase.java,org.jhotdraw.test.JHDTestCase,class,3,63,60,3,5,2,60,1,4,0.4,0.0,0.0,5,0,3,0,2,0,5,0,0,0,1,0,1,0,0,0,0,0,0,19,2,0,0,0,0,2,0,2,0,1,0,0,0,0,38,1,0
C:\Users\user\Desktop\STUFF A LOT OF 'EM\er\Design_Pattern\jhotdraw\test\util\UndoManagerTest.java,org.jhotdraw.test.util.UndoManagerTest,class,3,5,2,3,15,2,0,3,103,0.8666667,0.0,0.0,15,0,13,0,2,0,15,0,0,0,1,0,0,1,0,0,0,0,0,39,1,0,0,0,0,0,0,2,0,1,0,0,0,0,86,1,0
C:\Users\user\Desktop\STUFF A LOT OF 'EM\er\Design_Pattern\jhotdraw\test\standard\DeleteCommandTest.java,org.jhotdraw.test.standard.DeleteCommandTest,class,3,6,3,3,6,3,0,4,13,0.6666667,0.0,0.0,6,0,4,0,2,0,6,0,0,0,1,0,0,1,0,0,0,0,0,21,1,0,0,0,0,1,0,2,0,1,0,0,0,0,75,1,0
C:\Users\user\Desktop\STUFF A LOT OF 'EM\er\Design_Pattern\jhotdraw\test\standard\FastBufferedUpdateStrategyTest.java,org.jhotdraw.test.standard.FastBufferedUpdateStrategyTest,class,3,6,3,3,6,2,0,3,13,0.6666667,0.0,0.0,6,0,4,0,2,0,6,0,0,0,1,0,0,1,0,0,0,0,0,21,1,0,0,0,0,0,0,2,0,1,0,0,0,0,75,1,0
C:\Users\user\Desktop\STUFF A LOT OF 'EM\er\Design_Pattern\jhotdraw\test\standard\ChopBoxConnectorTest.java,org.jhotdraw.test.standard.ChopBoxConnectorTest,class,3,6,3,3,7,2,0,3,19,0.71428573,0.0,0.0,7,0,5,0,2,0,7,0,0,0,1,0,0,1,0,0,0,0,0,23,1,0,0,0,0,0,0,2,0,1,0,0,0,0,76,1,0
C:\Users\user\Desktop\STUFF A LOT OF 'EM\er\Design_Pattern\jhotdraw\contrib\dnd\JHDDropTargetListener.java,org.jhotdraw.contrib.dnd.JHDDropTargetListener$AddUndoActivity,innerclass,8,8,0,8,9,2,0,18,0,0.25,0.0,0.0,4,0,4,0,0,0,4,0,0,0,1,0,0,1,0,0,0,0,4,46,4,2,1,0,0,3,2,8,1,6,2,0,0,0,40,9,0
C:\Users\user\Desktop\STUFF A LOT OF 'EM\er\Design_Pattern\jhotdraw\test\figures\LineFigureTest.java,org.jhotdraw.test.figures.LineFigureTest,class,3,6,3,3,9,2,0,3,34,0.7777778,0.0,0.0,9,0,7,0,2,0,9,0,0,0,1,0,0,1,0,0,0,0,0,27,1,0,0,0,0,0,0,2,0,1,0,0,0,0,82,1,0
C:\Users\user\Desktop\STUFF A LOT OF 'EM\er\Design_Pattern\jhotdraw\contrib\CTXWindowMenu.java,org.jhotdraw.contrib.CTXWindowMenu$Anonymous2,anonymous,1,1,0,1,3,1,0,3,1,0.0,0.0,0.0,2,0,2,0,0,0,2,0,0,0,0,0,0,0,0,0,0,0,0,8,1,0,0,0,1,0,1,0,0,0,0,0,0,0,3,-1,0
C:\Users\user\Desktop\STUFF A LOT OF 'EM\er\Design_Pattern\jhotdraw\contrib\CTXWindowMenu.java,org.jhotdraw.contrib.CTXWindowMenu$Anonymous1,anonymous,1,1,0,1,3,1,0,3,1,0.0,0.0,0.0,2,0,2,0,0,0,2,0,0,0,0,0,0,0,0,0,0,0,0,8,1,0,0,0,1,0,1,0,0,0,0,0,0,0,3,-1,0
C:\Users\user\Desktop\STUFF A LOT OF 'EM\er\Design_Pattern\jhotdraw\contrib\CTXWindowMenu.java,org.jhotdraw.contrib.CTXWindowMenu$Anonymous4,anonymous,1,1,0,1,3,1,0,3,1,0.0,0.0,0.0,2,0,2,0,0,0,2,0,0,0,0,0,0,0,0,0,0,0,0,8,1,0,0,0,1,0,1,0,0,0,0,0,0,0,3,-1,0
C:\Users\user\Desktop\STUFF A LOT OF 'EM\er\Design_Pattern\jhotdraw\contrib\CTXWindowMenu.java,org.jhotdraw.contrib.CTXWindowMenu$Anonymous3,anonymous,1,1,0,1,3,1,0,3,1,0.0,0.0,0.0,2,0,2,0,0,0,2,0,0,0,0,0,0,0,0,0,0,0,0,8,1,0,0,0,1,0,1,0,0,0,0,0,0,0,3,-1,0
C:\Users\user\Desktop\STUFF A LOT OF 'EM\er\Design_Pattern\jhotdraw\test\util\ReverseListEnumeratorTest.java,org.jhotdraw.test.util.ReverseListEnumeratorTest,class,4,6,2,4,8,2,0,6,26,0.75,0.0,0.0,8,0,6,0,2,0,8,0,0,0,1,0,0,1,0,0,0,0,1,28,1,0,0,0,0,2,0,3,0,2,0,0,0,0,79,1,0
C:\Users\user\Desktop\STUFF A LOT OF 'EM\er\Design_Pattern\jhotdraw\contrib\CTXWindowMenu.java,org.jhotdraw.contrib.CTXWindowMenu$Anonymous6,anonymous,1,1,0,1,3,1,0,2,3,0.0,0.0,0.0,3,0,3,0,0,0,3,0,0,0,0,0,0,0,0,0,0,0,0,10,0,0,0,0,0,0,0,0,0,0,0,0,0,0,13,-1,0
C:\Users\user\Desktop\STUFF A LOT OF 'EM\er\Design_Pattern\jhotdraw\contrib\CTXWindowMenu.java,org.jhotdraw.contrib.CTXWindowMenu$Anonymous5,anonymous,1,1,0,1,3,1,0,3,1,0.0,0.0,0.0,2,0,2,0,0,0,2,0,0,0,0,0,0,0,0,0,0,0,0,8,1,0,0,0,1,0,1,0,0,0,0,0,0,0,3,-1,0
C:\Users\user\Desktop\STUFF A LOT OF 'EM\er\Design_Pattern\jhotdraw\contrib\DiamondFigure.java,org.jhotdraw.contrib.DiamondFigure,class,6,12,6,6,8,4,1,10,28,0.0,0.0,0.0,8,0,7,0,1,0,8,0,0,0,0,0,0,0,0,0,0,0,1,37,5,0,0,0,0,0,12,4,14,4,0,0,0,0,44,1,0
C:\Users\user\Desktop\STUFF A LOT OF 'EM\er\Design_Pattern\jhotdraw\contrib\CTXWindowMenu.java,org.jhotdraw.contrib.CTXWindowMenu$Anonymous7,anonymous,1,1,0,1,2,1,0,5,0,0.0,NaN,NaN,1,0,1,0,0,0,1,0,0,0,0,0,0,0,0,0,0,0,0,12,0,0,0,1,1,0,0,1,0,1,1,0,0,0,17,-1,0
C:\Users\user\Desktop\STUFF A LOT OF 'EM\er\Design_Pattern\jhotdraw\contrib\html\ContentProducerRegistry.java,org.jhotdraw.contrib.html.ContentProducerRegistry,class,6,8,2,6,32,1,0,27,94,0.7647059,0.0,0.0,17,4,16,0,1,0,18,0,0,0,3,1,0,3,0,0,0,0,1,113,12,3,6,1,2,0,1,23,0,18,3,0,0,0,162,1,0
C:\Users\user\Desktop\STUFF A LOT OF 'EM\er\Design_Pattern\jhotdraw\test\standard\OffsetLocatorTest.java,org.jhotdraw.test.standard.OffsetLocatorTest,class,3,6,3,3,9,2,0,3,34,0.7777778,0.0,0.0,9,0,7,0,2,0,9,0,0,0,1,0,0,1,0,0,0,0,0,27,1,0,0,0,0,0,0,2,0,1,0,0,0,0,80,1,0
C:\Users\user\Desktop\STUFF A LOT OF 'EM\er\Design_Pattern\jhotdraw\util\UndoableAdapter.java,org.jhotdraw.util.UndoableAdapter,class,9,66,57,9,20,1,48,17,102,0.84375,0.0,0.0,16,0,13,0,3,0,16,0,0,0,4,0,0,4,0,0,0,0,5,69,9,2,2,0,0,0,0,5,0,5,1,0,0,0,88,1,0
C:\Users\user\Desktop\STUFF A LOT OF 'EM\er\Design_Pattern\jhotdraw\contrib\dnd\DNDFigures.java,org.jhotdraw.contrib.dnd.DNDFigures,class,3,7,4,3,4,1,0,5,0,0.33333334,0.0,0.0,3,0,3,0,0,0,3,0,0,0,2,0,0,2,0,0,0,0,1,17,2,1,0,0,0,0,0,2,0,2,1,0,0,0,13,1,0
C:\Users\user\Desktop\STUFF A LOT OF 'EM\er\Design_Pattern\jhotdraw\figures\LineDecoration.java,org.jhotdraw.figures.LineDecoration,interface,1,4,3,1,2,1,0,0,1,0.0,0.0,0.0,2,0,2,0,0,0,2,0,0,0,0,0,0,0,0,0,0,0,0,4,0,0,0,0,0,0,0,0,0,0,0,0,0,0,32,1,0
C:\Users\user\Desktop\STUFF A LOT OF 'EM\er\Design_Pattern\jhotdraw\framework\JHotDrawRuntimeException.java,org.jhotdraw.framework.JHotDrawRuntimeException,class,1,13,12,1,4,4,0,3,4,0.5,0.0,0.0,4,0,3,0,1,0,4,0,0,0,1,0,0,1,0,0,0,0,0,17,1,0,0,0,0,0,0,1,0,1,0,0,0,0,13,1,0
C:\Users\user\Desktop\STUFF A LOT OF 'EM\er\Design_Pattern\jhotdraw\standard\SelectAllCommand.java,org.jhotdraw.standard.SelectAllCommand$UndoActivity,innerclass,3,3,0,3,5,2,0,10,3,0.0,0.0,0.0,3,0,3,0,0,0,3,0,0,0,0,0,0,0,0,0,0,0,0,22,4,0,0,0,0,0,0,0,0,0,1,0,0,0,17,9,0
C:\Users\user\Desktop\STUFF A LOT OF 'EM\er\Design_Pattern\jhotdraw\test\samples\minimap\MiniMapApplicationTest.java,org.jhotdraw.test.samples.minimap.MiniMapApplicationTest,class,3,6,3,3,6,2,0,3,13,0.6666667,0.0,0.0,6,0,4,0,2,0,6,0,0,0,1,0,0,1,0,0,0,0,0,21,1,0,0,0,0,0,0,2,0,1,0,0,0,0,74,1,0
C:\Users\user\Desktop\STUFF A LOT OF 'EM\er\Design_Pattern\jhotdraw\contrib\dnd\JHDDropTargetListener.java,org.jhotdraw.contrib.dnd.JHDDropTargetListener,class,10,13,3,10,37,2,0,39,62,0.8,0.0,0.0,13,1,6,1,6,0,12,0,0,0,4,0,0,4,0,0,0,0,18,212,11,1,16,1,4,14,11,23,5,17,4,0,1,0,138,1,0
C:\Users\user\Desktop\STUFF A LOT OF 'EM\er\Design_Pattern\jhotdraw\contrib\html\FigureContentProducerContext.java,org.jhotdraw.contrib.html.FigureContentProducerContext,interface,1,4,3,1,2,1,0,0,1,0.0,0.0,0.0,2,0,2,0,0,0,2,0,0,0,0,0,0,0,0,0,0,0,0,4,0,0,0,0,0,0,0,0,0,0,0,0,0,0,27,1,0
C:\Users\user\Desktop\STUFF A LOT OF 'EM\er\Design_Pattern\jhotdraw\contrib\html\HTMLContentProducer.java,org.jhotdraw.contrib.html.HTMLContentProducer,class,6,8,2,6,7,4,0,6,3,0.6666667,0.0,0.0,3,0,3,0,0,0,3,0,0,0,1,1,0,0,1,0,1,0,1,20,4,1,1,0,0,0,26,3,0,3,2,0,0,0,75,1,0
C:\Users\user\Desktop\STUFF A LOT OF 'EM\er\Design_Pattern\jhotdraw\test\contrib\ChopPolygonConnectorTest.java,org.jhotdraw.test.contrib.ChopPolygonConnectorTest,class,3,5,2,3,5,2,0,3,8,0.6,0.0,0.0,5,0,3,0,2,0,5,0,0,0,1,0,0,1,0,0,0,0,0,19,1,0,0,0,0,0,0,2,0,1,0,0,0,0,71,1,0
C:\Users\user\Desktop\STUFF A LOT OF 'EM\er\Design_Pattern\jhotdraw\figures\ElbowConnection.java,org.jhotdraw.figures.ElbowConnection,class,16,22,6,16,12,4,0,17,15,1.0,0.0,0.0,6,0,5,0,1,0,6,0,0,0,2,1,0,2,0,0,1,0,3,53,2,2,4,0,4,0,15,10,19,10,2,0,0,0,52,1,0
C:\Users\user\Desktop\STUFF A LOT OF 'EM\er\Design_Pattern\jhotdraw\samples\javadraw\URLTool.java,org.jhotdraw.samples.javadraw.URLTool$Anonymous1,anonymous,1,1,0,1,1,1,0,1,0,0.0,NaN,NaN,1,0,1,0,0,0,1,0,0,0,0,0,0,0,0,0,0,0,0,5,0,0,0,0,0,0,0,0,0,0,0,0,0,0,7,-1,0
C:\Users\user\Desktop\STUFF A LOT OF 'EM\er\Design_Pattern\jhotdraw\test\util\collections\jdk11\CollectionsFactoryJDK11Test.java,org.jhotdraw.test.util.collections.jdk11.CollectionsFactoryJDK11Test,class,3,6,3,3,8,2,0,3,26,0.75,0.0,0.0,8,0,6,0,2,0,8,0,0,0,1,0,0,1,0,0,0,0,0,25,1,0,0,0,0,0,0,2,0,1,0,0,0,0,76,1,0
C:\Users\user\Desktop\STUFF A LOT OF 'EM\er\Design_Pattern\jhotdraw\samples\javadraw\BouncingDrawing.java,org.jhotdraw.samples.javadraw.BouncingDrawing,class,8,12,4,8,11,4,0,8,6,1.0,0.0,0.0,4,0,4,0,0,0,4,0,0,3,2,1,0,2,0,0,1,0,0,32,4,1,0,0,7,0,2,7,0,5,2,0,0,0,42,1,0
C:\Users\user\Desktop\STUFF A LOT OF 'EM\er\Design_Pattern\jhotdraw\contrib\PolygonFigure.java,org.jhotdraw.contrib.PolygonFigure$Anonymous1,anonymous,2,2,0,2,2,1,0,2,0,0.0,NaN,NaN,1,0,1,0,0,0,1,0,0,0,0,0,0,0,0,0,0,0,0,9,2,0,0,0,1,0,2,1,0,1,1,0,0,0,8,-1,0
C:\Users\user\Desktop\STUFF A LOT OF 'EM\er\Design_Pattern\jhotdraw\samples\javadraw\JavaDrawApp.java,org.jhotdraw.samples.javadraw.JavaDrawApp$Anonymous1,anonymous,1,1,0,1,1,1,0,1,0,0.0,NaN,NaN,1,0,1,0,0,0,1,0,0,0,0,0,0,0,0,0,0,0,0,5,0,0,0,0,0,0,0,0,0,0,0,0,0,0,3,-1,0
C:\Users\user\Desktop\STUFF A LOT OF 'EM\er\Design_Pattern\jhotdraw\samples\javadraw\JavaDrawApp.java,org.jhotdraw.samples.javadraw.JavaDrawApp$Anonymous2,anonymous,1,1,0,1,1,1,0,1,0,0.0,NaN,NaN,1,0,1,0,0,0,1,0,0,0,0,0,0,0,0,0,0,0,0,5,0,0,0,0,0,0,0,0,0,0,0,0,0,0,3,-1,0
C:\Users\user\Desktop\STUFF A LOT OF 'EM\er\Design_Pattern\jhotdraw\standard\CopyCommand.java,org.jhotdraw.standard.CopyCommand,class,4,6,2,4,4,3,0,5,3,0.0,0.0,0.0,3,0,2,0,1,0,3,0,0,0,0,0,0,0,0,0,0,0,0,12,1,0,0,0,0,0,1,0,0,0,0,0,0,0,26,1,0
C:\Users\user\Desktop\STUFF A LOT OF 'EM\er\Design_Pattern\jhotdraw\samples\javadraw\JavaDrawApp.java,org.jhotdraw.samples.javadraw.JavaDrawApp$Anonymous3,anonymous,1,1,0,1,1,1,0,1,0,0.0,NaN,NaN,1,0,1,0,0,0,1,0,0,0,0,0,0,0,0,0,0,0,0,5,0,0,0,0,0,0,0,0,0,0,0,0,0,0,3,-1,0
C:\Users\user\Desktop\STUFF A LOT OF 'EM\er\Design_Pattern\jhotdraw\standard\InsertIntoDrawingVisitor.java,org.jhotdraw.standard.InsertIntoDrawingVisitor,class,9,12,3,9,9,1,0,8,13,0.6428572,0.0,0.0,7,0,5,1,1,0,6,0,0,0,2,0,0,2,0,0,0,0,1,27,2,0,0,0,0,0,0,3,0,3,1,0,0,0,22,1,0
C:\Users\user\Desktop\STUFF A LOT OF 'EM\er\Design_Pattern\jhotdraw\test\figures\ShortestDistanceConnectorTest.java,org.jhotdraw.test.figures.ShortestDistanceConnectorTest,class,3,6,3,3,7,2,0,3,19,0.71428573,0.0,0.0,7,0,5,0,2,0,7,0,0,0,1,0,0,1,0,0,0,0,0,23,1,0,0,0,0,0,0,2,0,1,0,0,0,0,76,1,0
C:\Users\user\Desktop\STUFF A LOT OF 'EM\er\Design_Pattern\jhotdraw\samples\javadraw\JavaDrawApp.java,org.jhotdraw.samples.javadraw.JavaDrawApp$Anonymous4,anonymous,2,2,0,2,1,1,0,2,0,0.0,NaN,NaN,1,0,1,0,0,0,1,0,0,0,0,0,0,0,0,0,0,0,0,5,0,0,0,0,0,0,0,0,0,0,0,0,0,0,5,-1,0
C:\Users\user\Desktop\STUFF A LOT OF 'EM\er\Design_Pattern\jhotdraw\samples\javadraw\JavaDrawApp.java,org.jhotdraw.samples.javadraw.JavaDrawApp,class,48,54,6,48,22,8,1,30,118,0.9166667,0.0,0.0,16,1,5,0,10,1,16,0,0,0,3,2,0,3,0,0,0,0,0,172,8,1,3,1,0,56,1,47,24,24,2,5,0,0,131,1,0
C:\Users\user\Desktop\STUFF A LOT OF 'EM\er\Design_Pattern\jhotdraw\samples\javadraw\JavaDrawApp.java,org.jhotdraw.samples.javadraw.JavaDrawApp$Anonymous5,anonymous,3,3,0,3,1,1,0,2,0,0.0,NaN,NaN,1,0,1,0,0,0,1,0,0,0,0,0,0,0,0,0,0,0,0,5,0,0,0,0,0,0,0,0,0,0,0,0,0,0,4,-1,0
C:\Users\user\Desktop\STUFF A LOT OF 'EM\er\Design_Pattern\jhotdraw\test\standard\DuplicateCommandTest.java,org.jhotdraw.test.standard.DuplicateCommandTest,class,3,6,3,3,6,3,0,4,13,0.6666667,0.0,0.0,6,0,4,0,2,0,6,0,0,0,1,0,0,1,0,0,0,0,0,21,1,0,0,0,0,1,0,2,0,1,0,0,0,0,75,1,0
C:\Users\user\Desktop\STUFF A LOT OF 'EM\er\Design_Pattern\jhotdraw\util\StorableInput.java,org.jhotdraw.util.StorableInput,class,3,46,43,3,24,1,0,18,19,0.5909091,0.0,0.0,11,0,8,3,0,0,8,0,0,0,2,0,0,2,0,0,0,0,2,97,11,0,7,1,1,13,1,19,9,19,1,0,0,0,81,1,0
C:\Users\user\Desktop\STUFF A LOT OF 'EM\er\Design_Pattern\jhotdraw\figures\NullFigure.java,org.jhotdraw.figures.NullFigure,class,8,10,2,8,17,2,0,5,130,0.8235294,0.0,0.0,17,0,16,0,1,0,17,0,0,0,1,0,0,1,0,0,0,0,2,50,10,0,0,0,0,0,0,1,0,1,0,0,0,0,131,1,0
C:\Users\user\Desktop\STUFF A LOT OF 'EM\er\Design_Pattern\jhotdraw\standard\DeleteFromDrawingVisitor.java,org.jhotdraw.standard.DeleteFromDrawingVisitor,class,9,16,7,9,9,1,0,8,13,0.6428572,0.0,0.0,7,0,5,1,1,0,6,0,0,0,2,0,0,2,0,0,0,0,1,27,2,0,0,0,0,0,0,3,0,3,1,0,0,0,22,1,0
C:\Users\user\Desktop\STUFF A LOT OF 'EM\er\Design_Pattern\jhotdraw\test\util\UndoableToolTest.java,org.jhotdraw.test.util.UndoableToolTest,class,6,8,2,6,30,2,0,9,366,0.85714287,0.0,0.0,28,0,26,0,2,0,28,0,0,0,1,0,0,1,0,0,0,0,0,75,1,2,0,0,0,0,2,6,0,5,1,0,0,0,122,1,0
C:\Users\user\Desktop\STUFF A LOT OF 'EM\er\Design_Pattern\jhotdraw\figures\RectangleFigure.java,org.jhotdraw.figures.RectangleFigure,class,8,46,38,8,10,3,2,13,25,0.8333333,0.0,0.0,10,0,9,0,1,0,10,0,0,0,3,1,0,3,0,0,1,0,2,45,2,0,0,0,0,0,8,7,2,6,0,0,0,0,45,1,0
C:\Users\user\Desktop\STUFF A LOT OF 'EM\er\Design_Pattern\jhotdraw\samples\minimap\MiniMapApplication.java,org.jhotdraw.samples.minimap.MiniMapApplication,class,5,7,2,5,2,8,0,1,1,0.0,0.0,0.0,2,1,1,0,1,0,2,0,0,0,0,0,0,0,0,0,0,0,0,9,1,0,0,0,0,0,0,1,0,1,0,0,0,0,13,1,0
C:\Users\user\Desktop\STUFF A LOT OF 'EM\er\Design_Pattern\jhotdraw\figures\UngroupCommand.java,org.jhotdraw.figures.UngroupCommand$UndoActivity,innerclass,6,6,0,6,8,2,0,18,6,0.0,0.0,0.0,4,0,3,0,1,0,4,0,0,0,0,0,0,0,0,0,0,0,0,39,4,2,0,0,0,0,0,6,0,6,1,0,0,0,24,9,0
C:\Users\user\Desktop\STUFF A LOT OF 'EM\er\Design_Pattern\jhotdraw\test\util\collections\jdk11\AllTests.java,org.jhotdraw.test.util.collections.jdk11.AllTests,class,8,10,2,8,2,1,0,2,1,0.0,0.0,0.0,2,2,2,0,0,0,2,0,0,0,0,0,0,0,0,0,0,0,0,14,1,0,0,0,0,1,0,1,0,1,0,0,0,0,10,1,0
C:\Users\user\Desktop\STUFF A LOT OF 'EM\er\Design_Pattern\jhotdraw\test\samples\minimap\MiniMapDesktopTest.java,org.jhotdraw.test.samples.minimap.MiniMapDesktopTest,class,3,6,3,3,5,2,0,3,8,0.6,0.0,0.0,5,0,3,0,2,0,5,0,0,0,1,0,0,1,0,0,0,0,0,19,1,0,0,0,0,0,0,2,0,1,0,0,0,0,71,1,0
C:\Users\user\Desktop\STUFF A LOT OF 'EM\er\Design_Pattern\jhotdraw\util\Animatable.java,org.jhotdraw.util.Animatable,interface,0,6,6,0,1,1,0,0,0,0.0,NaN,NaN,1,0,0,0,0,1,1,0,0,0,0,0,0,0,0,0,0,0,0,3,0,0,0,0,0,0,0,0,0,0,0,0,0,0,10,1,0
C:\Users\user\Desktop\STUFF A LOT OF 'EM\er\Design_Pattern\jhotdraw\samples\javadraw\PatternPainter.java,org.jhotdraw.samples.javadraw.PatternPainter,class,3,5,2,3,5,1,0,5,1,0.33333334,0.0,0.0,3,0,2,1,0,0,2,0,0,0,1,0,0,1,0,0,0,0,0,24,0,2,0,0,0,0,3,9,0,6,2,0,0,0,29,1,0
C:\Users\user\Desktop\STUFF A LOT OF 'EM\er\Design_Pattern\jhotdraw\test\samples\javadraw\BouncingDrawingTest.java,org.jhotdraw.test.samples.javadraw.BouncingDrawingTest,class,3,6,3,3,9,2,0,3,34,0.7777778,0.0,0.0,9,0,7,0,2,0,9,0,0,0,1,0,0,1,0,0,0,0,0,27,1,0,0,0,0,0,0,2,0,1,0,0,0,0,80,1,0
C:\Users\user\Desktop\STUFF A LOT OF 'EM\er\Design_Pattern\jhotdraw\util\StorageFormatManager.java,org.jhotdraw.util.StorageFormatManager,class,3,7,4,3,25,1,0,17,0,0.5,0.0,0.0,9,0,9,0,0,0,9,0,0,0,2,0,0,2,0,0,0,0,1,83,6,5,5,0,0,0,0,16,0,12,3,0,0,0,104,1,0
C:\Users\user\Desktop\STUFF A LOT OF 'EM\er\Design_Pattern\jhotdraw\test\contrib\SplitConnectionToolTest.java,org.jhotdraw.test.contrib.SplitConnectionToolTest,class,5,7,2,5,10,3,0,4,43,0.8,0.0,0.0,10,0,8,0,2,0,10,0,0,0,1,0,0,1,0,0,0,0,0,30,1,0,0,0,0,0,0,3,0,2,0,0,0,0,86,1,0
C:\Users\user\Desktop\STUFF A LOT OF 'EM\er\Design_Pattern\jhotdraw\contrib\html\TriangleFigureGeometricAdapter.java,org.jhotdraw.contrib.html.TriangleFigureGeometricAdapter,class,2,2,0,2,3,5,0,1,3,0.0,0.0,0.0,3,0,3,0,0,0,3,0,0,0,0,0,0,0,0,0,0,0,0,11,1,0,0,0,0,0,0,0,0,0,0,0,0,0,27,1,0
C:\Users\user\Desktop\STUFF A LOT OF 'EM\er\Design_Pattern\jhotdraw\figures\LineConnection.java,org.jhotdraw.figures.LineConnection,class,18,35,17,18,61,3,2,47,699,0.9736842,0.0,0.0,38,0,32,1,5,0,37,0,0,0,4,1,0,2,2,0,1,0,2,209,13,2,19,0,2,0,14,13,4,13,2,0,0,0,146,1,0
C:\Users\user\Desktop\STUFF A LOT OF 'EM\er\Design_Pattern\jhotdraw\test\figures\ChopEllipseConnectorTest.java,org.jhotdraw.test.figures.ChopEllipseConnectorTest,class,3,6,3,3,5,2,0,3,8,0.6,0.0,0.0,5,0,3,0,2,0,5,0,0,0,1,0,0,1,0,0,0,0,0,19,1,0,0,0,0,0,0,2,0,1,0,0,0,0,71,1,0
C:\Users\user\Desktop\STUFF A LOT OF 'EM\er\Design_Pattern\jhotdraw\contrib\PolygonTool.java,org.jhotdraw.contrib.PolygonTool,class,11,17,6,11,23,2,0,27,33,0.79545456,0.0,0.0,11,0,7,2,2,0,9,0,0,0,3,0,0,3,0,0,0,0,0,78,2,0,7,0,0,0,6,11,1,4,3,0,0,0,69,1,0
C:\Users\user\Desktop\STUFF A LOT OF 'EM\er\Design_Pattern\jhotdraw\framework\FigureChangeListener.java,org.jhotdraw.framework.FigureChangeListener,interface,1,19,18,1,5,1,0,0,10,0.0,0.0,0.0,5,0,5,0,0,0,5,0,0,0,0,0,0,0,0,0,0,0,0,7,0,0,0,0,0,0,0,0,0,0,0,0,0,0,29,1,0
C:\Users\user\Desktop\STUFF A LOT OF 'EM\er\Design_Pattern\jhotdraw\test\contrib\HelperTest.java,org.jhotdraw.test.contrib.HelperTest,class,3,5,2,3,6,2,0,3,13,0.6666667,0.0,0.0,6,0,4,0,2,0,6,0,0,0,1,0,0,1,0,0,0,0,0,21,1,0,0,0,0,0,0,2,0,1,0,0,0,0,74,1,0
C:\Users\user\Desktop\STUFF A LOT OF 'EM\er\Design_Pattern\jhotdraw\contrib\SVGDrawApp.java,org.jhotdraw.contrib.SVGDrawApp,class,5,7,2,5,4,9,0,3,6,0.0,0.0,0.0,4,1,3,0,1,0,4,0,0,0,0,0,0,0,0,0,0,0,0,19,2,0,0,0,0,1,0,3,0,3,0,0,0,0,62,1,0
C:\Users\user\Desktop\STUFF A LOT OF 'EM\er\Design_Pattern\jhotdraw\samples\javadraw\Animator.java,org.jhotdraw.samples.javadraw.Animator,class,2,5,3,2,6,2,0,8,0,0.5,0.0,0.0,4,0,4,0,0,0,4,0,0,0,4,1,0,4,0,0,1,0,4,34,0,1,0,1,0,1,3,7,2,5,2,0,0,0,24,1,0
C:\Users\user\Desktop\STUFF A LOT OF 'EM\er\Design_Pattern\jhotdraw\util\CommandButton.java,org.jhotdraw.util.CommandButton,class,1,3,2,1,3,6,0,6,0,0.0,0.0,0.0,2,0,2,0,0,0,2,0,0,0,1,0,0,1,0,0,0,0,0,14,0,0,0,0,0,0,0,1,0,1,1,0,0,0,38,1,0
C:\Users\user\Desktop\STUFF A LOT OF 'EM\er\Design_Pattern\jhotdraw\standard\ChangeConnectionStartHandle.java,org.jhotdraw.standard.ChangeConnectionStartHandle,class,8,11,3,8,8,5,0,9,28,0.0,0.0,0.0,8,0,2,0,6,0,8,0,0,0,0,0,0,0,0,0,0,0,0,36,4,0,0,0,0,0,0,0,0,0,0,0,1,0,47,1,0
C:\Users\user\Desktop\STUFF A LOT OF 'EM\er\Design_Pattern\jhotdraw\framework\DrawingEditor.java,org.jhotdraw.framework.DrawingEditor,interface,5,70,65,5,9,1,0,0,36,0.0,0.0,0.0,9,0,9,0,0,0,9,0,0,0,0,0,0,0,0,0,0,0,0,11,0,0,0,0,0,0,0,0,0,0,0,0,0,0,70,1,0
C:\Users\user\Desktop\STUFF A LOT OF 'EM\er\Design_Pattern\jhotdraw\standard\AbstractCommand.java,org.jhotdraw.standard.AbstractCommand$EventDispatcher,innerclass,3,3,0,3,11,1,0,11,0,0.16666667,0.0,0.0,6,0,6,0,0,0,6,0,0,0,2,0,0,2,0,0,0,0,1,36,0,3,0,0,3,0,0,5,0,5,1,0,0,0,20,9,0
C:\Users\user\Desktop\STUFF A LOT OF 'EM\er\Design_Pattern\jhotdraw\util\UndoRedoActivity.java,org.jhotdraw.util.UndoRedoActivity,class,4,6,2,4,18,1,0,15,103,0.8666667,0.0,0.0,15,1,13,0,2,0,15,0,0,0,1,0,0,1,0,0,0,0,0,59,12,0,0,0,1,0,0,1,0,1,1,0,0,0,49,1,0
C:\Users\user\Desktop\STUFF A LOT OF 'EM\er\Design_Pattern\jhotdraw\contrib\WindowMenu.java,org.jhotdraw.contrib.WindowMenu,class,7,10,3,7,4,14,0,8,0,0.0,NaN,NaN,2,0,1,1,0,0,1,0,0,0,3,0,0,3,0,0,0,0,0,76,0,1,1,0,0,2,3,6,0,6,1,4,1,0,45,1,0
C:\Users\user\Desktop\STUFF A LOT OF 'EM\er\Design_Pattern\jhotdraw\standard\HandleAndEnumerator.java,org.jhotdraw.standard.HandleAndEnumerator,class,2,3,1,2,7,1,0,5,0,0.0,0.0,0.0,5,0,5,0,0,0,5,0,0,0,2,0,0,2,0,0,0,0,0,31,5,0,0,0,0,0,0,3,0,3,1,0,0,0,19,1,0
C:\Users\user\Desktop\STUFF A LOT OF 'EM\er\Design_Pattern\jhotdraw\test\util\collections\jdk11\SetWrapperTest.java,org.jhotdraw.test.util.collections.jdk11.SetWrapperTest,class,3,5,2,3,17,2,0,3,134,0.88235295,0.0,0.0,17,0,15,0,2,0,17,0,0,0,1,0,0,1,0,0,0,0,0,43,1,0,0,0,0,0,0,2,0,1,0,0,0,0,90,1,0
C:\Users\user\Desktop\STUFF A LOT OF 'EM\er\Design_Pattern\jhotdraw\util\UndoableHandle.java,org.jhotdraw.util.UndoableHandle,class,10,13,3,10,22,1,0,22,186,0.9,0.0,0.0,20,0,17,0,3,0,20,0,0,0,2,0,0,2,0,0,0,0,0,69,8,0,1,0,2,0,0,3,0,3,1,0,0,0,86,1,0
C:\Users\user\Desktop\STUFF A LOT OF 'EM\er\Design_Pattern\jhotdraw\contrib\DesktopListener.java,org.jhotdraw.contrib.DesktopListener,interface,1,8,7,1,3,1,0,0,3,0.0,0.0,0.0,3,0,3,0,0,0,3,0,0,0,0,0,0,0,0,0,0,0,0,5,0,0,0,0,0,0,0,0,0,0,0,0,0,0,9,1,0
C:\Users\user\Desktop\STUFF A LOT OF 'EM\er\Design_Pattern\jhotdraw\figures\AttributeFigure.java,org.jhotdraw.figures.AttributeFigure,class,7,21,14,7,30,2,8,27,121,0.875,0.0,0.0,18,5,13,2,3,0,16,0,0,0,4,2,0,4,0,0,1,0,12,114,10,0,8,0,0,4,5,12,0,10,2,0,0,0,131,1025,0
C:\Users\user\Desktop\STUFF A LOT OF 'EM\er\Design_Pattern\jhotdraw\test\figures\LineConnectionTest.java,org.jhotdraw.test.figures.LineConnectionTest,class,3,6,3,3,32,2,0,3,494,0.9375,0.0,0.0,32,0,30,0,2,0,32,0,0,0,1,0,0,1,0,0,0,0,0,73,1,0,0,0,0,0,0,2,0,1,0,0,0,0,114,1,0
C:\Users\user\Desktop\STUFF A LOT OF 'EM\er\Design_Pattern\jhotdraw\util\VersionManagement.java,org.jhotdraw.util.VersionManagement,class,1,6,5,1,19,1,0,26,19,0.90476197,0.0,0.0,7,7,6,0,1,0,7,0,0,0,3,3,3,0,0,0,0,0,13,97,16,1,7,1,0,13,9,26,0,21,2,0,0,0,153,1,0
C:\Users\user\Desktop\STUFF A LOT OF 'EM\er\Design_Pattern\jhotdraw\figures\InsertImageCommand.java,org.jhotdraw.figures.InsertImageCommand,class,7,10,3,7,3,3,0,7,1,0.33333334,0.0,0.0,3,0,2,0,1,0,3,0,0,0,1,0,0,1,0,0,0,0,0,56,1,0,0,0,1,0,0,1,0,1,0,0,1,0,36,1,0
C:\Users\user\Desktop\STUFF A LOT OF 'EM\er\Design_Pattern\jhotdraw\test\util\ColorMapTest.java,org.jhotdraw.test.util.ColorMapTest,class,3,5,2,3,10,2,0,3,43,0.8,0.0,0.0,10,0,8,0,2,0,10,0,0,0,1,0,0,1,0,0,0,0,0,29,1,0,0,0,0,0,0,2,0,1,0,0,0,0,78,1,0
C:\Users\user\Desktop\STUFF A LOT OF 'EM\er\Design_Pattern\jhotdraw\contrib\MiniMapView.java,org.jhotdraw.contrib.MiniMapView$MappedDrawingChangeListener,innerclass,2,2,0,2,3,1,0,1,3,0.0,0.0,0.0,3,0,3,0,0,0,3,0,0,0,0,0,0,0,0,0,0,0,0,10,0,0,0,0,0,0,0,0,0,0,0,0,0,0,26,0,0
C:\Users\user\Desktop\STUFF A LOT OF 'EM\er\Design_Pattern\jhotdraw\test\figures\PolyLineConnectorTest.java,org.jhotdraw.test.figures.PolyLineConnectorTest,class,3,6,3,3,5,2,0,3,8,0.6,0.0,0.0,5,0,3,0,2,0,5,0,0,0,1,0,0,1,0,0,0,0,0,19,1,0,0,0,0,0,0,2,0,1,0,0,0,0,71,1,0
C:\Users\user\Desktop\STUFF A LOT OF 'EM\er\Design_Pattern\jhotdraw\test\standard\PeripheralLocatorTest.java,org.jhotdraw.test.standard.PeripheralLocatorTest,class,3,6,3,3,6,2,0,3,13,0.6666667,0.0,0.0,6,0,4,0,2,0,6,0,0,0,1,0,0,1,0,0,0,0,0,21,1,0,0,0,0,0,2,2,0,1,0,0,0,0,73,1,0
C:\Users\user\Desktop\STUFF A LOT OF 'EM\er\Design_Pattern\jhotdraw\contrib\html\FigureDataContentProducer.java,org.jhotdraw.contrib.html.FigureDataContentProducer,class,5,8,3,5,8,2,3,5,6,0.0,0.0,0.0,4,0,4,0,0,0,4,0,0,0,0,0,0,0,0,0,0,0,4,25,5,0,4,0,4,0,4,0,0,0,1,0,0,0,76,1,0
C:\Users\user\Desktop\STUFF A LOT OF 'EM\er\Design_Pattern\jhotdraw\standard\StandardDrawingView.java,org.jhotdraw.standard.StandardDrawingView$DrawingViewKeyListener,innerclass,7,7,0,7,20,1,0,13,13,0.6666667,0.0,0.0,6,0,4,0,2,0,6,0,0,0,1,0,0,1,0,0,0,0,0,52,1,0,9,0,8,1,6,13,0,7,2,0,0,0,57,1,0
C:\Users\user\Desktop\STUFF A LOT OF 'EM\er\Design_Pattern\jhotdraw\figures\FontSizeHandle.java,org.jhotdraw.figures.FontSizeHandle,class,11,14,3,11,7,4,0,17,15,0.0,0.0,0.0,6,0,5,0,1,0,6,0,0,0,0,0,0,0,0,0,0,0,0,85,1,0,1,0,0,0,0,7,2,7,1,0,1,0,49,1,0
C:\Users\user\Desktop\STUFF A LOT OF 'EM\er\Design_Pattern\jhotdraw\test\standard\BoxHandleKitTest.java,org.jhotdraw.test.standard.BoxHandleKitTest,class,3,6,3,3,15,2,0,3,103,0.8666667,0.0,0.0,15,0,13,0,2,0,15,0,0,0,1,0,0,1,0,0,0,0,0,39,1,0,0,0,0,0,0,2,0,1,0,0,0,0,84,1,0
C:\Users\user\Desktop\STUFF A LOT OF 'EM\er\Design_Pattern\jhotdraw\framework\HandleEnumeration.java,org.jhotdraw.framework.HandleEnumeration,interface,1,27,26,1,4,1,0,0,6,0.0,0.0,0.0,4,0,4,0,0,0,4,0,0,0,0,0,0,0,0,0,0,0,0,6,0,0,0,0,0,0,0,0,0,0,0,0,0,0,83,1,0
C:\Users\user\Desktop\STUFF A LOT OF 'EM\er\Design_Pattern\jhotdraw\util\ColorMap.java,org.jhotdraw.util.ColorEntry,class,0,1,1,0,1,1,0,0,0,0.0,NaN,NaN,1,0,0,0,0,1,1,0,0,0,2,0,2,0,0,0,0,0,0,8,0,0,0,0,0,0,0,2,0,2,0,0,0,0,6,0,0
C:\Users\user\Desktop\STUFF A LOT OF 'EM\er\Design_Pattern\jhotdraw\test\standard\FigureAndEnumeratorTest.java,org.jhotdraw.test.standard.FigureAndEnumeratorTest,class,7,10,3,7,8,3,0,6,26,0.75,0.0,0.0,8,0,6,0,2,0,8,0,0,0,1,0,0,1,0,0,0,0,2,33,1,0,0,0,0,0,12,6,0,5,0,0,0,0,89,1,0
C:\Users\user\Desktop\STUFF A LOT OF 'EM\er\Design_Pattern\jhotdraw\test\framework\AllTests.java,org.jhotdraw.test.framework.AllTests,class,6,8,2,6,2,1,0,2,1,0.0,0.0,0.0,2,2,2,0,0,0,2,0,0,0,0,0,0,0,0,0,0,0,0,12,1,0,0,0,0,1,0,1,0,1,0,0,0,0,10,1,0
C:\Users\user\Desktop\STUFF A LOT OF 'EM\er\Design_Pattern\jhotdraw\util\PaletteButton.java,org.jhotdraw.util.PaletteButton,class,2,7,5,2,20,6,1,11,18,0.7083333,0.0,0.0,12,0,12,0,0,0,12,0,0,0,6,3,0,3,3,0,3,0,0,74,2,0,1,0,0,1,3,13,0,6,2,0,0,0,67,1025,0
C:\Users\user\Desktop\STUFF A LOT OF 'EM\er\Design_Pattern\jhotdraw\test\standard\SelectAreaTrackerTest.java,org.jhotdraw.test.standard.SelectAreaTrackerTest,class,3,6,3,3,8,3,0,4,26,0.75,0.0,0.0,8,0,6,0,2,0,8,0,0,0,1,0,0,1,0,0,0,0,0,25,1,0,0,0,0,0,0,2,0,1,0,0,0,0,80,1,0
C:\Users\user\Desktop\STUFF A LOT OF 'EM\er\Design_Pattern\jhotdraw\standard\NullPainter.java,org.jhotdraw.standard.NullPainter,class,2,2,0,2,1,1,0,0,0,0.0,NaN,NaN,1,0,1,0,0,0,1,0,0,0,0,0,0,0,0,0,0,0,0,4,0,0,0,0,0,0,0,0,0,0,0,0,0,0,33,1,0
C:\Users\user\Desktop\STUFF A LOT OF 'EM\er\Design_Pattern\jhotdraw\framework\Tool.java,org.jhotdraw.framework.Tool,interface,3,29,26,3,17,1,0,0,136,0.0,0.0,0.0,17,0,17,0,0,0,17,0,0,0,0,0,0,0,0,0,0,0,0,19,0,0,0,0,0,0,0,0,0,0,0,0,0,0,165,1,0
C:\Users\user\Desktop\STUFF A LOT OF 'EM\er\Design_Pattern\jhotdraw\test\framework\FigureChangeEventTest.java,org.jhotdraw.test.framework.FigureChangeEventTest,class,4,7,3,4,8,2,0,3,26,0.75,0.0,0.0,8,0,6,0,2,0,8,0,0,0,1,0,0,1,0,0,0,0,0,25,1,0,0,0,0,0,4,2,0,1,0,0,0,0,78,1,0
C:\Users\user\Desktop\STUFF A LOT OF 'EM\er\Design_Pattern\jhotdraw\test\standard\HandleAndEnumeratorTest.java,org.jhotdraw.test.standard.HandleAndEnumeratorTest,class,8,11,3,8,9,2,0,7,34,0.7777778,0.0,0.0,9,0,7,0,2,0,9,0,0,0,1,0,0,1,0,0,0,0,6,37,1,0,0,0,0,0,8,8,0,7,0,0,0,0,91,1,0
C:\Users\user\Desktop\STUFF A LOT OF 'EM\er\Design_Pattern\jhotdraw\contrib\html\DiamondFigureGeometricAdapter.java,org.jhotdraw.contrib.html.DiamondFigureGeometricAdapter,class,2,2,0,2,3,5,0,1,3,0.0,0.0,0.0,3,0,3,0,0,0,3,0,0,0,0,0,0,0,0,0,0,0,0,11,1,0,0,0,0,0,0,0,0,0,0,0,0,0,27,1,0
C:\Users\user\Desktop\STUFF A LOT OF 'EM\er\Design_Pattern\jhotdraw\figures\TextFigure.java,org.jhotdraw.figures.TextFigure,class,18,32,14,18,66,3,2,69,935,0.94202906,0.0,0.0,46,4,38,1,7,0,45,0,0,0,15,4,0,15,0,0,1,0,11,276,20,0,12,0,0,3,12,53,6,32,2,0,0,0,182,1,0
C:\Users\user\Desktop\STUFF A LOT OF 'EM\er\Design_Pattern\jhotdraw\test\standard\CopyCommandTest.java,org.jhotdraw.test.standard.CopyCommandTest,class,3,6,3,3,6,3,0,4,13,0.6666667,0.0,0.0,6,0,4,0,2,0,6,0,0,0,1,0,0,1,0,0,0,0,0,21,1,0,0,0,0,1,0,2,0,1,0,0,0,0,75,1,0
C:\Users\user\Desktop\STUFF A LOT OF 'EM\er\Design_Pattern\jhotdraw\util\SerializationStorageFormat.java,org.jhotdraw.util.SerializationStorageFormat,class,2,4,2,2,6,2,0,5,10,0.0,0.0,0.0,5,0,4,0,1,0,5,0,0,0,0,0,0,0,0,0,0,0,0,28,4,0,0,1,0,5,0,4,2,4,1,0,0,0,90,1,0
C:\Users\user\Desktop\STUFF A LOT OF 'EM\er\Design_Pattern\jhotdraw\test\contrib\SimpleLayouterTest.java,org.jhotdraw.test.contrib.SimpleLayouterTest,class,6,8,2,6,14,2,0,8,54,0.6666667,0.0,0.0,12,0,10,0,2,0,12,0,0,0,1,0,0,1,0,0,0,0,0,44,1,2,0,0,0,0,10,7,0,6,1,0,0,0,100,1,0
C:\Users\user\Desktop\STUFF A LOT OF 'EM\er\Design_Pattern\jhotdraw\test\samples\net\NetSuite.java,org.jhotdraw.test.samples.net.NetSuite,class,4,5,1,4,2,1,0,3,1,0.0,0.0,0.0,2,2,2,0,0,0,2,0,0,0,0,0,0,0,0,0,0,0,1,12,1,0,0,0,0,1,0,1,0,1,0,0,0,0,14,1,0
C:\Users\user\Desktop\STUFF A LOT OF 'EM\er\Design_Pattern\jhotdraw\standard\AbstractLocator.java,org.jhotdraw.standard.AbstractLocator,class,4,10,6,4,5,1,5,1,6,1.0,0.0,0.0,4,0,3,0,1,0,4,0,0,0,1,1,0,1,0,0,1,0,0,17,1,0,0,1,0,0,1,1,0,1,1,0,0,0,38,1025,0
C:\Users\user\Desktop\STUFF A LOT OF 'EM\er\Design_Pattern\jhotdraw\contrib\PolygonScaleHandle.java,org.jhotdraw.contrib.PolygonScaleHandle$UndoActivity,innerclass,6,6,0,6,9,2,0,14,13,0.6666667,0.0,0.0,6,0,4,0,2,0,6,0,0,0,1,0,0,1,0,0,0,0,0,39,7,0,0,0,0,0,0,4,0,4,1,0,0,0,25,9,0
C:\Users\user\Desktop\STUFF A LOT OF 'EM\er\Design_Pattern\jhotdraw\figures\LineFigure.java,org.jhotdraw.figures.LineFigure,class,2,10,8,2,7,3,0,4,21,1.0,0.0,0.0,7,0,7,0,0,0,7,0,0,0,2,1,0,2,0,0,1,0,0,27,2,0,0,0,0,0,12,2,0,2,0,0,0,0,38,1,0
C:\Users\user\Desktop\STUFF A LOT OF 'EM\er\Design_Pattern\jhotdraw\contrib\TriangleFigure.java,org.jhotdraw.contrib.TriangleFigure,class,11,18,7,11,32,4,1,22,49,0.67857146,0.0,0.0,14,0,14,0,0,0,14,0,0,0,2,1,0,1,0,1,0,0,3,131,16,1,0,0,0,0,56,17,47,12,2,0,0,0,79,1,0
C:\Users\user\Desktop\STUFF A LOT OF 'EM\er\Design_Pattern\jhotdraw\test\figures\NullFigureTest.java,org.jhotdraw.test.figures.NullFigureTest,class,3,6,3,3,19,2,0,3,169,0.8947368,0.0,0.0,19,0,17,0,2,0,19,0,0,0,1,0,0,1,0,0,0,0,0,47,1,0,0,0,0,0,0,2,0,1,0,0,0,0,101,1,0
C:\Users\user\Desktop\STUFF A LOT OF 'EM\er\Design_Pattern\jhotdraw\figures\PolyLineConnector.java,org.jhotdraw.figures.PolyLineConnector,class,6,8,2,6,8,3,0,6,3,1.0,0.0,0.0,3,0,2,0,1,0,3,0,0,0,1,1,0,1,0,0,1,0,3,41,1,2,1,0,0,0,7,20,2,14,3,0,0,0,39,1,0
C:\Users\user\Desktop\STUFF A LOT OF 'EM\er\Design_Pattern\jhotdraw\test\standard\ConnectionHandleTest.java,org.jhotdraw.test.standard.ConnectionHandleTest,class,6,9,3,6,9,3,0,4,34,0.7777778,0.0,0.0,9,0,7,0,2,0,9,0,0,0,1,0,0,1,0,0,0,0,1,27,1,0,0,0,0,0,4,2,0,1,0,0,0,0,84,1,0
C:\Users\user\Desktop\STUFF A LOT OF 'EM\er\Design_Pattern\jhotdraw\standard\FigureEnumerator.java,org.jhotdraw.standard.FigureEnumerator,class,4,32,28,4,5,1,0,6,2,0.59999996,0.0,0.0,5,1,5,0,0,0,5,0,0,0,3,1,0,3,0,0,0,0,1,21,3,0,0,0,0,0,0,3,0,3,0,0,0,0,59,17,0
C:\Users\user\Desktop\STUFF A LOT OF 'EM\er\Design_Pattern\jhotdraw\samples\pert\PertApplet.java,org.jhotdraw.samples.pert.PertApplet,class,9,10,1,9,1,7,0,3,0,0.0,NaN,NaN,1,0,0,0,1,0,1,0,0,0,1,1,0,1,0,0,1,0,0,14,0,0,0,0,0,9,0,5,4,2,0,0,0,0,33,1,0
C:\Users\user\Desktop\STUFF A LOT OF 'EM\er\Design_Pattern\jhotdraw\test\util\UtilSuite.java,org.jhotdraw.test.util.UtilSuite,class,31,32,1,31,2,1,0,3,1,0.0,0.0,0.0,2,2,2,0,0,0,2,0,0,0,0,0,0,0,0,0,0,0,1,39,1,0,0,0,0,1,0,1,0,1,0,0,0,0,14,1,0
C:\Users\user\Desktop\STUFF A LOT OF 'EM\er\Design_Pattern\jhotdraw\util\Filler.java,org.jhotdraw.util.Filler,class,1,4,3,1,6,5,0,2,6,0.6,0.0,0.0,5,0,5,0,0,0,5,0,0,0,3,0,0,3,0,0,0,0,0,25,4,0,1,0,0,0,0,3,0,3,1,0,0,0,29,1,0
C:\Users\user\Desktop\STUFF A LOT OF 'EM\er\Design_Pattern\jhotdraw\figures\BorderTool.java,org.jhotdraw.figures.BorderTool$UndoActivity,innerclass,8,8,0,8,8,2,0,16,6,0.0,0.0,0.0,4,0,4,0,0,0,4,0,0,0,0,0,0,0,0,0,0,0,1,38,7,0,0,0,0,0,0,5,0,4,1,0,0,0,25,9,0
C:\Users\user\Desktop\STUFF A LOT OF 'EM\er\Design_Pattern\jhotdraw\contrib\CommandCheckBoxMenuItem.java,org.jhotdraw.contrib.CommandCheckBoxMenuItem,class,3,6,3,3,6,7,0,2,13,0.6666667,0.0,0.0,6,0,6,0,0,0,6,0,0,0,1,0,0,0,0,1,0,0,0,25,1,0,0,0,0,0,0,1,0,1,0,0,0,0,51,1,0
C:\Users\user\Desktop\STUFF A LOT OF 'EM\er\Design_Pattern\jhotdraw\test\framework\FrameworkSuite.java,org.jhotdraw.test.framework.FrameworkSuite,class,5,6,1,5,2,1,0,3,1,0.0,0.0,0.0,2,2,2,0,0,0,2,0,0,0,0,0,0,0,0,0,0,0,1,13,1,0,0,0,0,1,0,1,0,1,0,0,0,0,14,1,0
C:\Users\user\Desktop\STUFF A LOT OF 'EM\er\Design_Pattern\jhotdraw\contrib\html\DisposableResourceHolder.java,org.jhotdraw.contrib.html.DisposableResourceHolder,interface,0,6,6,0,12,1,0,0,66,0.0,0.0,0.0,12,0,12,0,0,0,12,0,0,0,0,0,0,0,0,0,0,0,0,14,0,0,0,0,0,0,0,0,0,0,0,0,0,0,148,1,0
C:\Users\user\Desktop\STUFF A LOT OF 'EM\er\Design_Pattern\jhotdraw\test\figures\ElbowHandleTest.java,org.jhotdraw.test.figures.ElbowHandleTest,class,4,7,3,4,9,3,0,3,34,0.7777778,0.0,0.0,9,0,7,0,2,0,9,0,0,0,1,0,0,1,0,0,0,0,0,28,1,0,0,0,0,0,1,3,0,2,0,0,0,0,85,1,0
C:\Users\user\Desktop\STUFF A LOT OF 'EM\er\Design_Pattern\jhotdraw\contrib\zoom\AreaTracker.java,org.jhotdraw.contrib.zoom.AreaTracker,class,4,6,2,4,8,2,1,17,22,0.625,0.0,0.0,8,0,4,3,1,0,5,0,0,0,1,0,0,1,0,0,0,0,0,36,1,0,0,0,0,0,0,2,0,2,0,0,0,0,61,1025,0
C:\Users\user\Desktop\STUFF A LOT OF 'EM\er\Design_Pattern\jhotdraw\figures\TextTool.java,org.jhotdraw.figures.TextTool$UndoActivity,innerclass,6,6,0,6,15,2,0,16,32,0.7777778,0.0,0.0,9,0,7,0,2,0,9,0,0,0,2,0,0,2,0,0,0,0,0,50,7,1,2,0,3,0,1,4,0,4,2,0,0,0,30,9,0
C:\Users\user\Desktop\STUFF A LOT OF 'EM\er\Design_Pattern\jhotdraw\contrib\CommandHolder.java,org.jhotdraw.contrib.CommandHolder,interface,1,4,3,1,2,1,0,0,1,0.0,0.0,0.0,2,0,2,0,0,0,2,0,0,0,0,0,0,0,0,0,0,0,0,4,0,0,0,0,0,0,0,0,0,0,0,0,0,0,28,1,0
C:\Users\user\Desktop\STUFF A LOT OF 'EM\er\Design_Pattern\jhotdraw\test\samples\javadraw\AnimatorTest.java,org.jhotdraw.test.samples.javadraw.AnimatorTest,class,8,11,3,8,8,3,0,6,26,0.75,0.0,0.0,8,0,6,0,2,0,8,0,0,0,1,0,0,1,0,0,0,0,0,27,1,0,0,0,0,0,4,4,0,3,0,0,0,0,86,1,0
C:\Users\user\Desktop\STUFF A LOT OF 'EM\er\Design_Pattern\jhotdraw\figures\AbstractLineDecoration.java,org.jhotdraw.figures.AbstractLineDecoration,class,6,8,2,6,18,1,1,16,39,0.84999996,0.0,0.0,10,0,10,0,0,0,10,1,0,0,4,1,0,3,0,1,1,0,4,72,4,0,5,0,0,3,3,9,2,9,1,0,0,0,90,1025,0
C:\Users\user\Desktop\STUFF A LOT OF 'EM\er\Design_Pattern\jhotdraw\util\collections\jdk12\CollectionsFactoryJDK12.java,org.jhotdraw.util.collections.jdk12.CollectionsFactoryJDK12,class,1,2,1,1,8,2,0,0,28,0.0,0.0,0.0,8,0,8,0,0,0,8,0,0,0,0,0,0,0,0,0,0,0,0,25,7,0,0,0,0,0,0,0,0,0,0,0,0,0,17,1,0
C:\Users\user\Desktop\STUFF A LOT OF 'EM\er\Design_Pattern\jhotdraw\application\DrawApplication.java,org.jhotdraw.application.DrawApplication$Anonymous11,anonymous,4,4,0,4,5,1,0,10,3,0.0,0.0,0.0,3,0,3,0,0,0,3,0,0,0,0,0,0,0,0,0,0,0,0,20,0,0,2,0,0,0,0,3,0,3,2,0,0,0,21,-1,0
C:\Users\user\Desktop\STUFF A LOT OF 'EM\er\Design_Pattern\jhotdraw\contrib\Desktop.java,org.jhotdraw.contrib.Desktop,interface,2,12,10,2,8,1,0,0,28,1.0,0.0,0.0,8,0,8,0,0,0,8,0,0,0,3,3,3,0,0,0,3,0,0,13,0,0,0,0,0,0,3,3,0,3,0,0,0,0,42,1,0
C:\Users\user\Desktop\STUFF A LOT OF 'EM\er\Design_Pattern\jhotdraw\framework\ViewChangeListener.java,org.jhotdraw.framework.ViewChangeListener,interface,1,7,6,1,3,1,0,0,3,0.0,0.0,0.0,3,0,3,0,0,0,3,0,0,0,0,0,0,0,0,0,0,0,0,5,0,0,0,0,0,0,0,0,0,0,0,0,0,0,54,1,0
C:\Users\user\Desktop\STUFF A LOT OF 'EM\er\Design_Pattern\jhotdraw\test\figures\InsertImageCommandTest.java,org.jhotdraw.test.figures.InsertImageCommandTest,class,3,6,3,3,6,3,0,4,13,0.75,0.0,0.0,6,0,4,0,2,0,6,0,0,0,2,1,0,2,0,0,0,0,0,22,1,0,0,0,0,2,0,3,0,2,0,0,0,0,85,1,0
C:\Users\user\Desktop\STUFF A LOT OF 'EM\er\Design_Pattern\jhotdraw\application\DrawApplication.java,org.jhotdraw.application.DrawApplication$Anonymous10,anonymous,1,1,0,1,1,1,0,1,0,0.0,NaN,NaN,1,0,1,0,0,0,1,0,0,0,0,0,0,0,0,0,0,0,0,5,0,0,0,0,0,0,0,0,0,0,0,0,0,0,8,-1,0
C:\Users\user\Desktop\STUFF A LOT OF 'EM\er\Design_Pattern\jhotdraw\standard\ChangeAttributeCommand.java,org.jhotdraw.standard.ChangeAttributeCommand$UndoActivity,innerclass,6,6,0,6,19,2,0,19,39,0.75757575,0.0,0.0,11,0,7,0,4,0,11,0,0,0,3,0,0,3,0,0,0,0,0,72,7,3,3,0,0,0,0,11,0,10,2,0,0,0,37,9,0
C:\Users\user\Desktop\STUFF A LOT OF 'EM\er\Design_Pattern\jhotdraw\test\figures\ConnectedTextToolTest.java,org.jhotdraw.test.figures.ConnectedTextToolTest,class,4,7,3,4,8,3,0,4,26,0.75,0.0,0.0,8,0,6,0,2,0,8,0,0,0,1,0,0,1,0,0,0,0,0,25,1,0,0,0,0,0,4,2,0,1,0,0,0,0,85,1,0
C:\Users\user\Desktop\STUFF A LOT OF 'EM\er\Design_Pattern\jhotdraw\framework\FigureEnumeration.java,org.jhotdraw.framework.FigureEnumeration,interface,1,79,78,1,3,1,0,0,3,0.0,0.0,0.0,3,0,3,0,0,0,3,0,0,0,0,0,0,0,0,0,0,0,0,5,0,0,0,0,0,0,0,0,0,0,0,0,0,0,56,1,0
C:\Users\user\Desktop\STUFF A LOT OF 'EM\er\Design_Pattern\jhotdraw\contrib\MDIDesktopPane.java,org.jhotdraw.contrib.MDIDesktopPane$Anonymous1,anonymous,4,4,0,4,4,1,0,10,3,0.0,0.0,0.0,3,0,3,0,0,0,3,0,0,0,0,0,0,0,0,0,0,0,4,21,0,0,1,0,0,0,1,5,0,5,1,0,0,0,52,-1,0
C:\Users\user\Desktop\STUFF A LOT OF 'EM\er\Design_Pattern\jhotdraw\test\standard\ReverseFigureEnumeratorTest.java,org.jhotdraw.test.standard.ReverseFigureEnumeratorTest,class,6,9,3,6,8,2,0,6,26,0.75,0.0,0.0,8,0,6,0,2,0,8,0,0,0,1,0,0,1,0,0,0,0,1,28,1,0,0,0,0,0,4,3,0,2,0,0,0,0,84,1,0
C:\Users\user\Desktop\STUFF A LOT OF 'EM\er\Design_Pattern\jhotdraw\contrib\TriangleRotationHandle.java,org.jhotdraw.contrib.TriangleRotationHandle$UndoActivity,innerclass,6,6,0,6,9,2,0,14,13,0.6666667,0.0,0.0,6,0,4,0,2,0,6,0,0,0,1,0,0,1,0,0,0,0,0,39,7,0,0,0,0,0,0,4,0,4,1,0,0,0,27,9,0
C:\Users\user\Desktop\STUFF A LOT OF 'EM\er\Design_Pattern\jhotdraw\standard\SelectionTool.java,org.jhotdraw.standard.SelectionTool,class,14,21,7,14,18,2,2,26,43,0.8,0.0,0.0,10,0,5,0,5,0,10,0,1,0,1,0,0,1,0,0,0,0,1,67,5,0,7,0,0,0,0,4,0,3,3,0,0,0,99,1,0
C:\Users\user\Desktop\STUFF A LOT OF 'EM\er\Design_Pattern\jhotdraw\test\standard\ConnectionToolTest.java,org.jhotdraw.test.standard.ConnectionToolTest,class,4,7,3,4,10,3,0,4,43,0.8,0.0,0.0,10,0,8,0,2,0,10,0,0,0,1,0,0,1,0,0,0,0,0,30,1,0,0,0,0,0,0,3,0,2,0,0,0,0,85,1,0
C:\Users\user\Desktop\STUFF A LOT OF 'EM\er\Design_Pattern\jhotdraw\test\samples\nothing\NothingSuite.java,org.jhotdraw.test.samples.nothing.NothingSuite,class,4,5,1,4,2,1,0,3,1,0.0,0.0,0.0,2,2,2,0,0,0,2,0,0,0,0,0,0,0,0,0,0,0,1,12,1,0,0,0,0,1,0,1,0,1,0,0,0,0,14,1,0
C:\Users\user\Desktop\STUFF A LOT OF 'EM\er\Design_Pattern\jhotdraw\test\contrib\PolygonToolTest.java,org.jhotdraw.test.contrib.PolygonToolTest,class,3,5,2,3,11,3,0,4,53,0.8181818,0.0,0.0,11,0,9,0,2,0,11,0,0,0,1,0,0,1,0,0,0,0,0,31,1,0,0,0,0,0,0,2,0,1,0,0,0,0,84,1,0
C:\Users\user\Desktop\STUFF A LOT OF 'EM\er\Design_Pattern\jhotdraw\util\Command.java,org.jhotdraw.util.Command,interface,3,19,16,3,8,1,0,0,28,0.0,0.0,0.0,8,0,8,0,0,0,8,0,0,0,0,0,0,0,0,0,0,0,0,10,0,0,0,0,0,0,0,0,0,0,0,0,0,0,58,1,0
C:\Users\user\Desktop\STUFF A LOT OF 'EM\er\Design_Pattern\jhotdraw\contrib\html\StandardDisposableResourceManager.java,org.jhotdraw.contrib.html.StandardDisposableResourceManager,class,4,6,2,4,9,1,0,10,10,0.5555556,0.0,0.0,9,0,9,0,0,0,9,0,0,3,2,0,0,2,0,0,0,0,0,33,3,0,0,0,0,0,0,2,0,2,0,0,0,0,96,1,0
C:\Users\user\Desktop\STUFF A LOT OF 'EM\er\Design_Pattern\jhotdraw\standard\FigureChangeAdapter.java,org.jhotdraw.standard.FigureChangeAdapter,class,2,4,2,2,5,1,1,0,10,0.0,0.0,0.0,5,0,5,0,0,0,5,0,0,0,0,0,0,0,0,0,0,0,0,12,0,0,0,0,0,0,0,0,0,0,0,0,0,0,31,1,0
C:\Users\user\Desktop\STUFF A LOT OF 'EM\er\Design_Pattern\jhotdraw\util\Bounds.java,org.jhotdraw.util.Bounds,class,1,4,3,1,131,1,0,28,286,0.5208333,0.0,0.0,48,0,45,2,1,0,46,0,0,0,4,0,0,0,4,0,0,0,21,373,39,1,9,0,110,3,28,87,91,46,4,0,0,0,116,1,0
C:\Users\user\Desktop\STUFF A LOT OF 'EM\er\Design_Pattern\jhotdraw\standard\SendToBackCommand.java,org.jhotdraw.standard.SendToBackCommand,class,9,12,3,9,6,3,0,14,6,0.0,0.0,0.0,4,0,2,0,2,0,4,0,0,0,0,0,0,0,0,0,0,0,0,70,2,1,0,0,0,0,1,1,0,1,1,0,1,0,37,1,0
C:\Users\user\Desktop\STUFF A LOT OF 'EM\er\Design_Pattern\jhotdraw\contrib\html\AttributeFigureContentProducer.java,org.jhotdraw.contrib.html.AttributeFigureContentProducer,class,5,6,1,5,5,3,1,4,6,0.0,0.0,0.0,4,0,4,0,0,0,4,0,0,0,0,0,0,0,0,0,0,0,0,17,2,0,1,0,1,0,0,1,0,1,1,0,0,0,65,1,0
C:\Users\user\Desktop\STUFF A LOT OF 'EM\er\Design_Pattern\jhotdraw\test\standard\PasteCommandTest.java,org.jhotdraw.test.standard.PasteCommandTest,class,3,6,3,3,7,3,0,4,19,0.71428573,0.0,0.0,7,0,5,0,2,0,7,0,0,0,1,0,0,1,0,0,0,0,0,23,1,0,0,0,0,1,0,2,0,1,0,0,0,0,79,1,0
C:\Users\user\Desktop\STUFF A LOT OF 'EM\er\Design_Pattern\jhotdraw\test\util\FloatingTextFieldTest.java,org.jhotdraw.test.util.FloatingTextFieldTest,class,3,5,2,3,12,2,0,3,64,0.8333333,0.0,0.0,12,0,10,0,2,0,12,0,0,0,1,0,0,1,0,0,0,0,0,33,1,0,0,0,0,0,0,2,0,1,0,0,0,0,88,1,0
C:\Users\user\Desktop\STUFF A LOT OF 'EM\er\Design_Pattern\jhotdraw\test\util\UndoableHandleTest.java,org.jhotdraw.test.util.UndoableHandleTest,class,5,7,2,5,15,2,0,4,103,0.8666667,0.0,0.0,15,0,13,0,2,0,15,0,0,0,1,0,0,1,0,0,0,0,1,39,1,0,0,0,0,0,4,2,0,1,0,0,0,0,105,1,0
C:\Users\user\Desktop\STUFF A LOT OF 'EM\er\Design_Pattern\jhotdraw\standard\StandardDrawingView.java,org.jhotdraw.standard.StandardDrawingView,class,33,44,11,33,158,7,1,119,3412,0.9722355,0.0,0.0,85,0,63,2,20,0,83,0,0,1,25,6,4,21,0,0,5,0,17,655,44,17,28,0,10,3,22,85,6,70,4,1,4,0,372,1,0
C:\Users\user\Desktop\STUFF A LOT OF 'EM\er\Design_Pattern\jhotdraw\test\standard\ToggleGridCommandTest.java,org.jhotdraw.test.standard.ToggleGridCommandTest,class,3,6,3,3,6,3,0,4,13,0.6666667,0.0,0.0,6,0,4,0,2,0,6,0,0,0,1,0,0,1,0,0,0,0,0,21,1,0,0,0,0,1,2,2,0,1,0,0,0,0,77,1,0
C:\Users\user\Desktop\STUFF A LOT OF 'EM\er\Design_Pattern\jhotdraw\standard\NullHandle.java,org.jhotdraw.standard.NullHandle,class,4,15,11,4,2,3,1,3,1,1.0,0.0,0.0,2,0,2,0,0,0,2,0,0,0,1,0,0,0,1,0,0,0,0,11,0,0,0,0,0,0,0,1,0,2,0,0,0,0,53,1,0
C:\Users\user\Desktop\STUFF A LOT OF 'EM\er\Design_Pattern\jhotdraw\figures\PolyLineLocator.java,org.jhotdraw.figures.PolyLineLocator,class,3,4,1,3,3,2,0,2,0,0.0,0.0,0.0,2,0,2,0,0,0,2,0,0,0,1,0,0,0,0,1,0,0,0,13,2,0,0,0,1,0,2,2,0,2,1,0,0,0,30,0,0
C:\Users\user\Desktop\STUFF A LOT OF 'EM\er\Design_Pattern\jhotdraw\framework\FigureSelection.java,org.jhotdraw.framework.FigureSelection,interface,0,6,6,0,2,1,0,0,1,0.0,0.0,0.0,2,0,2,0,0,0,2,0,0,0,0,0,0,0,0,0,0,0,0,4,0,0,0,0,0,0,0,0,0,0,0,0,0,0,33,1,0
C:\Users\user\Desktop\STUFF A LOT OF 'EM\er\Design_Pattern\jhotdraw\test\contrib\CompositeFigureCreationToolTest.java,org.jhotdraw.test.contrib.CompositeFigureCreationToolTest,class,4,6,2,4,9,3,0,4,34,0.7777778,0.0,0.0,9,0,7,0,2,0,9,0,0,0,1,0,0,1,0,0,0,0,0,27,1,0,0,0,0,0,0,2,0,1,0,0,0,0,84,1,0
C:\Users\user\Desktop\STUFF A LOT OF 'EM\er\Design_Pattern\jhotdraw\test\util\StorageFormatManagerTest.java,org.jhotdraw.test.util.StorageFormatManagerTest,class,5,7,2,5,12,2,0,6,49,0.72727275,0.0,0.0,11,0,9,0,2,0,11,0,0,0,1,0,0,1,0,0,0,0,0,36,1,1,0,0,0,0,1,4,0,3,1,0,0,0,98,1,0
C:\Users\user\Desktop\STUFF A LOT OF 'EM\er\Design_Pattern\jhotdraw\contrib\PolygonHandle.java,org.jhotdraw.contrib.PolygonHandle,class,9,12,3,9,9,4,0,11,17,0.71428573,0.0,0.0,7,0,5,1,1,0,6,0,0,0,2,0,0,2,0,0,0,0,0,50,3,0,2,0,4,0,0,3,0,3,1,0,1,0,65,1,0
C:\Users\user\Desktop\STUFF A LOT OF 'EM\er\Design_Pattern\jhotdraw\standard\StandardDrawingView.java,org.jhotdraw.standard.StandardDrawingView$DrawingViewMouseMotionListener,innerclass,2,2,0,2,4,1,0,8,1,0.0,0.0,0.0,2,0,2,0,0,0,2,0,0,0,0,0,0,0,0,0,0,0,0,20,0,0,0,2,0,0,0,1,0,1,1,0,0,0,31,1,0
C:\Users\user\Desktop\STUFF A LOT OF 'EM\er\Design_Pattern\jhotdraw\contrib\Layoutable.java,org.jhotdraw.contrib.Layoutable,interface,2,8,6,2,3,1,0,0,3,0.0,0.0,0.0,3,0,3,0,0,0,3,0,0,0,0,0,0,0,0,0,0,0,0,5,0,0,0,0,0,0,0,0,0,0,0,0,0,0,26,1,0
C:\Users\user\Desktop\STUFF A LOT OF 'EM\er\Design_Pattern\jhotdraw\standard\ChangeConnectionStartHandle.java,org.jhotdraw.standard.ChangeConnectionStartHandle$UndoActivity,innerclass,4,4,0,4,2,3,0,3,1,0.0,0.0,0.0,2,0,1,0,1,0,2,0,0,0,0,0,0,0,0,0,0,0,0,10,1,0,0,0,0,0,0,1,0,1,0,0,0,0,14,9,0
C:\Users\user\Desktop\STUFF A LOT OF 'EM\er\Design_Pattern\jhotdraw\figures\GroupCommand.java,org.jhotdraw.figures.GroupCommand,class,7,11,4,7,5,3,0,10,6,0.0,0.0,0.0,4,0,3,0,1,0,4,0,0,0,0,0,0,0,0,0,0,0,0,63,2,0,0,0,1,0,1,0,0,0,0,0,1,0,35,1,0
C:\Users\user\Desktop\STUFF A LOT OF 'EM\er\Design_Pattern\jhotdraw\standard\CreationTool.java,org.jhotdraw.standard.CreationTool,class,11,27,16,11,23,2,5,32,128,0.88235295,0.0,0.0,17,0,6,0,11,0,17,0,0,0,4,0,0,4,0,0,0,0,1,86,6,0,3,0,0,1,0,4,0,4,1,0,0,0,146,1,0
C:\Users\user\Desktop\STUFF A LOT OF 'EM\er\Design_Pattern\jhotdraw\standard\LocatorConnector.java,org.jhotdraw.standard.LocatorConnector,class,6,9,3,6,9,2,0,13,34,0.9166666,0.0,0.0,9,0,8,0,1,0,9,0,0,0,4,2,1,3,0,0,2,0,0,41,3,0,0,0,0,0,5,6,4,6,0,0,0,0,77,1,0
C:\Users\user\Desktop\STUFF A LOT OF 'EM\er\Design_Pattern\jhotdraw\standard\NullDrawingView.java,org.jhotdraw.standard.NullDrawingView,class,17,22,5,17,54,5,0,9,1370,0.96603775,0.0,0.0,53,1,52,0,1,0,53,0,0,1,5,1,0,5,0,0,0,0,4,150,25,0,0,0,0,0,2,6,0,6,1,0,0,0,230,1,0
C:\Users\user\Desktop\STUFF A LOT OF 'EM\er\Design_Pattern\jhotdraw\samples\javadraw\JavaDrawApplet.java,org.jhotdraw.samples.javadraw.JavaDrawApplet$Anonymous1,anonymous,1,1,0,1,1,1,0,1,0,0.0,NaN,NaN,1,0,1,0,0,0,1,0,0,0,0,0,0,0,0,0,0,0,0,5,0,0,0,0,0,0,0,0,0,0,0,0,0,0,7,-1,0
C:\Users\user\Desktop\STUFF A LOT OF 'EM\er\Design_Pattern\jhotdraw\standard\BoxHandleKit.java,org.jhotdraw.standard.EastHandle,class,5,6,1,5,2,4,0,5,1,0.0,0.0,0.0,2,0,1,0,0,1,2,0,0,0,0,0,0,0,0,0,0,0,2,9,0,0,0,0,0,0,0,1,1,1,0,0,0,0,13,0,0
C:\Users\user\Desktop\STUFF A LOT OF 'EM\er\Design_Pattern\jhotdraw\figures\ScribbleTool.java,org.jhotdraw.figures.ScribbleTool,class,11,15,4,11,19,2,0,22,37,0.825,0.0,0.0,10,0,6,2,2,0,8,0,0,0,3,0,0,3,0,0,0,0,0,62,2,0,5,0,0,0,4,5,0,4,2,0,0,0,60,1,0
C:\Users\user\Desktop\STUFF A LOT OF 'EM\er\Design_Pattern\jhotdraw\test\contrib\TextAreaFigureTest.java,org.jhotdraw.test.contrib.TextAreaFigureTest,class,4,6,2,4,43,2,0,15,610,0.7837838,0.0,0.0,37,0,35,0,2,0,37,0,0,0,1,0,0,1,0,0,0,0,0,116,1,5,0,1,0,12,6,13,0,12,1,0,0,0,140,1,0
C:\Users\user\Desktop\STUFF A LOT OF 'EM\er\Design_Pattern\jhotdraw\contrib\html\AbstractContentProducer.java,org.jhotdraw.contrib.html.AbstractContentProducer,class,3,6,3,3,3,1,3,0,3,1.0,0.0,0.0,3,0,3,0,0,0,3,0,0,0,1,1,0,0,0,1,1,0,0,9,0,0,0,0,0,0,1,1,0,1,0,0,0,0,49,1025,0
C:\Users\user\Desktop\STUFF A LOT OF 'EM\er\Design_Pattern\jhotdraw\standard\StandardDrawingView.java,org.jhotdraw.standard.StandardDrawingView$ASH,innerclass,1,1,0,1,4,2,0,3,6,0.0,0.0,0.0,4,0,4,0,0,0,4,0,0,0,0,0,0,0,0,0,0,0,0,14,2,0,0,0,0,0,0,0,0,0,0,0,0,0,15,0,0
C:\Users\user\Desktop\STUFF A LOT OF 'EM\er\Design_Pattern\jhotdraw\figures\BorderTool.java,org.jhotdraw.figures.BorderTool,class,14,18,4,14,9,4,0,19,10,0.0,0.0,0.0,5,0,4,0,1,0,5,0,0,0,0,0,0,0,0,0,0,0,2,75,1,0,3,0,6,0,1,3,0,3,2,0,1,0,65,1,0
C:\Users\user\Desktop\STUFF A LOT OF 'EM\er\Design_Pattern\jhotdraw\test\standard\RelativeLocatorTest.java,org.jhotdraw.test.standard.RelativeLocatorTest,class,3,6,3,3,18,2,0,3,151,0.8888889,0.0,0.0,18,0,16,0,2,0,18,0,0,0,1,0,0,1,0,0,0,0,0,45,1,0,0,0,0,0,0,2,0,1,0,0,0,0,89,1,0
C:\Users\user\Desktop\STUFF A LOT OF 'EM\er\Design_Pattern\jhotdraw\standard\ConnectionTool.java,org.jhotdraw.standard.ConnectionTool,class,14,24,10,14,59,3,1,59,335,0.9259259,0.0,0.0,27,0,6,0,21,0,27,0,0,0,9,0,0,9,0,0,0,0,1,241,18,2,21,0,2,0,0,31,0,24,3,0,1,0,164,1,0
C:\Users\user\Desktop\STUFF A LOT OF 'EM\er\Design_Pattern\jhotdraw\contrib\zoom\ZoomTool.java,org.jhotdraw.contrib.zoom.ZoomTool,class,6,7,1,6,17,2,0,12,0,0.25,0.0,0.0,4,0,4,0,0,0,4,0,0,0,1,0,0,1,0,0,0,0,0,43,1,0,8,0,9,0,5,2,0,1,2,0,0,0,21,1,0
C:\Users\user\Desktop\STUFF A LOT OF 'EM\er\Design_Pattern\jhotdraw\standard\AbstractTool.java,org.jhotdraw.standard.AbstractTool,class,11,38,27,11,46,1,15,36,614,0.94444454,0.0,0.0,36,0,22,1,13,0,35,0,0,0,8,0,0,8,0,0,0,0,0,216,14,0,6,0,2,0,0,8,0,8,2,1,1,0,156,1025,0
C:\Users\user\Desktop\STUFF A LOT OF 'EM\er\Design_Pattern\jhotdraw\contrib\ComponentFigure.java,org.jhotdraw.contrib.ComponentFigure,class,6,9,3,6,9,3,0,11,14,0.6111111,0.0,0.0,9,0,6,1,2,0,8,0,0,0,2,0,0,2,0,0,0,0,2,37,3,0,0,0,0,0,0,5,0,4,0,0,0,0,84,1,0
C:\Users\user\Desktop\STUFF A LOT OF 'EM\er\Design_Pattern\jhotdraw\samples\pert\PertApplication.java,org.jhotdraw.samples.pert.PertApplication,class,10,12,2,10,3,7,0,4,3,0.6666667,0.0,0.0,3,1,2,0,1,0,3,0,0,0,1,1,0,1,0,0,1,0,0,21,0,0,0,0,0,10,0,6,4,3,0,0,0,0,35,1,0
C:\Users\user\Desktop\STUFF A LOT OF 'EM\er\Design_Pattern\jhotdraw\test\contrib\ClippingUpdateStrategyTest.java,org.jhotdraw.test.contrib.ClippingUpdateStrategyTest,class,3,5,2,3,6,2,0,3,13,0.6666667,0.0,0.0,6,0,4,0,2,0,6,0,0,0,1,0,0,1,0,0,0,0,0,21,1,0,0,0,0,0,0,2,0,1,0,0,0,0,74,1,0
C:\Users\user\Desktop\STUFF A LOT OF 'EM\er\Design_Pattern\jhotdraw\test\samples\net\NodeFigureTest.java,org.jhotdraw.test.samples.net.NodeFigureTest,class,3,6,3,3,12,2,0,3,64,0.8333333,0.0,0.0,12,0,10,0,2,0,12,0,0,0,1,0,0,1,0,0,0,0,0,33,1,0,0,0,0,0,0,2,0,1,0,0,0,0,88,1,0
C:\Users\user\Desktop\STUFF A LOT OF 'EM\er\Design_Pattern\jhotdraw\test\standard\NullHandleTest.java,org.jhotdraw.test.standard.NullHandleTest,class,5,8,3,5,6,2,0,3,13,0.6666667,0.0,0.0,6,0,4,0,2,0,6,0,0,0,1,0,0,1,0,0,0,0,0,21,1,0,0,0,0,0,4,2,0,1,0,0,0,0,78,1,0
C:\Users\user\Desktop\STUFF A LOT OF 'EM\er\Design_Pattern\jhotdraw\figures\EllipseFigure.java,org.jhotdraw.figures.EllipseFigure,class,10,17,7,10,12,3,1,13,36,0.8333333,0.0,0.0,12,0,11,0,1,0,12,0,0,0,3,1,0,3,0,0,1,0,2,54,4,0,0,0,0,0,10,10,4,9,0,0,0,0,54,1,0
C:\Users\user\Desktop\STUFF A LOT OF 'EM\er\Design_Pattern\jhotdraw\contrib\CustomSelectionTool.java,org.jhotdraw.contrib.CustomSelectionTool,class,9,11,2,9,22,3,0,27,45,0.0,0.0,0.0,10,0,4,0,6,0,10,0,0,0,0,0,0,0,0,0,0,0,0,80,1,0,5,1,4,0,1,9,0,6,2,0,0,0,123,1,0
C:\Users\user\Desktop\STUFF A LOT OF 'EM\er\Design_Pattern\jhotdraw\test\contrib\FloatingTextAreaTest.java,org.jhotdraw.test.contrib.FloatingTextAreaTest,class,3,5,2,3,10,2,0,3,43,0.8,0.0,0.0,10,0,8,0,2,0,10,0,0,0,1,0,0,1,0,0,0,0,0,29,1,0,0,0,0,0,0,2,0,1,0,0,0,0,82,1,0
C:\Users\user\Desktop\STUFF A LOT OF 'EM\er\Design_Pattern\jhotdraw\test\contrib\GraphicalCompositeFigureTest.java,org.jhotdraw.test.contrib.GraphicalCompositeFigureTest,class,7,9,2,7,21,2,0,8,159,0.7894737,0.0,0.0,19,0,17,0,2,0,19,0,0,0,1,0,0,1,0,0,0,0,0,57,1,2,0,0,0,0,6,6,0,5,1,0,0,0,112,1,0
C:\Users\user\Desktop\STUFF A LOT OF 'EM\er\Design_Pattern\jhotdraw\test\samples\javadraw\AllTests.java,org.jhotdraw.test.samples.javadraw.AllTests,class,12,14,2,12,2,1,0,2,1,0.0,0.0,0.0,2,2,2,0,0,0,2,0,0,0,0,0,0,0,0,0,0,0,0,18,1,0,0,0,0,1,0,1,0,1,0,0,0,0,10,1,0
C:\Users\user\Desktop\STUFF A LOT OF 'EM\er\Design_Pattern\jhotdraw\standard\SendToBackCommand.java,org.jhotdraw.standard.SendToBackCommand$UndoActivity,innerclass,6,6,0,6,12,2,0,19,15,0.5714286,0.0,0.0,7,0,4,0,3,0,7,0,0,0,1,0,0,1,0,0,0,0,0,49,5,3,0,0,1,0,0,8,0,8,1,0,0,0,36,9,0
C:\Users\user\Desktop\STUFF A LOT OF 'EM\er\Design_Pattern\jhotdraw\test\standard\FigureChangeEventMulticasterTest.java,org.jhotdraw.test.standard.FigureChangeEventMulticasterTest,class,7,10,3,7,12,3,0,7,64,0.8333333,0.0,0.0,12,0,10,0,2,0,12,0,0,0,1,0,0,1,0,0,0,0,0,36,1,0,0,0,0,0,0,4,0,3,0,0,0,0,92,1,0
C:\Users\user\Desktop\STUFF A LOT OF 'EM\er\Design_Pattern\jhotdraw\contrib\html\PolygonFigureGeometricAdapter.java,org.jhotdraw.contrib.html.PolygonFigureGeometricAdapter,class,2,2,0,2,4,4,0,1,6,0.0,0.0,0.0,4,0,4,0,0,0,4,0,0,0,0,0,0,0,0,0,0,0,0,14,1,0,0,0,0,0,0,0,0,0,0,0,0,0,29,1,0
C:\Users\user\Desktop\STUFF A LOT OF 'EM\er\Design_Pattern\jhotdraw\applet\DrawApplet.java,org.jhotdraw.applet.DrawApplet$Anonymous2,anonymous,1,1,0,1,1,1,0,1,0,0.0,NaN,NaN,1,0,1,0,0,0,1,0,0,0,0,0,0,0,0,0,0,0,0,5,0,0,0,0,0,0,0,0,0,0,0,0,0,0,7,-1,0
C:\Users\user\Desktop\STUFF A LOT OF 'EM\er\Design_Pattern\jhotdraw\applet\DrawApplet.java,org.jhotdraw.applet.DrawApplet$Anonymous3,anonymous,1,1,0,1,2,1,0,2,0,0.0,NaN,NaN,1,0,1,0,0,0,1,0,0,0,0,0,0,0,0,0,0,0,0,10,0,0,0,0,0,0,0,0,0,0,1,0,0,0,11,-1,0
C:\Users\user\Desktop\STUFF A LOT OF 'EM\er\Design_Pattern\jhotdraw\figures\InsertImageCommand.java,org.jhotdraw.figures.InsertImageCommand$UndoActivity,innerclass,6,6,0,6,10,2,0,17,11,0.6666667,0.0,0.0,6,0,2,0,3,1,6,0,0,0,2,0,0,1,0,1,0,0,1,40,5,0,2,0,2,0,0,3,0,3,1,0,0,0,61,1,0
C:\Users\user\Desktop\STUFF A LOT OF 'EM\er\Design_Pattern\jhotdraw\samples\nothing\NothingApplet.java,org.jhotdraw.samples.nothing.NothingApplet,class,13,14,1,13,1,7,0,3,0,0.0,NaN,NaN,1,0,0,0,1,0,1,0,0,0,0,0,0,0,0,0,0,0,0,21,0,0,0,0,0,16,0,8,8,1,0,0,0,0,27,1,0
C:\Users\user\Desktop\STUFF A LOT OF 'EM\er\Design_Pattern\jhotdraw\test\samples\javadraw\URLToolTest.java,org.jhotdraw.test.samples.javadraw.URLToolTest,class,3,6,3,3,8,3,0,4,26,0.75,0.0,0.0,8,0,6,0,2,0,8,0,0,0,1,0,0,1,0,0,0,0,0,25,1,0,0,0,0,0,0,2,0,1,0,0,0,0,82,1,0
C:\Users\user\Desktop\STUFF A LOT OF 'EM\er\Design_Pattern\jhotdraw\test\figures\GroupCommandTest.java,org.jhotdraw.test.figures.GroupCommandTest,class,3,6,3,3,7,3,0,4,19,0.71428573,0.0,0.0,7,0,5,0,2,0,7,0,0,0,1,0,0,1,0,0,0,0,0,23,1,0,0,0,0,1,0,2,0,1,0,0,0,0,79,1,0
C:\Users\user\Desktop\STUFF A LOT OF 'EM\er\Design_Pattern\jhotdraw\applet\DrawApplet.java,org.jhotdraw.applet.DrawApplet$Anonymous1,anonymous,1,1,0,1,2,1,0,3,0,0.0,NaN,NaN,1,0,1,0,0,0,1,0,0,0,0,0,0,0,0,0,0,0,0,7,0,0,1,0,0,0,0,0,0,0,1,0,0,0,8,-1,0
C:\Users\user\Desktop\STUFF A LOT OF 'EM\er\Design_Pattern\jhotdraw\contrib\dnd\DNDInterface.java,org.jhotdraw.contrib.dnd.DNDInterface,interface,0,3,3,0,3,1,0,0,3,0.0,0.0,0.0,3,0,3,0,0,0,3,0,0,0,0,0,0,0,0,0,0,0,0,5,0,0,0,0,0,0,0,0,0,0,0,0,0,0,60,1,0
C:\Users\user\Desktop\STUFF A LOT OF 'EM\er\Design_Pattern\jhotdraw\figures\FigureAttributes.java,org.jhotdraw.figures.FigureAttributes,class,6,10,4,6,29,1,0,31,0,0.7407408,0.0,0.0,9,2,9,0,0,0,9,0,0,0,3,1,0,3,0,0,1,0,5,121,4,2,2,1,2,18,3,22,1,15,3,0,0,0,98,1,0
C:\Users\user\Desktop\STUFF A LOT OF 'EM\er\Design_Pattern\jhotdraw\figures\NumberTextFigure.java,org.jhotdraw.figures.NumberTextFigure,class,3,6,3,3,5,4,0,6,6,1.0,0.0,0.0,4,0,4,0,0,0,4,0,0,0,2,1,0,2,0,0,1,0,3,23,3,0,0,1,0,0,5,5,0,3,1,0,0,0,70,1,0
C:\Users\user\Desktop\STUFF A LOT OF 'EM\er\Design_Pattern\jhotdraw\test\contrib\DiamondFigureTest.java,org.jhotdraw.test.contrib.DiamondFigureTest,class,3,5,2,3,10,2,0,3,43,0.8,0.0,0.0,10,0,8,0,2,0,10,0,0,0,1,0,0,1,0,0,0,0,0,29,1,0,0,0,0,0,0,2,0,1,0,0,0,0,84,1,0
C:\Users\user\Desktop\STUFF A LOT OF 'EM\er\Design_Pattern\jhotdraw\test\standard\InsertIntoDrawingVisitorTest.java,org.jhotdraw.test.standard.InsertIntoDrawingVisitorTest,class,5,8,3,5,9,3,0,7,34,0.7777778,0.0,0.0,9,0,7,0,2,0,9,0,0,0,1,0,0,1,0,0,0,0,0,28,1,0,0,0,0,0,0,2,0,1,0,0,0,0,86,1,0
C:\Users\user\Desktop\STUFF A LOT OF 'EM\er\Design_Pattern\jhotdraw\test\standard\StandardFigureSelectionTest.java,org.jhotdraw.test.standard.StandardFigureSelectionTest,class,8,11,3,8,8,2,0,7,26,0.75,0.0,0.0,8,0,6,0,2,0,8,0,0,0,1,0,0,1,0,0,0,0,1,29,1,0,0,0,0,0,6,4,0,3,0,0,0,0,88,1,0
C:\Users\user\Desktop\STUFF A LOT OF 'EM\er\Design_Pattern\jhotdraw\contrib\html\RoundRectangleGeometricAdapter.java,org.jhotdraw.contrib.html.RoundRectangleGeometricAdapter,class,2,2,0,2,3,4,0,2,3,0.0,0.0,0.0,3,0,3,0,0,0,3,0,0,0,0,0,0,0,0,0,0,0,0,14,1,0,0,0,0,0,0,3,0,3,0,0,0,0,34,1,0
C:\Users\user\Desktop\STUFF A LOT OF 'EM\er\Design_Pattern\jhotdraw\figures\GroupFigure.java,org.jhotdraw.figures.GroupFigure,class,10,13,3,10,10,3,0,16,21,1.0,0.0,0.0,7,0,7,0,0,0,7,0,0,0,2,1,0,2,0,0,1,0,5,42,4,3,0,0,0,0,2,7,0,7,1,0,0,0,63,1,0
C:\Users\user\Desktop\STUFF A LOT OF 'EM\er\Design_Pattern\jhotdraw\test\figures\TextFigureTest.java,org.jhotdraw.test.figures.TextFigureTest,class,3,6,3,3,39,2,0,8,654,0.8918919,0.0,0.0,37,0,35,0,2,0,37,0,0,0,1,0,0,1,0,0,0,0,0,93,1,2,0,0,0,10,3,6,0,5,1,0,0,0,132,1,0
C:\Users\user\Desktop\STUFF A LOT OF 'EM\er\Design_Pattern\jhotdraw\test\samples\javadraw\JavaDrawAppTest.java,org.jhotdraw.test.samples.javadraw.JavaDrawAppTest,class,3,6,3,3,9,3,0,4,34,0.7777778,0.0,0.0,9,0,7,0,2,0,9,0,0,0,1,0,0,1,0,0,0,0,0,27,1,0,0,0,0,0,0,2,0,1,0,0,0,0,87,1,0
C:\Users\user\Desktop\STUFF A LOT OF 'EM\er\Design_Pattern\jhotdraw\test\standard\CreationToolTest.java,org.jhotdraw.test.standard.CreationToolTest,class,4,7,3,4,9,3,0,4,34,0.7777778,0.0,0.0,9,0,7,0,2,0,9,0,0,0,1,0,0,1,0,0,0,0,0,27,1,0,0,0,0,0,4,2,0,1,0,0,0,0,84,1,0
C:\Users\user\Desktop\STUFF A LOT OF 'EM\er\Design_Pattern\jhotdraw\standard\ConnectionHandle.java,org.jhotdraw.standard.ConnectionHandle,class,16,20,4,16,30,3,0,39,114,0.875,0.0,0.0,16,0,6,2,8,0,14,0,0,0,3,0,0,3,0,0,0,0,1,105,11,1,7,0,1,0,0,15,0,14,2,0,0,0,101,1,0
C:\Users\user\Desktop\STUFF A LOT OF 'EM\er\Design_Pattern\jhotdraw\standard\ToggleGridCommand.java,org.jhotdraw.standard.ToggleGridCommand,class,5,7,2,5,3,2,0,4,0,0.0,0.0,0.0,2,0,2,0,0,0,2,0,0,0,1,0,0,1,0,0,0,0,0,17,0,0,1,0,0,0,0,2,0,2,1,0,0,0,28,1,0
C:\Users\user\Desktop\STUFF A LOT OF 'EM\er\Design_Pattern\jhotdraw\figures\UngroupCommand.java,org.jhotdraw.figures.UngroupCommand,class,10,14,4,10,7,3,0,14,6,0.0,0.0,0.0,4,0,3,0,1,0,4,0,0,0,0,0,0,0,0,0,0,0,0,66,3,1,0,0,2,0,1,3,0,2,2,0,1,0,40,1,0
C:\Users\user\Desktop\STUFF A LOT OF 'EM\er\Design_Pattern\jhotdraw\test\contrib\DesktopEventServiceTest.java,org.jhotdraw.test.contrib.DesktopEventServiceTest,class,5,7,2,5,12,3,0,4,64,0.8333333,0.0,0.0,12,0,10,0,2,0,12,0,0,0,1,0,0,1,0,0,0,0,0,34,1,0,0,0,1,0,0,3,0,2,0,0,0,0,92,1,0
C:\Users\user\Desktop\STUFF A LOT OF 'EM\er\Design_Pattern\jhotdraw\application\DrawApplication.java,org.jhotdraw.application.DrawApplication$Anonymous1,anonymous,2,2,0,2,2,1,0,4,0,0.0,NaN,NaN,1,0,1,0,0,0,1,0,0,0,0,0,0,0,0,0,0,0,0,8,0,0,0,0,0,0,0,0,0,0,1,0,0,0,5,-1,0
C:\Users\user\Desktop\STUFF A LOT OF 'EM\er\Design_Pattern\jhotdraw\contrib\html\DisposableResourceManagerFactory.java,org.jhotdraw.contrib.html.DisposableResourceManagerFactory,class,7,9,2,7,9,1,0,6,0,0.5625,0.0,0.0,4,4,3,0,1,0,4,0,0,0,4,4,1,0,3,0,0,0,2,37,2,0,4,1,0,0,1,9,0,5,2,0,0,0,91,1025,0
C:\Users\user\Desktop\STUFF A LOT OF 'EM\er\Design_Pattern\jhotdraw\test\samples\minimap\AllTests.java,org.jhotdraw.test.samples.minimap.AllTests,class,5,7,2,5,2,1,0,2,1,0.0,0.0,0.0,2,2,2,0,0,0,2,0,0,0,0,0,0,0,0,0,0,0,0,11,1,0,0,0,0,1,0,1,0,1,0,0,0,0,10,1,0
C:\Users\user\Desktop\STUFF A LOT OF 'EM\er\Design_Pattern\jhotdraw\standard\DeleteCommand.java,org.jhotdraw.standard.DeleteCommand$UndoActivity,innerclass,5,5,0,5,6,2,0,13,0,0.0,0.0,0.0,3,0,3,0,0,0,3,0,0,0,1,0,0,1,0,0,0,0,0,25,4,0,0,0,0,0,2,1,0,1,1,0,0,0,26,9,0
C:\Users\user\Desktop\STUFF A LOT OF 'EM\er\Design_Pattern\jhotdraw\application\DrawApplication.java,org.jhotdraw.application.DrawApplication$Anonymous6,anonymous,1,1,0,1,1,1,0,1,0,0.0,NaN,NaN,1,0,1,0,0,0,1,0,0,0,0,0,0,0,0,0,0,0,0,5,0,0,0,0,0,0,0,0,0,0,0,0,0,0,2,-1,0
C:\Users\user\Desktop\STUFF A LOT OF 'EM\er\Design_Pattern\jhotdraw\contrib\MDIDesktopPane.java,org.jhotdraw.contrib.MDIDesktopManager,class,2,4,2,2,20,2,0,22,9,0.42857143,0.0,0.0,7,0,5,1,1,0,6,0,0,0,1,0,0,1,0,0,0,0,0,74,4,1,6,0,4,0,11,17,12,13,3,0,0,0,43,0,0
C:\Users\user\Desktop\STUFF A LOT OF 'EM\er\Design_Pattern\jhotdraw\test\samples\javadraw\MySelectionToolTest.java,org.jhotdraw.test.samples.javadraw.MySelectionToolTest,class,3,6,3,3,6,3,0,4,13,0.6666667,0.0,0.0,6,0,4,0,2,0,6,0,0,0,1,0,0,1,0,0,0,0,0,21,1,0,0,0,0,0,0,2,0,1,0,0,0,0,79,1,0
C:\Users\user\Desktop\STUFF A LOT OF 'EM\er\Design_Pattern\jhotdraw\application\DrawApplication.java,org.jhotdraw.application.DrawApplication$Anonymous7,anonymous,1,1,0,1,1,1,0,1,0,0.0,NaN,NaN,1,0,1,0,0,0,1,0,0,0,0,0,0,0,0,0,0,0,0,5,0,0,0,0,0,0,0,0,0,0,0,0,0,0,3,-1,0
C:\Users\user\Desktop\STUFF A LOT OF 'EM\er\Design_Pattern\jhotdraw\standard\StandardDrawingView.java,org.jhotdraw.standard.StandardDrawingView$DrawingViewMouseListener,innerclass,2,2,0,2,4,2,0,10,1,0.0,0.0,0.0,2,0,2,0,0,0,2,0,0,0,0,0,0,0,0,0,0,0,0,24,0,0,0,2,0,0,0,2,0,2,1,0,0,0,36,1,0
C:\Users\user\Desktop\STUFF A LOT OF 'EM\er\Design_Pattern\jhotdraw\application\DrawApplication.java,org.jhotdraw.application.DrawApplication,class,49,79,30,49,135,6,5,163,3943,0.9822222,0.0,0.0,90,0,32,3,55,0,87,0,2,0,20,8,5,13,2,0,6,0,12,692,48,9,25,4,3,60,29,91,9,82,3,11,0,0,459,1,0
C:\Users\user\Desktop\STUFF A LOT OF 'EM\er\Design_Pattern\jhotdraw\application\DrawApplication.java,org.jhotdraw.application.DrawApplication$Anonymous8,anonymous,3,3,0,3,1,1,0,2,0,0.0,NaN,NaN,1,0,1,0,0,0,1,0,0,0,0,0,0,0,0,0,0,0,0,5,0,0,0,0,0,0,0,0,0,0,0,0,0,0,4,-1,0
C:\Users\user\Desktop\STUFF A LOT OF 'EM\er\Design_Pattern\jhotdraw\contrib\html\ResourceContentProducer.java,org.jhotdraw.contrib.html.ResourceContentProducer,class,6,7,1,6,9,2,0,13,19,0.71428573,0.0,0.0,7,0,6,0,1,0,7,0,0,0,1,0,0,1,0,0,0,0,0,37,3,0,1,1,1,0,1,5,0,5,1,0,0,0,77,1,0
C:\Users\user\Desktop\STUFF A LOT OF 'EM\er\Design_Pattern\jhotdraw\application\DrawApplication.java,org.jhotdraw.application.DrawApplication$Anonymous9,anonymous,3,3,0,3,1,1,0,2,0,0.0,NaN,NaN,1,0,1,0,0,0,1,0,0,0,0,0,0,0,0,0,0,0,0,5,0,0,0,0,0,0,0,0,0,0,0,0,0,0,4,-1,0
C:\Users\user\Desktop\STUFF A LOT OF 'EM\er\Design_Pattern\jhotdraw\application\DrawApplication.java,org.jhotdraw.application.DrawApplication$Anonymous2,anonymous,1,1,0,1,4,1,0,2,3,0.0,0.0,0.0,3,0,3,0,0,0,3,0,0,0,0,0,0,0,0,0,0,0,1,13,0,0,1,0,0,0,2,0,0,0,1,0,0,0,11,-1,0
C:\Users\user\Desktop\STUFF A LOT OF 'EM\er\Design_Pattern\jhotdraw\application\DrawApplication.java,org.jhotdraw.application.DrawApplication$Anonymous3,anonymous,1,1,0,1,1,1,0,1,0,0.0,NaN,NaN,1,0,1,0,0,0,1,0,0,0,0,0,0,0,0,0,0,0,0,5,0,0,0,0,0,0,0,0,0,0,0,0,0,0,3,-1,0
C:\Users\user\Desktop\STUFF A LOT OF 'EM\er\Design_Pattern\jhotdraw\application\DrawApplication.java,org.jhotdraw.application.DrawApplication$Anonymous4,anonymous,1,1,0,1,1,1,0,1,0,0.0,NaN,NaN,1,0,1,0,0,0,1,0,0,0,0,0,0,0,0,0,0,0,0,5,0,0,0,0,0,0,0,0,0,0,0,0,0,0,3,-1,0
C:\Users\user\Desktop\STUFF A LOT OF 'EM\er\Design_Pattern\jhotdraw\application\DrawApplication.java,org.jhotdraw.application.DrawApplication$Anonymous5,anonymous,1,1,0,1,1,1,0,1,0,0.0,NaN,NaN,1,0,1,0,0,0,1,0,0,0,0,0,0,0,0,0,0,0,0,5,0,0,0,0,0,0,0,0,0,0,0,0,0,0,4,-1,0
C:\Users\user\Desktop\STUFF A LOT OF 'EM\er\Design_Pattern\jhotdraw\contrib\zoom\DoubleBufferImage.java,org.jhotdraw.contrib.zoom.DoubleBufferImage,class,1,2,1,1,9,2,0,8,0,0.3888889,0.0,0.0,9,0,9,0,0,0,9,0,0,0,2,0,0,2,0,0,0,0,0,34,7,0,0,0,0,0,0,3,0,3,0,0,0,0,58,1,0
C:\Users\user\Desktop\STUFF A LOT OF 'EM\er\Design_Pattern\jhotdraw\standard\BoxHandleKit.java,org.jhotdraw.standard.SouthWestHandle,class,5,6,1,5,2,4,0,6,1,0.0,0.0,0.0,2,0,1,0,0,1,2,0,0,0,0,0,0,0,0,0,0,0,3,9,0,0,0,0,0,0,0,1,2,1,0,0,0,0,14,0,0
C:\Users\user\Desktop\STUFF A LOT OF 'EM\er\Design_Pattern\jhotdraw\contrib\html\ResourceDisposabilityStrategy.java,org.jhotdraw.contrib.html.ResourceDisposabilityStrategy,interface,1,4,3,1,4,1,0,0,6,0.0,0.0,0.0,4,0,4,0,0,0,4,0,0,0,0,0,0,0,0,0,0,0,0,6,0,0,0,0,0,0,0,0,0,0,0,0,0,0,70,1,0
C:\Users\user\Desktop\STUFF A LOT OF 'EM\er\Design_Pattern\jhotdraw\contrib\ChopDiamondConnector.java,org.jhotdraw.contrib.ChopDiamondConnector,class,3,5,2,3,15,3,0,5,3,1.0,0.0,0.0,3,0,2,0,1,0,3,0,0,0,1,1,0,1,0,0,1,0,6,42,3,0,1,0,4,0,16,14,16,9,2,0,0,0,54,1,0
C:\Users\user\Desktop\STUFF A LOT OF 'EM\er\Design_Pattern\jhotdraw\contrib\MiniMapView.java,org.jhotdraw.contrib.MiniMapView,class,9,14,5,9,22,5,1,40,83,0.84000003,0.0,0.0,15,0,6,0,9,0,15,0,0,0,5,0,0,5,0,0,0,0,1,147,9,0,2,1,6,0,41,37,21,23,1,0,3,0,124,1,0
C:\Users\user\Desktop\STUFF A LOT OF 'EM\er\Design_Pattern\jhotdraw\standard\ChopBoxConnector.java,org.jhotdraw.standard.ChopBoxConnector,class,6,13,7,6,7,2,4,10,10,1.0,0.0,0.0,5,0,4,0,1,0,5,0,0,0,1,1,0,1,0,0,1,0,2,36,3,0,2,0,1,0,9,12,9,8,1,0,0,0,43,1,0
C:\Users\user\Desktop\STUFF A LOT OF 'EM\er\Design_Pattern\jhotdraw\util\PaletteListener.java,org.jhotdraw.util.PaletteListener,interface,1,5,4,1,2,1,0,0,1,0.0,0.0,0.0,2,0,2,0,0,0,2,0,0,0,0,0,0,0,0,0,0,0,0,4,0,0,0,0,0,0,0,0,0,0,0,0,0,0,23,1,0
C:\Users\user\Desktop\STUFF A LOT OF 'EM\er\Design_Pattern\jhotdraw\test\contrib\SVGDrawAppTest.java,org.jhotdraw.test.contrib.SVGDrawAppTest,class,3,5,2,3,7,2,0,3,19,0.71428573,0.0,0.0,7,0,5,0,2,0,7,0,0,0,1,0,0,1,0,0,0,0,0,23,1,0,0,0,0,0,0,2,0,1,0,0,0,0,80,1,0
C:\Users\user\Desktop\STUFF A LOT OF 'EM\er\Design_Pattern\jhotdraw\standard\AbstractFigure.java,org.jhotdraw.standard.AbstractFigure,class,20,47,27,20,59,1,5,44,1015,0.9608696,0.0,0.0,46,0,43,0,3,0,46,4,0,6,5,1,0,5,0,0,1,0,7,185,22,3,4,2,2,2,10,17,4,15,1,0,0,0,273,1025,0
C:\Users\user\Desktop\STUFF A LOT OF 'EM\er\Design_Pattern\jhotdraw\test\figures\FigureAttributesTest.java,org.jhotdraw.test.figures.FigureAttributesTest,class,3,6,3,3,13,2,0,3,76,0.84615386,0.0,0.0,13,0,11,0,2,0,13,0,0,0,1,0,0,1,0,0,0,0,0,35,1,0,0,0,0,0,0,2,0,1,0,0,0,0,84,1,0
C:\Users\user\Desktop\STUFF A LOT OF 'EM\er\Design_Pattern\jhotdraw\test\contrib\MiniMapViewTest.java,org.jhotdraw.test.contrib.MiniMapViewTest,class,4,6,2,4,10,3,0,9,43,0.8,0.0,0.0,10,0,8,0,2,0,10,0,0,0,1,0,0,1,0,0,0,0,0,34,1,0,0,0,0,0,0,3,0,2,0,0,0,0,90,1,0
C:\Users\user\Desktop\STUFF A LOT OF 'EM\er\Design_Pattern\jhotdraw\test\contrib\TriangleFigureTest.java,org.jhotdraw.test.contrib.TriangleFigureTest,class,3,5,2,3,17,2,0,3,134,0.88235295,0.0,0.0,17,0,15,0,2,0,17,0,0,0,1,0,0,1,0,0,0,0,0,43,1,0,0,0,0,0,0,2,0,1,0,0,0,0,98,1,0
C:\Users\user\Desktop\STUFF A LOT OF 'EM\er\Design_Pattern\jhotdraw\contrib\SplitConnectionTool.java,org.jhotdraw.contrib.SplitConnectionTool,class,12,15,3,12,13,3,0,38,21,0.0,0.0,0.0,7,0,6,0,1,0,7,0,0,0,0,0,0,0,0,0,0,0,0,70,0,0,6,0,1,0,1,4,0,4,3,0,0,0,46,1,0
C:\Users\user\Desktop\STUFF A LOT OF 'EM\er\Design_Pattern\jhotdraw\contrib\CTXCommandMenu.java,org.jhotdraw.contrib.CTXCommandMenu,class,8,11,3,8,25,7,1,18,105,0.0,0.0,0.0,15,0,14,0,1,0,15,0,0,9,0,0,0,0,0,0,0,0,0,81,1,3,1,0,6,2,5,10,0,10,2,0,0,0,86,1,0
C:\Users\user\Desktop\STUFF A LOT OF 'EM\er\Design_Pattern\jhotdraw\test\figures\ArrowTipTest.java,org.jhotdraw.test.figures.ArrowTipTest,class,3,6,3,3,8,2,0,3,26,0.75,0.0,0.0,8,0,6,0,2,0,8,0,0,0,1,0,0,1,0,0,0,0,0,25,1,0,0,0,0,0,0,2,0,1,0,0,0,0,77,1,0
C:\Users\user\Desktop\STUFF A LOT OF 'EM\er\Design_Pattern\jhotdraw\util\CommandChoice.java,org.jhotdraw.util.CommandChoice,class,2,4,2,2,6,5,0,11,0,0.0,0.0,0.0,3,0,3,0,0,0,3,0,0,1,1,0,0,1,0,0,0,0,1,20,0,0,0,0,2,0,2,2,0,2,2,0,0,0,31,1,0
C:\Users\user\Desktop\STUFF A LOT OF 'EM\er\Design_Pattern\jhotdraw\contrib\html\HTMLTextAreaFigure.java,org.jhotdraw.contrib.html.HTMLTextAreaFigure$InvalidAttributeMarker,innerclass,0,0,0,0,0,3,0,0,0,0.0,-1.0,-1.0,0,0,0,0,0,0,0,0,0,0,0,0,0,0,0,0,0,0,0,2,0,0,0,0,0,0,0,0,0,0,0,0,0,0,15,2,0
C:\Users\user\Desktop\STUFF A LOT OF 'EM\er\Design_Pattern\jhotdraw\contrib\JScrollPaneDesktop.java,org.jhotdraw.contrib.JScrollPaneDesktop,class,5,7,2,5,14,5,0,18,89,0.85714287,0.0,0.0,14,0,9,2,3,0,12,0,0,0,1,0,0,1,0,0,0,0,0,48,6,0,0,0,0,0,0,1,0,1,0,0,0,0,47,1,0
C:\Users\user\Desktop\STUFF A LOT OF 'EM\er\Design_Pattern\jhotdraw\contrib\dnd\DNDHelper.java,org.jhotdraw.contrib.dnd.DNDHelper,class,6,10,4,6,41,1,0,34,221,0.92045456,0.0,0.0,22,1,4,0,18,0,22,2,0,0,8,1,1,7,0,0,0,0,1,149,12,0,6,2,2,4,2,26,0,18,3,0,0,0,158,1025,0
C:\Users\user\Desktop\STUFF A LOT OF 'EM\er\Design_Pattern\jhotdraw\figures\NullConnector.java,org.jhotdraw.figures.NullConnector,class,2,4,2,2,2,2,0,0,1,0.0,NaN,NaN,2,0,1,1,0,0,1,0,0,0,0,0,0,0,0,0,0,0,0,7,0,0,0,0,0,0,0,0,0,0,0,0,0,0,5,1,0
C:\Users\user\Desktop\STUFF A LOT OF 'EM\er\Design_Pattern\jhotdraw\test\AllTests.java,org.jhotdraw.test.AllTests,class,14,15,1,14,2,1,0,14,1,0.0,0.0,0.0,2,2,2,0,0,0,2,0,0,0,0,0,0,0,0,0,0,0,11,21,1,0,0,0,0,1,0,1,0,1,0,0,0,0,10,1,0
C:\Users\user\Desktop\STUFF A LOT OF 'EM\er\Design_Pattern\jhotdraw\applet\DrawApplet.java,org.jhotdraw.applet.DrawApplet,class,35,42,7,35,65,6,3,77,780,0.95121956,0.0,0.0,41,0,14,8,19,0,33,0,0,0,16,3,1,14,0,1,2,0,11,348,21,4,10,3,0,42,20,65,6,52,1,3,0,0,249,1,0
C:\Users\user\Desktop\STUFF A LOT OF 'EM\er\Design_Pattern\jhotdraw\figures\GroupCommand.java,org.jhotdraw.figures.GroupCommand$UndoActivity,innerclass,10,10,0,10,8,2,0,22,6,0.0,0.0,0.0,4,0,4,0,0,0,4,0,0,0,0,0,0,0,0,0,0,0,2,45,4,2,0,0,0,0,0,7,0,7,2,0,0,0,28,9,0
C:\Users\user\Desktop\STUFF A LOT OF 'EM\er\Design_Pattern\jhotdraw\contrib\zoom\ScalingGraphics.java,org.jhotdraw.contrib.zoom.ScalingGraphics,class,4,8,4,4,55,3,0,48,0,0.5535714,0.0,0.0,42,2,40,2,0,0,40,0,0,0,4,0,0,4,0,0,0,0,3,201,22,3,3,0,109,1,4,29,104,18,1,0,1,0,157,1,0
C:\Users\user\Desktop\STUFF A LOT OF 'EM\er\Design_Pattern\jhotdraw\test\util\UndoRedoActivityTest.java,org.jhotdraw.test.util.UndoRedoActivityTest,class,9,11,2,9,21,2,0,20,90,0.625,0.0,0.0,16,0,14,0,2,0,16,0,0,0,1,0,0,1,0,0,0,0,1,71,1,4,0,1,0,1,11,11,0,10,2,0,0,0,118,1,0
C:\Users\user\Desktop\STUFF A LOT OF 'EM\er\Design_Pattern\jhotdraw\framework\PointConstrainer.java,org.jhotdraw.framework.PointConstrainer,interface,0,8,8,0,3,1,0,0,3,0.0,0.0,0.0,3,0,3,0,0,0,3,0,0,0,0,0,0,0,0,0,0,0,0,5,0,0,0,0,0,0,0,0,0,0,0,0,0,0,43,1,0
C:\Users\user\Desktop\STUFF A LOT OF 'EM\er\Design_Pattern\jhotdraw\util\CommandListener.java,org.jhotdraw.util.CommandListener,interface,0,6,6,0,3,1,0,0,3,0.0,0.0,0.0,3,0,3,0,0,0,3,0,0,0,0,0,0,0,0,0,0,0,0,5,0,0,0,0,0,0,0,0,0,0,0,0,0,0,10,1,0
C:\Users\user\Desktop\STUFF A LOT OF 'EM\er\Design_Pattern\jhotdraw\framework\DrawingChangeListener.java,org.jhotdraw.framework.DrawingChangeListener,interface,1,6,5,1,3,1,0,0,3,0.0,0.0,0.0,3,0,3,0,0,0,3,0,0,0,0,0,0,0,0,0,0,0,0,5,0,0,0,0,0,0,0,0,0,0,0,0,0,0,26,1,0
C:\Users\user\Desktop\STUFF A LOT OF 'EM\er\Design_Pattern\jhotdraw\contrib\CTXWindowMenu.java,org.jhotdraw.contrib.CTXWindowMenu$ChildMenuItem,innerclass,0,0,0,0,2,7,0,1,0,0.0,0.0,0.0,2,0,2,0,0,0,2,0,0,0,1,0,0,1,0,0,0,0,0,10,1,0,0,0,0,0,0,1,0,1,0,0,0,0,21,0,0
C:\Users\user\Desktop\STUFF A LOT OF 'EM\er\Design_Pattern\jhotdraw\contrib\html\StandardDisposableResourceHolder.java,org.jhotdraw.contrib.html.StandardDisposableResourceHolder,class,2,4,2,2,16,1,0,4,61,0.78571427,0.0,0.0,14,0,14,0,0,0,14,0,0,0,4,0,0,4,0,0,0,0,1,56,6,0,2,0,1,0,2,12,0,5,1,0,0,0,85,1,0
C:\Users\user\Desktop\STUFF A LOT OF 'EM\er\Design_Pattern\jhotdraw\standard\AbstractCommand.java,org.jhotdraw.standard.AbstractCommand$Anonymous1,anonymous,2,2,0,2,3,1,0,3,3,0.0,0.0,0.0,3,0,3,0,0,0,3,0,0,0,0,0,0,0,0,0,0,0,0,11,0,0,0,0,0,0,0,0,0,0,0,0,0,0,8,-1,0
C:\Users\user\Desktop\STUFF A LOT OF 'EM\er\Design_Pattern\jhotdraw\test\contrib\JPanelDesktopTest.java,org.jhotdraw.test.contrib.JPanelDesktopTest,class,3,5,2,3,12,3,0,4,64,0.8333333,0.0,0.0,12,0,10,0,2,0,12,0,0,0,1,0,0,1,0,0,0,0,0,33,1,0,0,0,0,0,0,2,0,1,0,0,0,0,87,1,0
C:\Users\user\Desktop\STUFF A LOT OF 'EM\er\Design_Pattern\jhotdraw\standard\QuadTree.java,org.jhotdraw.standard.QuadTree,class,4,6,2,4,40,1,0,27,42,0.6346154,0.0,0.0,13,0,8,5,0,0,8,0,0,0,8,0,0,8,0,0,0,0,1,157,17,2,16,0,0,0,25,26,20,21,3,0,0,0,61,0,0
