file,class,type,cbo,cboModified,fanin,fanout,wmc,dit,noc,rfc,lcom,lcom*,tcc,lcc,totalMethodsQty,staticMethodsQty,publicMethodsQty,privateMethodsQty,protectedMethodsQty,defaultMethodsQty,visibleMethodsQty,abstractMethodsQty,finalMethodsQty,synchronizedMethodsQty,totalFieldsQty,staticFieldsQty,publicFieldsQty,privateFieldsQty,protectedFieldsQty,defaultFieldsQty,finalFieldsQty,synchronizedFieldsQty,nosi,loc,returnQty,loopQty,comparisonsQty,tryCatchQty,parenthesizedExpsQty,stringLiteralsQty,numbersQty,assignmentsQty,mathOperationsQty,variablesQty,maxNestedBlocksQty,anonymousClassesQty,innerClassesQty,lambdasQty,uniqueWordsQty,modifiers,logStatementsQty
C:\Users\user\Desktop\STUFF A LOT OF 'EM\er\Design_Pattern\king\text\html\ListView.java,javax.swing.text.html.ListView,class,0,0,0,0,11,5,0,14,10,0.8,0.0,0.0,5,0,3,0,2,0,5,0,0,0,1,0,0,1,0,0,0,0,0,47,2,1,0,0,3,1,3,8,5,7,3,0,0,0,89,1,0
C:\Users\user\Desktop\STUFF A LOT OF 'EM\er\Design_Pattern\king\JToolBar.java,javax.swing.JToolBar$DefaultToolBarLayout,innerclass,0,0,0,0,19,1,0,11,0,0.25,0.0,0.0,12,0,11,0,0,1,12,0,0,0,1,0,0,0,0,1,0,0,0,65,8,0,2,0,5,1,0,6,0,3,3,0,0,0,49,2,0
C:\Users\user\Desktop\STUFF A LOT OF 'EM\er\Design_Pattern\king\filechooser\FileView.java,javax.swing.filechooser.FileView,class,0,0,0,0,5,1,0,0,10,0.0,0.0,0.0,5,0,5,0,0,0,5,0,0,0,0,0,0,0,0,0,0,0,0,17,5,0,0,0,0,0,0,0,0,0,0,0,0,0,130,1025,0
C:\Users\user\Desktop\STUFF A LOT OF 'EM\er\Design_Pattern\king\text\html\Map.java,javax.swing.text.html.Map$PolygonRegionContainment,innerclass,2,2,0,2,16,2,0,3,0,0.0,0.0,0.0,2,0,2,0,0,0,2,0,0,0,4,0,0,0,0,4,0,0,1,62,2,4,7,0,3,1,23,27,13,13,4,0,0,0,56,8,0
C:\Users\user\Desktop\STUFF A LOT OF 'EM\er\Design_Pattern\king\AbstractActionPropertyChangeListener.java,javax.swing.AbstractActionPropertyChangeListener$OwnedWeakReference,innerclass,0,0,0,0,2,3,0,0,0,0.0,0.0,0.0,2,0,1,0,0,1,2,0,0,0,1,0,0,1,0,0,0,0,0,10,1,0,0,0,0,0,0,1,0,1,0,0,0,0,8,10,0
C:\Users\user\Desktop\STUFF A LOT OF 'EM\er\Design_Pattern\king\text\html\CommentView.java,javax.swing.text.html.CommentView,class,6,6,0,6,11,7,0,19,15,0.8333333,0.0,0.0,6,0,0,0,1,5,6,0,0,0,3,3,0,0,0,3,3,0,0,72,4,0,3,1,2,1,2,15,2,12,2,0,1,0,70,0,0
C:\Users\user\Desktop\STUFF A LOT OF 'EM\er\Design_Pattern\king\DesktopManager.java,javax.swing.DesktopManager,interface,0,0,0,0,15,1,0,0,105,0.0,0.0,0.0,15,0,0,0,0,15,15,0,0,0,0,0,0,0,0,0,0,0,0,17,0,0,0,0,0,0,0,0,0,0,0,0,0,0,151,1,0
C:\Users\user\Desktop\STUFF A LOT OF 'EM\er\Design_Pattern\king\KeyStroke.java,javax.swing.KeyStroke,class,0,0,0,0,12,2,0,8,36,1.0,0.0,0.0,9,7,7,2,0,0,7,0,0,0,1,1,0,1,0,0,1,0,12,55,9,0,2,1,0,0,3,1,0,1,2,0,0,0,256,1,0
C:\Users\user\Desktop\STUFF A LOT OF 'EM\er\Design_Pattern\king\plaf\basic\BasicIconFactory.java,javax.swing.plaf.basic.BasicIconFactory$MenuItemCheckIcon,innerclass,0,0,0,0,3,1,0,0,3,0.0,0.0,0.0,3,0,3,0,0,0,3,0,0,0,0,0,0,0,0,0,0,0,0,10,2,0,0,0,0,0,2,0,0,0,0,0,0,0,12,10,0
C:\Users\user\Desktop\STUFF A LOT OF 'EM\er\Design_Pattern\king\text\html\EditableView.java,javax.swing.text.html.EditableView,class,1,1,0,1,15,3,1,12,21,0.85714287,0.0,0.0,7,0,6,0,0,1,7,0,0,0,1,0,0,1,0,0,0,0,0,51,7,0,4,0,3,0,5,5,0,4,2,0,0,0,57,0,0
C:\Users\user\Desktop\STUFF A LOT OF 'EM\er\Design_Pattern\king\text\DefaultStyledDocument.java,javax.swing.text.DefaultStyledDocument$StyleChangeHandler,innerclass,1,1,0,1,2,1,0,2,0,0.0,NaN,NaN,1,0,1,0,0,0,1,0,0,0,0,0,0,0,0,0,0,0,0,11,0,0,0,0,0,0,0,1,0,1,1,0,0,0,22,0,0
C:\Users\user\Desktop\STUFF A LOT OF 'EM\er\Design_Pattern\king\plaf\metal\MetalTextFieldUI.java,javax.swing.plaf.metal.MetalTextFieldUI,class,0,0,0,0,2,1,0,1,1,0.0,0.0,0.0,2,1,2,0,0,0,2,0,0,0,0,0,0,0,0,0,0,0,0,8,1,0,0,0,0,0,0,0,0,0,0,0,0,0,81,1,0
C:\Users\user\Desktop\STUFF A LOT OF 'EM\er\Design_Pattern\king\Spring.java,javax.swing.Spring$AbstractSpring,innerclass,0,0,0,0,5,2,0,2,0,0.0,0.0,0.0,3,0,2,0,1,0,3,0,0,0,1,0,0,0,1,0,0,0,0,16,2,0,2,0,0,0,0,3,0,1,1,0,0,0,13,1032,0
C:\Users\user\Desktop\STUFF A LOT OF 'EM\er\Design_Pattern\king\text\JTextComponent.java,javax.swing.text.JTextComponent$DoSetCaretPosition,innerclass,0,0,0,0,2,1,0,2,0,0.0,0.0,0.0,2,0,1,0,0,1,2,0,0,0,2,0,0,0,0,2,0,0,0,11,0,0,0,0,0,0,0,2,0,2,0,0,0,0,12,2,0
C:\Users\user\Desktop\STUFF A LOT OF 'EM\er\Design_Pattern\king\text\PlainView.java,javax.swing.text.PlainView,class,5,5,0,5,85,2,1,69,253,0.9565219,0.0,0.0,23,0,10,3,9,1,20,0,1,0,11,0,0,0,1,10,0,0,22,369,20,5,27,3,23,2,27,132,38,100,4,0,0,0,354,1,0
C:\Users\user\Desktop\STUFF A LOT OF 'EM\er\Design_Pattern\king\plaf\basic\BasicMenuItemUI.java,javax.swing.plaf.basic.BasicMenuItemUI,class,19,19,0,19,161,1,3,131,168,0.898148,0.0,0.0,36,1,9,5,17,5,31,0,0,0,30,13,0,5,14,11,5,0,16,699,20,3,64,0,34,42,60,188,77,107,3,0,5,0,256,1,0
C:\Users\user\Desktop\STUFF A LOT OF 'EM\er\Design_Pattern\king\plaf\metal\MetalBorders.java,javax.swing.plaf.metal.MetalBorders$DialogBorder,innerclass,0,0,0,0,14,2,0,18,34,0.8333334,0.0,0.0,9,0,3,0,6,0,9,0,0,0,2,2,0,2,0,0,2,0,0,68,8,1,1,0,4,0,51,14,50,7,1,0,0,0,32,8,0
C:\Users\user\Desktop\STUFF A LOT OF 'EM\er\Design_Pattern\king\plaf\basic\BasicProgressBarUI.java,javax.swing.plaf.basic.BasicProgressBarUI$ChangeHandler,innerclass,1,1,0,1,3,1,0,7,0,0.0,NaN,NaN,1,0,1,0,0,0,1,0,0,0,0,0,0,0,0,0,0,0,0,18,0,0,1,0,2,0,3,5,3,4,1,0,0,0,36,1,0
C:\Users\user\Desktop\STUFF A LOT OF 'EM\er\Design_Pattern\king\text\html\HTMLDocument.java,javax.swing.text.html.HTMLDocument$HTMLReader$SpecialAction,innerclass,0,0,0,0,1,2,0,1,0,0.0,NaN,NaN,1,0,1,0,0,0,1,0,0,0,0,0,0,0,0,0,0,0,0,5,0,0,0,0,0,0,0,0,0,0,0,0,0,0,10,1,0
C:\Users\user\Desktop\STUFF A LOT OF 'EM\er\Design_Pattern\king\text\rtf\RTFReader.java,javax.swing.text.rtf.RTFReader$StylesheetDestination$StyleDefiningDestination,innerclass,1,1,0,1,23,2,0,16,0,0.53333336,0.0,0.0,6,0,6,0,0,0,6,0,0,0,10,0,2,0,0,8,1,0,2,106,7,0,7,0,0,7,4,33,1,15,2,0,0,0,52,0,0
C:\Users\user\Desktop\STUFF A LOT OF 'EM\er\Design_Pattern\king\JProgressBar.java,javax.swing.JProgressBar$AccessibleJProgressBar,innerclass,0,0,0,0,10,5,0,10,21,0.0,0.0,0.0,7,0,7,0,0,0,7,0,0,0,0,0,0,0,0,0,0,0,0,39,8,0,1,0,0,0,0,1,0,1,1,0,0,0,104,4,0
C:\Users\user\Desktop\STUFF A LOT OF 'EM\er\Design_Pattern\king\plaf\basic\BasicTreeUI.java,javax.swing.plaf.basic.BasicTreeUI$TreeHomeAction,innerclass,0,0,0,0,16,1,0,10,0,0.41666666,0.0,0.0,4,0,3,1,0,0,3,0,0,0,3,0,0,2,1,0,0,0,0,63,1,0,7,0,3,0,24,8,9,8,4,0,0,0,51,1,0
C:\Users\user\Desktop\STUFF A LOT OF 'EM\er\Design_Pattern\king\text\html\HTMLDocument.java,javax.swing.text.html.HTMLDocument$HTMLReader$BlockAction,innerclass,0,0,0,0,2,2,0,2,1,0.0,0.0,0.0,2,0,2,0,0,0,2,0,0,0,0,0,0,0,0,0,0,0,0,8,0,0,0,0,0,0,0,0,0,0,0,0,0,0,13,1,0
C:\Users\user\Desktop\STUFF A LOT OF 'EM\er\Design_Pattern\king\plaf\basic\BasicInternalFrameTitlePane.java,javax.swing.plaf.basic.BasicInternalFrameTitlePane$TitlePaneLayout,innerclass,1,1,0,1,22,1,0,22,10,0.0,0.0,0.0,5,0,5,0,0,0,5,0,0,0,0,0,0,0,0,0,0,0,3,74,2,0,5,0,11,1,40,33,17,19,1,0,0,0,60,1,0
C:\Users\user\Desktop\STUFF A LOT OF 'EM\er\Design_Pattern\king\plaf\basic\BasicComboBoxUI.java,javax.swing.plaf.basic.BasicComboBoxUI$PropertyChangeHandler,innerclass,2,2,0,2,23,1,0,27,0,0.0,NaN,NaN,1,0,1,0,0,0,1,0,0,0,0,0,0,0,0,0,0,0,0,76,0,0,8,0,0,8,0,14,0,6,2,0,0,0,80,1,0
C:\Users\user\Desktop\STUFF A LOT OF 'EM\er\Design_Pattern\king\DefaultCellEditor.java,javax.swing.DefaultCellEditor$Anonymous3,anonymous,0,0,0,0,6,1,0,6,6,0.0,0.0,0.0,4,0,4,0,0,0,4,0,0,0,0,0,0,0,0,0,0,0,0,21,4,0,1,0,0,1,1,1,0,1,1,0,0,0,17,-1,0
C:\Users\user\Desktop\STUFF A LOT OF 'EM\er\Design_Pattern\king\DefaultCellEditor.java,javax.swing.DefaultCellEditor$Anonymous2,anonymous,0,0,0,0,4,1,0,5,1,0.0,0.0,0.0,2,0,2,0,0,0,2,0,0,0,0,0,0,0,0,0,0,0,1,15,1,0,0,0,1,1,0,3,0,1,1,0,0,0,10,-1,0
C:\Users\user\Desktop\STUFF A LOT OF 'EM\er\Design_Pattern\king\DefaultCellEditor.java,javax.swing.DefaultCellEditor$Anonymous1,anonymous,0,0,0,0,3,1,0,3,1,0.0,0.0,0.0,2,0,2,0,0,0,2,0,0,0,0,0,0,0,0,0,0,0,0,8,1,0,1,0,1,1,0,0,0,0,0,0,0,0,8,-1,0
C:\Users\user\Desktop\STUFF A LOT OF 'EM\er\Design_Pattern\king\plaf\basic\CenterLayout.java,javax.swing.plaf.basic.CenterLayout,class,0,0,0,0,7,1,0,7,10,0.0,0.0,0.0,5,0,5,0,0,0,5,0,0,0,0,0,0,0,0,0,0,0,0,40,3,0,1,1,4,0,8,15,10,9,1,0,0,0,30,0,0
C:\Users\user\Desktop\STUFF A LOT OF 'EM\er\Design_Pattern\king\JMenuBar.java,javax.swing.JMenuBar$AccessibleJMenuBar,innerclass,0,0,0,0,26,5,0,11,45,0.0,0.0,0.0,10,0,10,0,0,0,10,0,0,0,0,0,0,0,0,0,0,0,4,77,10,0,7,0,1,0,12,12,0,9,2,0,0,0,145,4,0
C:\Users\user\Desktop\STUFF A LOT OF 'EM\er\Design_Pattern\king\plaf\metal\MetalIconFactory.java,javax.swing.plaf.metal.MetalIconFactory$CheckBoxIcon,innerclass,2,2,0,2,9,1,0,15,10,0.0,0.0,0.0,5,0,3,0,2,0,5,0,0,0,0,0,0,0,0,0,0,0,2,41,3,0,0,0,4,0,17,5,19,5,2,0,0,0,22,10,0
C:\Users\user\Desktop\STUFF A LOT OF 'EM\er\Design_Pattern\king\UIDefaults.java,javax.swing.UIDefaults$LazyValue,interface,0,0,0,0,1,1,0,0,0,0.0,NaN,NaN,1,0,0,0,0,1,1,0,0,0,0,0,0,0,0,0,0,0,0,3,0,0,0,0,0,0,0,0,0,0,0,0,0,0,69,1,0
C:\Users\user\Desktop\STUFF A LOT OF 'EM\er\Design_Pattern\king\JSlider.java,javax.swing.JSlider$1SmartHashtable$LabelUIResource,innerclass,0,0,0,0,1,5,0,0,0,0.0,NaN,NaN,1,0,1,0,0,0,1,0,0,0,0,0,0,0,0,0,0,0,0,5,0,0,0,0,0,0,0,0,0,0,0,0,0,0,6,0,0
C:\Users\user\Desktop\STUFF A LOT OF 'EM\er\Design_Pattern\king\JTable.java,javax.swing.JTable$DoubleRenderer,innerclass,0,0,0,0,4,2,0,3,1,0.5,0.0,0.0,2,0,2,0,0,0,2,0,0,0,1,0,0,0,0,1,0,0,1,12,0,0,2,0,1,1,0,1,0,1,1,0,0,0,11,8,0
C:\Users\user\Desktop\STUFF A LOT OF 'EM\er\Design_Pattern\king\AbstractButton.java,javax.swing.AbstractButton$AccessibleAbstractButton$ButtonKeyBinding,innerclass,0,0,0,0,4,1,0,1,1,0.33333334,0.0,0.0,3,0,2,0,0,1,3,0,0,0,1,0,0,0,0,1,0,0,1,15,2,0,1,0,0,0,3,1,0,1,1,0,0,0,61,0,0
C:\Users\user\Desktop\STUFF A LOT OF 'EM\er\Design_Pattern\king\JRootPane.java,javax.swing.JRootPane,class,1,1,0,1,57,9,0,35,446,0.9621711,0.0,0.0,32,0,24,0,6,2,32,0,0,0,19,10,9,3,7,0,10,0,2,306,18,0,22,0,1,10,14,26,3,25,2,1,3,0,516,1,0
C:\Users\user\Desktop\STUFF A LOT OF 'EM\er\Design_Pattern\king\TransferHandler.java,javax.swing.TransferHandler$TransferAction,innerclass,1,1,0,1,18,2,0,17,6,0.75,0.0,0.0,4,0,1,2,0,1,2,0,0,0,2,1,0,2,0,0,0,0,2,64,7,0,6,1,3,4,0,13,0,10,4,0,0,0,69,8,0
C:\Users\user\Desktop\STUFF A LOT OF 'EM\er\Design_Pattern\king\plaf\basic\BasicTableUI.java,javax.swing.plaf.basic.BasicTableUI$PropertyChangeHandler,innerclass,4,4,0,4,7,1,0,13,0,0.0,NaN,NaN,1,0,1,0,0,0,1,0,0,0,0,0,0,0,0,0,0,0,0,29,0,0,2,1,0,3,0,6,0,5,3,0,0,0,41,2,0
C:\Users\user\Desktop\STUFF A LOT OF 'EM\er\Design_Pattern\king\table\TableColumn.java,javax.swing.table.TableColumn,class,1,1,0,1,48,1,0,21,486,0.9150327,0.0,0.0,36,0,32,3,1,0,33,0,0,3,17,4,4,2,11,0,4,0,8,209,15,0,8,0,1,15,8,39,0,30,1,1,0,0,336,1,0
C:\Users\user\Desktop\STUFF A LOT OF 'EM\er\Design_Pattern\king\event\PopupMenuListener.java,javax.swing.event.PopupMenuListener,interface,0,0,0,0,3,1,0,0,3,0.0,0.0,0.0,3,0,0,0,0,3,3,0,0,0,0,0,0,0,0,0,0,0,0,5,0,0,0,0,0,0,0,0,0,0,0,0,0,0,35,1,0
C:\Users\user\Desktop\STUFF A LOT OF 'EM\er\Design_Pattern\king\tree\TreeSelectionModel.java,javax.swing.tree.TreeSelectionModel,interface,1,1,0,1,27,1,0,0,351,1.0,0.0,0.0,27,0,0,0,0,27,27,0,0,0,3,3,3,0,0,0,3,0,0,32,0,0,0,0,0,0,3,3,0,3,0,0,0,0,232,1,0
C:\Users\user\Desktop\STUFF A LOT OF 'EM\er\Design_Pattern\king\filechooser\FileSystemView.java,javax.swing.filechooser.UnixFileSystemView,class,0,0,0,0,14,2,0,9,10,0.8,0.0,0.0,5,0,5,0,0,0,5,0,0,0,2,2,0,2,0,0,2,0,1,46,7,1,4,0,2,6,2,7,1,5,2,0,0,0,40,0,0
C:\Users\user\Desktop\STUFF A LOT OF 'EM\er\Design_Pattern\king\text\StyledEditorKit.java,javax.swing.text.StyledEditorKit,class,2,2,0,2,13,28,0,17,66,0.9166667,0.0,0.0,12,0,9,2,1,0,10,0,0,0,6,2,0,3,0,3,2,0,1,366,6,0,1,0,0,18,9,10,0,8,1,1,11,0,176,1,0
C:\Users\user\Desktop\STUFF A LOT OF 'EM\er\Design_Pattern\king\plaf\basic\BasicSliderUI.java,javax.swing.plaf.basic.BasicSliderUI$ComponentHandler,innerclass,0,0,0,0,1,2,0,2,0,0.0,NaN,NaN,1,0,1,0,0,0,1,0,0,0,0,0,0,0,0,0,0,0,0,6,0,0,0,0,0,0,0,0,0,0,0,0,0,0,30,1,0
C:\Users\user\Desktop\STUFF A LOT OF 'EM\er\Design_Pattern\king\JComponent.java,javax.swing.JComponent$ActionStandin,innerclass,0,0,0,0,16,1,0,4,18,0.6666667,0.0,0.0,8,0,7,0,0,1,8,0,0,0,3,0,0,3,0,0,3,0,0,51,7,0,5,0,0,1,0,4,0,3,2,0,0,0,39,16,0
C:\Users\user\Desktop\STUFF A LOT OF 'EM\er\Design_Pattern\king\LayoutFocusTraversalPolicy.java,javax.swing.SwingDefaultFocusTraversalPolicy,class,0,0,0,0,1,4,0,1,0,0.0,NaN,NaN,1,0,1,0,0,0,1,0,0,0,0,0,0,0,0,0,0,0,0,5,1,0,0,0,0,0,0,0,0,0,0,0,0,0,8,0,0
C:\Users\user\Desktop\STUFF A LOT OF 'EM\er\Design_Pattern\king\text\html\Map.java,javax.swing.text.html.Map$CircleRegionContainment,innerclass,2,2,0,2,16,1,0,3,0,0.0,0.0,0.0,2,0,2,0,0,0,2,0,0,0,6,0,0,0,0,6,0,0,3,50,1,1,8,0,10,1,28,18,13,9,3,0,0,0,47,8,0
C:\Users\user\Desktop\STUFF A LOT OF 'EM\er\Design_Pattern\king\plaf\basic\BasicInternalFrameUI.java,javax.swing.plaf.basic.BasicInternalFrameUI$InternalFrameLayout,innerclass,0,0,0,0,16,1,0,12,10,0.0,0.0,0.0,5,0,5,0,0,0,5,0,0,0,0,0,0,0,0,0,0,0,4,77,2,0,10,0,0,0,0,36,8,17,1,0,0,0,32,1,0
C:\Users\user\Desktop\STUFF A LOT OF 'EM\er\Design_Pattern\king\text\html\HTMLDocument.java,javax.swing.text.html.HTMLDocument$FixedLengthDocument,innerclass,0,0,0,0,4,1,0,3,0,0.0,0.0,0.0,2,0,2,0,0,0,2,0,0,0,1,0,0,1,0,0,0,0,0,11,0,0,1,0,0,0,0,1,1,1,1,0,0,0,25,10,0
C:\Users\user\Desktop\STUFF A LOT OF 'EM\er\Design_Pattern\king\tree\TreeModel.java,javax.swing.tree.TreeModel,interface,0,0,0,0,8,1,0,0,28,0.0,0.0,0.0,8,0,6,0,0,2,8,0,0,0,0,0,0,0,0,0,0,0,0,10,0,0,0,0,0,0,0,0,0,0,0,0,0,0,160,1,0
C:\Users\user\Desktop\STUFF A LOT OF 'EM\er\Design_Pattern\king\text\html\HTMLDocument.java,javax.swing.text.html.HTMLDocument$HTMLReader$AreaAction,innerclass,0,0,0,0,3,2,0,2,1,0.0,0.0,0.0,2,0,2,0,0,0,2,0,0,0,0,0,0,0,0,0,0,0,0,9,0,0,1,0,0,0,0,0,0,0,1,0,0,0,13,0,0
C:\Users\user\Desktop\STUFF A LOT OF 'EM\er\Design_Pattern\king\plaf\metal\MetalIconFactory.java,javax.swing.plaf.metal.MetalIconFactory$TreeFolderIcon,innerclass,0,0,0,0,2,2,0,0,1,0.0,0.0,0.0,2,0,2,0,0,0,2,0,0,0,0,0,0,0,0,0,0,0,0,8,2,0,0,0,0,0,2,0,0,0,0,0,0,0,49,9,0
C:\Users\user\Desktop\STUFF A LOT OF 'EM\er\Design_Pattern\king\plaf\basic\BasicFileChooserUI.java,javax.swing.plaf.basic.BasicFileChooserUI$AcceptAllFileFilter,innerclass,0,0,0,0,3,1,0,3,3,0.0,0.0,0.0,3,0,3,0,0,0,3,0,0,0,0,0,0,0,0,0,0,0,0,10,2,0,0,0,0,1,0,0,0,0,0,0,0,0,9,4,0
C:\Users\user\Desktop\STUFF A LOT OF 'EM\er\Design_Pattern\king\text\AsyncBoxView.java,javax.swing.text.AsyncBoxView,class,5,5,0,5,88,2,2,54,780,0.97500014,0.0,0.0,40,0,26,0,12,2,40,0,0,4,16,0,0,0,1,15,0,0,2,648,33,5,27,1,10,0,23,87,12,69,7,0,3,0,508,1,0
C:\Users\user\Desktop\STUFF A LOT OF 'EM\er\Design_Pattern\king\plaf\basic\BasicSplitPaneUI.java,javax.swing.plaf.basic.BasicSplitPaneUI$BasicHorizontalLayoutManager,innerclass,1,1,0,1,142,1,0,34,280,0.78125,0.0,0.0,32,0,11,0,9,12,32,0,0,0,5,0,0,3,2,0,0,0,6,445,30,9,48,1,24,5,190,144,28,57,4,0,0,0,234,1,0
C:\Users\user\Desktop\STUFF A LOT OF 'EM\er\Design_Pattern\king\tree\DefaultMutableTreeNode.java,javax.swing.tree.DefaultMutableTreeNode$BreadthFirstEnumeration$Queue$QNode,innerclass,0,0,0,0,1,1,0,0,0,0.0,NaN,NaN,1,0,1,0,0,0,1,0,0,0,2,0,2,0,0,0,0,0,0,8,0,0,0,0,0,0,0,2,0,2,0,0,0,0,5,16,0
C:\Users\user\Desktop\STUFF A LOT OF 'EM\er\Design_Pattern\king\Spring.java,javax.swing.Spring$NegativeSpring,innerclass,0,0,0,0,7,2,0,6,0,0.0,0.0,0.0,7,0,6,0,0,1,7,0,0,0,1,0,0,1,0,0,0,0,0,24,5,0,0,0,0,0,0,1,0,1,0,0,0,0,14,10,0
C:\Users\user\Desktop\STUFF A LOT OF 'EM\er\Design_Pattern\king\text\MaskFormatter.java,javax.swing.text.MaskFormatter$MaskCharacter,innerclass,1,1,0,1,19,1,0,11,6,0.0,0.0,0.0,4,0,4,0,0,0,4,0,0,0,0,0,0,0,0,0,0,0,0,52,6,0,7,0,1,2,19,8,5,3,3,0,0,0,60,2,0
C:\Users\user\Desktop\STUFF A LOT OF 'EM\er\Design_Pattern\king\text\InternationalFormatter.java,javax.swing.text.InternationalFormatter,class,2,2,0,2,162,4,2,80,802,0.90656567,0.0,0.0,44,0,13,5,1,25,39,0,0,0,9,1,0,9,0,0,1,0,1,537,46,12,59,6,22,5,54,80,6,52,6,0,2,0,414,1,0
C:\Users\user\Desktop\STUFF A LOT OF 'EM\er\Design_Pattern\king\plaf\metal\MetalIconFactory.java,javax.swing.plaf.metal.MetalIconFactory$HorizontalSliderThumbIcon,innerclass,1,1,0,1,11,1,0,16,4,0.5,0.0,0.0,4,0,4,0,0,0,4,0,0,0,2,2,0,0,2,0,0,0,0,56,2,0,0,0,0,0,66,3,0,3,2,0,0,0,21,10,0
C:\Users\user\Desktop\STUFF A LOT OF 'EM\er\Design_Pattern\king\text\Position.java,javax.swing.text.Position$Bias,innerclass,0,0,0,0,2,1,0,0,1,0.8333333,NaN,NaN,2,0,1,1,0,0,1,0,0,0,3,2,2,1,0,0,2,0,0,11,1,0,0,0,0,2,0,3,0,3,0,0,0,0,41,25,0
C:\Users\user\Desktop\STUFF A LOT OF 'EM\er\Design_Pattern\king\TransferHandler.java,javax.swing.TransferHandler$DropHandler,innerclass,1,1,0,1,19,1,0,15,3,0.33333334,0.0,0.0,6,0,5,1,0,0,5,0,0,0,1,0,0,1,0,0,0,0,0,62,1,0,3,1,2,0,0,12,0,11,2,0,0,0,45,10,0
C:\Users\user\Desktop\STUFF A LOT OF 'EM\er\Design_Pattern\king\text\StyledEditorKit.java,javax.swing.text.StyledEditorKit$ForegroundAction,innerclass,1,1,0,1,7,4,0,8,1,0.5,0.0,0.0,2,0,2,0,0,0,2,0,0,0,1,0,0,1,0,0,0,0,2,29,0,0,4,1,2,0,0,6,0,5,3,0,0,0,111,9,0
C:\Users\user\Desktop\STUFF A LOT OF 'EM\er\Design_Pattern\king\plaf\basic\BasicRootPaneUI.java,javax.swing.plaf.basic.BasicRootPaneUI$DefaultAction,innerclass,1,1,0,1,7,1,0,5,0,0.16666667,0.0,0.0,3,0,2,0,0,1,3,0,0,0,2,0,0,0,0,2,0,0,0,20,1,0,3,0,1,0,1,4,0,4,2,0,0,0,17,8,0
C:\Users\user\Desktop\STUFF A LOT OF 'EM\er\Design_Pattern\king\text\GapContent.java,javax.swing.text.GapContent$MarkData,innerclass,0,0,0,0,5,3,0,4,6,0.75,0.0,0.0,4,0,1,0,0,3,4,0,1,0,1,0,0,0,0,1,0,0,1,20,2,0,0,0,2,0,1,5,2,4,0,0,0,0,61,16,0
C:\Users\user\Desktop\STUFF A LOT OF 'EM\er\Design_Pattern\king\JEditorPane.java,javax.swing.JEditorPane$JEditorPaneAccessibleHypertextSupport$LinkVector,innerclass,0,0,0,0,3,4,0,1,0,0.0,NaN,NaN,1,0,1,0,0,0,1,0,0,0,0,0,0,0,0,0,0,0,0,12,2,1,1,0,0,0,2,2,0,2,2,0,0,0,15,2,0
C:\Users\user\Desktop\STUFF A LOT OF 'EM\er\Design_Pattern\king\text\AbstractDocument.java,javax.swing.text.AbstractDocument$DefaultDocumentEvent,innerclass,3,3,0,3,30,3,0,17,91,0.9285714,0.0,0.0,14,0,14,0,0,0,14,0,0,0,4,0,0,4,0,0,0,0,0,112,15,2,10,2,4,7,3,14,2,14,3,0,0,0,139,1,0
C:\Users\user\Desktop\STUFF A LOT OF 'EM\er\Design_Pattern\king\DebugGraphicsObserver.java,javax.swing.DebugGraphicsObserver,class,0,0,0,0,6,1,0,0,0,0.0,0.0,0.0,3,0,1,0,0,2,3,0,0,3,1,0,0,0,0,1,0,0,0,13,3,0,3,0,4,0,3,1,0,1,0,0,0,0,20,0,0
C:\Users\user\Desktop\STUFF A LOT OF 'EM\er\Design_Pattern\king\text\StyleConstants.java,javax.swing.text.StyleConstants$CharacterConstants,innerclass,1,1,0,1,1,2,0,0,0,1.0,-1.0,-1.0,1,0,0,1,0,0,0,0,0,0,13,13,13,0,0,0,13,0,0,18,0,0,0,0,0,7,0,13,0,13,0,0,0,0,60,9,0
C:\Users\user\Desktop\STUFF A LOT OF 'EM\er\Design_Pattern\king\text\html\CSS.java,javax.swing.text.html.CSS,class,8,8,0,8,211,13,0,104,847,0.961039,0.0,0.0,42,15,3,13,0,26,30,0,3,0,11,9,0,10,0,1,7,0,58,1798,47,24,66,6,39,76,131,222,35,142,18,0,19,0,555,1,0
C:\Users\user\Desktop\STUFF A LOT OF 'EM\er\Design_Pattern\king\plaf\basic\BasicSliderUI.java,javax.swing.plaf.basic.BasicSliderUI$ChangeHandler,innerclass,0,0,0,0,2,1,0,2,0,0.0,NaN,NaN,1,0,1,0,0,0,1,0,0,0,0,0,0,0,0,0,0,0,0,8,0,0,0,0,0,0,0,0,0,0,1,0,0,0,32,1,0
C:\Users\user\Desktop\STUFF A LOT OF 'EM\er\Design_Pattern\king\LayoutComparator.java,javax.swing.LayoutComparator,class,0,0,0,0,29,1,0,12,0,0.16666667,0.0,0.0,2,0,1,0,0,1,2,0,0,0,3,1,0,3,0,0,1,0,4,91,11,3,7,0,8,0,20,19,4,13,3,0,0,0,57,16,0
C:\Users\user\Desktop\STUFF A LOT OF 'EM\er\Design_Pattern\king\plaf\basic\BasicPopupMenuUI.java,javax.swing.plaf.basic.BasicPopupMenuUI$MenuKeyboardHelper,innerclass,11,11,0,11,51,1,0,39,25,0.78888893,0.0,0.0,10,0,4,0,0,6,10,0,0,0,9,0,0,9,0,0,0,0,5,199,6,6,24,0,7,1,16,49,1,26,5,1,0,0,122,10,0
C:\Users\user\Desktop\STUFF A LOT OF 'EM\er\Design_Pattern\king\text\Document.java,javax.swing.text.Document,interface,0,0,0,0,17,1,0,0,136,0.9411765,0.0,0.0,17,0,17,0,0,0,17,0,0,0,2,2,2,0,0,0,2,0,0,21,0,0,0,0,0,2,0,2,0,2,0,0,0,0,470,1,0
C:\Users\user\Desktop\STUFF A LOT OF 'EM\er\Design_Pattern\king\plaf\metal\MetalFileChooserUI.java,javax.swing.plaf.metal.MetalFileChooserUI$FilterComboBoxModel,innerclass,1,1,0,1,16,1,0,10,0,0.16666667,0.0,0.0,6,0,5,0,1,0,6,0,0,0,1,0,0,0,1,0,0,0,0,58,6,1,8,0,0,0,9,7,1,5,3,0,0,0,43,4,0
C:\Users\user\Desktop\STUFF A LOT OF 'EM\er\Design_Pattern\king\plaf\ColorChooserUI.java,javax.swing.plaf.ColorChooserUI,class,0,0,0,0,0,2,0,0,0,0.0,-1.0,-1.0,0,0,0,0,0,0,0,0,0,0,0,0,0,0,0,0,0,0,0,2,0,0,0,0,0,0,0,0,0,0,0,0,0,0,13,1025,0
C:\Users\user\Desktop\STUFF A LOT OF 'EM\er\Design_Pattern\king\table\TableColumn.java,javax.swing.table.TableColumn$Anonymous1,anonymous,1,1,0,1,4,1,0,11,0,0.0,NaN,NaN,1,0,1,0,0,0,1,0,0,0,0,0,0,0,0,0,0,0,0,15,1,0,3,0,1,2,0,1,0,1,2,0,0,0,19,-1,0
C:\Users\user\Desktop\STUFF A LOT OF 'EM\er\Design_Pattern\king\text\MaskFormatter.java,javax.swing.text.MaskFormatter$CharCharacter,innerclass,0,0,0,0,1,2,0,2,0,0.0,NaN,NaN,1,0,1,0,0,0,1,0,0,0,0,0,0,0,0,0,0,0,1,5,1,0,0,0,1,0,0,0,0,0,0,0,0,0,9,2,0
C:\Users\user\Desktop\STUFF A LOT OF 'EM\er\Design_Pattern\king\colorchooser\CenterLayout.java,javax.swing.colorchooser.CenterLayout,class,0,0,0,0,7,1,0,7,10,0.0,0.0,0.0,5,0,5,0,0,0,5,0,0,0,0,0,0,0,0,0,0,0,0,40,3,0,1,1,4,0,8,15,10,9,1,0,0,0,30,0,0
C:\Users\user\Desktop\STUFF A LOT OF 'EM\er\Design_Pattern\king\text\DefaultStyledDocument.java,javax.swing.text.DefaultStyledDocument,class,8,8,0,8,121,6,1,87,435,0.96666664,0.0,0.0,30,0,19,1,6,4,29,0,0,0,6,1,1,4,1,0,1,0,0,1328,21,15,47,6,20,1,50,140,18,113,5,0,8,0,591,1,0
C:\Users\user\Desktop\STUFF A LOT OF 'EM\er\Design_Pattern\king\tree\TreeNode.java,javax.swing.tree.TreeNode,interface,0,0,0,0,7,1,0,0,21,0.0,0.0,0.0,7,0,0,0,0,7,7,0,0,0,0,0,0,0,0,0,0,0,0,9,0,0,0,0,0,0,0,0,0,0,0,0,0,0,69,1,0
C:\Users\user\Desktop\STUFF A LOT OF 'EM\er\Design_Pattern\king\plaf\basic\BasicSplitPaneUI.java,javax.swing.plaf.basic.BasicSplitPaneUI$MoveFocusOutAction,innerclass,1,1,0,1,9,1,0,10,0,0.0,0.0,0.0,2,0,2,0,0,0,2,0,0,0,1,0,0,1,0,0,0,0,0,25,0,1,1,0,2,0,2,9,0,6,2,0,0,0,42,8,0
C:\Users\user\Desktop\STUFF A LOT OF 'EM\er\Design_Pattern\king\plaf\metal\MetalBorders.java,javax.swing.plaf.metal.MetalBorders$MenuBarBorder,innerclass,0,0,0,0,3,2,0,4,1,0.33333334,0.0,0.0,3,0,3,0,0,0,3,0,0,0,1,1,0,0,1,0,0,0,0,19,2,0,0,0,0,0,7,5,2,1,0,0,0,0,17,9,0
C:\Users\user\Desktop\STUFF A LOT OF 'EM\er\Design_Pattern\king\plaf\basic\BasicButtonUI.java,javax.swing.plaf.basic.BasicButtonUI,class,6,6,0,6,57,2,1,83,238,0.91346157,0.0,0.0,24,1,8,0,16,0,24,0,0,0,13,5,0,11,2,0,2,0,3,226,9,0,14,0,6,11,7,63,22,38,2,0,0,0,100,1,0
C:\Users\user\Desktop\STUFF A LOT OF 'EM\er\Design_Pattern\king\plaf\basic\BasicInternalFrameTitlePane.java,javax.swing.plaf.basic.BasicInternalFrameTitlePane$SystemMenuBar,innerclass,2,2,0,2,9,1,0,8,6,0.0,0.0,0.0,4,0,4,0,0,0,4,0,0,0,0,0,0,0,0,0,0,0,0,23,2,0,2,0,3,1,6,3,0,2,2,0,0,0,37,1,0
C:\Users\user\Desktop\STUFF A LOT OF 'EM\er\Design_Pattern\king\Autoscroller.java,javax.swing.Autoscroller,class,1,1,0,1,11,2,0,18,5,0.5714286,0.0,0.0,7,0,2,2,0,3,5,0,0,0,3,0,0,0,0,3,0,0,0,58,0,0,1,0,0,1,2,8,2,6,2,0,1,0,49,0,0
C:\Users\user\Desktop\STUFF A LOT OF 'EM\er\Design_Pattern\king\JMenuItem.java,javax.swing.JMenuItem,class,6,6,0,6,86,10,3,72,871,0.95348835,0.0,0.0,43,0,28,2,11,2,41,0,0,0,6,4,0,6,0,0,4,0,8,380,12,7,19,0,10,12,30,38,19,27,2,1,2,0,389,1,0
C:\Users\user\Desktop\STUFF A LOT OF 'EM\er\Design_Pattern\king\plaf\basic\BasicTextUI.java,javax.swing.plaf.basic.BasicTextUI$BasicHighlighter,innerclass,0,0,0,0,0,1,0,0,0,0.0,-1.0,-1.0,0,0,0,0,0,0,0,0,0,0,0,0,0,0,0,0,0,0,0,2,0,0,0,0,0,0,0,0,0,0,0,0,0,0,6,9,0
C:\Users\user\Desktop\STUFF A LOT OF 'EM\er\Design_Pattern\king\tree\DefaultMutableTreeNode.java,javax.swing.tree.DefaultMutableTreeNode$BreadthFirstEnumeration,innerclass,0,0,0,0,5,1,0,9,0,0.0,0.0,0.0,3,0,3,0,0,0,3,0,0,0,1,0,0,0,1,0,0,0,0,70,2,0,0,0,2,0,1,5,0,5,1,0,1,0,19,16,0
C:\Users\user\Desktop\STUFF A LOT OF 'EM\er\Design_Pattern\king\plaf\BorderUIResource.java,javax.swing.plaf.BorderUIResource$MatteBorderUIResource,innerclass,0,0,0,0,3,4,0,0,3,0.0,0.0,0.0,3,0,3,0,0,0,3,0,0,0,0,0,0,0,0,0,0,0,0,11,0,0,0,0,0,0,0,0,0,0,0,0,0,0,9,9,0
C:\Users\user\Desktop\STUFF A LOT OF 'EM\er\Design_Pattern\king\plaf\basic\BasicLookAndFeel.java,javax.swing.plaf.basic.BasicLookAndFeel$AudioAction,innerclass,1,1,0,1,11,2,0,12,4,0.625,0.0,0.0,4,0,3,1,0,0,3,0,0,0,2,0,0,2,0,0,0,0,2,47,0,0,6,1,0,0,0,9,0,6,3,0,0,0,65,2,0
C:\Users\user\Desktop\STUFF A LOT OF 'EM\er\Design_Pattern\king\plaf\basic\BasicComboBoxUI.java,javax.swing.plaf.basic.BasicComboBoxUI$FocusHandler,innerclass,0,0,0,0,10,1,0,8,1,0.0,0.0,0.0,2,0,2,0,0,0,2,0,0,0,0,0,0,0,0,0,0,0,0,28,0,0,3,0,2,0,0,4,0,2,2,0,0,0,45,1,0
C:\Users\user\Desktop\STUFF A LOT OF 'EM\er\Design_Pattern\king\DefaultCellEditor.java,javax.swing.DefaultCellEditor,class,0,0,0,0,13,2,4,11,0,0.51282054,0.0,0.0,13,0,13,0,0,0,13,0,0,0,3,0,0,0,3,0,0,0,0,133,8,0,0,0,0,1,2,10,0,4,0,3,1,0,121,1,0
C:\Users\user\Desktop\STUFF A LOT OF 'EM\er\Design_Pattern\king\plaf\basic\BasicOptionPaneUI.java,javax.swing.plaf.basic.BasicOptionPaneUI$CloseAction,innerclass,1,1,0,1,1,1,0,2,0,0.0,NaN,NaN,1,0,1,0,0,0,1,0,0,0,0,0,0,0,0,0,0,0,0,6,0,0,0,0,0,0,0,1,0,1,0,0,0,0,21,10,0
C:\Users\user\Desktop\STUFF A LOT OF 'EM\er\Design_Pattern\king\Popup.java,javax.swing.Popup$HeavyWeightWindow,innerclass,0,0,0,0,3,5,0,5,3,0.0,0.0,0.0,3,0,2,0,0,1,3,0,0,0,0,0,0,0,0,0,0,0,0,14,0,0,0,0,0,1,0,0,0,0,0,0,0,0,19,8,0
C:\Users\user\Desktop\STUFF A LOT OF 'EM\er\Design_Pattern\king\JComponent.java,javax.swing.JComponent$AccessibleJComponent$AccessibleFocusHandler,innerclass,0,0,0,0,4,1,0,1,1,0.0,0.0,0.0,2,0,2,0,0,0,2,0,0,0,0,0,0,0,0,0,0,0,0,12,0,0,2,0,0,0,0,0,0,0,1,0,0,0,20,4,0
C:\Users\user\Desktop\STUFF A LOT OF 'EM\er\Design_Pattern\king\plaf\multi\MultiScrollPaneUI.java,javax.swing.plaf.multi.MultiScrollPaneUI,class,1,1,0,1,22,2,0,14,0,0.0,0.0,0.0,12,1,12,0,0,0,12,0,0,0,1,0,0,0,1,0,0,0,1,72,8,10,0,0,33,0,16,18,0,18,1,0,0,0,93,1,0
C:\Users\user\Desktop\STUFF A LOT OF 'EM\er\Design_Pattern\king\Box.java,javax.swing.Box$Filler$AccessibleBoxFiller,innerclass,0,0,0,0,1,3,0,0,0,0.0,NaN,NaN,1,0,1,0,0,0,1,0,0,0,0,0,0,0,0,0,0,0,0,5,1,0,0,0,0,0,0,0,0,0,0,0,0,0,22,4,0
C:\Users\user\Desktop\STUFF A LOT OF 'EM\er\Design_Pattern\king\plaf\basic\BasicIconFactory.java,javax.swing.plaf.basic.BasicIconFactory$CheckBoxIcon,innerclass,0,0,0,0,3,1,0,0,1,0.33333334,0.0,0.0,3,0,3,0,0,0,3,0,0,0,1,1,0,0,0,1,1,0,0,11,2,0,0,0,0,0,1,1,0,1,0,0,0,0,12,10,0
C:\Users\user\Desktop\STUFF A LOT OF 'EM\er\Design_Pattern\king\plaf\basic\BasicSplitPaneUI.java,javax.swing.plaf.basic.BasicSplitPaneUI$ToggleSideFocusAction,innerclass,1,1,0,1,18,1,0,10,3,0.0,NaN,NaN,3,0,1,2,0,0,1,0,0,0,0,0,0,0,0,0,0,0,2,51,4,0,9,0,3,0,0,18,0,12,2,0,0,0,43,8,0
C:\Users\user\Desktop\STUFF A LOT OF 'EM\er\Design_Pattern\king\tree\FixedHeightLayoutCache.java,javax.swing.tree.FixedHeightLayoutCache$VisibleFHTreeStateNodeEnumeration,innerclass,0,0,0,0,22,1,0,12,1,0.42857146,0.0,0.0,7,0,2,0,5,0,7,0,0,0,3,0,0,0,3,0,0,0,0,68,9,1,9,0,1,1,5,17,0,7,3,0,0,0,72,2,0
C:\Users\user\Desktop\STUFF A LOT OF 'EM\er\Design_Pattern\king\JTree.java,javax.swing.JTree$TreeSelectionRedirector,innerclass,1,1,0,1,1,1,0,2,0,0.0,NaN,NaN,1,0,1,0,0,0,1,0,0,0,0,0,0,0,0,0,0,0,0,7,0,0,0,0,0,0,0,1,0,1,0,0,0,0,67,4,0
C:\Users\user\Desktop\STUFF A LOT OF 'EM\er\Design_Pattern\king\JComboBox.java,javax.swing.JComboBox$AccessibleJComboBox$EditorAccessibleContext,innerclass,0,0,0,0,26,2,0,25,0,0.07692308,0.0,0.0,26,0,24,1,0,1,25,0,0,0,1,0,0,1,0,0,0,0,0,80,18,0,0,0,0,0,0,1,0,1,0,0,0,0,232,2,0
C:\Users\user\Desktop\STUFF A LOT OF 'EM\er\Design_Pattern\king\plaf\basic\BasicTreeUI.java,javax.swing.plaf.basic.BasicTreeUI$TreeEditAction,innerclass,0,0,0,0,8,1,0,4,3,0.0,0.0,0.0,3,0,3,0,0,0,3,0,0,0,0,0,0,0,0,0,0,0,0,16,1,0,4,0,2,0,2,2,0,2,2,0,0,0,28,2,0
C:\Users\user\Desktop\STUFF A LOT OF 'EM\er\Design_Pattern\king\plaf\basic\BasicOptionPaneUI.java,javax.swing.plaf.basic.BasicOptionPaneUI$Anonymous3,anonymous,0,0,0,0,0,1,0,0,0,0.0,-1.0,-1.0,0,0,0,0,0,0,0,0,0,0,0,0,0,0,0,0,0,0,0,2,0,0,0,0,0,0,0,0,0,0,0,0,0,0,0,-1,0
C:\Users\user\Desktop\STUFF A LOT OF 'EM\er\Design_Pattern\king\OverlayLayout.java,javax.swing.OverlayLayout,class,1,1,0,1,18,1,0,16,78,0.9230769,0.0,0.0,13,0,11,0,0,2,13,0,0,0,5,0,0,5,0,0,0,0,4,104,5,2,3,0,0,1,2,40,10,26,2,0,0,0,171,1,0
C:\Users\user\Desktop\STUFF A LOT OF 'EM\er\Design_Pattern\king\plaf\basic\BasicOptionPaneUI.java,javax.swing.plaf.basic.BasicOptionPaneUI$Anonymous4,anonymous,0,0,0,0,1,1,0,0,0,0.0,NaN,NaN,1,0,1,0,0,0,1,0,0,0,0,0,0,0,0,0,0,0,0,5,1,0,0,0,0,0,2,0,0,0,0,0,0,0,4,-1,0
C:\Users\user\Desktop\STUFF A LOT OF 'EM\er\Design_Pattern\king\plaf\basic\BasicOptionPaneUI.java,javax.swing.plaf.basic.BasicOptionPaneUI$Anonymous5,anonymous,0,0,0,0,2,1,0,2,0,0.0,NaN,NaN,1,0,1,0,0,0,1,0,0,0,0,0,0,0,0,0,0,0,0,9,2,0,1,0,0,0,4,1,1,1,1,0,0,0,7,-1,0
C:\Users\user\Desktop\STUFF A LOT OF 'EM\er\Design_Pattern\king\JCheckBoxMenuItem.java,javax.swing.JCheckBoxMenuItem,class,0,0,0,0,19,12,0,13,89,0.85714287,0.0,0.0,14,0,12,1,1,0,13,0,0,1,1,1,0,1,0,0,1,0,2,67,6,0,4,0,0,1,3,5,0,3,2,0,1,0,205,1,0
C:\Users\user\Desktop\STUFF A LOT OF 'EM\er\Design_Pattern\king\plaf\basic\BasicOptionPaneUI.java,javax.swing.plaf.basic.BasicOptionPaneUI$Anonymous6,anonymous,2,2,0,2,4,1,0,3,3,0.0,0.0,0.0,3,0,3,0,0,0,3,0,0,0,0,0,0,0,0,0,0,0,0,13,0,0,1,0,0,0,0,2,0,2,1,0,0,0,15,-1,0
C:\Users\user\Desktop\STUFF A LOT OF 'EM\er\Design_Pattern\king\plaf\metal\MetalBorders.java,javax.swing.plaf.metal.MetalBorders$InternalFrameBorder,innerclass,1,1,0,1,8,2,0,11,1,0.5,0.0,0.0,3,0,3,0,0,0,3,0,0,0,2,2,0,2,0,0,2,0,0,49,2,1,0,0,4,0,51,13,34,6,1,0,0,0,25,9,0
C:\Users\user\Desktop\STUFF A LOT OF 'EM\er\Design_Pattern\king\plaf\basic\BasicOptionPaneUI.java,javax.swing.plaf.basic.BasicOptionPaneUI$Anonymous1,anonymous,0,0,0,0,2,1,0,1,0,0.0,NaN,NaN,1,0,1,0,0,0,1,0,0,0,0,0,0,0,0,0,0,0,1,9,1,0,1,0,0,2,0,2,0,0,1,0,0,0,4,-1,0
C:\Users\user\Desktop\STUFF A LOT OF 'EM\er\Design_Pattern\king\plaf\basic\BasicOptionPaneUI.java,javax.swing.plaf.basic.BasicOptionPaneUI$Anonymous2,anonymous,0,0,0,0,0,1,0,0,0,0.0,-1.0,-1.0,0,0,0,0,0,0,0,0,0,0,0,0,0,0,0,0,0,0,0,2,0,0,0,0,0,0,0,0,0,0,0,0,0,0,0,-1,0
C:\Users\user\Desktop\STUFF A LOT OF 'EM\er\Design_Pattern\king\UnsupportedLookAndFeelException.java,javax.swing.UnsupportedLookAndFeelException,class,0,0,0,0,1,3,0,0,0,0.0,NaN,NaN,1,0,1,0,0,0,1,0,0,0,0,0,0,0,0,0,0,0,0,5,0,0,0,0,0,0,0,0,0,0,0,0,0,0,64,1,0
C:\Users\user\Desktop\STUFF A LOT OF 'EM\er\Design_Pattern\king\plaf\basic\BasicListUI.java,javax.swing.plaf.basic.BasicListUI$ListTransferHandler,innerclass,1,1,0,1,7,2,0,6,1,0.0,0.0,0.0,2,0,1,0,1,0,2,0,0,0,0,0,0,0,0,0,0,0,0,27,4,1,3,0,2,6,3,7,3,7,2,0,0,0,55,8,0
C:\Users\user\Desktop\STUFF A LOT OF 'EM\er\Design_Pattern\king\text\rtf\RTFReader.java,javax.swing.text.rtf.RTFReader$Anonymous1,anonymous,0,0,0,0,1,1,0,1,0,0.0,NaN,NaN,1,0,1,0,0,0,1,0,0,0,0,0,0,0,0,0,0,0,0,5,1,0,0,0,0,2,0,0,1,0,0,0,0,0,3,-1,0
C:\Users\user\Desktop\STUFF A LOT OF 'EM\er\Design_Pattern\king\text\TableView.java,javax.swing.text.TableView$TableRow,innerclass,1,1,0,1,31,2,0,18,66,0.9166667,0.0,0.0,12,0,3,0,3,6,12,0,0,0,2,0,0,0,0,2,0,0,0,105,7,8,3,0,3,0,17,33,9,27,4,0,0,0,178,1,0
C:\Users\user\Desktop\STUFF A LOT OF 'EM\er\Design_Pattern\king\Timer.java,javax.swing.Timer,class,0,1,1,0,32,1,0,18,207,0.91304344,0.0,0.0,23,2,19,0,1,3,23,0,0,2,9,1,0,2,1,6,0,0,2,126,9,1,3,0,1,2,6,19,5,14,2,0,1,0,337,1,0
C:\Users\user\Desktop\STUFF A LOT OF 'EM\er\Design_Pattern\king\JComboBox.java,javax.swing.JComboBox$DefaultKeySelectionManager,innerclass,0,0,0,0,14,1,0,7,0,0.0,NaN,NaN,1,0,1,0,0,0,1,0,0,0,0,0,0,0,0,0,0,0,0,34,3,3,8,0,1,1,9,14,1,8,3,0,0,0,21,0,0
C:\Users\user\Desktop\STUFF A LOT OF 'EM\er\Design_Pattern\king\plaf\basic\BasicTableUI.java,javax.swing.plaf.basic.BasicTableUI$SelectAllAction,innerclass,1,1,0,1,1,1,0,2,0,0.0,NaN,NaN,1,0,1,0,0,0,1,0,0,0,0,0,0,0,0,0,0,0,0,6,0,0,0,0,0,0,0,1,0,1,0,0,0,0,16,10,0
C:\Users\user\Desktop\STUFF A LOT OF 'EM\er\Design_Pattern\king\plaf\metal\MetalBorders.java,javax.swing.plaf.metal.MetalBorders$ButtonBorder,innerclass,3,3,0,3,8,2,0,10,1,0.33333334,0.0,0.0,3,0,3,0,0,0,3,0,0,0,1,1,0,0,1,0,0,0,5,36,2,0,0,0,2,0,6,9,2,5,2,0,0,0,22,9,0
C:\Users\user\Desktop\STUFF A LOT OF 'EM\er\Design_Pattern\king\plaf\basic\BasicInternalFrameUI.java,javax.swing.plaf.basic.BasicInternalFrameUI$BasicInternalFrameListener,innerclass,0,0,0,0,9,1,0,6,21,0.0,0.0,0.0,7,0,7,0,0,0,7,0,0,0,0,0,0,0,0,0,0,0,0,24,0,0,0,0,0,0,0,0,0,0,1,0,0,0,26,4,0
C:\Users\user\Desktop\STUFF A LOT OF 'EM\er\Design_Pattern\king\plaf\metal\DefaultMetalTheme.java,javax.swing.plaf.metal.DefaultMetalTheme,class,2,2,0,2,24,3,1,6,192,0.917749,0.0,0.0,21,4,8,1,6,6,20,0,0,0,11,10,0,11,0,0,10,0,2,132,19,0,1,0,1,13,24,12,0,11,1,0,2,0,118,1,0
C:\Users\user\Desktop\STUFF A LOT OF 'EM\er\Design_Pattern\king\plaf\ScrollBarUI.java,javax.swing.plaf.ScrollBarUI,class,0,0,0,0,0,2,0,0,0,0.0,-1.0,-1.0,0,0,0,0,0,0,0,0,0,0,0,0,0,0,0,0,0,0,0,2,0,0,0,0,0,0,0,0,0,0,0,0,0,0,11,1025,0
C:\Users\user\Desktop\STUFF A LOT OF 'EM\er\Design_Pattern\king\JPanel.java,javax.swing.JPanel,class,1,1,0,1,15,8,2,14,53,0.8181818,0.0,0.0,11,0,9,1,1,0,10,0,0,0,1,1,0,1,0,0,1,0,2,54,4,0,3,0,0,1,1,3,0,2,2,0,1,0,164,1,0
C:\Users\user\Desktop\STUFF A LOT OF 'EM\er\Design_Pattern\king\colorchooser\AbstractColorChooserPanel.java,javax.swing.colorchooser.AbstractColorChooserPanel,class,0,0,0,0,18,1,3,11,72,0.8461539,0.0,0.0,13,1,10,0,2,1,13,5,0,0,3,0,0,3,0,0,0,0,1,68,7,0,1,1,1,1,2,6,0,4,2,0,1,0,195,1025,0
C:\Users\user\Desktop\STUFF A LOT OF 'EM\er\Design_Pattern\king\plaf\basic\BasicColorChooserUI.java,javax.swing.plaf.basic.BasicColorChooserUI$ColorTransferHandler,innerclass,0,0,0,0,1,2,0,0,0,0.0,NaN,NaN,1,0,0,0,0,1,1,0,0,0,0,0,0,0,0,0,0,0,0,5,0,0,0,0,0,1,0,0,0,0,0,0,0,0,6,8,0
C:\Users\user\Desktop\STUFF A LOT OF 'EM\er\Design_Pattern\king\JDialog.java,javax.swing.JDialog$AccessibleJDialog,innerclass,0,0,0,0,7,6,0,7,1,0.0,0.0,0.0,2,0,2,0,0,0,2,0,0,0,0,0,0,0,0,0,0,0,0,28,4,0,3,0,0,0,0,1,0,1,2,0,0,0,52,4,0
C:\Users\user\Desktop\STUFF A LOT OF 'EM\er\Design_Pattern\king\event\TreeModelListener.java,javax.swing.event.TreeModelListener,interface,0,0,0,0,4,1,0,0,6,0.0,0.0,0.0,4,0,0,0,0,4,4,0,0,0,0,0,0,0,0,0,0,0,0,6,0,0,0,0,0,0,0,0,0,0,0,0,0,0,122,1,0
C:\Users\user\Desktop\STUFF A LOT OF 'EM\er\Design_Pattern\king\filechooser\FileSystemView.java,javax.swing.filechooser.WindowsFileSystemView,class,1,1,0,1,26,2,0,24,36,0.8888889,0.0,0.0,9,0,8,0,1,0,9,0,0,0,2,2,0,2,0,0,2,0,4,72,11,1,7,0,4,10,16,10,3,6,2,1,0,0,74,0,0
C:\Users\user\Desktop\STUFF A LOT OF 'EM\er\Design_Pattern\king\plaf\basic\BasicOptionPaneUI.java,javax.swing.plaf.basic.BasicOptionPaneUI$ButtonAreaLayout,innerclass,0,0,0,0,32,1,0,10,26,0.6388889,0.0,0.0,12,0,12,0,0,0,12,0,0,0,3,0,0,0,3,0,0,0,4,148,7,7,3,0,19,0,30,60,43,28,4,0,0,0,91,9,0
C:\Users\user\Desktop\STUFF A LOT OF 'EM\er\Design_Pattern\king\plaf\basic\BasicMenuItemUI.java,javax.swing.plaf.basic.BasicMenuItemUI$MenuDragMouseHandler,innerclass,2,2,0,2,8,1,0,8,6,0.0,0.0,0.0,4,0,4,0,0,0,4,0,0,0,0,0,0,0,0,0,0,0,0,25,0,0,0,0,0,0,2,7,0,7,1,0,0,0,21,2,0
C:\Users\user\Desktop\STUFF A LOT OF 'EM\er\Design_Pattern\king\plaf\basic\BasicTreeUI.java,javax.swing.plaf.basic.BasicTreeUI$TreeScrollLRAction,innerclass,0,0,0,0,10,1,0,11,1,0.33333334,0.0,0.0,3,0,2,0,0,1,3,0,0,0,3,0,0,2,1,0,0,0,3,38,1,0,4,0,2,0,4,9,4,6,2,0,0,0,51,2,0
C:\Users\user\Desktop\STUFF A LOT OF 'EM\er\Design_Pattern\king\RepaintManager.java,javax.swing.RepaintManager$DoubleBufferInfo,innerclass,0,0,0,0,0,1,0,0,0,NaN,-1.0,-1.0,0,0,0,0,0,0,0,0,0,0,3,0,3,0,0,0,0,0,0,5,0,0,0,0,0,0,0,1,0,3,0,0,0,0,10,2,0
C:\Users\user\Desktop\STUFF A LOT OF 'EM\er\Design_Pattern\king\JTabbedPane.java,javax.swing.JTabbedPane,class,4,4,0,4,184,9,0,92,1477,0.91999996,0.0,0.0,70,0,62,4,3,1,66,0,0,0,10,3,2,3,4,1,3,0,3,793,40,8,77,0,50,23,39,79,6,62,5,0,3,0,493,1,0
C:\Users\user\Desktop\STUFF A LOT OF 'EM\er\Design_Pattern\king\plaf\metal\MetalLookAndFeel.java,javax.swing.plaf.metal.MetalLookAndFeel,class,6,6,0,6,77,1,0,70,1750,0.9666667,0.0,0.0,60,47,51,3,4,2,57,0,0,0,8,8,0,8,0,0,0,0,58,333,56,1,8,0,4,1141,73,60,23,53,3,0,2,0,310,1,0
C:\Users\user\Desktop\STUFF A LOT OF 'EM\er\Design_Pattern\king\text\LayeredHighlighter.java,javax.swing.text.LayeredHighlighter,class,1,1,0,1,1,1,1,0,0,0.0,NaN,NaN,1,0,1,0,0,0,1,1,0,0,0,0,0,0,0,0,0,0,0,6,0,0,0,0,0,0,0,0,0,0,0,0,1,0,54,1025,0
C:\Users\user\Desktop\STUFF A LOT OF 'EM\er\Design_Pattern\king\CellEditor.java,javax.swing.CellEditor,interface,0,0,0,0,7,1,0,0,21,0.0,0.0,0.0,7,0,7,0,0,0,7,0,0,0,0,0,0,0,0,0,0,0,0,9,0,0,0,0,0,0,0,0,0,0,0,0,0,0,171,1,0
C:\Users\user\Desktop\STUFF A LOT OF 'EM\er\Design_Pattern\king\text\html\HTMLDocument.java,javax.swing.text.html.HTMLDocument$HTMLReader$TitleAction,innerclass,0,0,0,0,3,3,0,2,3,0.0,0.0,0.0,3,0,2,0,0,1,3,0,0,0,0,0,0,0,0,0,0,0,0,13,1,0,0,0,0,0,0,2,0,0,0,0,0,0,15,0,0
C:\Users\user\Desktop\STUFF A LOT OF 'EM\er\Design_Pattern\king\tree\AbstractLayoutCache.java,javax.swing.tree.AbstractLayoutCache,class,1,1,0,1,49,1,2,12,451,0.9290322,0.0,0.0,31,0,29,0,2,0,31,16,0,0,5,0,0,0,5,0,0,0,1,121,15,2,10,0,1,0,9,24,5,17,4,0,1,0,301,1025,0
C:\Users\user\Desktop\STUFF A LOT OF 'EM\er\Design_Pattern\king\plaf\metal\MetalIconFactory.java,javax.swing.plaf.metal.MetalIconFactory$RadioButtonIcon,innerclass,2,2,0,2,7,1,0,14,3,0.0,0.0,0.0,3,0,3,0,0,0,3,0,0,0,0,0,0,0,0,0,0,0,0,68,2,0,0,0,0,0,130,16,0,10,1,0,0,0,31,10,0
C:\Users\user\Desktop\STUFF A LOT OF 'EM\er\Design_Pattern\king\plaf\multi\MultiButtonUI.java,javax.swing.plaf.multi.MultiButtonUI,class,1,1,0,1,22,2,0,14,0,0.0,0.0,0.0,12,1,12,0,0,0,12,0,0,0,1,0,0,0,1,0,0,0,1,72,8,10,0,0,33,0,16,18,0,18,1,0,0,0,92,1,0
C:\Users\user\Desktop\STUFF A LOT OF 'EM\er\Design_Pattern\king\tree\FixedHeightLayoutCache.java,javax.swing.tree.FixedHeightLayoutCache$SearchInfo,innerclass,0,0,0,0,3,1,0,4,0,0.0,NaN,NaN,1,0,0,0,1,0,1,0,0,0,3,0,0,0,3,0,0,0,0,10,3,0,1,0,0,0,0,0,0,3,1,0,0,0,24,2,0
C:\Users\user\Desktop\STUFF A LOT OF 'EM\er\Design_Pattern\king\tree\DefaultTreeCellEditor.java,javax.swing.tree.DefaultTreeCellEditor$EditorContainer,innerclass,0,0,0,0,12,3,0,13,10,0.0,0.0,0.0,5,0,5,0,0,0,5,0,0,0,0,0,0,0,0,0,0,0,4,41,2,0,7,0,2,0,13,10,6,6,2,0,0,0,63,1,0
C:\Users\user\Desktop\STUFF A LOT OF 'EM\er\Design_Pattern\king\colorchooser\ColorSelectionModel.java,javax.swing.colorchooser.ColorSelectionModel,interface,0,0,0,0,4,1,0,0,6,0.0,0.0,0.0,4,0,0,0,0,4,4,0,0,0,0,0,0,0,0,0,0,0,0,6,0,0,0,0,0,0,0,0,0,0,0,0,0,0,54,1,0
C:\Users\user\Desktop\STUFF A LOT OF 'EM\er\Design_Pattern\king\text\html\HTMLDocument.java,javax.swing.text.html.HTMLDocument$HTMLReader$HiddenAction,innerclass,2,2,0,2,6,2,0,3,3,0.0,0.0,0.0,3,0,2,0,0,1,3,0,0,0,0,0,0,0,0,0,0,0,0,18,2,0,2,0,0,1,0,1,0,1,1,0,0,0,18,1,0
C:\Users\user\Desktop\STUFF A LOT OF 'EM\er\Design_Pattern\king\text\AbstractDocument.java,javax.swing.text.AbstractDocument$ElementEdit,innerclass,0,0,0,0,7,2,0,3,21,0.85714287,0.0,0.0,7,0,7,0,0,0,7,0,0,0,4,0,0,4,0,0,0,0,0,39,4,0,0,0,2,0,0,10,0,6,0,0,0,0,66,9,0
C:\Users\user\Desktop\STUFF A LOT OF 'EM\er\Design_Pattern\king\plaf\basic\BasicTableUI.java,javax.swing.plaf.basic.BasicTableUI$TableTransferHandler,innerclass,2,2,0,2,16,2,0,12,1,0.0,0.0,0.0,2,0,1,0,1,0,2,0,0,0,0,0,0,0,0,0,0,0,0,56,5,4,5,0,2,9,8,17,4,13,3,0,0,0,60,8,0
C:\Users\user\Desktop\STUFF A LOT OF 'EM\er\Design_Pattern\king\plaf\metal\MetalBorders.java,javax.swing.plaf.metal.MetalBorders$OptionDialogBorder,innerclass,1,1,0,1,12,2,0,8,1,0.6666667,0.0,0.0,3,0,3,0,0,0,3,0,0,0,2,1,0,1,0,1,1,0,0,50,2,1,1,0,10,4,27,14,12,6,2,0,0,0,32,9,0
C:\Users\user\Desktop\STUFF A LOT OF 'EM\er\Design_Pattern\king\plaf\BorderUIResource.java,javax.swing.plaf.BorderUIResource$CompoundBorderUIResource,innerclass,0,0,0,0,1,3,0,0,0,0.0,NaN,NaN,1,0,1,0,0,0,1,0,0,0,0,0,0,0,0,0,0,0,0,5,0,0,0,0,0,0,0,0,0,0,0,0,0,0,6,9,0
C:\Users\user\Desktop\STUFF A LOT OF 'EM\er\Design_Pattern\king\JScrollBar.java,javax.swing.JScrollBar,class,1,1,0,1,67,8,2,41,655,0.8974359,0.0,0.0,39,0,35,2,2,0,37,0,0,0,6,1,0,2,4,0,1,0,2,261,20,2,21,0,15,11,15,34,3,26,3,0,2,0,398,1,0
C:\Users\user\Desktop\STUFF A LOT OF 'EM\er\Design_Pattern\king\plaf\basic\BasicScrollBarUI.java,javax.swing.plaf.basic.BasicScrollBarUI,class,6,6,0,6,102,3,0,91,647,0.9396021,0.0,0.0,47,3,12,4,29,2,43,0,0,0,31,8,0,7,24,0,8,0,10,831,26,0,18,0,53,31,70,155,107,116,2,0,6,0,315,1,0
C:\Users\user\Desktop\STUFF A LOT OF 'EM\er\Design_Pattern\king\JTextField.java,javax.swing.JTextField$Anonymous1,anonymous,0,0,0,0,4,1,0,10,0,0.0,NaN,NaN,1,0,1,0,0,0,1,0,0,0,0,0,0,0,0,0,0,0,0,21,0,0,1,0,0,1,0,5,0,5,2,0,0,0,18,-1,0
C:\Users\user\Desktop\STUFF A LOT OF 'EM\er\Design_Pattern\king\KeyboardManager.java,javax.swing.KeyboardManager$ComponentKeyStrokePair,innerclass,0,0,0,0,4,1,0,2,0,0.0,0.0,0.0,3,0,3,0,0,0,3,0,0,0,2,0,0,0,0,2,0,0,0,18,3,0,0,0,4,0,0,3,1,3,1,0,0,0,35,0,0
C:\Users\user\Desktop\STUFF A LOT OF 'EM\er\Design_Pattern\king\text\html\CSS.java,javax.swing.text.html.CSS$BackgroundPosition,innerclass,0,0,0,0,36,2,0,2,0,0.5714286,0.0,0.0,7,0,0,0,0,7,7,0,0,0,3,0,0,0,0,3,0,0,1,108,7,1,16,0,19,5,54,33,0,10,5,0,0,0,32,8,0
C:\Users\user\Desktop\STUFF A LOT OF 'EM\er\Design_Pattern\king\plaf\metal\MetalIconFactory.java,javax.swing.plaf.metal.MetalIconFactory$TreeComputerIcon,innerclass,0,0,0,0,3,1,0,7,3,0.0,0.0,0.0,3,0,3,0,0,0,3,0,0,0,0,0,0,0,0,0,0,0,0,31,2,0,0,0,0,0,66,0,0,0,0,0,0,0,11,10,0
C:\Users\user\Desktop\STUFF A LOT OF 'EM\er\Design_Pattern\king\text\StringContent.java,javax.swing.text.StringContent$PosRec,innerclass,0,0,0,0,1,1,0,0,0,0.0,NaN,NaN,1,0,0,0,0,1,1,0,0,0,2,0,0,0,0,2,0,0,0,7,0,0,0,0,0,0,0,1,0,2,0,0,0,0,28,16,0
C:\Users\user\Desktop\STUFF A LOT OF 'EM\er\Design_Pattern\king\plaf\basic\BasicMenuUI.java,javax.swing.plaf.basic.BasicMenuUI$PostAction,innerclass,4,4,0,4,12,1,0,10,0,0.16666667,0.0,0.0,3,0,2,0,0,1,3,0,0,0,2,0,0,0,0,2,0,0,2,48,2,0,4,0,0,0,13,17,1,8,3,0,0,0,35,10,0
C:\Users\user\Desktop\STUFF A LOT OF 'EM\er\Design_Pattern\king\text\Highlighter.java,javax.swing.text.Highlighter$Highlight,interface,0,0,0,0,3,1,0,0,3,0.0,0.0,0.0,3,0,3,0,0,0,3,0,0,0,0,0,0,0,0,0,0,0,0,5,0,0,0,0,0,0,0,0,0,0,0,0,0,0,13,1,0
C:\Users\user\Desktop\STUFF A LOT OF 'EM\er\Design_Pattern\king\Spring.java,javax.swing.Spring$CompoundSpring,innerclass,0,0,0,0,16,4,0,9,0,0.2,0.0,0.0,10,0,7,0,2,1,10,1,0,0,2,0,0,0,2,0,0,0,0,54,7,0,6,0,0,2,0,10,1,2,2,0,0,0,31,1032,0
C:\Users\user\Desktop\STUFF A LOT OF 'EM\er\Design_Pattern\king\plaf\basic\BasicBorders.java,javax.swing.plaf.basic.BasicBorders$SplitPaneBorder,innerclass,1,1,0,1,9,1,0,8,4,0.5,0.0,0.0,4,0,4,0,0,0,4,0,0,0,2,0,0,0,2,0,0,0,0,68,2,0,5,0,0,0,49,14,26,9,2,0,0,0,43,9,0
C:\Users\user\Desktop\STUFF A LOT OF 'EM\er\Design_Pattern\king\text\JTextComponent.java,javax.swing.text.JTextComponent$DefaultTransferHandler,innerclass,1,1,0,1,20,1,0,15,10,0.0,0.0,0.0,5,0,4,1,0,0,4,0,0,0,0,0,0,0,0,0,0,0,0,63,7,1,6,2,3,0,1,11,2,11,4,0,0,0,76,8,0
C:\Users\user\Desktop\STUFF A LOT OF 'EM\er\Design_Pattern\king\plaf\basic\BasicDesktopPaneUI.java,javax.swing.plaf.basic.BasicDesktopPaneUI$NavigateOutAction,innerclass,1,1,0,1,7,1,0,7,1,0.33333334,0.0,0.0,3,0,3,0,0,0,3,0,0,0,1,0,0,1,0,0,0,0,2,31,1,0,2,1,0,0,0,5,0,5,4,0,0,0,34,2,0
C:\Users\user\Desktop\STUFF A LOT OF 'EM\er\Design_Pattern\king\text\TextLayoutStrategy.java,javax.swing.text.TextLayoutStrategy$AttributedSegment,innerclass,2,2,0,2,33,2,0,25,120,0.9375,0.0,0.0,16,0,9,0,0,7,17,0,0,0,2,1,0,0,0,2,0,0,4,128,19,4,6,1,5,1,7,39,5,34,2,0,0,0,110,8,0
C:\Users\user\Desktop\STUFF A LOT OF 'EM\er\Design_Pattern\king\JToolBar.java,javax.swing.JToolBar$Separator,innerclass,0,0,0,0,12,5,0,7,8,0.375,0.0,0.0,8,0,8,0,0,0,8,0,0,0,1,0,0,1,0,0,0,0,0,49,8,0,4,0,0,1,0,1,0,1,1,0,0,0,64,9,0
C:\Users\user\Desktop\STUFF A LOT OF 'EM\er\Design_Pattern\king\JMenuBar.java,javax.swing.JMenuBar,class,1,1,0,1,64,8,0,47,521,0.9411765,0.0,0.0,34,1,28,2,3,1,32,0,0,0,7,4,0,7,0,0,4,0,6,283,24,6,11,0,4,13,16,45,2,35,3,0,1,0,317,1,0
C:\Users\user\Desktop\STUFF A LOT OF 'EM\er\Design_Pattern\king\JEditorPane.java,javax.swing.JEditorPane$HeaderParser,innerclass,1,1,0,1,37,1,0,9,1,0.5,0.0,0.0,7,0,6,1,0,0,6,0,0,0,2,0,0,0,0,2,0,0,5,123,11,4,14,1,7,0,29,31,10,11,5,0,0,0,25,8,0
C:\Users\user\Desktop\STUFF A LOT OF 'EM\er\Design_Pattern\king\Spring.java,javax.swing.Spring$MaxSpring,innerclass,0,0,0,0,5,5,0,5,3,0.0,0.0,0.0,3,0,2,0,1,0,3,0,0,0,0,0,0,0,0,0,0,0,3,22,2,0,1,0,0,0,0,0,0,0,1,0,0,0,14,10,0
C:\Users\user\Desktop\STUFF A LOT OF 'EM\er\Design_Pattern\king\plaf\metal\MetalTitlePane.java,javax.swing.plaf.metal.MetalTitlePane$SystemMenuBar,innerclass,1,1,0,1,7,1,0,14,3,0.0,0.0,0.0,3,0,3,0,0,0,3,0,0,0,0,0,0,0,0,0,0,0,2,26,2,0,3,0,1,1,6,4,0,4,2,0,0,0,36,2,0
C:\Users\user\Desktop\STUFF A LOT OF 'EM\er\Design_Pattern\king\text\html\StyleSheet.java,javax.swing.text.html.StyleSheet$LargeConversionSet,innerclass,1,1,0,1,9,1,0,4,6,0.0,0.0,0.0,4,0,4,0,0,0,4,0,0,0,0,0,0,0,0,0,0,0,0,29,4,0,3,0,0,0,0,3,0,3,3,0,0,0,40,0,0
C:\Users\user\Desktop\STUFF A LOT OF 'EM\er\Design_Pattern\king\text\html\parser\Element.java,javax.swing.text.html.parser.Element,class,0,0,0,0,22,1,0,6,61,0.89285713,0.0,0.0,14,1,12,0,0,2,15,0,0,0,12,2,10,0,0,2,0,0,1,74,14,2,5,0,2,4,2,11,0,15,2,0,0,0,94,17,0
C:\Users\user\Desktop\STUFF A LOT OF 'EM\er\Design_Pattern\king\text\html\StyleSheet.java,javax.swing.text.html.StyleSheet$ViewAttributeSet,innerclass,5,5,0,5,27,2,0,26,10,0.8,0.0,0.0,5,0,3,0,0,2,5,0,0,0,1,0,0,0,0,1,0,0,2,96,8,1,12,1,2,0,1,24,0,23,8,0,0,0,94,0,0
C:\Users\user\Desktop\STUFF A LOT OF 'EM\er\Design_Pattern\king\text\ElementIterator.java,javax.swing.text.ElementIterator,class,0,0,0,0,37,1,0,25,5,0.5,0.0,0.0,10,0,8,2,0,0,8,0,0,1,2,0,0,2,0,0,0,0,0,170,23,3,15,1,4,6,14,34,7,26,4,0,1,0,129,1,0
C:\Users\user\Desktop\STUFF A LOT OF 'EM\er\Design_Pattern\king\MutableComboBoxModel.java,javax.swing.MutableComboBoxModel,interface,0,0,0,0,4,1,0,0,6,0.0,0.0,0.0,4,0,4,0,0,0,4,0,0,0,0,0,0,0,0,0,0,0,0,6,0,0,0,0,0,0,0,0,0,0,0,0,0,0,46,1,0
C:\Users\user\Desktop\STUFF A LOT OF 'EM\er\Design_Pattern\king\text\Position.java,javax.swing.text.Position,interface,0,0,0,0,1,1,0,0,0,0.0,NaN,NaN,1,0,1,0,0,0,1,0,0,0,0,0,0,0,0,0,0,0,0,14,0,0,0,0,0,0,0,0,0,0,0,0,1,0,35,1,0
C:\Users\user\Desktop\STUFF A LOT OF 'EM\er\Design_Pattern\king\plaf\BorderUIResource.java,javax.swing.plaf.BorderUIResource$LineBorderUIResource,innerclass,0,0,0,0,2,3,0,0,1,0.0,0.0,0.0,2,0,2,0,0,0,2,0,0,0,0,0,0,0,0,0,0,0,0,8,0,0,0,0,0,0,0,0,0,0,0,0,0,0,8,9,0
C:\Users\user\Desktop\STUFF A LOT OF 'EM\er\Design_Pattern\king\text\JTextComponent.java,javax.swing.text.JTextComponent$Anonymous5,anonymous,0,0,0,0,1,1,0,2,0,0.0,NaN,NaN,1,0,1,0,0,0,1,0,0,0,0,0,0,0,0,0,0,0,1,5,1,0,0,0,0,0,0,0,0,0,0,0,0,0,8,-1,0
C:\Users\user\Desktop\STUFF A LOT OF 'EM\er\Design_Pattern\king\plaf\basic\BasicSliderUI.java,javax.swing.plaf.basic.BasicSliderUI$SharedActionScroller,innerclass,1,1,0,1,12,1,0,8,0,0.0,0.0,0.0,2,0,2,0,0,0,2,0,0,0,2,0,0,0,0,2,0,0,0,30,0,0,7,0,0,0,0,6,0,5,4,0,0,0,37,8,0
C:\Users\user\Desktop\STUFF A LOT OF 'EM\er\Design_Pattern\king\Autoscroller.java,javax.swing.Autoscroller$AutoScrollTimerAction,innerclass,0,0,0,0,3,1,0,11,0,0.0,NaN,NaN,1,0,1,0,0,0,1,0,0,0,0,0,0,0,0,0,0,0,0,11,1,0,1,0,1,0,0,2,2,2,1,0,0,0,17,0,0
C:\Users\user\Desktop\STUFF A LOT OF 'EM\er\Design_Pattern\king\plaf\basic\BasicComboPopup.java,javax.swing.plaf.basic.BasicComboPopup$ListSelectionHandler,innerclass,0,0,0,0,1,1,0,0,0,0.0,NaN,NaN,1,0,1,0,0,0,1,0,0,0,0,0,0,0,0,0,0,0,0,4,0,0,0,0,0,0,0,0,0,0,0,0,0,0,26,4,0
C:\Users\user\Desktop\STUFF A LOT OF 'EM\er\Design_Pattern\king\text\html\HTMLDocument.java,javax.swing.text.html.HTMLDocument$BlockElement,innerclass,0,0,0,0,4,3,0,3,3,0.0,0.0,0.0,3,0,3,0,0,0,3,0,0,0,0,0,0,0,0,0,0,0,0,15,3,0,1,0,0,0,0,1,0,1,1,0,0,0,47,1,0
C:\Users\user\Desktop\STUFF A LOT OF 'EM\er\Design_Pattern\king\plaf\multi\MultiPopupMenuUI.java,javax.swing.plaf.multi.MultiPopupMenuUI,class,3,3,0,3,26,2,0,16,0,0.0,0.0,0.0,14,1,14,0,0,0,14,0,0,0,1,0,0,0,1,0,0,0,1,86,10,12,0,0,41,0,20,22,0,22,1,0,0,0,96,1,0
C:\Users\user\Desktop\STUFF A LOT OF 'EM\er\Design_Pattern\king\text\html\parser\Parser.java,javax.swing.text.html.parser.Parser,class,3,3,0,3,561,1,0,97,664,0.8881069,0.0,0.0,49,0,3,2,22,22,47,0,1,1,29,0,0,27,2,0,0,0,19,1519,84,31,131,4,117,108,123,315,41,106,5,0,0,0,374,1,0
C:\Users\user\Desktop\STUFF A LOT OF 'EM\er\Design_Pattern\king\text\rtf\RTFReader.java,javax.swing.text.rtf.RTFReader$ColortblDestination,innerclass,1,1,0,1,13,1,0,7,18,0.625,0.0,0.0,8,0,8,0,0,0,8,0,0,0,2,0,0,0,0,2,0,0,0,42,3,1,1,0,0,5,5,12,1,7,3,0,0,0,47,0,0
C:\Users\user\Desktop\STUFF A LOT OF 'EM\er\Design_Pattern\king\plaf\metal\DefaultMetalTheme.java,javax.swing.plaf.metal.DefaultMetalTheme$FontDelegate$Anonymous1,anonymous,0,0,0,0,1,1,0,2,0,0.0,NaN,NaN,1,0,1,0,0,0,1,0,0,0,0,0,0,0,0,0,0,0,2,5,1,0,0,0,0,0,0,0,0,0,0,0,0,0,7,-1,0
C:\Users\user\Desktop\STUFF A LOT OF 'EM\er\Design_Pattern\king\text\rtf\RTFAttributes.java,javax.swing.text.rtf.RTFAttributes$BooleanAttribute,innerclass,0,0,0,0,13,2,0,6,1,0.5416667,0.0,0.0,6,0,6,0,0,0,6,0,0,0,4,2,0,0,2,2,2,0,4,43,4,0,5,0,3,0,2,9,0,6,2,0,0,0,34,8,0
C:\Users\user\Desktop\STUFF A LOT OF 'EM\er\Design_Pattern\king\plaf\basic\BasicLabelUI.java,javax.swing.plaf.basic.BasicLabelUI$ReleaseAction,innerclass,2,2,0,2,5,1,0,8,1,0.0,0.0,0.0,2,0,1,0,0,1,2,0,0,0,0,0,0,0,0,0,0,0,0,16,0,0,2,0,0,0,1,3,0,3,2,0,0,0,16,8,0
C:\Users\user\Desktop\STUFF A LOT OF 'EM\er\Design_Pattern\king\event\InternalFrameAdapter.java,javax.swing.event.InternalFrameAdapter,class,0,0,0,0,7,1,0,0,21,0.0,0.0,0.0,7,0,7,0,0,0,7,0,0,0,0,0,0,0,0,0,0,0,0,16,0,0,0,0,0,0,0,0,0,0,0,0,0,0,69,1025,0
C:\Users\user\Desktop\STUFF A LOT OF 'EM\er\Design_Pattern\king\ScrollPaneLayout.java,javax.swing.ScrollPaneLayout$UIResource,innerclass,0,0,0,0,0,2,0,0,0,0.0,-1.0,-1.0,0,0,0,0,0,0,0,0,0,0,0,0,0,0,0,0,0,0,0,2,0,0,0,0,0,0,0,0,0,0,0,0,0,0,11,9,0
C:\Users\user\Desktop\STUFF A LOT OF 'EM\er\Design_Pattern\king\plaf\basic\BasicTabbedPaneUI.java,javax.swing.plaf.basic.BasicTabbedPaneUI$UpAction,innerclass,1,1,0,1,1,1,0,3,0,0.0,NaN,NaN,1,0,1,0,0,0,1,0,0,0,0,0,0,0,0,0,0,0,0,7,0,0,0,0,0,0,0,2,0,2,0,0,0,0,20,10,0
C:\Users\user\Desktop\STUFF A LOT OF 'EM\er\Design_Pattern\king\JEditorPane.java,javax.swing.JEditorPane$PlainEditorKit$PlainParagraph,innerclass,0,0,0,0,10,1,0,8,6,0.0,0.0,0.0,4,0,1,0,2,1,4,0,0,0,0,0,0,0,0,0,0,0,0,84,3,0,1,0,2,0,0,8,0,6,2,0,1,0,48,8,0
C:\Users\user\Desktop\STUFF A LOT OF 'EM\er\Design_Pattern\king\text\rtf\RTFParser.java,javax.swing.text.rtf.RTFParser,class,3,3,0,3,59,3,1,31,69,0.8655463,0.0,0.0,14,0,13,0,1,0,15,6,0,0,17,1,1,13,1,2,8,0,13,206,1,2,17,0,1,10,28,61,5,23,4,0,0,0,147,1024,0
C:\Users\user\Desktop\STUFF A LOT OF 'EM\er\Design_Pattern\king\plaf\basic\BasicTabbedPaneUI.java,javax.swing.plaf.basic.BasicTabbedPaneUI$ScrollableTabViewport,innerclass,0,0,0,0,1,1,0,1,0,0.0,NaN,NaN,1,0,1,0,0,0,1,0,0,0,0,0,0,0,0,0,0,0,0,6,0,0,0,0,0,0,0,0,0,0,0,0,0,0,20,2,0
C:\Users\user\Desktop\STUFF A LOT OF 'EM\er\Design_Pattern\king\JViewport.java,javax.swing.JViewport,class,6,7,1,6,210,9,0,124,1504,0.95175445,0.0,0.0,57,0,33,16,7,1,41,0,4,0,16,5,3,7,5,1,5,0,21,785,58,11,60,4,40,11,99,239,34,135,5,1,2,0,643,1,0
C:\Users\user\Desktop\STUFF A LOT OF 'EM\er\Design_Pattern\king\plaf\basic\BasicComboBoxUI.java,javax.swing.plaf.basic.BasicComboBoxUI$EditorActionListener,innerclass,2,2,0,2,5,1,0,10,0,0.0,NaN,NaN,1,0,1,0,0,0,1,0,0,0,0,0,0,0,0,0,0,0,0,14,0,0,3,0,0,1,0,3,0,3,3,0,0,0,12,0,0
C:\Users\user\Desktop\STUFF A LOT OF 'EM\er\Design_Pattern\king\plaf\basic\BasicMenuItemUI.java,javax.swing.plaf.basic.BasicMenuItemUI$ClickAction,innerclass,1,1,0,1,1,1,0,4,0,0.0,NaN,NaN,1,0,1,0,0,0,1,0,0,0,0,0,0,0,0,0,0,0,0,7,0,0,0,0,0,0,0,1,0,1,0,0,0,0,11,10,0
C:\Users\user\Desktop\STUFF A LOT OF 'EM\er\Design_Pattern\king\JTable.java,javax.swing.JTable$Resizable2,interface,0,0,0,0,4,1,0,0,6,0.0,0.0,0.0,4,0,4,0,0,0,4,0,0,0,0,0,0,0,0,0,0,0,0,6,0,0,0,0,0,0,0,0,0,0,0,0,0,0,11,2,0
C:\Users\user\Desktop\STUFF A LOT OF 'EM\er\Design_Pattern\king\plaf\basic\BasicTreeUI.java,javax.swing.plaf.basic.BasicTreeUI$TreeToggleAction,innerclass,0,0,0,0,7,1,0,9,3,0.0,0.0,0.0,3,0,3,0,0,0,3,0,0,0,0,0,0,0,0,0,0,0,0,19,1,0,3,0,1,0,1,3,0,3,2,0,0,0,35,1,0
C:\Users\user\Desktop\STUFF A LOT OF 'EM\er\Design_Pattern\king\text\AsyncBoxView.java,javax.swing.text.AsyncBoxView$ChildState,innerclass,0,0,0,0,28,1,0,17,55,0.9090909,0.0,0.0,11,0,10,0,0,1,11,0,0,0,10,0,0,10,0,0,0,0,1,135,9,0,3,1,3,0,2,33,3,19,3,0,0,0,170,1,0
C:\Users\user\Desktop\STUFF A LOT OF 'EM\er\Design_Pattern\king\plaf\basic\BasicTextAreaUI.java,javax.swing.plaf.basic.BasicTextAreaUI,class,7,7,0,7,17,7,0,12,15,0.0,0.0,0.0,6,1,3,0,2,1,6,0,0,0,0,0,0,0,0,0,0,0,0,156,8,0,2,0,1,6,0,7,0,6,3,0,1,0,132,1,0
C:\Users\user\Desktop\STUFF A LOT OF 'EM\er\Design_Pattern\king\text\rtf\RTFReader.java,javax.swing.text.rtf.RTFReader$StylesheetDestination,innerclass,1,1,0,1,10,3,0,13,1,0.33333334,0.0,0.0,3,0,3,0,0,0,3,0,0,0,1,0,0,0,0,1,0,0,0,157,0,1,0,0,3,3,1,17,2,12,2,0,1,0,41,0,0
C:\Users\user\Desktop\STUFF A LOT OF 'EM\er\Design_Pattern\king\plaf\metal\MetalPopupMenuSeparatorUI.java,javax.swing.plaf.metal.MetalPopupMenuSeparatorUI,class,0,0,0,0,3,3,0,5,3,0.0,0.0,0.0,3,1,3,0,0,0,3,0,0,0,0,0,0,0,0,0,0,0,0,17,2,0,0,0,0,0,16,1,0,1,0,0,0,0,28,1,0
C:\Users\user\Desktop\STUFF A LOT OF 'EM\er\Design_Pattern\king\text\html\CSS.java,javax.swing.text.html.CSS$ColorValue,innerclass,0,0,0,0,6,2,0,3,10,0.8,0.0,0.0,5,0,0,0,0,5,5,0,0,0,1,0,0,0,0,1,0,0,2,28,6,0,1,0,0,0,0,7,0,4,1,0,0,0,42,8,0
C:\Users\user\Desktop\STUFF A LOT OF 'EM\er\Design_Pattern\king\ProgressMonitor.java,javax.swing.ProgressMonitor$ProgressOptionPane,innerclass,0,0,0,0,3,5,0,8,3,0.0,0.0,0.0,3,0,2,0,0,1,3,0,0,0,0,0,0,0,0,0,0,0,1,40,2,0,0,0,0,0,1,3,0,3,0,2,0,0,31,2,0
C:\Users\user\Desktop\STUFF A LOT OF 'EM\er\Design_Pattern\king\RepaintManager.java,javax.swing.RepaintManager$Anonymous1,anonymous,0,0,0,0,1,1,0,1,0,0.0,NaN,NaN,1,0,1,0,0,0,1,0,0,0,0,0,0,0,0,0,0,0,1,6,0,0,0,0,0,1,0,2,0,1,0,0,0,0,6,-1,0
C:\Users\user\Desktop\STUFF A LOT OF 'EM\er\Design_Pattern\king\text\html\ImageView.java,javax.swing.text.html.ImageView,class,13,13,0,13,141,2,0,81,396,0.9066337,0.0,0.0,37,0,18,17,2,0,20,0,0,0,33,17,0,33,0,0,13,0,8,621,33,2,55,5,42,12,61,135,39,88,4,1,2,0,428,1,0
C:\Users\user\Desktop\STUFF A LOT OF 'EM\er\Design_Pattern\king\JSpinner.java,javax.swing.JSpinner$ListEditor$ListFormatter$Filter,innerclass,0,0,0,0,6,1,0,13,1,0.0,0.0,0.0,2,0,2,0,0,0,2,0,0,0,0,0,0,0,0,0,0,0,0,18,1,0,4,0,2,0,4,2,4,2,2,0,0,0,25,2,0
C:\Users\user\Desktop\STUFF A LOT OF 'EM\er\Design_Pattern\king\plaf\basic\BasicSliderUI.java,javax.swing.plaf.basic.BasicSliderUI$PropertyChangeHandler,innerclass,2,2,0,2,11,1,0,11,0,0.0,NaN,NaN,1,0,1,0,0,0,1,0,0,0,0,0,0,0,0,0,0,0,0,21,0,0,0,0,2,10,0,2,0,2,1,0,0,0,20,1,0
C:\Users\user\Desktop\STUFF A LOT OF 'EM\er\Design_Pattern\king\PopupFactory.java,javax.swing.PopupFactory$LightWeightPopup,innerclass,0,0,0,0,23,3,0,27,28,0.875,0.0,0.0,8,4,2,3,0,3,5,0,0,0,1,1,0,1,0,0,1,0,7,94,6,1,5,0,4,1,4,20,0,14,3,0,0,0,85,10,0
C:\Users\user\Desktop\STUFF A LOT OF 'EM\er\Design_Pattern\king\plaf\basic\BasicBorders.java,javax.swing.plaf.basic.BasicBorders$FieldBorder,innerclass,1,1,0,1,9,2,0,3,4,0.5,0.0,0.0,4,0,4,0,0,0,4,0,0,0,4,0,0,0,4,0,0,0,1,29,2,0,4,0,1,0,12,10,4,5,1,0,0,0,25,9,0
C:\Users\user\Desktop\STUFF A LOT OF 'EM\er\Design_Pattern\king\text\MutableAttributeSet.java,javax.swing.text.MutableAttributeSet,interface,0,0,0,0,6,1,0,0,15,0.0,0.0,0.0,6,0,6,0,0,0,6,0,0,0,0,0,0,0,0,0,0,0,0,8,0,0,0,0,0,0,0,0,0,0,0,0,0,0,65,1,0
C:\Users\user\Desktop\STUFF A LOT OF 'EM\er\Design_Pattern\king\DebugGraphicsFilter.java,javax.swing.DebugGraphicsFilter,class,0,0,0,0,2,3,0,1,0,0.0,0.0,0.0,2,0,1,0,0,1,2,0,0,0,1,0,0,0,0,1,0,0,0,10,1,0,0,0,1,0,1,2,0,1,0,0,0,0,23,0,0
C:\Users\user\Desktop\STUFF A LOT OF 'EM\er\Design_Pattern\king\plaf\basic\BasicComboBoxUI.java,javax.swing.plaf.basic.BasicComboBoxUI$NavigationalAction,innerclass,1,1,0,1,11,1,0,6,1,0.33333334,0.0,0.0,3,0,1,0,0,2,3,0,0,0,1,0,0,0,0,1,0,0,0,32,5,0,0,0,2,0,6,8,4,6,1,0,0,0,20,8,0
C:\Users\user\Desktop\STUFF A LOT OF 'EM\er\Design_Pattern\king\plaf\basic\BasicSplitPaneUI.java,javax.swing.plaf.basic.BasicSplitPaneUI$Anonymous1,anonymous,0,0,0,0,4,1,0,5,0,0.0,NaN,NaN,1,0,1,0,0,0,1,0,0,0,0,0,0,0,0,0,0,0,0,14,0,0,2,0,0,0,9,1,4,1,2,0,0,0,13,-1,0
C:\Users\user\Desktop\STUFF A LOT OF 'EM\er\Design_Pattern\king\plaf\basic\BasicInternalFrameUI.java,javax.swing.plaf.basic.BasicInternalFrameUI$ComponentHandler,innerclass,1,1,0,1,9,1,0,8,6,0.0,0.0,0.0,4,0,4,0,0,0,4,0,0,0,0,0,0,0,0,0,0,0,0,27,0,0,3,0,2,0,2,6,2,4,2,0,0,0,22,4,0
C:\Users\user\Desktop\STUFF A LOT OF 'EM\er\Design_Pattern\king\MultiUIDefaults.java,javax.swing.MultiUIDefaults$MultiUIDefaultsEnumerator,innerclass,0,0,0,0,9,1,0,2,0,0.16666667,0.0,0.0,3,0,2,0,0,1,3,0,0,0,2,0,0,0,0,2,0,0,0,25,4,2,2,0,4,0,1,5,0,5,2,0,0,0,19,10,0
C:\Users\user\Desktop\STUFF A LOT OF 'EM\er\Design_Pattern\king\JSpinner.java,javax.swing.JSpinner$DisabledAction,innerclass,0,0,0,0,7,1,0,0,21,0.0,0.0,0.0,7,0,7,0,0,0,7,0,0,0,0,0,0,0,0,0,0,0,0,18,2,0,0,0,0,0,0,0,0,0,0,0,0,0,28,10,0
C:\Users\user\Desktop\STUFF A LOT OF 'EM\er\Design_Pattern\king\Action.java,javax.swing.Action,interface,0,0,0,0,6,1,0,0,15,1.0,0.0,0.0,6,0,6,0,0,0,6,0,0,0,8,8,8,0,0,0,8,0,0,16,0,0,0,0,0,8,0,8,0,8,0,0,0,0,256,1,0
C:\Users\user\Desktop\STUFF A LOT OF 'EM\er\Design_Pattern\king\text\html\HTMLDocument.java,javax.swing.text.html.HTMLDocument$HTMLReader$FormTagAction,innerclass,0,0,0,0,2,3,0,2,1,0.0,0.0,0.0,2,0,2,0,0,0,2,0,0,0,0,0,0,0,0,0,0,0,0,10,0,0,0,0,0,0,0,2,0,0,0,0,0,0,31,2,0
C:\Users\user\Desktop\STUFF A LOT OF 'EM\er\Design_Pattern\king\JSpinner.java,javax.swing.JSpinner$DateEditor,innerclass,2,2,0,2,7,6,0,13,10,0.0,0.0,0.0,5,0,4,1,0,0,4,0,0,0,0,0,0,0,0,0,0,0,1,33,2,0,0,1,4,1,0,6,0,6,1,0,0,0,77,9,0
C:\Users\user\Desktop\STUFF A LOT OF 'EM\er\Design_Pattern\king\JSlider.java,javax.swing.JSlider$AccessibleJSlider,innerclass,0,0,0,0,10,5,0,9,21,0.0,0.0,0.0,7,0,7,0,0,0,7,0,0,0,0,0,0,0,0,0,0,0,0,39,8,0,1,0,0,0,0,1,0,1,1,0,0,0,102,4,0
C:\Users\user\Desktop\STUFF A LOT OF 'EM\er\Design_Pattern\king\event\TableColumnModelEvent.java,javax.swing.event.TableColumnModelEvent,class,0,0,0,0,3,1,0,0,0,0.33333334,0.0,0.0,3,0,3,0,0,0,3,0,0,0,2,0,0,0,2,0,0,0,0,15,2,0,0,0,0,0,0,2,0,2,0,0,0,0,89,1,0
C:\Users\user\Desktop\STUFF A LOT OF 'EM\er\Design_Pattern\king\text\html\CSS.java,javax.swing.text.html.CSS$Attribute,innerclass,0,0,0,0,4,1,0,0,6,0.75,0.0,0.0,4,0,3,1,0,0,3,0,0,0,62,59,53,6,0,3,59,0,0,78,3,0,0,0,0,95,0,62,0,62,0,0,0,0,88,25,0
C:\Users\user\Desktop\STUFF A LOT OF 'EM\er\Design_Pattern\king\JColorChooser.java,javax.swing.ColorChooserDialog,class,0,0,0,0,11,8,0,28,0,0.16666667,0.0,0.0,3,0,3,0,0,0,3,0,0,0,2,0,0,2,0,0,0,0,3,95,0,0,6,0,2,8,2,16,0,16,2,4,2,0,48,0,0
C:\Users\user\Desktop\STUFF A LOT OF 'EM\er\Design_Pattern\king\text\AbstractDocument.java,javax.swing.text.AbstractDocument$DefaultFilterBypass,innerclass,0,0,0,0,4,2,0,2,6,0.0,0.0,0.0,4,0,4,0,0,0,4,0,0,0,0,0,0,0,0,0,0,0,0,15,1,0,0,0,0,0,0,0,0,0,0,0,0,0,20,2,0
C:\Users\user\Desktop\STUFF A LOT OF 'EM\er\Design_Pattern\king\plaf\basic\BasicScrollPaneUI.java,javax.swing.plaf.basic.BasicScrollPaneUI,class,7,7,0,7,76,1,0,60,306,0.890625,0.0,0.0,32,1,7,6,16,3,26,0,0,0,10,0,0,5,5,0,0,0,14,592,17,0,33,0,11,37,29,82,9,55,5,0,9,0,170,1,0
C:\Users\user\Desktop\STUFF A LOT OF 'EM\er\Design_Pattern\king\InternalFrameFocusTraversalPolicy.java,javax.swing.InternalFrameFocusTraversalPolicy,class,0,0,0,0,1,2,1,1,0,0.0,NaN,NaN,1,0,1,0,0,0,1,0,0,0,0,0,0,0,0,0,0,0,0,5,1,0,0,0,0,0,0,0,0,0,0,0,0,0,79,1025,0
C:\Users\user\Desktop\STUFF A LOT OF 'EM\er\Design_Pattern\king\plaf\basic\BasicToolBarUI.java,javax.swing.plaf.basic.BasicToolBarUI$Anonymous1,anonymous,1,1,0,1,1,1,0,1,0,0.0,NaN,NaN,1,0,0,0,1,0,1,0,0,0,0,0,0,0,0,0,0,0,0,18,1,0,0,0,0,0,0,1,0,1,0,1,0,0,6,-1,0
C:\Users\user\Desktop\STUFF A LOT OF 'EM\er\Design_Pattern\king\plaf\metal\MetalHighContrastTheme.java,javax.swing.plaf.metal.MetalHighContrastTheme,class,3,3,0,3,18,3,0,11,134,0.9411765,0.0,0.0,17,0,11,0,5,1,17,0,0,0,7,7,0,7,0,0,7,0,0,64,16,0,1,0,1,28,21,11,0,11,0,0,0,0,73,0,0
C:\Users\user\Desktop\STUFF A LOT OF 'EM\er\Design_Pattern\king\plaf\multi\MultiFileChooserUI.java,javax.swing.plaf.multi.MultiFileChooserUI,class,4,4,0,4,34,2,0,20,0,0.0,0.0,0.0,18,1,18,0,0,0,18,0,0,0,1,0,0,0,1,0,0,0,1,110,12,16,0,0,53,0,26,28,0,28,1,0,0,0,107,1,0
C:\Users\user\Desktop\STUFF A LOT OF 'EM\er\Design_Pattern\king\event\MenuEvent.java,javax.swing.event.MenuEvent,class,0,0,0,0,1,1,0,0,0,0.0,NaN,NaN,1,0,1,0,0,0,1,0,0,0,0,0,0,0,0,0,0,0,0,5,0,0,0,0,0,0,0,0,0,0,0,0,0,0,61,1,0
C:\Users\user\Desktop\STUFF A LOT OF 'EM\er\Design_Pattern\king\plaf\basic\BasicComboBoxRenderer.java,javax.swing.plaf.basic.BasicComboBoxRenderer$UIResource,innerclass,0,0,0,0,0,2,0,0,0,0.0,-1.0,-1.0,0,0,0,0,0,0,0,0,0,0,0,0,0,0,0,0,0,0,0,2,0,0,0,0,0,0,0,0,0,0,0,0,0,0,60,9,0
C:\Users\user\Desktop\STUFF A LOT OF 'EM\er\Design_Pattern\king\JMenu.java,javax.swing.JMenu$Anonymous1,anonymous,0,0,0,0,2,1,0,2,0,0.0,NaN,NaN,1,0,0,0,1,0,1,0,0,0,0,0,0,0,0,0,0,0,0,9,1,0,1,0,0,0,0,2,0,1,1,0,0,0,8,-1,0
C:\Users\user\Desktop\STUFF A LOT OF 'EM\er\Design_Pattern\king\JTable.java,javax.swing.JTable$Resizable3,interface,0,0,0,0,1,1,0,0,0,0.0,NaN,NaN,1,0,1,0,0,0,1,0,0,0,0,0,0,0,0,0,0,0,0,3,0,0,0,0,0,0,0,0,0,0,0,0,0,0,7,2,0
C:\Users\user\Desktop\STUFF A LOT OF 'EM\er\Design_Pattern\king\plaf\basic\BasicBorders.java,javax.swing.plaf.basic.BasicBorders$RadioButtonBorder,innerclass,2,2,0,2,8,3,0,9,6,0.0,0.0,0.0,4,0,4,0,0,0,4,0,0,0,0,0,0,0,0,0,0,0,3,27,2,0,0,0,0,0,5,6,0,2,2,0,0,0,18,9,0
C:\Users\user\Desktop\STUFF A LOT OF 'EM\er\Design_Pattern\king\tree\DefaultTreeSelectionModel.java,javax.swing.tree.PathPlaceHolder,class,0,0,0,0,1,1,0,0,0,0.0,NaN,NaN,1,0,0,0,0,1,1,0,0,0,2,0,0,0,2,0,0,0,0,8,0,0,0,0,0,0,0,2,0,2,0,0,0,0,14,0,0
C:\Users\user\Desktop\STUFF A LOT OF 'EM\er\Design_Pattern\king\text\DefaultStyledDocument.java,javax.swing.text.DefaultStyledDocument$StyleChangeUndoableEdit,innerclass,0,0,0,0,3,2,0,4,3,0.6666667,0.0,0.0,3,0,3,0,0,0,3,0,0,0,3,0,0,0,3,0,0,0,0,19,0,0,0,0,0,0,0,3,0,3,0,0,0,0,36,8,0
C:\Users\user\Desktop\STUFF A LOT OF 'EM\er\Design_Pattern\king\plaf\TextUI.java,javax.swing.plaf.TextUI,class,1,1,0,1,10,2,0,0,45,0.0,0.0,0.0,10,0,10,0,0,0,10,9,0,0,0,0,0,0,0,0,0,0,0,14,1,0,0,0,0,0,0,0,0,0,0,0,0,0,170,1025,0
C:\Users\user\Desktop\STUFF A LOT OF 'EM\er\Design_Pattern\king\plaf\ToolTipUI.java,javax.swing.plaf.ToolTipUI,class,0,0,0,0,0,2,0,0,0,0.0,-1.0,-1.0,0,0,0,0,0,0,0,0,0,0,0,0,0,0,0,0,0,0,0,2,0,0,0,0,0,0,0,0,0,0,0,0,0,0,11,1025,0
C:\Users\user\Desktop\STUFF A LOT OF 'EM\er\Design_Pattern\king\text\AttributeSet.java,javax.swing.text.AttributeSet$ColorAttribute,interface,0,0,0,0,0,1,0,0,0,0.0,-1.0,-1.0,0,0,0,0,0,0,0,0,0,0,0,0,0,0,0,0,0,0,0,2,0,0,0,0,0,0,0,0,0,0,0,0,0,0,19,1,0
C:\Users\user\Desktop\STUFF A LOT OF 'EM\er\Design_Pattern\king\ProgressMonitor.java,javax.swing.ProgressMonitor$ProgressOptionPane$Anonymous2,anonymous,0,0,0,0,5,1,0,6,0,0.0,NaN,NaN,1,0,1,0,0,0,1,0,0,0,0,0,0,0,0,0,0,0,0,8,0,0,1,0,1,0,0,0,0,0,1,0,0,0,19,-1,0
C:\Users\user\Desktop\STUFF A LOT OF 'EM\er\Design_Pattern\king\plaf\basic\BasicInternalFrameUI.java,javax.swing.plaf.basic.BasicInternalFrameUI$Anonymous1,anonymous,0,0,0,0,2,1,0,2,1,0.0,0.0,0.0,2,0,2,0,0,0,2,0,0,0,0,0,0,0,0,0,0,0,0,8,1,0,0,0,0,0,0,0,0,0,0,0,0,0,10,-1,0
C:\Users\user\Desktop\STUFF A LOT OF 'EM\er\Design_Pattern\king\tree\DefaultTreeModel.java,javax.swing.tree.DefaultTreeModel,class,1,1,0,1,80,1,0,41,350,0.7676768,0.0,0.0,33,0,25,3,5,0,30,0,0,0,3,0,0,0,3,0,0,0,0,222,13,7,34,0,10,3,38,60,11,38,4,0,0,0,327,1,0
C:\Users\user\Desktop\STUFF A LOT OF 'EM\er\Design_Pattern\king\ProgressMonitor.java,javax.swing.ProgressMonitor$ProgressOptionPane$Anonymous1,anonymous,0,0,0,0,3,1,0,2,1,0.5,0.0,0.0,2,0,2,0,0,0,2,0,0,0,1,0,0,0,0,1,0,0,0,12,0,0,0,0,0,0,1,2,0,1,1,0,0,0,14,-1,0
C:\Users\user\Desktop\STUFF A LOT OF 'EM\er\Design_Pattern\king\plaf\metal\MetalComboBoxIcon.java,javax.swing.plaf.metal.MetalComboBoxIcon,class,1,1,0,1,4,1,0,7,3,0.0,0.0,0.0,3,0,3,0,0,0,3,0,0,0,0,0,0,0,0,0,0,0,0,20,2,0,0,0,4,0,26,2,9,2,0,0,0,0,34,1,0
C:\Users\user\Desktop\STUFF A LOT OF 'EM\er\Design_Pattern\king\text\PasswordView.java,javax.swing.text.PasswordView,class,3,3,0,3,24,2,0,24,21,0.85714287,0.0,0.0,7,0,4,0,3,0,7,0,0,0,1,1,0,0,0,1,0,0,0,104,12,2,0,0,4,0,11,38,11,28,3,0,0,0,181,1,0
C:\Users\user\Desktop\STUFF A LOT OF 'EM\er\Design_Pattern\king\plaf\metal\MetalIconFactory.java,javax.swing.plaf.metal.MetalIconFactory$ImageCacher$ImageGcPair,innerclass,0,0,0,0,6,1,0,1,0,0.25,0.0,0.0,2,0,0,0,0,2,2,0,0,0,2,0,0,0,0,2,0,0,0,14,2,0,3,0,6,0,0,2,0,2,1,0,0,0,15,0,0
C:\Users\user\Desktop\STUFF A LOT OF 'EM\er\Design_Pattern\king\text\DateFormatter.java,javax.swing.text.DateFormatter,class,0,0,0,0,16,2,0,16,21,0.0,0.0,0.0,7,0,3,1,0,3,6,0,0,0,0,0,0,0,0,0,0,0,2,55,7,1,5,1,5,0,1,9,0,6,3,0,0,0,116,1,0
C:\Users\user\Desktop\STUFF A LOT OF 'EM\er\Design_Pattern\king\JTable.java,javax.swing.JTable,class,15,15,0,15,388,22,0,263,12277,0.97258544,0.0,0.0,162,1,130,19,12,1,143,0,0,0,34,6,5,7,22,0,6,0,16,2687,113,15,117,0,45,76,109,282,57,214,4,5,12,0,1211,1,0
C:\Users\user\Desktop\STUFF A LOT OF 'EM\er\Design_Pattern\king\plaf\basic\BasicPopupMenuUI.java,javax.swing.plaf.basic.BasicPopupMenuUI$ReturnAction,innerclass,5,5,0,5,7,1,0,10,0,0.0,NaN,NaN,1,0,1,0,0,0,1,0,0,0,0,0,0,0,0,0,0,0,2,31,1,0,1,0,3,0,6,8,2,7,3,0,0,0,30,10,0
C:\Users\user\Desktop\STUFF A LOT OF 'EM\er\Design_Pattern\king\text\html\AccessibleHTML.java,javax.swing.text.html.AccessibleHTML$TextElementInfo$TextAccessibleContext,innerclass,6,6,0,6,61,3,0,39,210,0.0,0.0,0.0,21,0,16,5,0,0,16,0,0,0,0,0,0,0,0,0,0,0,2,224,42,1,14,3,3,0,15,30,15,20,5,0,1,0,226,1,0
C:\Users\user\Desktop\STUFF A LOT OF 'EM\er\Design_Pattern\king\plaf\metal\MetalToolBarUI.java,javax.swing.plaf.metal.MetalToolBarUI$MetalContainerListener,innerclass,0,0,0,0,0,1,0,0,0,0.0,-1.0,-1.0,0,0,0,0,0,0,0,0,0,0,0,0,0,0,0,0,0,0,0,2,0,0,0,0,0,0,0,0,0,0,0,0,0,0,3,4,0
C:\Users\user\Desktop\STUFF A LOT OF 'EM\er\Design_Pattern\king\AbstractButton.java,javax.swing.AbstractButton$ForwardItemEvents,innerclass,0,0,0,0,1,1,0,1,0,0.0,NaN,NaN,1,0,1,0,0,0,1,0,0,0,0,0,0,0,0,0,0,0,0,5,0,0,0,0,0,0,0,0,0,0,0,0,0,0,10,2,0
C:\Users\user\Desktop\STUFF A LOT OF 'EM\er\Design_Pattern\king\plaf\metal\MetalComboBoxEditor.java,javax.swing.plaf.metal.MetalComboBoxEditor$UIResource,innerclass,0,0,0,0,0,3,0,0,0,0.0,-1.0,-1.0,0,0,0,0,0,0,0,0,0,0,0,0,0,0,0,0,0,0,0,2,0,0,0,0,0,0,0,0,0,0,0,0,0,0,62,9,0
C:\Users\user\Desktop\STUFF A LOT OF 'EM\er\Design_Pattern\king\event\TreeWillExpandListener.java,javax.swing.event.TreeWillExpandListener,interface,0,0,0,0,2,1,0,0,1,0.0,0.0,0.0,2,0,2,0,0,0,2,0,0,0,0,0,0,0,0,0,0,0,0,4,0,0,0,0,0,0,0,0,0,0,0,0,0,0,47,1,0
C:\Users\user\Desktop\STUFF A LOT OF 'EM\er\Design_Pattern\king\plaf\basic\BasicTabbedPaneUI.java,javax.swing.plaf.basic.BasicTabbedPaneUI$PreviousAction,innerclass,1,1,0,1,1,1,0,3,0,0.0,NaN,NaN,1,0,1,0,0,0,1,0,0,0,0,0,0,0,0,0,0,0,0,7,0,0,0,0,0,0,0,2,0,2,0,0,0,0,21,10,0
C:\Users\user\Desktop\STUFF A LOT OF 'EM\er\Design_Pattern\king\plaf\basic\BasicComboBoxUI.java,javax.swing.plaf.basic.BasicComboBoxUI$ItemHandler,innerclass,0,0,0,0,1,1,0,0,0,0.0,NaN,NaN,1,0,1,0,0,0,1,0,0,0,0,0,0,0,0,0,0,0,0,4,0,0,0,0,0,0,0,0,0,0,0,0,0,0,29,1,0
C:\Users\user\Desktop\STUFF A LOT OF 'EM\er\Design_Pattern\king\plaf\basic\BasicTabbedPaneUI.java,javax.swing.plaf.basic.BasicTabbedPaneUI$TabbedPaneScrollLayout,innerclass,1,1,0,1,55,2,0,34,6,0.0,0.0,0.0,4,0,1,0,3,0,4,0,0,0,0,0,0,0,0,0,0,0,5,235,3,3,12,0,4,0,40,115,61,53,7,0,0,0,107,2,0
C:\Users\user\Desktop\STUFF A LOT OF 'EM\er\Design_Pattern\king\colorchooser\DefaultPreviewPanel.java,javax.swing.colorchooser.DefaultPreviewPanel,class,0,0,0,0,7,1,0,22,0,0.6,0.0,0.0,5,0,2,3,0,0,2,0,0,0,8,0,0,8,0,0,0,0,1,102,4,0,1,0,44,2,67,28,106,27,1,0,0,0,86,0,0
C:\Users\user\Desktop\STUFF A LOT OF 'EM\er\Design_Pattern\king\text\html\CSS.java,javax.swing.text.html.CSS$FontSize,innerclass,1,1,0,1,29,2,0,17,10,0.8,0.0,0.0,5,0,0,0,0,5,5,0,0,0,3,0,0,0,0,3,0,0,5,121,11,0,11,2,5,7,21,40,4,12,4,0,0,0,93,0,0
C:\Users\user\Desktop\STUFF A LOT OF 'EM\er\Design_Pattern\king\text\EditorKit.java,javax.swing.text.EditorKit,class,0,0,0,0,14,1,1,1,78,0.0,0.0,0.0,13,0,13,0,0,0,13,9,0,0,0,0,0,0,0,0,0,0,0,27,1,0,0,1,0,0,0,2,0,1,1,0,0,0,180,1025,0
C:\Users\user\Desktop\STUFF A LOT OF 'EM\er\Design_Pattern\king\text\JTextComponent.java,javax.swing.text.JTextComponent,class,11,12,1,11,219,12,3,162,3786,0.9783724,0.0,0.0,88,6,70,12,3,3,77,0,1,0,31,6,2,29,0,0,2,0,21,1727,51,8,67,13,24,34,35,173,16,127,4,1,10,0,1155,1025,0
C:\Users\user\Desktop\STUFF A LOT OF 'EM\er\Design_Pattern\king\JApplet.java,javax.swing.JApplet$AccessibleJApplet,innerclass,0,0,0,0,0,6,0,0,0,0.0,-1.0,-1.0,0,0,0,0,0,0,0,0,0,0,0,0,0,0,0,0,0,0,0,2,0,0,0,0,0,0,0,0,0,0,0,0,0,0,8,4,0
C:\Users\user\Desktop\STUFF A LOT OF 'EM\er\Design_Pattern\king\JMenuItem.java,javax.swing.JMenuItem$Anonymous1,anonymous,0,0,0,0,6,1,0,14,0,0.0,NaN,NaN,1,0,1,0,0,0,1,0,0,0,0,0,0,0,0,0,0,0,0,34,0,0,1,0,0,1,0,7,0,7,2,0,0,0,23,-1,0
C:\Users\user\Desktop\STUFF A LOT OF 'EM\er\Design_Pattern\king\plaf\metal\MetalBorders.java,javax.swing.plaf.metal.MetalBorders$TextFieldBorder,innerclass,1,1,0,1,5,3,0,4,0,0.0,NaN,NaN,1,0,1,0,0,0,1,0,0,0,0,0,0,0,0,0,0,0,4,19,1,0,0,0,2,0,0,0,0,0,2,0,0,0,11,9,0
C:\Users\user\Desktop\STUFF A LOT OF 'EM\er\Design_Pattern\king\JColorChooser.java,javax.swing.ColorChooserDialog$Closer,innerclass,0,0,0,0,1,2,0,2,0,0.0,NaN,NaN,1,0,1,0,0,0,1,0,0,0,0,0,0,0,0,0,0,0,0,6,0,0,0,0,0,0,0,1,0,1,0,0,0,0,9,8,0
C:\Users\user\Desktop\STUFF A LOT OF 'EM\er\Design_Pattern\king\plaf\basic\BasicComboPopup.java,javax.swing.plaf.basic.BasicComboPopup,class,10,10,0,10,87,6,0,116,582,0.9355556,0.0,0.0,45,0,9,2,33,1,43,0,0,0,20,3,0,0,19,1,3,0,2,530,21,2,27,0,15,2,27,75,16,56,2,4,9,0,345,1,0
C:\Users\user\Desktop\STUFF A LOT OF 'EM\er\Design_Pattern\king\plaf\basic\BasicScrollPaneUI.java,javax.swing.plaf.basic.BasicScrollPaneUI$MouseWheelHandler,innerclass,1,1,0,1,10,1,0,9,0,0.0,NaN,NaN,1,0,1,0,0,0,1,0,0,0,0,0,0,0,0,0,0,0,2,21,1,0,5,0,0,0,5,4,0,2,3,0,0,0,38,4,0
C:\Users\user\Desktop\STUFF A LOT OF 'EM\er\Design_Pattern\king\event\HyperlinkEvent.java,javax.swing.event.HyperlinkEvent,class,0,0,0,0,7,1,1,0,21,0.85714287,0.0,0.0,7,0,7,0,0,0,7,0,0,0,4,0,0,4,0,0,0,0,0,43,4,0,0,0,0,0,0,4,0,4,0,0,1,0,119,1,0
C:\Users\user\Desktop\STUFF A LOT OF 'EM\er\Design_Pattern\king\plaf\basic\BasicFileChooserUI.java,javax.swing.plaf.basic.BasicFileChooserUI$CancelSelectionAction,innerclass,0,0,0,0,1,1,0,2,0,0.0,NaN,NaN,1,0,1,0,0,0,1,0,0,0,0,0,0,0,0,0,0,0,0,5,0,0,0,0,0,0,0,0,0,0,0,0,0,0,15,4,0
C:\Users\user\Desktop\STUFF A LOT OF 'EM\er\Design_Pattern\king\text\DefaultEditorKit.java,javax.swing.text.DefaultEditorKit$UnselectAction,innerclass,1,1,0,1,3,2,0,3,1,0.0,0.0,0.0,2,0,1,0,0,1,2,0,0,0,0,0,0,0,0,0,0,0,0,11,0,0,1,0,0,0,0,1,0,1,1,0,0,0,23,8,0
C:\Users\user\Desktop\STUFF A LOT OF 'EM\er\Design_Pattern\king\plaf\multi\MultiPanelUI.java,javax.swing.plaf.multi.MultiPanelUI,class,1,1,0,1,22,2,0,14,0,0.0,0.0,0.0,12,1,12,0,0,0,12,0,0,0,1,0,0,0,1,0,0,0,1,72,8,10,0,0,33,0,16,18,0,18,1,0,0,0,92,1,0
C:\Users\user\Desktop\STUFF A LOT OF 'EM\er\Design_Pattern\king\plaf\metal\MetalBorders.java,javax.swing.plaf.metal.MetalBorders$WarningDialogBorder,innerclass,0,0,0,0,1,3,0,1,0,0.0,NaN,NaN,1,0,0,0,1,0,1,0,0,0,0,0,0,0,0,0,0,0,0,5,1,0,0,0,0,1,0,0,0,0,0,0,0,0,11,8,0
C:\Users\user\Desktop\STUFF A LOT OF 'EM\er\Design_Pattern\king\plaf\basic\BasicComboBoxUI.java,javax.swing.plaf.basic.BasicComboBoxUI$EnterAction,innerclass,5,5,0,5,9,1,0,15,0,0.0,NaN,NaN,1,0,1,0,0,0,1,0,0,0,0,0,0,0,0,0,0,0,0,33,1,0,5,0,0,0,1,7,0,7,6,0,0,0,26,8,0
C:\Users\user\Desktop\STUFF A LOT OF 'EM\er\Design_Pattern\king\event\ChangeEvent.java,javax.swing.event.ChangeEvent,class,0,0,0,0,1,1,0,0,0,0.0,NaN,NaN,1,0,1,0,0,0,1,0,0,0,0,0,0,0,0,0,0,0,0,5,0,0,0,0,0,0,0,0,0,0,0,0,0,0,59,1,0
C:\Users\user\Desktop\STUFF A LOT OF 'EM\er\Design_Pattern\king\text\html\StyleSheet.java,javax.swing.text.html.StyleSheet$SelectorMapping,innerclass,0,0,0,0,15,1,0,7,21,0.85714287,0.0,0.0,7,0,5,0,2,0,7,0,0,0,3,0,0,3,0,0,0,0,0,55,5,0,6,0,0,0,9,14,0,7,2,0,0,0,72,8,0
C:\Users\user\Desktop\STUFF A LOT OF 'EM\er\Design_Pattern\king\text\StyledEditorKit.java,javax.swing.text.StyledEditorKit$FontSizeAction,innerclass,1,1,0,1,7,4,0,8,1,0.5,0.0,0.0,2,0,2,0,0,0,2,0,0,0,1,0,0,1,0,0,0,0,2,29,0,0,4,1,2,0,2,6,0,5,3,0,0,0,90,9,0
C:\Users\user\Desktop\STUFF A LOT OF 'EM\er\Design_Pattern\king\plaf\metal\MetalDesktopIconUI.java,javax.swing.plaf.metal.MetalDesktopIconUI$TitleListener,innerclass,1,1,0,1,3,1,0,5,0,0.0,NaN,NaN,1,0,1,0,0,0,1,0,0,0,0,0,0,0,0,0,0,0,0,10,0,0,0,0,0,2,0,0,0,0,1,0,0,0,8,0,0
C:\Users\user\Desktop\STUFF A LOT OF 'EM\er\Design_Pattern\king\plaf\basic\BasicIconFactory.java,javax.swing.plaf.basic.BasicIconFactory$RadioButtonMenuItemIcon,innerclass,2,2,0,2,4,1,0,5,3,0.0,0.0,0.0,3,0,3,0,0,0,3,0,0,0,0,0,0,0,0,0,0,0,0,15,2,0,1,0,0,0,4,2,2,2,1,0,0,0,20,10,0
C:\Users\user\Desktop\STUFF A LOT OF 'EM\er\Design_Pattern\king\plaf\basic\BasicTextUI.java,javax.swing.plaf.basic.BasicTextUI$UpdateHandler,innerclass,4,4,0,4,46,1,0,37,105,0.93333334,0.0,0.0,15,0,14,0,0,1,15,0,4,0,2,0,0,2,0,0,0,0,0,139,8,2,12,2,15,5,3,28,0,23,5,0,0,0,219,0,0
C:\Users\user\Desktop\STUFF A LOT OF 'EM\er\Design_Pattern\king\text\AttributeSet.java,javax.swing.text.AttributeSet$ParagraphAttribute,interface,0,0,0,0,0,1,0,0,0,0.0,-1.0,-1.0,0,0,0,0,0,0,0,0,0,0,0,0,0,0,0,0,0,0,0,2,0,0,0,0,0,0,0,0,0,0,0,0,0,0,19,1,0
C:\Users\user\Desktop\STUFF A LOT OF 'EM\er\Design_Pattern\king\plaf\basic\BasicLabelUI.java,javax.swing.plaf.basic.BasicLabelUI$PressAction,innerclass,3,3,0,3,5,1,0,9,1,0.0,0.0,0.0,2,0,1,0,0,1,2,0,0,0,0,0,0,0,0,0,0,0,0,20,0,0,2,0,0,2,1,6,0,5,2,0,0,0,21,8,0
C:\Users\user\Desktop\STUFF A LOT OF 'EM\er\Design_Pattern\king\DebugGraphicsInfo.java,javax.swing.DebugGraphicsInfo,class,0,0,0,0,7,1,0,5,1,0.8333333,0.0,0.0,3,0,0,0,0,3,3,0,0,0,6,0,0,0,0,6,0,0,0,31,2,0,3,0,0,0,5,7,0,7,1,0,0,0,35,0,0
C:\Users\user\Desktop\STUFF A LOT OF 'EM\er\Design_Pattern\king\AbstractAction.java,javax.swing.AbstractAction,class,1,1,0,1,30,1,6,21,63,0.73333335,0.0,0.0,15,0,11,2,2,0,13,0,0,3,3,0,0,1,2,0,0,0,3,288,10,1,12,0,1,1,3,11,1,8,2,0,1,0,186,1025,0
C:\Users\user\Desktop\STUFF A LOT OF 'EM\er\Design_Pattern\king\plaf\basic\ComboPopup.java,javax.swing.plaf.basic.ComboPopup,interface,0,1,1,0,8,1,0,0,28,0.0,0.0,0.0,8,0,8,0,0,0,8,0,0,0,0,0,0,0,0,0,0,0,0,10,0,0,0,0,0,0,0,0,0,0,0,0,0,0,104,1,0
C:\Users\user\Desktop\STUFF A LOT OF 'EM\er\Design_Pattern\king\plaf\basic\BasicPopupMenuUI.java,javax.swing.plaf.basic.BasicPopupMenuUI$MouseGrabber,innerclass,5,5,0,5,61,1,0,44,366,0.89285713,0.0,0.0,28,0,23,2,0,3,26,0,0,0,4,0,0,0,0,4,0,0,7,196,1,4,13,0,10,1,22,50,0,32,3,0,0,0,86,10,0
C:\Users\user\Desktop\STUFF A LOT OF 'EM\er\Design_Pattern\king\plaf\basic\BasicTabbedPaneUI.java,javax.swing.plaf.basic.BasicTabbedPaneUI$SetSelectedIndexAction,innerclass,1,1,0,1,9,1,0,9,0,0.0,NaN,NaN,1,0,1,0,0,0,1,0,0,0,0,0,0,0,0,0,0,0,0,19,0,0,3,0,2,0,2,6,1,5,3,0,0,0,38,10,0
C:\Users\user\Desktop\STUFF A LOT OF 'EM\er\Design_Pattern\king\event\UndoableEditEvent.java,javax.swing.event.UndoableEditEvent,class,0,0,0,0,2,1,0,0,0,0.0,0.0,0.0,2,0,2,0,0,0,2,0,0,0,1,0,0,1,0,0,0,0,0,10,1,0,0,0,0,0,0,1,0,1,0,0,0,0,66,1,0
C:\Users\user\Desktop\STUFF A LOT OF 'EM\er\Design_Pattern\king\text\html\HTML.java,javax.swing.text.html.HTML,class,0,0,0,0,15,2,0,9,13,0.7916666,0.0,0.0,6,6,5,0,0,1,8,0,0,0,4,4,1,3,0,0,4,0,3,296,7,3,3,1,1,1,10,15,0,13,2,0,3,0,116,1,0
C:\Users\user\Desktop\STUFF A LOT OF 'EM\er\Design_Pattern\king\plaf\basic\BasicMenuUI.java,javax.swing.plaf.basic.BasicMenuUI,class,7,7,0,7,46,2,0,45,229,0.959596,0.0,0.0,22,3,2,2,14,4,20,0,0,0,9,4,0,6,3,0,3,0,1,422,16,3,17,0,4,8,11,27,3,21,2,0,6,0,107,1,0
C:\Users\user\Desktop\STUFF A LOT OF 'EM\er\Design_Pattern\king\plaf\basic\BasicPopupMenuUI.java,javax.swing.plaf.basic.BasicPopupMenuUI$SelectParentChildAction,innerclass,5,5,0,5,16,1,0,9,0,0.5,0.0,0.0,2,0,1,0,0,1,2,0,0,0,3,2,0,0,0,3,0,0,4,61,2,0,5,0,4,0,29,25,8,16,3,0,0,0,45,10,0
C:\Users\user\Desktop\STUFF A LOT OF 'EM\er\Design_Pattern\king\text\MaskFormatter.java,javax.swing.text.MaskFormatter$HexCharacter,innerclass,0,0,0,0,25,2,0,3,1,0.0,0.0,0.0,2,0,2,0,0,0,2,0,0,0,0,0,0,0,0,0,0,0,2,11,3,0,22,0,2,0,0,0,0,0,1,0,0,0,16,2,0
C:\Users\user\Desktop\STUFF A LOT OF 'EM\er\Design_Pattern\king\MenuSelectionManager.java,javax.swing.MenuSelectionManager,class,3,3,0,3,80,1,0,40,43,0.83809525,0.0,0.0,15,1,11,3,1,0,12,0,0,0,7,4,0,5,2,0,4,0,5,264,14,16,21,0,12,12,42,96,18,76,5,0,0,0,186,1,0
C:\Users\user\Desktop\STUFF A LOT OF 'EM\er\Design_Pattern\king\text\html\AccessibleHTML.java,javax.swing.text.html.AccessibleHTML$ElementInfo,innerclass,2,2,0,2,81,1,0,45,127,0.76363635,0.0,0.0,22,0,7,3,10,2,19,0,0,0,5,0,0,5,0,0,0,0,4,248,32,6,29,5,6,0,23,50,7,36,3,0,0,0,181,2,0
C:\Users\user\Desktop\STUFF A LOT OF 'EM\er\Design_Pattern\king\plaf\basic\BasicToolBarUI.java,javax.swing.plaf.basic.BasicToolBarUI$PropertyListener,innerclass,1,1,0,1,9,1,0,11,0,0.0,NaN,NaN,1,0,1,0,0,0,1,0,0,0,0,0,0,0,0,0,0,0,0,32,0,1,3,0,3,2,1,7,0,7,4,0,0,0,29,4,0
C:\Users\user\Desktop\STUFF A LOT OF 'EM\er\Design_Pattern\king\text\DefaultStyledDocument.java,javax.swing.text.DefaultStyledDocument$AttributeUndoableEdit,innerclass,1,1,0,1,4,2,0,6,3,0.6666667,0.0,0.0,3,0,3,0,0,0,3,0,0,0,4,0,0,0,4,0,0,0,0,25,0,0,0,0,0,0,0,6,0,6,1,0,0,0,35,9,0
C:\Users\user\Desktop\STUFF A LOT OF 'EM\er\Design_Pattern\king\ProgressMonitor.java,javax.swing.ProgressMonitor,class,0,0,0,0,30,5,0,13,35,0.8117648,0.0,0.0,15,0,14,1,0,0,14,0,0,0,17,0,0,17,0,0,0,0,2,164,7,0,9,0,10,2,9,36,8,21,5,0,1,0,208,1,0
C:\Users\user\Desktop\STUFF A LOT OF 'EM\er\Design_Pattern\king\plaf\metal\MetalTitlePane.java,javax.swing.plaf.metal.MetalTitlePane$PropertyChangeHandler,innerclass,0,0,0,0,7,1,0,8,0,0.0,NaN,NaN,1,0,1,0,0,0,1,0,0,0,0,0,0,0,0,0,0,0,0,21,0,0,1,0,0,5,0,2,0,2,2,0,0,0,27,2,0
C:\Users\user\Desktop\STUFF A LOT OF 'EM\er\Design_Pattern\king\text\html\HiddenTagView.java,javax.swing.text.html.HiddenTagView$EndTagBorder,innerclass,0,0,0,0,3,1,0,3,3,0.0,0.0,0.0,3,0,3,0,0,0,3,0,0,0,0,0,0,0,0,0,0,0,0,20,2,0,0,0,1,0,18,2,36,0,0,0,0,0,22,8,0
C:\Users\user\Desktop\STUFF A LOT OF 'EM\er\Design_Pattern\king\plaf\basic\BasicTreeUI.java,javax.swing.plaf.basic.BasicTreeUI,class,8,8,0,8,412,9,0,259,3375,0.95910937,0.0,0.0,126,1,29,11,83,3,115,0,0,0,46,4,0,19,27,0,3,0,16,2221,92,8,177,4,57,85,112,263,76,158,5,0,27,0,558,1,0
C:\Users\user\Desktop\STUFF A LOT OF 'EM\er\Design_Pattern\king\text\html\parser\ContentModel.java,javax.swing.text.html.parser.ContentModel,class,1,1,0,1,64,1,0,6,0,0.4666667,0.0,0.0,9,0,9,0,0,0,9,0,0,0,5,0,3,2,0,0,0,0,0,141,21,6,9,0,4,6,3,24,7,14,3,0,0,0,88,17,0
C:\Users\user\Desktop\STUFF A LOT OF 'EM\er\Design_Pattern\king\plaf\basic\BasicTreeUI.java,javax.swing.plaf.basic.BasicTreeUI$TreeCancelEditingAction,innerclass,0,0,0,0,5,1,0,3,3,0.0,0.0,0.0,3,0,3,0,0,0,3,0,0,0,0,0,0,0,0,0,0,0,0,12,1,0,2,0,1,0,0,0,0,0,1,0,0,0,19,1,0
C:\Users\user\Desktop\STUFF A LOT OF 'EM\er\Design_Pattern\king\text\html\TableView.java,javax.swing.text.html.TableView$RowIterator,innerclass,2,2,0,2,32,1,0,13,120,0.9375,0.0,0.0,16,0,12,0,0,4,16,0,0,0,4,0,0,4,0,0,0,0,2,115,13,4,7,0,5,0,13,35,12,27,5,0,0,0,83,0,0
C:\Users\user\Desktop\STUFF A LOT OF 'EM\er\Design_Pattern\king\MenuElement.java,javax.swing.MenuElement,interface,0,0,0,0,5,1,0,0,10,0.0,0.0,0.0,5,0,5,0,0,0,5,0,0,0,0,0,0,0,0,0,0,0,0,7,0,0,0,0,0,0,0,0,0,0,0,0,0,0,85,1,0
C:\Users\user\Desktop\STUFF A LOT OF 'EM\er\Design_Pattern\king\plaf\basic\BasicMenuUI.java,javax.swing.plaf.basic.BasicMenuUI$MenuKeyHandler,innerclass,6,6,0,6,24,1,0,23,6,0.0,0.0,0.0,4,0,3,1,0,0,3,0,0,0,0,0,0,0,0,0,0,0,5,100,6,2,11,0,5,2,21,34,9,25,6,0,0,0,64,2,0
C:\Users\user\Desktop\STUFF A LOT OF 'EM\er\Design_Pattern\king\plaf\metal\MetalSliderUI.java,javax.swing.plaf.metal.MetalSliderUI$MetalPropertyListener,innerclass,1,1,0,1,3,2,0,5,0,0.0,NaN,NaN,1,0,1,0,0,0,1,0,0,0,0,0,0,0,0,0,0,0,0,14,0,0,1,0,1,0,0,3,0,1,2,0,0,0,21,4,0
C:\Users\user\Desktop\STUFF A LOT OF 'EM\er\Design_Pattern\king\text\StyledEditorKit.java,javax.swing.text.StyledEditorKit$StyledViewFactory,innerclass,2,2,0,2,7,1,0,2,0,0.0,NaN,NaN,1,0,1,0,0,0,1,0,0,0,0,0,0,0,0,0,0,0,0,23,6,0,1,0,0,0,0,1,0,1,2,0,0,0,13,8,0
C:\Users\user\Desktop\STUFF A LOT OF 'EM\er\Design_Pattern\king\plaf\metal\MetalIconFactory.java,javax.swing.plaf.metal.MetalIconFactory$FileChooserListViewIcon,innerclass,0,0,0,0,3,1,0,7,3,0.0,0.0,0.0,3,0,3,0,0,0,3,0,0,0,0,0,0,0,0,0,0,0,0,43,2,0,0,0,0,0,114,0,0,0,0,0,0,0,13,10,0
C:\Users\user\Desktop\STUFF A LOT OF 'EM\er\Design_Pattern\king\JEditorPane.java,javax.swing.JEditorPane$PlainEditorKit$PlainParagraph$LogicalView,innerclass,4,4,0,4,14,1,0,10,55,0.0,0.0,0.0,11,0,2,0,8,1,11,0,0,0,0,0,0,0,0,0,0,0,0,47,7,0,1,0,0,1,5,4,0,4,1,0,0,0,99,8,0
C:\Users\user\Desktop\STUFF A LOT OF 'EM\er\Design_Pattern\king\plaf\metal\MetalBumps.java,javax.swing.plaf.metal.MetalBumps,class,0,0,0,0,18,1,0,18,35,0.7714285,0.0,0.0,10,0,9,1,0,0,9,0,0,0,7,1,0,0,7,0,0,0,2,75,4,3,2,0,2,0,6,25,10,20,2,0,0,0,58,0,0
C:\Users\user\Desktop\STUFF A LOT OF 'EM\er\Design_Pattern\king\plaf\basic\BasicTextPaneUI.java,javax.swing.plaf.basic.BasicTextPaneUI,class,3,3,0,3,14,3,0,22,21,0.0,0.0,0.0,7,1,3,2,2,0,5,0,0,0,0,0,0,0,0,0,0,0,0,63,4,0,4,0,0,4,0,6,0,6,1,0,0,0,118,1,0
C:\Users\user\Desktop\STUFF A LOT OF 'EM\er\Design_Pattern\king\PopupFactory.java,javax.swing.PopupFactory,class,0,0,0,0,29,9,0,17,44,0.8055555,0.0,0.0,12,2,3,7,0,2,5,0,0,0,6,5,0,3,0,3,5,0,9,478,16,1,8,0,2,3,4,17,0,11,3,0,5,0,250,1,0
C:\Users\user\Desktop\STUFF A LOT OF 'EM\er\Design_Pattern\king\AbstractListModel.java,javax.swing.AbstractListModel,class,3,3,0,3,16,1,2,7,0,0.0,0.0,0.0,7,0,4,0,3,0,7,0,0,0,1,0,0,0,1,0,0,0,0,51,2,3,6,0,3,0,12,16,6,10,3,0,0,0,151,1025,0
C:\Users\user\Desktop\STUFF A LOT OF 'EM\er\Design_Pattern\king\plaf\basic\BasicTabbedPaneUI.java,javax.swing.plaf.basic.BasicTabbedPaneUI$RightAction,innerclass,1,1,0,1,1,1,0,3,0,0.0,NaN,NaN,1,0,1,0,0,0,1,0,0,0,0,0,0,0,0,0,0,0,0,7,0,0,0,0,0,0,0,2,0,2,0,0,0,0,19,10,0
C:\Users\user\Desktop\STUFF A LOT OF 'EM\er\Design_Pattern\king\plaf\basic\BasicListUI.java,javax.swing.plaf.basic.BasicListUI$ClearSelectionAction,innerclass,1,1,0,1,2,1,0,2,1,0.0,NaN,NaN,2,0,1,1,0,0,1,0,0,0,0,0,0,0,0,0,0,0,0,9,0,0,0,0,0,0,0,1,0,1,0,0,0,0,17,10,0
C:\Users\user\Desktop\STUFF A LOT OF 'EM\er\Design_Pattern\king\plaf\basic\BasicInternalFrameTitlePane.java,javax.swing.plaf.basic.BasicInternalFrameTitlePane$IconifyAction,innerclass,0,0,0,0,6,1,0,3,1,0.0,0.0,0.0,2,0,2,0,0,0,2,0,0,0,0,0,0,0,0,0,0,0,0,23,0,0,0,2,0,0,0,0,0,0,3,0,0,0,41,1,0
C:\Users\user\Desktop\STUFF A LOT OF 'EM\er\Design_Pattern\king\plaf\metal\MetalIconFactory.java,javax.swing.plaf.metal.MetalIconFactory$InternalFrameDefaultMenuIcon,innerclass,0,0,0,0,3,1,0,8,3,0.0,0.0,0.0,3,0,3,0,0,0,3,0,0,0,0,0,0,0,0,0,0,0,0,34,2,0,0,0,0,0,66,3,0,3,0,0,0,0,18,10,0
C:\Users\user\Desktop\STUFF A LOT OF 'EM\er\Design_Pattern\king\event\InternalFrameListener.java,javax.swing.event.InternalFrameListener,interface,0,0,0,0,7,1,0,0,21,0.0,0.0,0.0,7,0,7,0,0,0,7,0,0,0,0,0,0,0,0,0,0,0,0,9,0,0,0,0,0,0,0,0,0,0,0,0,0,0,61,1,0
C:\Users\user\Desktop\STUFF A LOT OF 'EM\er\Design_Pattern\king\plaf\metal\MetalIconFactory.java,javax.swing.plaf.metal.MetalIconFactory$InternalFrameMinimizeIcon,innerclass,2,2,0,2,9,1,0,17,0,0.0,0.0,0.0,4,0,4,0,0,0,4,0,0,0,1,0,0,0,0,1,0,0,0,69,2,0,1,0,0,1,83,19,39,9,2,0,0,0,32,10,0
C:\Users\user\Desktop\STUFF A LOT OF 'EM\er\Design_Pattern\king\event\AncestorEvent.java,javax.swing.event.AncestorEvent,class,1,1,0,1,4,2,0,1,2,0.65,0.0,0.0,4,0,4,0,0,0,4,0,0,0,5,3,3,0,0,2,3,0,0,21,3,0,0,0,0,0,3,5,0,5,0,0,0,0,110,1,0
C:\Users\user\Desktop\STUFF A LOT OF 'EM\er\Design_Pattern\king\plaf\basic\BasicPanelUI.java,javax.swing.plaf.basic.BasicPanelUI,class,1,1,0,1,6,1,0,6,10,0.8,0.0,0.0,5,1,3,0,2,0,5,0,0,0,1,1,0,1,0,0,0,0,0,24,1,0,1,0,0,4,0,2,0,2,1,0,0,0,17,1,0
C:\Users\user\Desktop\STUFF A LOT OF 'EM\er\Design_Pattern\king\JSpinner.java,javax.swing.JSpinner$NumberEditor,innerclass,2,2,0,2,7,6,0,14,10,0.0,0.0,0.0,5,0,4,1,0,0,4,0,0,0,0,0,0,0,0,0,0,0,1,34,2,0,0,1,4,1,0,6,0,6,1,0,0,0,78,9,0
C:\Users\user\Desktop\STUFF A LOT OF 'EM\er\Design_Pattern\king\plaf\metal\MetalTitlePane.java,javax.swing.plaf.metal.MetalTitlePane$TitlePaneLayout,innerclass,0,0,0,0,26,1,0,20,15,0.0,0.0,0.0,6,0,5,1,0,0,5,0,0,0,0,0,0,0,0,0,0,0,3,75,4,0,9,0,1,0,10,29,5,12,3,0,0,0,72,2,0
C:\Users\user\Desktop\STUFF A LOT OF 'EM\er\Design_Pattern\king\JToolBar.java,javax.swing.JToolBar$AccessibleJToolBar,innerclass,0,0,0,0,2,5,0,1,1,0.0,0.0,0.0,2,0,2,0,0,0,2,0,0,0,0,0,0,0,0,0,0,0,0,9,2,0,0,0,0,0,0,1,0,1,0,0,0,0,38,4,0
C:\Users\user\Desktop\STUFF A LOT OF 'EM\er\Design_Pattern\king\plaf\DimensionUIResource.java,javax.swing.plaf.DimensionUIResource,class,0,0,0,0,1,3,0,0,0,0.0,NaN,NaN,1,0,1,0,0,0,1,0,0,0,0,0,0,0,0,0,0,0,0,5,0,0,0,0,0,0,0,0,0,0,0,0,0,0,5,1,0
C:\Users\user\Desktop\STUFF A LOT OF 'EM\er\Design_Pattern\king\text\PlainDocument.java,javax.swing.text.PlainDocument,class,4,4,0,4,31,2,0,35,36,0.9111112,0.0,0.0,9,0,5,1,3,0,8,0,0,0,5,2,2,3,0,0,2,0,2,163,3,3,8,1,7,4,36,71,9,58,4,0,0,0,273,1,0
C:\Users\user\Desktop\STUFF A LOT OF 'EM\er\Design_Pattern\king\plaf\basic\BasicMenuUI.java,javax.swing.plaf.basic.BasicMenuUI$PropertyChangeHandler,innerclass,0,0,0,0,3,1,0,4,0,0.0,NaN,NaN,1,0,1,0,0,0,1,0,0,0,0,0,0,0,0,0,0,0,0,11,0,0,1,0,0,1,0,1,0,1,1,0,0,0,14,2,0
C:\Users\user\Desktop\STUFF A LOT OF 'EM\er\Design_Pattern\king\plaf\metal\MetalBorders.java,javax.swing.plaf.metal.MetalBorders$ScrollPaneBorder,innerclass,2,2,0,2,4,2,0,11,1,0.5,0.0,0.0,2,0,2,0,0,0,2,0,0,0,1,1,0,1,0,0,1,0,0,25,1,0,2,0,0,0,26,8,16,6,1,0,0,0,25,9,0
C:\Users\user\Desktop\STUFF A LOT OF 'EM\er\Design_Pattern\king\text\LayeredHighlighter.java,javax.swing.text.LayeredHighlighter$LayerPainter,innerclass,1,1,0,1,1,1,0,0,0,0.0,NaN,NaN,1,0,1,0,0,0,1,1,0,0,0,0,0,0,0,0,0,0,0,3,0,0,0,0,0,0,0,0,0,0,0,0,0,0,12,1033,0
C:\Users\user\Desktop\STUFF A LOT OF 'EM\er\Design_Pattern\king\plaf\metal\MetalTheme.java,javax.swing.plaf.metal.MetalTheme,class,2,2,0,2,52,1,1,11,1326,0.9951923,0.0,0.0,52,0,42,0,8,2,52,13,0,0,8,8,0,2,0,6,6,0,0,138,37,0,0,0,0,0,12,8,0,8,0,0,0,0,118,1025,0
C:\Users\user\Desktop\STUFF A LOT OF 'EM\er\Design_Pattern\king\text\html\ImageView.java,javax.swing.text.html.ImageView$Anonymous1,anonymous,0,0,0,0,1,1,0,1,0,0.0,NaN,NaN,1,0,1,0,0,0,1,0,0,0,0,0,0,0,0,0,0,0,0,5,0,0,0,0,0,0,0,0,0,0,0,0,0,0,4,-1,0
C:\Users\user\Desktop\STUFF A LOT OF 'EM\er\Design_Pattern\king\undo\AbstractUndoableEdit.java,javax.swing.undo.AbstractUndoableEdit,class,0,0,0,0,17,1,12,6,40,0.78846157,0.0,0.0,13,0,13,0,0,0,13,0,0,0,4,2,0,0,2,2,2,0,0,67,9,0,0,0,0,13,0,13,3,6,1,0,0,0,121,1,0
C:\Users\user\Desktop\STUFF A LOT OF 'EM\er\Design_Pattern\king\text\StyledEditorKit.java,javax.swing.text.StyledEditorKit$BoldAction,innerclass,1,1,0,1,4,4,0,6,1,0.0,0.0,0.0,2,0,2,0,0,0,2,0,0,0,0,0,0,0,0,0,0,0,2,16,0,0,1,0,1,1,0,5,0,5,1,0,0,0,75,9,0
C:\Users\user\Desktop\STUFF A LOT OF 'EM\er\Design_Pattern\king\text\html\StyleSheet.java,javax.swing.text.html.StyleSheet$ListPainter,innerclass,5,5,0,5,72,1,0,47,76,0.9134616,0.0,0.0,13,0,1,3,0,9,10,0,0,0,8,1,0,5,0,3,1,0,7,248,13,2,32,4,12,6,40,76,32,48,4,0,0,0,212,9,0
C:\Users\user\Desktop\STUFF A LOT OF 'EM\er\Design_Pattern\king\plaf\basic\BasicTreeUI.java,javax.swing.plaf.basic.BasicTreeUI$CellEditorHandler,innerclass,0,0,0,0,2,1,0,1,1,0.0,0.0,0.0,2,0,2,0,0,0,2,0,0,0,0,0,0,0,0,0,0,0,0,8,0,0,0,0,0,0,0,0,0,0,0,0,0,0,27,1,0
C:\Users\user\Desktop\STUFF A LOT OF 'EM\er\Design_Pattern\king\event\InternalFrameEvent.java,javax.swing.event.InternalFrameEvent,class,1,1,0,1,11,2,0,0,3,0.74074066,0.0,0.0,3,0,3,0,0,0,3,0,0,0,9,9,9,0,0,0,9,0,0,46,2,0,0,0,1,8,8,17,6,10,1,0,0,0,154,1,0
C:\Users\user\Desktop\STUFF A LOT OF 'EM\er\Design_Pattern\king\Popup.java,javax.swing.Popup$DefaultFrame,innerclass,0,0,0,0,0,5,0,0,0,0.0,-1.0,-1.0,0,0,0,0,0,0,0,0,0,0,0,0,0,0,0,0,0,0,0,2,0,0,0,0,0,0,0,0,0,0,0,0,0,0,25,8,0
C:\Users\user\Desktop\STUFF A LOT OF 'EM\er\Design_Pattern\king\text\html\StyleSheet.java,javax.swing.text.html.StyleSheet$BackgroundImagePainter,innerclass,0,0,0,0,53,1,0,15,0,0.29166666,0.0,0.0,3,0,0,1,0,2,2,0,0,0,8,0,0,4,0,4,0,0,2,131,3,2,20,0,34,0,33,36,52,16,5,0,0,0,42,8,0
C:\Users\user\Desktop\STUFF A LOT OF 'EM\er\Design_Pattern\king\JTextField.java,javax.swing.JTextField$ScrollRepainter,innerclass,0,0,0,0,1,1,0,1,0,0.0,NaN,NaN,1,0,1,0,0,0,1,0,0,0,0,0,0,0,0,0,0,0,0,5,0,0,0,0,0,0,0,0,0,0,0,0,0,0,9,0,0
C:\Users\user\Desktop\STUFF A LOT OF 'EM\er\Design_Pattern\king\plaf\basic\BasicSplitPaneUI.java,javax.swing.plaf.basic.BasicSplitPaneUI$FocusHandler,innerclass,0,0,0,0,2,2,0,1,1,0.0,0.0,0.0,2,0,2,0,0,0,2,0,0,0,0,0,0,0,0,0,0,0,0,10,0,0,0,0,0,0,0,2,0,0,0,0,0,0,41,1,0
C:\Users\user\Desktop\STUFF A LOT OF 'EM\er\Design_Pattern\king\plaf\BorderUIResource.java,javax.swing.plaf.BorderUIResource$TitledBorderUIResource,innerclass,0,0,0,0,6,3,0,0,15,0.0,0.0,0.0,6,0,6,0,0,0,6,0,0,0,0,0,0,0,0,0,0,0,0,20,0,0,0,0,0,0,0,0,0,0,0,0,0,0,10,9,0
C:\Users\user\Desktop\STUFF A LOT OF 'EM\er\Design_Pattern\king\DefaultDesktopManager.java,javax.swing.DefaultDesktopManager,class,0,0,0,0,125,1,0,64,336,0.8749999,0.0,0.0,28,0,15,5,6,2,23,0,0,0,10,4,0,5,0,5,4,0,6,453,15,9,49,9,18,4,30,118,14,70,4,1,0,0,273,1,0
C:\Users\user\Desktop\STUFF A LOT OF 'EM\er\Design_Pattern\king\plaf\basic\BasicTreeUI.java,javax.swing.plaf.basic.BasicTreeUI$MouseInputHandler,innerclass,0,0,0,0,15,1,0,8,16,0.44444445,0.0,0.0,9,0,8,0,1,0,9,0,0,0,2,0,0,0,2,0,0,0,0,43,0,0,4,0,0,0,0,4,0,2,1,0,0,0,46,1,0
C:\Users\user\Desktop\STUFF A LOT OF 'EM\er\Design_Pattern\king\text\html\TableView.java,javax.swing.text.html.TableView$CellView,innerclass,3,3,0,3,11,5,0,8,3,0.0,0.0,0.0,3,0,1,0,2,0,3,0,0,0,0,0,0,0,0,0,0,0,0,37,1,2,3,0,2,2,6,14,3,8,2,0,0,0,132,0,0
C:\Users\user\Desktop\STUFF A LOT OF 'EM\er\Design_Pattern\king\plaf\metal\MetalLookAndFeel.java,javax.swing.plaf.metal.MetalLookAndFeel$MetalLazyValue,innerclass,0,0,0,0,5,1,0,2,0,0.0,0.0,0.0,2,0,1,0,0,1,2,0,0,0,1,0,0,1,0,0,0,0,1,19,2,0,0,1,0,0,0,2,0,2,1,0,0,0,43,10,0
C:\Users\user\Desktop\STUFF A LOT OF 'EM\er\Design_Pattern\king\text\html\OptionComboBoxModel.java,javax.swing.text.html.OptionComboBoxModel,class,0,0,0,0,2,3,0,0,0,0.0,0.0,0.0,2,0,2,0,0,0,2,0,0,0,1,0,0,1,0,0,0,0,0,9,1,0,0,0,0,0,0,2,0,1,0,0,0,0,64,0,0
C:\Users\user\Desktop\STUFF A LOT OF 'EM\er\Design_Pattern\king\undo\StateEditable.java,javax.swing.undo.StateEditable,interface,0,0,0,0,2,1,0,0,1,1.0,0.0,0.0,2,0,2,0,0,0,2,0,0,0,1,1,1,0,0,0,1,0,0,5,0,0,0,0,0,1,0,1,0,1,0,0,0,0,40,1,0
C:\Users\user\Desktop\STUFF A LOT OF 'EM\er\Design_Pattern\king\event\MenuDragMouseListener.java,javax.swing.event.MenuDragMouseListener,interface,0,0,0,0,4,1,0,0,6,0.0,0.0,0.0,4,0,0,0,0,4,4,0,0,0,0,0,0,0,0,0,0,0,0,6,0,0,0,0,0,0,0,0,0,0,0,0,0,0,30,1,0
C:\Users\user\Desktop\STUFF A LOT OF 'EM\er\Design_Pattern\king\JList.java,javax.swing.JList$ListSelectionHandler,innerclass,0,0,0,0,1,1,0,4,0,0.0,NaN,NaN,1,0,1,0,0,0,1,0,0,0,0,0,0,0,0,0,0,0,0,5,0,0,0,0,0,0,0,0,0,0,0,0,0,0,10,2,0
C:\Users\user\Desktop\STUFF A LOT OF 'EM\er\Design_Pattern\king\plaf\basic\BasicTabbedPaneUI.java,javax.swing.plaf.basic.BasicTabbedPaneUI$RequestFocusAction,innerclass,1,1,0,1,1,1,0,2,0,0.0,NaN,NaN,1,0,1,0,0,0,1,0,0,0,0,0,0,0,0,0,0,0,0,6,0,0,0,0,0,0,0,1,0,1,0,0,0,0,12,10,0
C:\Users\user\Desktop\STUFF A LOT OF 'EM\er\Design_Pattern\king\text\DefaultEditorKit.java,javax.swing.text.DefaultEditorKit$EndAction,innerclass,1,1,0,1,4,2,0,5,1,0.5,0.0,0.0,2,0,1,0,0,1,2,0,0,0,1,0,0,1,0,0,0,0,0,20,0,0,1,0,0,0,0,4,0,4,2,0,0,0,23,8,0
C:\Users\user\Desktop\STUFF A LOT OF 'EM\er\Design_Pattern\king\plaf\basic\BasicInternalFrameTitlePane.java,javax.swing.plaf.basic.BasicInternalFrameTitlePane$NoFocusButton,innerclass,0,0,0,0,3,1,0,3,3,0.0,0.0,0.0,3,0,3,0,0,0,3,0,0,0,0,0,0,0,0,0,0,0,0,12,1,0,0,0,0,0,4,0,0,0,0,0,0,0,14,2,0
C:\Users\user\Desktop\STUFF A LOT OF 'EM\er\Design_Pattern\king\plaf\LabelUI.java,javax.swing.plaf.LabelUI,class,0,0,0,0,0,2,0,0,0,0.0,-1.0,-1.0,0,0,0,0,0,0,0,0,0,0,0,0,0,0,0,0,0,0,0,2,0,0,0,0,0,0,0,0,0,0,0,0,0,0,10,1025,0
C:\Users\user\Desktop\STUFF A LOT OF 'EM\er\Design_Pattern\king\text\html\HiddenTagView.java,javax.swing.text.html.HiddenTagView$Anonymous1,anonymous,0,0,0,0,1,1,0,1,0,0.0,NaN,NaN,1,0,1,0,0,0,1,0,0,0,0,0,0,0,0,0,0,0,0,5,0,0,0,0,0,0,0,0,0,0,0,0,0,0,5,-1,0
C:\Users\user\Desktop\STUFF A LOT OF 'EM\er\Design_Pattern\king\text\html\HiddenTagView.java,javax.swing.text.html.HiddenTagView$Anonymous2,anonymous,0,0,0,0,1,1,0,1,0,0.0,NaN,NaN,1,0,1,0,0,0,1,0,0,0,0,0,0,0,0,0,0,0,0,5,0,0,0,0,0,0,0,0,0,0,0,0,0,0,5,-1,0
C:\Users\user\Desktop\STUFF A LOT OF 'EM\er\Design_Pattern\king\colorchooser\SyntheticImage.java,javax.swing.colorchooser.SyntheticImage,class,1,1,0,1,21,1,2,4,31,0.8714286,0.0,0.0,10,0,6,0,4,0,10,0,0,4,6,2,1,2,2,1,2,0,1,47,5,5,8,0,4,0,10,24,7,14,3,0,0,0,121,1024,0
C:\Users\user\Desktop\STUFF A LOT OF 'EM\er\Design_Pattern\king\SystemEventQueueUtilities.java,javax.swing.SystemEventQueueUtilities$RunnableCanvasGraphics,innerclass,1,1,0,1,36,2,0,1,630,0.0,0.0,0.0,36,0,36,0,0,0,36,0,0,0,0,0,0,0,0,0,0,0,0,86,12,0,0,0,1,0,2,0,0,0,0,0,0,0,87,10,0
C:\Users\user\Desktop\STUFF A LOT OF 'EM\er\Design_Pattern\king\plaf\FontUIResource.java,javax.swing.plaf.FontUIResource,class,0,0,0,0,2,2,0,3,1,0.0,0.0,0.0,2,0,2,0,0,0,2,0,0,0,0,0,0,0,0,0,0,0,0,8,0,0,0,0,0,0,0,0,0,0,0,0,0,0,55,1,0
C:\Users\user\Desktop\STUFF A LOT OF 'EM\er\Design_Pattern\king\table\JTableHeader.java,javax.swing.table.JTableHeader$AccessibleJTableHeader,innerclass,0,0,0,0,11,3,0,8,6,0.0,0.0,0.0,4,0,4,0,0,0,4,0,0,0,0,0,0,0,0,0,0,0,0,565,8,0,5,0,1,0,4,9,0,7,3,0,1,0,114,4,0
C:\Users\user\Desktop\STUFF A LOT OF 'EM\er\Design_Pattern\king\plaf\multi\MultiViewportUI.java,javax.swing.plaf.multi.MultiViewportUI,class,1,1,0,1,22,2,0,14,0,0.0,0.0,0.0,12,1,12,0,0,0,12,0,0,0,1,0,0,0,1,0,0,0,1,72,8,10,0,0,33,0,16,18,0,18,1,0,0,0,92,1,0
C:\Users\user\Desktop\STUFF A LOT OF 'EM\er\Design_Pattern\king\plaf\basic\BasicBorders.java,javax.swing.plaf.basic.BasicBorders$ButtonBorder,innerclass,3,3,0,3,6,2,0,6,4,0.5,0.0,0.0,4,0,4,0,0,0,4,0,0,0,4,0,0,0,4,0,0,0,1,33,2,0,0,0,1,0,6,14,0,8,2,0,0,0,29,9,0
C:\Users\user\Desktop\STUFF A LOT OF 'EM\er\Design_Pattern\king\plaf\basic\BasicMenuUI.java,javax.swing.plaf.basic.BasicMenuUI$MenuDragMouseHandler,innerclass,3,3,0,3,16,1,0,17,6,0.0,0.0,0.0,4,0,4,0,0,0,4,0,0,0,0,0,0,0,0,0,0,0,1,31,1,0,6,0,1,0,5,6,1,6,3,0,0,0,30,2,0
C:\Users\user\Desktop\STUFF A LOT OF 'EM\er\Design_Pattern\king\plaf\basic\BasicSplitPaneUI.java,javax.swing.plaf.basic.BasicSplitPaneUI$KeyboardHomeAction,innerclass,1,1,0,1,2,1,0,3,0,0.0,NaN,NaN,1,0,1,0,0,0,1,0,0,0,0,0,0,0,0,0,0,0,0,9,0,0,0,0,0,0,1,2,0,2,1,0,0,0,16,8,0
C:\Users\user\Desktop\STUFF A LOT OF 'EM\er\Design_Pattern\king\plaf\basic\BasicOptionPaneUI.java,javax.swing.plaf.basic.BasicOptionPaneUI,class,18,18,0,18,138,3,0,120,453,0.90238094,0.0,0.0,42,1,9,4,26,3,39,0,0,0,10,3,2,2,6,0,2,0,5,854,45,5,49,1,14,37,85,149,3,83,5,6,7,0,422,1,0
C:\Users\user\Desktop\STUFF A LOT OF 'EM\er\Design_Pattern\king\plaf\metal\MetalFileChooserUI.java,javax.swing.plaf.metal.MetalFileChooserUI$DelayedSelectionUpdater,innerclass,0,0,0,0,2,1,0,2,1,0.0,0.0,0.0,2,0,1,0,0,1,2,0,0,0,0,0,0,0,0,0,0,0,0,8,0,0,0,0,0,0,0,0,0,0,0,0,0,0,8,2,0
C:\Users\user\Desktop\STUFF A LOT OF 'EM\er\Design_Pattern\king\plaf\metal\MetalFileChooserUI.java,javax.swing.plaf.metal.MetalFileChooserUI$DetailsTableCellRenderer,innerclass,1,1,0,1,8,1,0,10,1,0.33333334,0.0,0.0,3,0,2,0,0,1,3,0,0,0,2,0,0,0,0,2,0,0,1,33,1,0,3,0,1,1,0,5,0,5,1,0,0,0,42,0,0
C:\Users\user\Desktop\STUFF A LOT OF 'EM\er\Design_Pattern\king\JComboBox.java,javax.swing.JComboBox,class,5,5,0,5,144,8,0,90,2590,0.95064926,0.0,0.0,77,0,65,3,8,1,74,0,0,0,15,1,0,6,9,0,1,0,5,716,31,9,38,0,20,24,38,96,14,66,4,2,3,0,568,1,0
C:\Users\user\Desktop\STUFF A LOT OF 'EM\er\Design_Pattern\king\text\DefaultStyledDocument.java,javax.swing.text.DefaultStyledDocument$ElementBuffer,innerclass,2,2,0,2,171,1,0,57,351,0.96296304,0.0,0.0,27,0,6,0,3,18,27,0,0,0,15,0,0,0,0,15,0,0,3,686,20,25,57,0,33,2,94,222,41,138,7,0,1,0,308,1,0
C:\Users\user\Desktop\STUFF A LOT OF 'EM\er\Design_Pattern\king\text\ComponentView.java,javax.swing.text.ComponentView$Anonymous1,anonymous,0,0,0,0,4,1,0,7,0,0.0,NaN,NaN,1,0,1,0,0,0,1,0,0,0,0,0,0,0,0,0,0,0,0,21,0,0,1,1,2,0,0,2,0,2,2,0,0,0,13,-1,0
C:\Users\user\Desktop\STUFF A LOT OF 'EM\er\Design_Pattern\king\text\html\HTMLEditorKit.java,javax.swing.text.html.HTMLEditorKit$InsertHRAction,innerclass,2,2,0,2,4,4,0,8,1,0.0,0.0,0.0,2,0,1,0,0,1,2,0,0,0,0,0,0,0,0,0,0,0,0,17,0,0,2,0,0,2,0,5,0,4,2,0,0,0,39,8,0
C:\Users\user\Desktop\STUFF A LOT OF 'EM\er\Design_Pattern\king\plaf\multi\MultiLookAndFeel.java,javax.swing.plaf.multi.MultiLookAndFeel,class,3,3,0,3,16,1,0,7,28,0.0,0.0,0.0,8,2,7,0,1,0,8,0,0,0,0,0,0,0,0,0,0,0,0,68,12,2,5,0,0,90,6,11,43,9,4,0,0,0,176,1,0
C:\Users\user\Desktop\STUFF A LOT OF 'EM\er\Design_Pattern\king\plaf\metal\MetalComboBoxUI.java,javax.swing.plaf.metal.MetalComboBoxUI,class,1,1,0,1,23,1,0,16,78,0.0,0.0,0.0,13,1,7,0,6,0,13,0,0,0,0,0,0,0,0,0,0,0,0,116,8,0,5,0,2,0,4,20,11,9,2,0,3,0,105,1,0
C:\Users\user\Desktop\STUFF A LOT OF 'EM\er\Design_Pattern\king\SingleSelectionModel.java,javax.swing.SingleSelectionModel,interface,0,0,0,0,6,1,0,0,15,0.0,0.0,0.0,6,0,4,0,0,2,6,0,0,0,0,0,0,0,0,0,0,0,0,8,0,0,0,0,0,0,0,0,0,0,0,0,0,0,51,1,0
C:\Users\user\Desktop\STUFF A LOT OF 'EM\er\Design_Pattern\king\plaf\basic\BasicFileChooserUI.java,javax.swing.plaf.basic.BasicFileChooserUI$FileTransferHandler,innerclass,3,3,0,3,10,3,0,8,1,0.0,0.0,0.0,2,0,1,0,1,0,2,0,0,0,0,0,0,0,0,0,0,0,0,58,3,2,4,0,3,6,5,12,3,9,3,0,1,0,71,8,0
C:\Users\user\Desktop\STUFF A LOT OF 'EM\er\Design_Pattern\king\text\DefaultHighlighter.java,javax.swing.text.DefaultHighlighter$LayeredHighlightInfo,innerclass,1,1,0,1,6,2,0,7,1,0.5,0.0,0.0,2,0,0,0,0,2,2,0,0,0,4,0,0,0,0,4,0,0,6,37,1,0,3,0,1,0,2,16,4,7,1,0,0,0,50,0,0
C:\Users\user\Desktop\STUFF A LOT OF 'EM\er\Design_Pattern\king\text\GapContent.java,javax.swing.text.GapContent$UndoPosRef,innerclass,0,0,0,0,3,1,0,1,1,0.5,0.0,0.0,2,0,0,0,1,1,2,0,0,0,2,0,0,0,2,0,0,0,0,16,0,0,1,0,0,0,0,4,0,2,1,0,0,0,36,16,0
C:\Users\user\Desktop\STUFF A LOT OF 'EM\er\Design_Pattern\king\Box.java,javax.swing.Box,class,0,0,0,0,12,10,0,1,53,0.8181818,0.0,0.0,11,8,11,0,0,0,11,0,0,0,1,0,0,0,1,0,0,0,0,82,9,0,1,0,0,1,18,2,0,1,1,0,2,0,216,1,0
C:\Users\user\Desktop\STUFF A LOT OF 'EM\er\Design_Pattern\king\plaf\PopupMenuUI.java,javax.swing.plaf.PopupMenuUI,class,1,1,0,1,2,2,0,4,1,0.0,0.0,0.0,2,0,2,0,0,0,2,0,0,0,0,0,0,0,0,0,0,0,0,9,2,0,0,0,0,0,0,1,0,1,0,0,0,0,39,1025,0
C:\Users\user\Desktop\STUFF A LOT OF 'EM\er\Design_Pattern\king\plaf\metal\MetalComboBoxUI.java,javax.swing.plaf.metal.MetalComboBoxUI$MetalComboPopup,innerclass,0,0,0,0,2,1,0,1,1,0.0,0.0,0.0,2,0,2,0,0,0,2,0,0,0,0,0,0,0,0,0,0,0,0,8,0,0,0,0,0,0,0,0,0,0,0,0,0,0,47,1,0
C:\Users\user\Desktop\STUFF A LOT OF 'EM\er\Design_Pattern\king\JInternalFrame.java,javax.swing.JInternalFrame$JDesktopIcon,innerclass,1,1,0,1,21,8,0,20,49,0.72727275,0.0,0.0,11,0,9,1,0,1,10,0,0,0,1,0,0,0,0,1,0,0,4,111,6,1,8,0,1,2,2,8,0,7,2,0,1,0,153,9,0
C:\Users\user\Desktop\STUFF A LOT OF 'EM\er\Design_Pattern\king\plaf\multi\MultiSeparatorUI.java,javax.swing.plaf.multi.MultiSeparatorUI,class,1,1,0,1,22,2,0,14,0,0.0,0.0,0.0,12,1,12,0,0,0,12,0,0,0,1,0,0,0,1,0,0,0,1,72,8,10,0,0,33,0,16,18,0,18,1,0,0,0,92,1,0
C:\Users\user\Desktop\STUFF A LOT OF 'EM\er\Design_Pattern\king\plaf\multi\MultiTabbedPaneUI.java,javax.swing.plaf.multi.MultiTabbedPaneUI,class,2,2,0,2,28,2,0,17,0,0.0,0.0,0.0,15,1,15,0,0,0,15,0,0,0,1,0,0,0,1,0,0,0,1,93,11,13,0,0,45,0,22,24,0,24,1,0,0,0,100,1,0
C:\Users\user\Desktop\STUFF A LOT OF 'EM\er\Design_Pattern\king\text\TableView.java,javax.swing.text.TableView,class,3,3,0,3,71,4,0,41,231,0.95454544,0.0,0.0,22,0,2,0,7,13,22,0,0,0,6,1,0,1,0,5,1,0,12,415,17,21,13,2,5,0,40,115,10,85,7,0,3,0,312,1025,0
C:\Users\user\Desktop\STUFF A LOT OF 'EM\er\Design_Pattern\king\BoundedRangeModel.java,javax.swing.BoundedRangeModel,interface,0,0,0,0,13,1,0,0,78,0.0,0.0,0.0,13,0,0,0,0,13,13,0,0,0,0,0,0,0,0,0,0,0,0,15,0,0,0,0,0,0,0,0,0,0,0,0,0,0,236,1,0
C:\Users\user\Desktop\STUFF A LOT OF 'EM\er\Design_Pattern\king\text\GapContent.java,javax.swing.text.GapContent$InsertUndo,innerclass,0,0,0,0,6,2,0,7,3,0.6666667,0.0,0.0,3,0,2,0,1,0,3,0,0,0,4,0,0,0,4,0,0,0,0,36,0,0,1,2,0,0,0,6,0,4,2,0,0,0,51,0,0
C:\Users\user\Desktop\STUFF A LOT OF 'EM\er\Design_Pattern\king\plaf\BorderUIResource.java,javax.swing.plaf.BorderUIResource,class,0,0,0,0,13,16,0,3,8,0.775,0.0,0.0,8,4,8,0,0,0,8,0,0,0,5,4,0,1,0,4,0,0,0,123,6,0,5,0,0,1,0,5,0,5,1,0,7,0,40,1,0
C:\Users\user\Desktop\STUFF A LOT OF 'EM\er\Design_Pattern\king\text\DefaultEditorKit.java,javax.swing.text.DefaultEditorKit$InsertBreakAction,innerclass,1,1,0,1,5,2,0,6,1,0.0,0.0,0.0,2,0,2,0,0,0,2,0,0,0,0,0,0,0,0,0,0,0,0,15,1,0,1,0,2,1,0,1,0,1,2,0,0,0,71,9,0
C:\Users\user\Desktop\STUFF A LOT OF 'EM\er\Design_Pattern\king\colorchooser\DefaultSwatchChooserPanel.java,javax.swing.colorchooser.DefaultSwatchChooserPanel$RecentSwatchListener,innerclass,0,0,0,0,1,2,0,5,0,0.0,NaN,NaN,1,0,1,0,0,0,1,0,0,0,0,0,0,0,0,0,0,0,0,6,0,0,0,0,0,0,0,1,0,1,0,0,0,0,15,0,0
C:\Users\user\Desktop\STUFF A LOT OF 'EM\er\Design_Pattern\king\text\html\HTMLDocument.java,javax.swing.text.html.HTMLDocument$HTMLReader$StyleAction,innerclass,0,0,0,0,5,2,0,2,3,0.0,0.0,0.0,3,0,2,0,0,1,3,0,0,0,0,0,0,0,0,0,0,0,0,18,1,0,1,0,0,0,1,3,0,0,2,0,0,0,19,0,0
C:\Users\user\Desktop\STUFF A LOT OF 'EM\er\Design_Pattern\king\JLabel.java,javax.swing.JLabel$AccessibleJLabel$LabelKeyBinding,innerclass,0,0,0,0,4,1,0,1,1,0.33333334,0.0,0.0,3,0,2,0,0,1,3,0,0,0,1,0,0,0,0,1,0,0,1,15,2,0,1,0,0,0,3,1,0,1,1,0,0,0,61,0,0
C:\Users\user\Desktop\STUFF A LOT OF 'EM\er\Design_Pattern\king\event\TableModelListener.java,javax.swing.event.TableModelListener,interface,0,0,0,0,1,1,0,0,0,0.0,NaN,NaN,1,0,1,0,0,0,1,0,0,0,0,0,0,0,0,0,0,0,0,3,0,0,0,0,0,0,0,0,0,0,0,0,0,0,30,1,0
C:\Users\user\Desktop\STUFF A LOT OF 'EM\er\Design_Pattern\king\PopupFactory.java,javax.swing.PopupFactory$HeavyWeightPopup$Anonymous1,anonymous,0,0,0,0,3,1,0,5,0,0.0,NaN,NaN,1,0,1,0,0,0,1,0,0,0,0,0,0,0,0,0,0,0,1,14,0,1,1,0,1,0,2,3,1,3,2,0,0,0,18,-1,0
C:\Users\user\Desktop\STUFF A LOT OF 'EM\er\Design_Pattern\king\text\AsyncBoxView.java,javax.swing.text.AsyncBoxView$ChildLocator,innerclass,1,1,0,1,35,1,0,26,55,0.90909094,0.0,0.0,11,0,5,0,3,3,11,0,0,3,3,0,0,0,3,0,0,0,0,159,12,4,8,0,4,0,8,58,11,39,4,0,0,0,192,1,0
C:\Users\user\Desktop\STUFF A LOT OF 'EM\er\Design_Pattern\king\JEditorPane.java,javax.swing.JEditorPane,class,8,9,1,8,137,25,1,134,818,0.9695122,0.0,0.0,41,8,31,6,3,1,35,0,2,3,8,4,0,7,0,1,4,0,33,1081,26,3,45,8,17,34,29,117,8,91,5,2,7,0,725,1,0
C:\Users\user\Desktop\STUFF A LOT OF 'EM\er\Design_Pattern\king\ToolTipManager.java,javax.swing.ToolTipManager$stillInsideTimerAction,innerclass,0,0,0,0,1,1,0,2,0,0.0,NaN,NaN,1,0,1,0,0,0,1,0,0,0,0,0,0,0,0,0,0,0,0,9,0,0,0,0,0,0,0,3,0,0,0,0,0,0,19,4,0
C:\Users\user\Desktop\STUFF A LOT OF 'EM\er\Design_Pattern\king\text\DefaultCaret.java,javax.swing.text.DefaultCaret$UpdateHandler,innerclass,3,3,0,3,39,1,0,19,10,0.0,0.0,0.0,5,0,5,0,0,0,5,0,0,0,0,0,0,0,0,0,0,0,0,141,1,0,17,3,8,0,14,43,4,23,4,0,0,0,104,0,0
C:\Users\user\Desktop\STUFF A LOT OF 'EM\er\Design_Pattern\king\JTable.java,javax.swing.JTable$BooleanRenderer,innerclass,0,0,0,0,4,7,0,9,1,0.0,0.0,0.0,2,0,2,0,0,0,2,0,0,0,0,0,0,0,0,0,0,0,0,18,1,0,1,0,2,0,0,0,0,0,1,0,0,0,20,8,0
C:\Users\user\Desktop\STUFF A LOT OF 'EM\er\Design_Pattern\king\tree\DefaultTreeCellRenderer.java,javax.swing.tree.DefaultTreeCellRenderer,class,1,1,0,1,64,5,0,50,758,0.94999987,0.0,0.0,40,0,38,1,1,0,39,0,0,0,12,0,0,2,10,0,0,0,1,214,16,0,11,0,2,13,19,30,9,21,3,0,0,0,230,1,0
C:\Users\user\Desktop\STUFF A LOT OF 'EM\er\Design_Pattern\king\plaf\basic\BasicComboBoxUI.java,javax.swing.plaf.basic.BasicComboBoxUI$EditorFocusListener,innerclass,1,1,0,1,4,2,0,7,0,0.0,NaN,NaN,1,0,1,0,0,0,1,0,0,0,0,0,0,0,0,0,0,0,1,9,0,0,1,0,0,1,2,2,0,2,1,0,0,0,41,0,0
C:\Users\user\Desktop\STUFF A LOT OF 'EM\er\Design_Pattern\king\JRadioButton.java,javax.swing.JRadioButton$AccessibleJRadioButton,innerclass,0,0,0,0,1,7,0,0,0,0.0,NaN,NaN,1,0,1,0,0,0,1,0,0,0,0,0,0,0,0,0,0,0,0,5,1,0,0,0,0,0,0,0,0,0,0,0,0,0,66,4,0
C:\Users\user\Desktop\STUFF A LOT OF 'EM\er\Design_Pattern\king\text\AbstractDocument.java,javax.swing.text.AbstractDocument$BidiElement,innerclass,1,1,0,1,6,3,0,4,6,0.0,0.0,0.0,4,0,1,0,0,3,4,0,0,0,0,0,0,0,0,0,0,0,0,19,4,0,2,0,2,0,3,1,1,1,1,0,0,0,28,0,0
C:\Users\user\Desktop\STUFF A LOT OF 'EM\er\Design_Pattern\king\text\TextAction.java,javax.swing.text.TextAction,class,1,1,0,1,11,2,72,9,6,0.0,0.0,0.0,4,1,2,0,2,0,4,0,3,0,0,0,0,0,0,0,0,0,1,36,4,3,3,0,2,2,3,12,0,11,2,0,0,0,154,1025,0
C:\Users\user\Desktop\STUFF A LOT OF 'EM\er\Design_Pattern\king\JTree.java,javax.swing.JTree$AccessibleJTree$AccessibleJTreeNode,innerclass,1,1,0,1,187,2,0,101,1494,0.880562,0.0,0.0,61,0,57,3,1,0,58,0,0,0,7,0,0,7,0,0,0,0,3,721,88,4,65,0,30,3,40,133,11,119,3,0,0,0,238,4,0
C:\Users\user\Desktop\STUFF A LOT OF 'EM\er\Design_Pattern\king\JTextArea.java,javax.swing.JTextArea$AccessibleJTextArea,innerclass,0,0,0,0,1,6,0,2,0,0.0,NaN,NaN,1,0,1,0,0,0,1,0,0,0,0,0,0,0,0,0,0,0,0,7,1,0,0,0,0,0,0,1,0,1,0,0,0,0,70,4,0
C:\Users\user\Desktop\STUFF A LOT OF 'EM\er\Design_Pattern\king\plaf\metal\MetalBorders.java,javax.swing.plaf.metal.MetalBorders$ToolBarBorder,innerclass,1,1,0,1,10,2,0,15,3,0.6666667,0.0,0.0,3,0,3,0,0,0,3,0,0,0,1,0,0,0,1,0,0,0,1,49,2,0,3,0,5,0,20,13,3,2,3,0,0,0,30,9,0
C:\Users\user\Desktop\STUFF A LOT OF 'EM\er\Design_Pattern\king\plaf\basic\BasicTableUI.java,javax.swing.plaf.basic.BasicTableUI$KeyHandler,innerclass,5,5,0,5,22,1,0,15,3,0.0,0.0,0.0,3,0,3,0,0,0,3,0,0,0,0,0,0,0,0,0,0,0,0,47,4,0,14,0,3,0,2,14,0,9,4,0,0,0,58,1,0
C:\Users\user\Desktop\STUFF A LOT OF 'EM\er\Design_Pattern\king\text\GapContent.java,javax.swing.text.GapContent$RemoveUndo,innerclass,0,0,0,0,6,2,0,8,3,0.6666667,0.0,0.0,3,0,2,0,1,0,3,0,0,0,4,0,0,0,4,0,0,0,0,38,0,0,1,2,0,0,0,8,0,4,2,0,0,0,49,0,0
C:\Users\user\Desktop\STUFF A LOT OF 'EM\er\Design_Pattern\king\event\ListSelectionListener.java,javax.swing.event.ListSelectionListener,interface,0,0,0,0,1,1,0,0,0,0.0,NaN,NaN,1,0,0,0,0,1,1,0,0,0,0,0,0,0,0,0,0,0,0,3,0,0,0,0,0,0,0,0,0,0,0,0,0,0,23,1,0
C:\Users\user\Desktop\STUFF A LOT OF 'EM\er\Design_Pattern\king\plaf\multi\MultiProgressBarUI.java,javax.swing.plaf.multi.MultiProgressBarUI,class,1,1,0,1,22,2,0,14,0,0.0,0.0,0.0,12,1,12,0,0,0,12,0,0,0,1,0,0,0,1,0,0,0,1,72,8,10,0,0,33,0,16,18,0,18,1,0,0,0,93,1,0
C:\Users\user\Desktop\STUFF A LOT OF 'EM\er\Design_Pattern\king\text\JTextComponent.java,javax.swing.text.JTextComponent$AccessibleJTextComponent$Anonymous1,anonymous,0,0,0,0,2,1,0,2,0,0.0,NaN,NaN,1,0,1,0,0,0,1,0,0,0,0,0,0,0,0,0,0,0,0,11,0,0,0,1,0,0,0,2,0,1,1,0,0,0,19,-1,0
C:\Users\user\Desktop\STUFF A LOT OF 'EM\er\Design_Pattern\king\plaf\multi\MultiSpinnerUI.java,javax.swing.plaf.multi.MultiSpinnerUI,class,1,1,0,1,22,2,0,14,0,0.0,0.0,0.0,12,1,12,0,0,0,12,0,0,0,1,0,0,0,1,0,0,0,1,72,8,10,0,0,33,0,16,18,0,18,1,0,0,0,92,1,0
C:\Users\user\Desktop\STUFF A LOT OF 'EM\er\Design_Pattern\king\text\JTextComponent.java,javax.swing.text.JTextComponent$AccessibleJTextComponent$Anonymous4,anonymous,0,0,0,0,1,1,0,1,0,0.0,NaN,NaN,1,0,1,0,0,0,1,0,0,0,0,0,0,0,0,0,0,0,0,5,0,0,0,0,0,0,0,0,0,0,0,0,0,0,4,-1,0
C:\Users\user\Desktop\STUFF A LOT OF 'EM\er\Design_Pattern\king\text\JTextComponent.java,javax.swing.text.JTextComponent$AccessibleJTextComponent$Anonymous2,anonymous,0,0,0,0,1,1,0,1,0,0.0,NaN,NaN,1,0,1,0,0,0,1,0,0,0,0,0,0,0,0,0,0,0,0,5,0,0,0,0,0,0,0,0,0,0,0,0,0,0,4,-1,0
C:\Users\user\Desktop\STUFF A LOT OF 'EM\er\Design_Pattern\king\plaf\basic\BasicSplitPaneUI.java,javax.swing.plaf.basic.BasicSplitPaneUI$KeyboardResizeToggleHandler,innerclass,0,0,0,0,2,1,0,1,0,0.0,NaN,NaN,1,0,1,0,0,0,1,0,0,0,0,0,0,0,0,0,0,0,0,7,0,0,0,0,0,0,0,0,0,0,1,0,0,0,43,1,0
C:\Users\user\Desktop\STUFF A LOT OF 'EM\er\Design_Pattern\king\text\JTextComponent.java,javax.swing.text.JTextComponent$AccessibleJTextComponent$Anonymous3,anonymous,0,0,0,0,1,1,0,1,0,0.0,NaN,NaN,1,0,1,0,0,0,1,0,0,0,0,0,0,0,0,0,0,0,0,5,0,0,0,0,0,0,0,0,0,0,0,0,0,0,4,-1,0
C:\Users\user\Desktop\STUFF A LOT OF 'EM\er\Design_Pattern\king\text\AbstractDocument.java,javax.swing.text.AbstractDocument$LeafElement,innerclass,1,1,0,1,16,2,0,8,78,0.9230769,0.0,0.0,13,0,11,2,0,0,11,0,0,0,2,0,0,2,0,0,0,0,0,69,10,0,1,2,0,6,2,12,1,5,1,0,0,0,127,1,0
C:\Users\user\Desktop\STUFF A LOT OF 'EM\er\Design_Pattern\king\plaf\basic\BasicComboBoxUI.java,javax.swing.plaf.basic.BasicComboBoxUI,class,11,11,0,11,138,4,0,130,431,0.9259261,0.0,0.0,54,2,18,3,28,5,51,0,0,0,28,6,0,7,17,4,2,0,6,858,36,2,47,0,19,32,25,96,22,65,3,0,15,0,401,1,0
C:\Users\user\Desktop\STUFF A LOT OF 'EM\er\Design_Pattern\king\table\JTableHeader.java,javax.swing.table.JTableHeader$UIResourceTableCellRenderer,innerclass,0,0,0,0,4,2,0,11,0,0.0,NaN,NaN,1,0,1,0,0,0,1,0,0,0,0,0,0,0,0,0,0,0,0,15,1,0,3,0,1,2,0,1,0,1,2,0,0,0,23,10,0
C:\Users\user\Desktop\STUFF A LOT OF 'EM\er\Design_Pattern\king\PopupFactory.java,javax.swing.PopupFactory$ContainerPopup,innerclass,0,0,0,0,26,2,0,17,0,0.33333334,0.0,0.0,5,0,2,0,0,3,5,0,0,0,3,0,0,0,0,3,0,0,3,79,6,2,10,0,6,0,1,29,2,20,4,0,0,0,64,10,0
C:\Users\user\Desktop\STUFF A LOT OF 'EM\er\Design_Pattern\king\plaf\basic\BasicTextUI.java,javax.swing.plaf.basic.BasicTextUI$TextTransferHandler,innerclass,6,6,0,6,66,3,0,28,15,0.64285713,0.0,0.0,7,0,3,0,4,0,7,0,0,0,4,0,0,4,0,0,0,0,0,277,15,4,23,1,10,6,16,50,8,32,6,0,1,0,224,8,0
C:\Users\user\Desktop\STUFF A LOT OF 'EM\er\Design_Pattern\king\text\html\ResourceLoader.java,javax.swing.text.html.ResourceLoader,class,0,0,0,0,3,1,0,2,3,0.6666667,0.0,0.0,3,1,2,0,0,1,3,0,0,0,1,0,0,1,0,0,0,0,1,14,2,0,0,0,0,0,0,3,0,3,0,0,0,0,53,0,0
C:\Users\user\Desktop\STUFF A LOT OF 'EM\er\Design_Pattern\king\text\JTextComponent.java,javax.swing.text.JTextComponent$DefaultKeymap,innerclass,2,2,0,2,21,1,0,12,105,0.93333334,0.0,0.0,15,0,14,0,0,1,15,0,0,0,4,0,0,0,0,4,0,0,0,69,9,2,4,0,3,2,2,15,1,11,1,0,0,0,73,8,0
C:\Users\user\Desktop\STUFF A LOT OF 'EM\er\Design_Pattern\king\plaf\basic\BasicTextFieldUI.java,javax.swing.plaf.basic.BasicTextFieldUI,class,7,7,0,7,15,7,2,15,21,0.0,0.0,0.0,7,1,4,1,2,0,6,0,0,0,0,0,0,0,0,0,0,0,0,169,5,0,3,0,3,5,0,7,0,7,3,0,1,0,119,1,0
C:\Users\user\Desktop\STUFF A LOT OF 'EM\er\Design_Pattern\king\plaf\metal\MetalIconFactory.java,javax.swing.plaf.metal.MetalIconFactory$InternalFrameCloseIcon,innerclass,2,2,0,2,9,1,0,17,0,0.0,0.0,0.0,4,0,4,0,0,0,4,0,0,0,1,0,0,0,0,1,0,0,0,67,2,0,1,0,1,1,74,20,39,10,2,0,0,0,34,10,0
C:\Users\user\Desktop\STUFF A LOT OF 'EM\er\Design_Pattern\king\text\DefaultCaret.java,javax.swing.text.DefaultCaret$SafeScroller,innerclass,0,0,0,0,3,1,0,1,1,0.5,0.0,0.0,2,0,1,0,0,1,2,0,0,0,1,0,0,0,0,1,0,0,0,11,0,0,1,0,0,0,0,1,0,1,1,0,0,0,8,0,0
C:\Users\user\Desktop\STUFF A LOT OF 'EM\er\Design_Pattern\king\JInternalFrame.java,javax.swing.JInternalFrame$JDesktopIcon$AccessibleJDesktopIcon,innerclass,0,0,0,0,10,5,0,7,15,0.0,0.0,0.0,6,0,6,0,0,0,6,0,0,0,0,0,0,0,0,0,0,0,0,46,10,0,2,0,2,0,0,6,0,6,1,0,0,0,95,4,0
C:\Users\user\Desktop\STUFF A LOT OF 'EM\er\Design_Pattern\king\text\TableView.java,javax.swing.text.TableView$GridCell,interface,0,0,0,0,5,1,0,0,10,0.0,0.0,0.0,5,0,5,0,0,0,5,0,0,0,0,0,0,0,0,0,0,0,0,7,0,0,0,0,0,0,0,0,0,0,0,0,0,0,48,0,0
C:\Users\user\Desktop\STUFF A LOT OF 'EM\er\Design_Pattern\king\text\html\parser\TagStack.java,javax.swing.text.html.parser.TagStack,class,0,0,0,0,28,1,0,18,0,0.703125,0.0,0.0,8,0,3,0,0,5,8,0,0,0,8,0,0,0,0,8,0,0,0,90,11,1,16,0,7,5,1,16,3,11,2,0,0,0,106,16,0
C:\Users\user\Desktop\STUFF A LOT OF 'EM\er\Design_Pattern\king\plaf\basic\BasicSplitPaneUI.java,javax.swing.plaf.basic.BasicSplitPaneUI$BasicVerticalLayoutManager,innerclass,0,0,0,0,1,2,0,0,0,0.0,NaN,NaN,1,0,1,0,0,0,1,0,0,0,0,0,0,0,0,0,0,0,0,5,0,0,0,0,0,0,1,0,0,0,0,0,0,0,31,1,0
C:\Users\user\Desktop\STUFF A LOT OF 'EM\er\Design_Pattern\king\plaf\basic\BasicToolBarUI.java,javax.swing.plaf.basic.BasicToolBarUI$1ToolBarDialog$Anonymous3,anonymous,0,0,0,0,2,1,0,2,0,0.0,NaN,NaN,1,0,1,0,0,0,1,0,0,0,1,0,0,1,0,0,0,0,0,11,0,0,0,0,0,0,0,3,0,1,1,0,0,0,5,-1,0
C:\Users\user\Desktop\STUFF A LOT OF 'EM\er\Design_Pattern\king\plaf\basic\BasicScrollBarUI.java,javax.swing.plaf.basic.BasicScrollBarUI$SharedActionScroller,innerclass,1,1,0,1,9,1,0,7,0,0.0,0.0,0.0,2,0,1,0,0,1,2,0,0,0,2,0,0,2,0,0,0,0,0,37,0,0,6,0,0,0,6,7,3,4,3,0,0,0,34,10,0
C:\Users\user\Desktop\STUFF A LOT OF 'EM\er\Design_Pattern\king\plaf\multi\MultiTableHeaderUI.java,javax.swing.plaf.multi.MultiTableHeaderUI,class,1,1,0,1,22,2,0,14,0,0.0,0.0,0.0,12,1,12,0,0,0,12,0,0,0,1,0,0,0,1,0,0,0,1,72,8,10,0,0,33,0,16,18,0,18,1,0,0,0,93,1,0
C:\Users\user\Desktop\STUFF A LOT OF 'EM\er\Design_Pattern\king\event\TreeModelEvent.java,javax.swing.event.TreeModelEvent,class,1,1,0,1,17,1,0,8,0,0.4074074,0.0,0.0,9,0,9,0,0,0,9,0,0,0,3,0,0,0,3,0,0,0,4,63,8,2,6,0,0,8,7,12,4,10,2,0,0,0,311,1,0
C:\Users\user\Desktop\STUFF A LOT OF 'EM\er\Design_Pattern\king\plaf\metal\MetalTitlePane.java,javax.swing.plaf.metal.MetalTitlePane$IconifyAction,innerclass,0,0,0,0,2,1,0,3,1,0.0,0.0,0.0,2,0,2,0,0,0,2,0,0,0,0,0,0,0,0,0,0,0,0,8,0,0,0,0,0,1,0,0,0,0,0,0,0,0,13,2,0
C:\Users\user\Desktop\STUFF A LOT OF 'EM\er\Design_Pattern\king\JLayeredPane.java,javax.swing.JLayeredPane$AccessibleJLayeredPane,innerclass,0,0,0,0,1,5,0,0,0,0.0,NaN,NaN,1,0,1,0,0,0,1,0,0,0,0,0,0,0,0,0,0,0,0,5,1,0,0,0,0,0,0,0,0,0,0,0,0,0,66,4,0
C:\Users\user\Desktop\STUFF A LOT OF 'EM\er\Design_Pattern\king\TransferHandler.java,javax.swing.TransferHandler,class,0,0,0,0,46,4,12,24,112,0.9375,0.0,0.0,16,4,10,3,3,0,13,0,0,0,11,10,4,4,0,3,8,0,2,465,23,2,19,2,1,6,7,41,0,36,4,0,6,0,342,1,0
C:\Users\user\Desktop\STUFF A LOT OF 'EM\er\Design_Pattern\king\plaf\basic\BasicTreeUI.java,javax.swing.plaf.basic.BasicTreeUI$TreeIncrementAction,innerclass,0,0,0,0,13,1,0,11,0,0.41666666,0.0,0.0,4,0,3,1,0,0,3,0,0,0,3,0,0,2,1,0,0,0,2,39,1,0,6,0,3,0,7,9,3,6,3,0,0,0,55,1,0
C:\Users\user\Desktop\STUFF A LOT OF 'EM\er\Design_Pattern\king\plaf\basic\BasicCheckBoxUI.java,javax.swing.plaf.basic.BasicCheckBoxUI,class,0,0,0,0,2,5,0,0,1,0.5,0.0,0.0,2,1,2,0,0,0,2,0,0,0,2,2,0,2,0,0,2,0,0,10,2,0,0,0,0,2,0,2,1,2,0,0,0,0,60,1,0
C:\Users\user\Desktop\STUFF A LOT OF 'EM\er\Design_Pattern\king\SpringLayout.java,javax.swing.SpringLayout$SpringProxy,innerclass,0,0,0,0,9,2,0,10,26,0.6666667,0.0,0.0,9,0,7,1,0,1,8,0,0,0,3,0,0,3,0,0,0,0,0,34,7,0,0,0,0,3,0,3,1,3,0,0,0,0,21,10,0
C:\Users\user\Desktop\STUFF A LOT OF 'EM\er\Design_Pattern\king\plaf\BorderUIResource.java,javax.swing.plaf.BorderUIResource$BevelBorderUIResource,innerclass,0,0,0,0,3,3,0,0,3,0.0,0.0,0.0,3,0,3,0,0,0,3,0,0,0,0,0,0,0,0,0,0,0,0,11,0,0,0,0,0,0,0,0,0,0,0,0,0,0,10,9,0
C:\Users\user\Desktop\STUFF A LOT OF 'EM\er\Design_Pattern\king\TimerQueue.java,javax.swing.TimerQueue,class,0,0,0,0,33,1,0,18,1,0.73999995,0.0,0.0,10,1,4,0,0,6,10,0,0,8,5,3,0,3,0,2,3,0,1,162,8,6,10,4,0,7,5,37,3,18,3,1,0,0,93,0,0
C:\Users\user\Desktop\STUFF A LOT OF 'EM\er\Design_Pattern\king\RootPaneContainer.java,javax.swing.RootPaneContainer,interface,0,0,0,0,7,1,0,0,21,0.0,0.0,0.0,7,0,0,0,0,7,7,0,0,0,0,0,0,0,0,0,0,0,0,9,0,0,0,0,0,0,0,0,0,0,0,0,0,0,133,1,0
C:\Users\user\Desktop\STUFF A LOT OF 'EM\er\Design_Pattern\king\plaf\metal\MetalIconFactory.java,javax.swing.plaf.metal.MetalIconFactory$InternalFrameAltMaximizeIcon,innerclass,2,2,0,2,9,1,0,17,0,0.0,0.0,0.0,4,0,4,0,0,0,4,0,0,0,1,0,0,0,0,1,0,0,0,76,2,0,1,0,0,1,95,19,45,9,2,0,0,0,33,10,0
C:\Users\user\Desktop\STUFF A LOT OF 'EM\er\Design_Pattern\king\text\DefaultEditorKit.java,javax.swing.text.DefaultEditorKit$ReadOnlyAction,innerclass,1,1,0,1,3,2,0,2,1,0.0,0.0,0.0,2,0,1,0,0,1,2,0,0,0,0,0,0,0,0,0,0,0,0,11,0,0,1,0,0,0,0,1,0,1,1,0,0,0,23,8,0
C:\Users\user\Desktop\STUFF A LOT OF 'EM\er\Design_Pattern\king\plaf\basic\BasicToolBarUI.java,javax.swing.plaf.basic.BasicToolBarUI$RightAction,innerclass,1,1,0,1,1,2,0,3,0,0.0,NaN,NaN,1,0,1,0,0,0,1,0,0,0,0,0,0,0,0,0,0,0,0,7,0,0,0,0,0,0,0,2,0,2,0,0,0,0,19,10,0
C:\Users\user\Desktop\STUFF A LOT OF 'EM\er\Design_Pattern\king\JComponent.java,javax.swing.JComponent$AccessibleJComponent$AccessibleContainerHandler,innerclass,0,0,0,0,6,1,0,3,1,0.0,0.0,0.0,2,0,2,0,0,0,2,0,0,0,0,0,0,0,0,0,0,0,0,14,0,0,2,0,2,0,0,2,0,2,1,0,0,0,20,4,0
C:\Users\user\Desktop\STUFF A LOT OF 'EM\er\Design_Pattern\king\plaf\metal\MetalFileChooserUI.java,javax.swing.plaf.metal.MetalFileChooserUI$EditActionListener,innerclass,0,0,0,0,1,1,0,1,0,0.0,NaN,NaN,1,0,1,0,0,0,1,0,0,0,0,0,0,0,0,0,0,0,0,5,0,0,0,0,0,0,0,0,0,0,0,0,0,0,8,0,0
C:\Users\user\Desktop\STUFF A LOT OF 'EM\er\Design_Pattern\king\text\StringContent.java,javax.swing.text.StringContent$StickyPosition,innerclass,0,0,0,0,4,1,0,3,6,0.75,0.0,0.0,4,0,2,0,1,1,4,0,0,0,1,0,0,0,0,1,0,0,1,16,2,0,0,0,0,0,0,2,0,1,0,0,0,0,32,16,0
C:\Users\user\Desktop\STUFF A LOT OF 'EM\er\Design_Pattern\king\DefaultCellEditor.java,javax.swing.DefaultCellEditor$EditorDelegate,innerclass,0,0,0,0,10,1,0,4,34,0.7777778,0.0,0.0,9,0,9,0,0,0,9,0,0,0,1,0,0,0,1,0,0,0,0,34,6,0,0,0,1,0,0,1,0,1,1,0,0,0,70,4,0
C:\Users\user\Desktop\STUFF A LOT OF 'EM\er\Design_Pattern\king\plaf\basic\BasicTextUI.java,javax.swing.plaf.basic.BasicTextUI$RootView,innerclass,3,3,0,3,51,2,0,24,435,0.96666664,0.0,0.0,30,0,28,0,0,2,30,0,0,0,1,0,0,1,0,0,0,0,0,156,31,0,20,0,1,2,9,8,0,6,2,0,0,0,330,0,0
C:\Users\user\Desktop\STUFF A LOT OF 'EM\er\Design_Pattern\king\text\Segment.java,javax.swing.text.Segment,class,1,1,0,1,27,1,6,2,9,0.62666667,0.0,0.0,15,0,15,0,0,0,15,0,0,0,5,0,3,2,0,0,0,0,0,95,19,0,7,1,4,1,9,16,6,8,1,0,0,0,160,1,0
C:\Users\user\Desktop\STUFF A LOT OF 'EM\er\Design_Pattern\king\text\TabExpander.java,javax.swing.text.TabExpander,interface,0,0,0,0,1,1,0,0,0,0.0,NaN,NaN,1,0,0,0,0,1,1,0,0,0,0,0,0,0,0,0,0,0,0,3,0,0,0,0,0,0,0,0,0,0,0,0,0,0,33,1,0
C:\Users\user\Desktop\STUFF A LOT OF 'EM\er\Design_Pattern\king\text\html\Map.java,javax.swing.text.html.Map$RectangleRegionContainment,innerclass,2,2,0,2,22,1,0,4,0,0.14285715,0.0,0.0,3,0,3,0,0,0,3,0,0,0,7,0,0,0,0,7,0,0,2,59,3,1,9,0,7,1,28,18,5,9,4,0,0,0,52,8,0
C:\Users\user\Desktop\STUFF A LOT OF 'EM\er\Design_Pattern\king\table\TableCellRenderer.java,javax.swing.table.TableCellRenderer,interface,0,0,0,0,1,1,0,0,0,0.0,NaN,NaN,1,0,0,0,0,1,1,0,0,0,0,0,0,0,0,0,0,0,0,3,0,0,0,0,0,0,0,0,0,0,0,0,0,0,80,1,0
C:\Users\user\Desktop\STUFF A LOT OF 'EM\er\Design_Pattern\king\text\AttributeSet.java,javax.swing.text.AttributeSet$CharacterAttribute,interface,0,0,0,0,0,1,0,0,0,0.0,-1.0,-1.0,0,0,0,0,0,0,0,0,0,0,0,0,0,0,0,0,0,0,0,2,0,0,0,0,0,0,0,0,0,0,0,0,0,0,26,1,0
C:\Users\user\Desktop\STUFF A LOT OF 'EM\er\Design_Pattern\king\UIManager.java,javax.swing.UIManager$Anonymous2,anonymous,1,1,0,1,6,1,0,5,0,0.0,NaN,NaN,1,0,1,0,0,0,1,0,0,0,0,0,0,0,0,0,0,0,0,10,2,0,1,0,4,0,0,1,0,1,1,0,0,0,11,-1,0
C:\Users\user\Desktop\STUFF A LOT OF 'EM\er\Design_Pattern\king\plaf\ListUI.java,javax.swing.plaf.ListUI,class,0,0,0,0,3,2,0,0,3,0.0,0.0,0.0,3,0,3,0,0,0,3,3,0,0,0,0,0,0,0,0,0,0,0,5,0,0,0,0,0,0,0,0,0,0,0,0,0,0,63,1025,0
C:\Users\user\Desktop\STUFF A LOT OF 'EM\er\Design_Pattern\king\text\html\MinimalHTMLWriter.java,javax.swing.text.html.MinimalHTMLWriter,class,8,8,0,8,115,2,0,63,385,0.9037037,0.0,0.0,30,0,3,8,19,0,22,0,0,0,9,4,0,7,0,2,4,0,0,339,8,5,35,0,31,35,38,67,11,36,3,0,0,0,324,1,0
C:\Users\user\Desktop\STUFF A LOT OF 'EM\er\Design_Pattern\king\colorchooser\ColorChooserComponentFactory.java,javax.swing.colorchooser.ColorChooserComponentFactory,class,0,0,0,0,3,1,0,0,3,0.0,0.0,0.0,3,2,2,1,0,0,2,0,0,0,0,0,0,0,0,0,0,0,0,11,2,0,0,0,0,0,0,1,0,1,0,0,0,0,66,1,0
C:\Users\user\Desktop\STUFF A LOT OF 'EM\er\Design_Pattern\king\JFileChooser.java,javax.swing.JFileChooser,class,4,4,0,4,197,8,0,99,2628,0.96929824,0.0,0.0,76,0,71,1,4,0,75,0,0,0,54,30,29,24,1,0,30,0,7,653,48,3,86,0,23,49,24,172,6,110,4,1,1,0,545,1,0
C:\Users\user\Desktop\STUFF A LOT OF 'EM\er\Design_Pattern\king\text\MaskFormatter.java,javax.swing.text.MaskFormatter$AlphaNumericCharacter,innerclass,0,0,0,0,1,2,0,2,0,0.0,NaN,NaN,1,0,1,0,0,0,1,0,0,0,0,0,0,0,0,0,0,0,1,5,1,0,0,0,1,0,0,0,0,0,0,0,0,0,14,2,0
C:\Users\user\Desktop\STUFF A LOT OF 'EM\er\Design_Pattern\king\text\AttributeSet.java,javax.swing.text.AttributeSet,interface,0,0,0,0,9,1,0,0,36,0.8888889,0.0,0.0,9,0,9,0,0,0,9,0,0,0,2,2,2,0,0,0,2,0,0,21,0,0,0,0,0,0,0,2,0,2,0,0,4,0,133,1,0
C:\Users\user\Desktop\STUFF A LOT OF 'EM\er\Design_Pattern\king\plaf\basic\BasicInternalFrameTitlePane.java,javax.swing.plaf.basic.BasicInternalFrameTitlePane$CloseAction,innerclass,0,0,0,0,3,1,0,2,1,0.0,0.0,0.0,2,0,2,0,0,0,2,0,0,0,0,0,0,0,0,0,0,0,0,10,0,0,0,0,0,0,0,0,0,0,1,0,0,0,34,1,0
C:\Users\user\Desktop\STUFF A LOT OF 'EM\er\Design_Pattern\king\text\html\TableView.java,javax.swing.text.html.TableView$RowView,innerclass,3,3,0,3,53,4,0,45,231,0.95454544,0.0,0.0,22,0,10,0,6,6,22,0,0,0,6,0,0,2,0,4,0,0,5,211,15,10,7,0,4,0,28,69,14,48,4,0,0,0,287,1,0
C:\Users\user\Desktop\STUFF A LOT OF 'EM\er\Design_Pattern\king\KeyboardManager.java,javax.swing.KeyboardManager,class,0,0,0,0,56,1,0,30,13,0.6666667,0.0,0.0,10,3,7,1,1,1,9,0,0,0,3,1,0,0,0,3,0,0,10,200,12,3,18,0,0,3,2,37,2,31,5,0,1,0,206,0,0
C:\Users\user\Desktop\STUFF A LOT OF 'EM\er\Design_Pattern\king\Timer.java,javax.swing.Timer$DoPostEvent,innerclass,0,0,0,0,5,1,0,4,1,0.0,0.0,0.0,2,0,1,0,0,1,2,0,0,0,0,0,0,0,0,0,0,0,1,16,1,0,0,0,0,1,2,0,1,0,2,0,0,0,27,0,0
C:\Users\user\Desktop\STUFF A LOT OF 'EM\er\Design_Pattern\king\UIManager.java,javax.swing.UIManager$Anonymous1,anonymous,0,0,0,0,3,1,0,5,0,0.0,NaN,NaN,1,0,1,0,0,0,1,0,0,0,0,0,0,0,0,0,0,0,6,19,0,0,0,1,0,0,0,2,0,2,2,0,0,0,14,-1,0
C:\Users\user\Desktop\STUFF A LOT OF 'EM\er\Design_Pattern\king\text\Utilities.java,javax.swing.text.Utilities,class,6,6,0,6,136,1,0,67,253,0.0,0.0,0.0,23,23,14,0,0,9,23,0,14,0,0,0,0,0,0,0,0,0,33,446,41,11,55,0,46,6,64,172,52,107,3,0,0,0,304,1,0
C:\Users\user\Desktop\STUFF A LOT OF 'EM\er\Design_Pattern\king\text\DefaultEditorKit.java,javax.swing.text.DefaultEditorKit$SelectAllAction,innerclass,1,1,0,1,3,2,0,5,1,0.0,0.0,0.0,2,0,1,0,0,1,2,0,0,0,0,0,0,0,0,0,0,0,0,13,0,0,1,0,0,0,1,2,0,2,1,0,0,0,34,8,0
C:\Users\user\Desktop\STUFF A LOT OF 'EM\er\Design_Pattern\king\text\html\CSS.java,javax.swing.text.html.CSS$BorderStyle,innerclass,0,0,0,0,16,2,0,6,6,0.75,0.0,0.0,4,0,0,2,0,2,2,0,0,0,1,0,0,1,0,0,0,0,2,34,3,0,12,0,9,0,0,6,0,4,2,0,0,0,20,8,0
C:\Users\user\Desktop\STUFF A LOT OF 'EM\er\Design_Pattern\king\plaf\RootPaneUI.java,javax.swing.plaf.RootPaneUI,class,0,0,0,0,0,2,0,0,0,0.0,-1.0,-1.0,0,0,0,0,0,0,0,0,0,0,0,0,0,0,0,0,0,0,0,2,0,0,0,0,0,0,0,0,0,0,0,0,0,0,11,1025,0
C:\Users\user\Desktop\STUFF A LOT OF 'EM\er\Design_Pattern\king\colorchooser\SyntheticImage.java,javax.swing.colorchooser.SyntheticImageGenerator$Anonymous1,anonymous,0,0,0,0,1,1,0,2,0,0.0,NaN,NaN,1,0,1,0,0,0,1,0,0,0,0,0,0,0,0,0,0,0,1,5,0,0,0,0,0,0,0,0,0,0,0,0,0,0,1,-1,0
C:\Users\user\Desktop\STUFF A LOT OF 'EM\er\Design_Pattern\king\colorchooser\SyntheticImage.java,javax.swing.colorchooser.SyntheticImageGenerator$Anonymous2,anonymous,0,0,0,0,1,1,0,1,0,0.0,NaN,NaN,1,0,1,0,0,0,1,0,0,0,0,0,0,0,0,0,0,0,0,6,1,0,0,0,0,0,0,0,0,0,0,0,0,0,3,-1,0
C:\Users\user\Desktop\STUFF A LOT OF 'EM\er\Design_Pattern\king\ComboBoxModel.java,javax.swing.ComboBoxModel,interface,0,0,0,0,2,1,0,0,1,0.0,0.0,0.0,2,0,0,0,0,2,2,0,0,0,0,0,0,0,0,0,0,0,0,4,0,0,0,0,0,0,0,0,0,0,0,0,0,0,69,1,0
C:\Users\user\Desktop\STUFF A LOT OF 'EM\er\Design_Pattern\king\plaf\basic\BasicOptionPaneUI.java,javax.swing.plaf.basic.BasicOptionPaneUI$MultiplexingTextField,innerclass,0,0,0,0,7,1,0,2,1,0.33333334,0.0,0.0,3,0,0,0,1,2,3,0,0,0,1,0,0,1,0,0,0,0,0,20,2,1,1,0,0,0,2,3,1,3,3,0,0,0,64,10,0
C:\Users\user\Desktop\STUFF A LOT OF 'EM\er\Design_Pattern\king\plaf\multi\MultiMenuBarUI.java,javax.swing.plaf.multi.MultiMenuBarUI,class,1,1,0,1,22,2,0,14,0,0.0,0.0,0.0,12,1,12,0,0,0,12,0,0,0,1,0,0,0,1,0,0,0,1,72,8,10,0,0,33,0,16,18,0,18,1,0,0,0,93,1,0
C:\Users\user\Desktop\STUFF A LOT OF 'EM\er\Design_Pattern\king\text\InternationalFormatter.java,javax.swing.text.InternationalFormatter$ExtendedReplaceHolder,innerclass,0,0,0,0,2,2,0,3,0,1.0,NaN,NaN,1,0,0,0,0,1,1,0,0,0,2,0,0,0,0,2,0,0,0,14,0,0,0,1,0,1,1,4,0,2,1,0,0,0,53,8,0
C:\Users\user\Desktop\STUFF A LOT OF 'EM\er\Design_Pattern\king\text\html\CSS.java,javax.swing.text.html.CSS$Value,innerclass,0,0,0,0,2,1,0,0,1,0.5,NaN,NaN,2,0,1,1,0,0,1,0,0,0,27,26,0,1,0,26,26,0,0,35,1,0,0,0,0,25,0,27,0,27,0,0,0,0,42,24,0
C:\Users\user\Desktop\STUFF A LOT OF 'EM\er\Design_Pattern\king\text\View.java,javax.swing.text.View,class,2,2,0,2,116,1,12,52,1081,0.9787234,0.0,0.0,47,0,43,0,4,0,47,4,0,0,9,7,6,2,0,1,7,0,8,361,33,4,38,1,21,1,57,91,15,58,3,0,0,0,758,1025,0
C:\Users\user\Desktop\STUFF A LOT OF 'EM\er\Design_Pattern\king\plaf\metal\MetalFileChooserUI.java,javax.swing.plaf.metal.MetalFileChooserUI,class,25,25,0,25,157,2,0,177,1481,0.9687657,0.0,0.0,58,2,18,23,16,1,35,0,0,0,69,20,0,64,0,5,11,0,5,1570,27,10,29,1,5,36,73,195,7,157,5,12,15,0,386,1,0
C:\Users\user\Desktop\STUFF A LOT OF 'EM\er\Design_Pattern\king\plaf\basic\BasicScrollPaneUI.java,javax.swing.plaf.basic.BasicScrollPaneUI$ScrollEndAction,innerclass,2,2,0,2,5,1,0,8,1,0.0,0.0,0.0,2,0,1,0,1,0,2,0,0,0,0,0,0,0,0,0,0,0,0,20,0,0,2,0,1,0,1,5,3,5,2,0,0,0,26,10,0
C:\Users\user\Desktop\STUFF A LOT OF 'EM\er\Design_Pattern\king\plaf\ScrollPaneUI.java,javax.swing.plaf.ScrollPaneUI,class,0,0,0,0,0,2,0,0,0,0.0,-1.0,-1.0,0,0,0,0,0,0,0,0,0,0,0,0,0,0,0,0,0,0,0,2,0,0,0,0,0,0,0,0,0,0,0,0,0,0,11,1025,0
C:\Users\user\Desktop\STUFF A LOT OF 'EM\er\Design_Pattern\king\text\html\AccessibleHTML.java,javax.swing.text.html.AccessibleHTML$DocumentHandler,innerclass,0,0,0,0,3,1,0,2,3,0.0,0.0,0.0,3,0,3,0,0,0,3,0,0,0,0,0,0,0,0,0,0,0,0,11,0,0,0,0,0,0,0,0,0,0,0,0,0,0,23,2,0
C:\Users\user\Desktop\STUFF A LOT OF 'EM\er\Design_Pattern\king\Spring.java,javax.swing.Spring$SumSpring,innerclass,0,0,0,0,4,5,0,5,3,0.0,0.0,0.0,3,0,2,0,1,0,3,0,0,0,0,0,0,0,0,0,0,0,0,16,2,0,1,0,0,0,0,0,2,0,1,0,0,0,15,10,0
C:\Users\user\Desktop\STUFF A LOT OF 'EM\er\Design_Pattern\king\plaf\basic\BasicSplitPaneUI.java,javax.swing.plaf.basic.BasicSplitPaneUI$PropertyHandler,innerclass,0,0,0,0,8,1,0,16,0,0.0,NaN,NaN,1,0,1,0,0,0,1,0,0,0,0,0,0,0,0,0,0,0,0,28,0,0,3,0,0,0,0,3,0,1,4,0,0,0,62,1,0
C:\Users\user\Desktop\STUFF A LOT OF 'EM\er\Design_Pattern\king\JFormattedTextField.java,javax.swing.JFormattedTextField$AbstractFormatter,innerclass,3,3,0,3,20,1,0,18,24,0.41666666,0.0,0.0,12,0,4,1,7,0,11,2,0,0,1,0,0,1,0,0,0,0,0,69,5,0,6,1,1,1,0,7,0,6,2,0,0,0,181,1033,0
C:\Users\user\Desktop\STUFF A LOT OF 'EM\er\Design_Pattern\king\SystemEventQueueUtilities.java,javax.swing.SystemEventQueueUtilities$ComponentWorkRequest,innerclass,0,0,0,0,2,1,0,3,1,0.5,0.0,0.0,2,0,1,0,0,1,2,0,0,0,2,0,0,0,0,2,0,0,1,15,0,0,0,0,0,0,0,2,0,3,1,0,0,0,40,10,0
C:\Users\user\Desktop\STUFF A LOT OF 'EM\er\Design_Pattern\king\plaf\basic\BasicScrollBarUI.java,javax.swing.plaf.basic.BasicScrollBarUI$ScrollListener,innerclass,1,1,0,1,17,1,0,10,0,0.2,0.0,0.0,5,0,5,0,0,0,5,0,0,0,2,0,0,0,0,2,0,0,0,44,0,0,1,0,6,0,6,7,3,2,4,0,0,0,29,4,0
C:\Users\user\Desktop\STUFF A LOT OF 'EM\er\Design_Pattern\king\plaf\basic\BasicTabbedPaneUI.java,javax.swing.plaf.basic.BasicTabbedPaneUI$PageDownAction,innerclass,1,1,0,1,3,1,0,4,0,0.0,NaN,NaN,1,0,1,0,0,0,1,0,0,0,0,0,0,0,0,0,0,0,0,13,0,0,2,0,0,0,0,3,0,3,1,0,0,0,27,10,0
C:\Users\user\Desktop\STUFF A LOT OF 'EM\er\Design_Pattern\king\JComponent.java,javax.swing.JComponent$KeyboardState,innerclass,0,0,0,0,17,1,0,12,10,0.8,0.0,0.0,5,5,0,0,0,5,5,0,0,0,1,1,0,1,0,0,1,0,9,64,10,3,4,0,0,0,5,12,0,11,2,0,0,0,37,8,0
C:\Users\user\Desktop\STUFF A LOT OF 'EM\er\Design_Pattern\king\JSpinner.java,javax.swing.JSpinner$ListEditor$ListFormatter,innerclass,0,0,0,0,5,2,0,1,3,0.6666667,0.0,0.0,3,0,2,0,1,0,3,0,0,0,1,0,0,1,0,0,0,0,0,36,4,0,2,0,0,1,0,1,0,1,1,0,1,0,36,2,0
C:\Users\user\Desktop\STUFF A LOT OF 'EM\er\Design_Pattern\king\plaf\basic\BasicListUI.java,javax.swing.plaf.basic.BasicListUI$MouseInputHandler,innerclass,0,0,0,0,28,1,0,21,28,0.875,0.0,0.0,8,0,7,0,0,1,8,0,0,0,1,0,0,1,0,0,0,0,0,83,8,0,5,0,2,0,3,7,0,6,3,0,0,0,95,1,0
C:\Users\user\Desktop\STUFF A LOT OF 'EM\er\Design_Pattern\king\text\html\AccessibleHTML.java,javax.swing.text.html.AccessibleHTML$RootHTMLAccessibleContext,innerclass,0,0,0,0,5,3,0,2,6,0.0,0.0,0.0,4,0,4,0,0,0,4,0,0,0,0,0,0,0,0,0,0,0,0,19,4,0,1,0,0,0,0,0,0,0,1,0,0,0,112,2,0
C:\Users\user\Desktop\STUFF A LOT OF 'EM\er\Design_Pattern\king\text\html\parser\TagStack.java,javax.swing.text.html.parser.NPrintWriter,class,1,1,0,1,8,3,0,3,0,0.25,0.0,0.0,2,0,2,0,0,0,2,0,0,0,2,0,0,2,0,0,0,0,1,30,2,1,4,0,0,0,5,5,0,4,2,0,0,0,14,0,0
C:\Users\user\Desktop\STUFF A LOT OF 'EM\er\Design_Pattern\king\JTabbedPane.java,javax.swing.JTabbedPane$ModelListener,innerclass,0,0,0,0,1,1,0,1,0,0.0,NaN,NaN,1,0,1,0,0,0,1,0,0,0,0,0,0,0,0,0,0,0,0,5,0,0,0,0,0,0,0,0,0,0,0,0,0,0,26,4,0
C:\Users\user\Desktop\STUFF A LOT OF 'EM\er\Design_Pattern\king\plaf\basic\BasicTreeUI.java,javax.swing.plaf.basic.BasicTreeUI$TreeModelHandler,innerclass,1,1,0,1,22,1,0,13,6,0.0,0.0,0.0,4,0,4,0,0,0,4,0,0,0,0,0,0,0,0,0,0,0,0,43,0,0,14,0,1,0,2,7,1,6,3,0,0,0,29,1,0
C:\Users\user\Desktop\STUFF A LOT OF 'EM\er\Design_Pattern\king\plaf\basic\BasicToolBarUI.java,javax.swing.plaf.basic.BasicToolBarUI$DragWindow,innerclass,0,0,0,0,14,4,0,14,20,0.75,0.0,0.0,8,0,7,0,0,1,8,0,0,0,3,0,0,0,0,3,0,0,1,55,5,0,4,0,0,0,10,8,4,6,3,0,0,0,31,4,0
C:\Users\user\Desktop\STUFF A LOT OF 'EM\er\Design_Pattern\king\plaf\basic\BasicProgressBarUI.java,javax.swing.plaf.basic.BasicProgressBarUI$Animator,innerclass,1,1,0,1,9,1,0,10,0,0.4,NaN,NaN,3,0,1,2,0,0,1,0,0,0,5,0,0,5,0,0,0,0,1,46,0,0,1,0,2,3,3,9,6,7,3,0,0,0,73,2,0
C:\Users\user\Desktop\STUFF A LOT OF 'EM\er\Design_Pattern\king\plaf\basic\BasicSplitPaneDivider.java,javax.swing.plaf.basic.BasicSplitPaneDivider$VerticalDragController,innerclass,1,1,0,1,15,2,0,13,3,0.0,0.0,0.0,3,0,0,0,3,0,3,0,0,0,0,0,0,0,0,0,0,0,6,49,2,0,7,0,6,0,8,20,8,8,3,0,0,0,89,4,0
C:\Users\user\Desktop\STUFF A LOT OF 'EM\er\Design_Pattern\king\plaf\metal\MetalDesktopIconUI.java,javax.swing.plaf.metal.MetalDesktopIconUI,class,3,3,0,3,10,2,0,29,39,0.8,0.0,0.0,10,1,5,0,5,0,10,0,0,0,4,0,0,1,0,3,0,0,0,74,4,0,0,0,1,4,7,12,1,8,0,1,1,0,43,1,0
C:\Users\user\Desktop\STUFF A LOT OF 'EM\er\Design_Pattern\king\plaf\basic\BasicToggleButtonUI.java,javax.swing.plaf.basic.BasicToggleButtonUI,class,5,5,0,5,28,3,1,41,10,0.8,0.0,0.0,5,1,2,0,3,0,5,0,0,0,2,2,0,2,0,0,2,0,0,90,3,0,7,0,6,3,2,30,11,17,3,0,0,0,59,1,0
C:\Users\user\Desktop\STUFF A LOT OF 'EM\er\Design_Pattern\king\text\DocumentFilter.java,javax.swing.text.DocumentFilter,class,0,0,0,0,3,1,2,3,3,0.0,0.0,0.0,3,0,3,0,0,0,3,0,0,0,0,0,0,0,0,0,0,0,0,17,0,0,0,0,0,0,0,0,0,0,0,0,1,0,129,1,0
C:\Users\user\Desktop\STUFF A LOT OF 'EM\er\Design_Pattern\king\text\rtf\RTFGenerator.java,javax.swing.text.rtf.RTFGenerator$CharacterKeywordPair,innerclass,0,0,0,0,0,1,0,0,0,NaN,-1.0,-1.0,0,0,0,0,0,0,0,0,0,0,2,0,2,0,0,0,0,0,0,4,0,0,0,0,0,0,0,0,0,2,0,0,0,0,5,8,0
C:\Users\user\Desktop\STUFF A LOT OF 'EM\er\Design_Pattern\king\colorchooser\DefaultSwatchChooserPanel.java,javax.swing.colorchooser.DefaultSwatchChooserPanel,class,2,2,0,2,11,4,0,15,43,0.82,0.0,0.0,10,0,9,0,1,0,10,0,0,0,5,1,0,1,0,4,0,0,2,88,5,0,0,0,0,4,10,16,0,12,1,0,2,0,155,0,0
C:\Users\user\Desktop\STUFF A LOT OF 'EM\er\Design_Pattern\king\JTree.java,javax.swing.JTree$AccessibleJTree,innerclass,1,1,0,1,48,6,0,30,274,0.9166667,0.0,0.0,24,0,22,2,0,0,22,0,0,0,2,0,0,0,0,2,0,0,4,915,21,1,20,0,5,0,16,48,0,43,2,0,1,0,234,4,0
C:\Users\user\Desktop\STUFF A LOT OF 'EM\er\Design_Pattern\king\plaf\basic\BasicPopupMenuUI.java,javax.swing.plaf.basic.BasicPopupMenuUI,class,7,7,0,7,66,1,0,41,283,0.9153846,0.0,0.0,26,13,8,10,5,3,16,0,0,0,5,3,0,2,1,2,0,0,6,781,21,7,22,0,9,14,14,52,7,35,3,0,7,0,110,1,0
C:\Users\user\Desktop\STUFF A LOT OF 'EM\er\Design_Pattern\king\JTextArea.java,javax.swing.JTextArea,class,5,5,0,5,78,10,0,47,593,0.96734685,0.0,0.0,35,0,30,1,4,0,34,0,0,0,7,1,0,7,0,0,1,0,6,278,20,0,22,3,11,26,37,50,19,37,3,0,1,0,459,1,0
C:\Users\user\Desktop\STUFF A LOT OF 'EM\er\Design_Pattern\king\ListModel.java,javax.swing.ListModel,interface,0,0,0,0,4,1,0,0,6,0.0,0.0,0.0,4,0,0,0,0,4,4,0,0,0,0,0,0,0,0,0,0,0,0,6,0,0,0,0,0,0,0,0,0,0,0,0,0,0,60,1,0
C:\Users\user\Desktop\STUFF A LOT OF 'EM\er\Design_Pattern\king\text\html\ParagraphView.java,javax.swing.text.html.ParagraphView,class,2,4,2,2,34,1,1,37,55,0.90909094,0.0,0.0,11,0,8,0,3,0,11,0,0,0,4,0,0,4,0,0,0,0,6,135,13,2,7,0,4,4,9,34,4,22,3,0,0,0,226,1,0
C:\Users\user\Desktop\STUFF A LOT OF 'EM\er\Design_Pattern\king\plaf\basic\BasicTextUI.java,javax.swing.plaf.basic.BasicTextUI$BasicCaret,innerclass,0,0,0,0,0,1,0,0,0,0.0,-1.0,-1.0,0,0,0,0,0,0,0,0,0,0,0,0,0,0,0,0,0,0,0,2,0,0,0,0,0,0,0,0,0,0,0,0,0,0,6,9,0
C:\Users\user\Desktop\STUFF A LOT OF 'EM\er\Design_Pattern\king\text\DocumentFilter.java,javax.swing.text.DocumentFilter$FilterBypass,innerclass,0,0,0,0,4,1,0,0,6,0.0,0.0,0.0,4,0,4,0,0,0,4,4,0,0,0,0,0,0,0,0,0,0,0,6,0,0,0,0,0,0,0,0,0,0,0,0,0,0,106,1033,0
C:\Users\user\Desktop\STUFF A LOT OF 'EM\er\Design_Pattern\king\plaf\basic\BasicMenuItemUI.java,javax.swing.plaf.basic.BasicMenuItemUI$MouseInputHandler,innerclass,2,2,0,2,21,1,0,10,21,0.0,0.0,0.0,7,0,7,0,0,0,7,0,0,0,0,0,0,0,0,0,0,0,0,47,0,1,2,0,4,0,8,11,2,10,3,0,0,0,29,4,0
C:\Users\user\Desktop\STUFF A LOT OF 'EM\er\Design_Pattern\king\plaf\metal\MetalFileChooserUI.java,javax.swing.plaf.metal.MetalFileChooserUI$AlignedLabel,innerclass,0,0,0,0,8,1,0,5,6,0.75,0.0,0.0,4,0,1,2,0,1,2,0,0,0,2,0,0,2,0,0,0,0,1,27,3,2,2,0,0,0,6,7,1,6,2,0,0,0,19,2,0
C:\Users\user\Desktop\STUFF A LOT OF 'EM\er\Design_Pattern\king\colorchooser\DefaultSwatchChooserPanel.java,javax.swing.colorchooser.MainSwatchPanel,class,1,1,0,1,4,2,0,2,3,0.0,0.0,0.0,3,0,0,1,2,0,2,0,0,0,0,0,0,0,0,0,0,0,0,19,1,1,0,0,3,1,848,9,6,4,1,0,0,0,17,0,0
C:\Users\user\Desktop\STUFF A LOT OF 'EM\er\Design_Pattern\king\plaf\basic\BasicProgressBarUI.java,javax.swing.plaf.basic.BasicProgressBarUI$PropertyChangeHandler,innerclass,0,0,0,0,3,1,0,8,0,0.0,NaN,NaN,1,0,1,0,0,0,1,0,0,0,0,0,0,0,0,0,0,0,0,17,0,0,0,0,0,1,0,2,0,1,2,0,0,0,21,2,0
C:\Users\user\Desktop\STUFF A LOT OF 'EM\er\Design_Pattern\king\text\html\ImageView.java,javax.swing.text.html.ImageView$ImageHandler,innerclass,0,0,0,0,38,1,0,7,0,0.0,NaN,NaN,1,0,1,0,0,0,1,0,0,0,0,0,0,0,0,0,0,0,0,60,7,0,19,0,17,0,18,8,0,1,4,0,0,0,60,2,0
C:\Users\user\Desktop\STUFF A LOT OF 'EM\er\Design_Pattern\king\text\DefaultTextUI.java,javax.swing.text.DefaultTextUI,class,0,0,0,0,0,2,0,0,0,0.0,-1.0,-1.0,0,0,0,0,0,0,0,0,0,0,0,0,0,0,0,0,0,0,0,2,0,0,0,0,0,0,0,0,0,0,0,0,0,0,24,1025,0
C:\Users\user\Desktop\STUFF A LOT OF 'EM\er\Design_Pattern\king\text\StyledDocument.java,javax.swing.text.StyledDocument,interface,0,0,0,0,12,1,0,0,66,0.0,0.0,0.0,12,0,12,0,0,0,12,0,0,0,0,0,0,0,0,0,0,0,0,14,0,0,0,0,0,0,0,0,0,0,0,0,0,0,168,1,0
C:\Users\user\Desktop\STUFF A LOT OF 'EM\er\Design_Pattern\king\plaf\basic\BasicTreeUI.java,javax.swing.plaf.basic.BasicTreeUI$TreeTraverseAction,innerclass,0,0,0,0,17,1,0,14,0,0.375,0.0,0.0,4,0,3,1,0,0,3,0,0,0,2,0,0,1,1,0,0,0,1,53,1,0,6,0,2,0,11,11,2,6,6,0,0,0,58,1,0
C:\Users\user\Desktop\STUFF A LOT OF 'EM\er\Design_Pattern\king\text\AbstractDocument.java,javax.swing.text.AbstractDocument$AbstractElement,innerclass,3,3,0,3,59,1,0,46,666,0.972973,0.0,0.0,37,0,33,4,0,0,33,8,2,0,2,0,0,2,0,0,0,0,1,196,19,4,12,2,5,14,12,37,10,24,3,0,0,0,202,1025,0
C:\Users\user\Desktop\STUFF A LOT OF 'EM\er\Design_Pattern\king\plaf\metal\MetalComboBoxEditor.java,javax.swing.plaf.metal.MetalComboBoxEditor$EditorBorder,innerclass,0,0,0,0,2,2,0,6,1,0.0,0.0,0.0,2,0,2,0,0,0,2,0,0,0,0,0,0,0,0,0,0,0,0,19,1,0,0,0,0,0,28,0,12,0,0,0,0,0,12,0,0
C:\Users\user\Desktop\STUFF A LOT OF 'EM\er\Design_Pattern\king\plaf\multi\MultiSplitPaneUI.java,javax.swing.plaf.multi.MultiSplitPaneUI,class,2,2,0,2,34,2,0,20,0,0.0,0.0,0.0,18,1,18,0,0,0,18,0,0,0,1,0,0,0,1,0,0,0,1,108,11,16,0,0,51,0,25,27,0,27,1,0,0,0,101,1,0
C:\Users\user\Desktop\STUFF A LOT OF 'EM\er\Design_Pattern\king\JCheckBox.java,javax.swing.JCheckBox$Anonymous1,anonymous,0,0,0,0,6,1,0,12,0,0.0,NaN,NaN,1,0,1,0,0,0,1,0,0,0,0,0,0,0,0,0,0,0,0,29,0,0,1,0,0,1,0,6,0,6,2,0,0,0,18,-1,0
C:\Users\user\Desktop\STUFF A LOT OF 'EM\er\Design_Pattern\king\table\DefaultTableModel.java,javax.swing.table.DefaultTableModel,class,0,0,0,0,57,2,0,33,555,0.74358976,0.0,0.0,39,6,32,5,2,0,34,0,0,0,2,0,0,0,2,0,0,0,15,208,14,6,9,0,6,0,18,31,20,26,2,0,0,0,284,1,0
C:\Users\user\Desktop\STUFF A LOT OF 'EM\er\Design_Pattern\king\UIDefaults.java,javax.swing.UIDefaults,class,2,2,0,2,103,3,1,45,705,0.9179487,0.0,0.0,39,0,34,3,2,0,36,0,0,5,5,1,0,5,0,0,1,0,2,407,39,5,27,6,33,9,13,58,8,45,5,0,4,0,315,1,0
C:\Users\user\Desktop\STUFF A LOT OF 'EM\er\Design_Pattern\king\plaf\basic\BasicComboBoxEditor.java,javax.swing.plaf.basic.BasicComboBoxEditor$BorderlessTextField,innerclass,0,0,0,0,4,1,0,3,3,0.0,0.0,0.0,3,0,3,0,0,0,3,0,0,0,0,0,0,0,0,0,0,0,0,13,1,0,0,0,0,0,0,0,0,0,1,0,0,0,10,8,0
C:\Users\user\Desktop\STUFF A LOT OF 'EM\er\Design_Pattern\king\text\DefaultCaret.java,javax.swing.text.DefaultCaret$DefaultFilterBypass,innerclass,2,2,0,2,3,2,0,2,3,0.0,0.0,0.0,3,0,3,0,0,0,3,0,0,0,0,0,0,0,0,0,0,0,0,11,1,0,0,0,0,0,0,0,0,0,0,0,0,0,12,2,0
C:\Users\user\Desktop\STUFF A LOT OF 'EM\er\Design_Pattern\king\text\Highlighter.java,javax.swing.text.Highlighter,interface,0,0,0,0,8,1,0,0,28,0.0,0.0,0.0,8,0,8,0,0,0,8,0,0,0,0,0,0,0,0,0,0,0,0,18,0,0,0,0,0,0,0,0,0,0,0,0,2,0,112,1,0
C:\Users\user\Desktop\STUFF A LOT OF 'EM\er\Design_Pattern\king\plaf\basic\BasicButtonListener.java,javax.swing.plaf.basic.BasicButtonListener$ReleasedAction,innerclass,1,1,0,1,4,1,0,4,0,0.0,0.0,0.0,3,0,2,0,0,1,3,0,0,0,1,0,0,0,0,1,0,0,0,19,2,0,0,0,0,0,0,3,0,2,1,0,0,0,16,8,0
C:\Users\user\Desktop\STUFF A LOT OF 'EM\er\Design_Pattern\king\JFormattedTextField.java,javax.swing.JFormattedTextField$CancelAction,innerclass,1,1,0,1,4,3,0,3,3,0.0,0.0,0.0,3,0,3,0,0,0,3,0,0,0,0,0,0,0,0,0,0,0,0,16,1,0,0,0,1,1,0,3,0,3,1,0,0,0,34,10,0
C:\Users\user\Desktop\STUFF A LOT OF 'EM\er\Design_Pattern\king\plaf\basic\BasicCheckBoxMenuItemUI.java,javax.swing.plaf.basic.BasicCheckBoxMenuItemUI,class,1,1,0,1,10,2,0,9,3,0.0,0.0,0.0,3,1,2,0,1,0,3,0,0,0,0,0,0,0,0,0,0,0,0,24,2,1,1,0,0,1,6,5,2,4,2,0,0,0,35,1,0
C:\Users\user\Desktop\STUFF A LOT OF 'EM\er\Design_Pattern\king\plaf\metal\MetalIconFactory.java,javax.swing.plaf.metal.MetalIconFactory$TreeHardDriveIcon,innerclass,0,0,0,0,3,1,0,6,3,0.0,0.0,0.0,3,0,3,0,0,0,3,0,0,0,0,0,0,0,0,0,0,0,0,64,2,0,0,0,0,0,198,0,0,0,0,0,0,0,12,10,0
C:\Users\user\Desktop\STUFF A LOT OF 'EM\er\Design_Pattern\king\plaf\InsetsUIResource.java,javax.swing.plaf.InsetsUIResource,class,0,0,0,0,1,2,0,0,0,0.0,NaN,NaN,1,0,1,0,0,0,1,0,0,0,0,0,0,0,0,0,0,0,0,5,0,0,0,0,0,0,0,0,0,0,0,0,0,0,5,1,0
C:\Users\user\Desktop\STUFF A LOT OF 'EM\er\Design_Pattern\king\JTabbedPane.java,javax.swing.JTabbedPane$AccessibleJTabbedPane,innerclass,1,1,0,1,19,5,0,9,91,0.0,0.0,0.0,14,0,14,0,0,0,14,0,0,0,0,0,0,0,0,0,0,0,0,54,10,0,3,0,2,0,4,4,0,3,1,0,0,0,133,4,0
C:\Users\user\Desktop\STUFF A LOT OF 'EM\er\Design_Pattern\king\plaf\BorderUIResource.java,javax.swing.plaf.BorderUIResource$EtchedBorderUIResource,innerclass,0,0,0,0,4,3,0,0,6,0.0,0.0,0.0,4,0,4,0,0,0,4,0,0,0,0,0,0,0,0,0,0,0,0,14,0,0,0,0,0,0,0,0,0,0,0,0,0,0,9,9,0
C:\Users\user\Desktop\STUFF A LOT OF 'EM\er\Design_Pattern\king\text\ElementIterator.java,javax.swing.text.ElementIterator$StackItem,innerclass,0,0,0,0,5,1,0,1,2,0.5,NaN,NaN,5,0,0,4,1,0,1,0,0,0,2,0,0,0,0,2,0,0,0,20,3,0,0,0,0,0,1,2,0,2,0,0,0,0,33,2,0
C:\Users\user\Desktop\STUFF A LOT OF 'EM\er\Design_Pattern\king\ComboBoxEditor.java,javax.swing.ComboBoxEditor,interface,0,0,0,0,6,1,0,0,15,0.0,0.0,0.0,6,0,6,0,0,0,6,0,0,0,0,0,0,0,0,0,0,0,0,8,0,0,0,0,0,0,0,0,0,0,0,0,0,0,52,1,0
C:\Users\user\Desktop\STUFF A LOT OF 'EM\er\Design_Pattern\king\plaf\FileChooserUI.java,javax.swing.plaf.FileChooserUI,class,0,0,0,0,6,2,0,0,15,0.0,0.0,0.0,6,0,6,0,0,0,6,6,0,0,0,0,0,0,0,0,0,0,0,8,0,0,0,0,0,0,0,0,0,0,0,0,0,0,31,1025,0
C:\Users\user\Desktop\STUFF A LOT OF 'EM\er\Design_Pattern\king\plaf\metal\MetalBorders.java,javax.swing.plaf.metal.MetalBorders$PopupMenuBorder,innerclass,0,0,0,0,3,2,0,6,1,0.33333334,0.0,0.0,3,0,3,0,0,0,3,0,0,0,1,1,0,0,1,0,0,0,0,23,2,0,0,0,0,0,20,5,5,1,0,0,0,0,17,9,0
C:\Users\user\Desktop\STUFF A LOT OF 'EM\er\Design_Pattern\king\text\html\HTMLDocument.java,javax.swing.text.html.HTMLDocument$HTMLReader$TagAction,innerclass,0,0,0,0,2,1,0,0,1,0.0,0.0,0.0,2,0,2,0,0,0,2,0,0,0,0,0,0,0,0,0,0,0,0,6,0,0,0,0,0,0,0,0,0,0,0,0,0,0,53,1,0
C:\Users\user\Desktop\STUFF A LOT OF 'EM\er\Design_Pattern\king\SizeRequirements.java,javax.swing.SizeRequirements,class,1,1,0,1,32,1,0,8,0,0.41666666,0.0,0.0,12,9,10,2,0,0,10,0,0,0,4,0,4,0,0,0,0,0,27,149,4,8,2,0,17,4,36,87,50,49,2,0,0,0,243,1,0
C:\Users\user\Desktop\STUFF A LOT OF 'EM\er\Design_Pattern\king\text\Highlighter.java,javax.swing.text.Highlighter$HighlightPainter,interface,0,0,0,0,1,1,0,0,0,0.0,NaN,NaN,1,0,1,0,0,0,1,0,0,0,0,0,0,0,0,0,0,0,0,3,0,0,0,0,0,0,0,0,0,0,0,0,0,0,26,1,0
C:\Users\user\Desktop\STUFF A LOT OF 'EM\er\Design_Pattern\king\plaf\metal\MetalIconFactory.java,javax.swing.plaf.metal.MetalIconFactory$CheckBoxMenuItemIcon,innerclass,3,3,0,3,11,1,0,16,3,0.0,0.0,0.0,3,0,3,0,0,0,3,0,0,0,0,0,0,0,0,0,0,0,0,65,2,0,0,0,1,0,84,6,0,6,3,0,0,0,24,10,0
C:\Users\user\Desktop\STUFF A LOT OF 'EM\er\Design_Pattern\king\AbstractButton.java,javax.swing.AbstractButton$ForwardActionEvents,innerclass,0,0,0,0,1,1,0,1,0,0.0,NaN,NaN,1,0,1,0,0,0,1,0,0,0,0,0,0,0,0,0,0,0,0,5,0,0,0,0,0,0,0,0,0,0,0,0,0,0,9,2,0
C:\Users\user\Desktop\STUFF A LOT OF 'EM\er\Design_Pattern\king\ToolTipManager.java,javax.swing.ToolTipManager$Anonymous2,anonymous,1,1,0,1,2,1,0,3,1,0.0,0.0,0.0,2,0,2,0,0,0,2,0,0,0,0,0,0,0,0,0,0,0,0,12,1,0,0,0,0,0,0,3,0,1,0,0,0,0,22,-1,0
C:\Users\user\Desktop\STUFF A LOT OF 'EM\er\Design_Pattern\king\plaf\metal\MetalRadioButtonUI.java,javax.swing.plaf.metal.MetalRadioButtonUI,class,5,5,0,5,31,1,1,49,20,0.775,0.0,0.0,8,1,3,0,5,0,8,0,0,1,5,1,0,2,3,0,1,0,0,120,4,0,7,0,2,3,8,37,11,22,4,0,0,0,107,1,0
C:\Users\user\Desktop\STUFF A LOT OF 'EM\er\Design_Pattern\king\ToolTipManager.java,javax.swing.ToolTipManager$Anonymous1,anonymous,1,1,0,1,4,1,0,8,0,0.0,NaN,NaN,1,0,1,0,0,0,1,0,0,0,0,0,0,0,0,0,0,0,0,24,0,0,3,0,0,0,2,5,1,0,3,0,0,0,24,-1,0
C:\Users\user\Desktop\STUFF A LOT OF 'EM\er\Design_Pattern\king\text\MaskFormatter.java,javax.swing.text.MaskFormatter$DigitMaskCharacter,innerclass,0,0,0,0,1,2,0,2,0,0.0,NaN,NaN,1,0,1,0,0,0,1,0,0,0,0,0,0,0,0,0,0,0,1,5,1,0,0,0,1,0,0,0,0,0,0,0,0,0,10,2,0
C:\Users\user\Desktop\STUFF A LOT OF 'EM\er\Design_Pattern\king\plaf\metal\MetalIconFactory.java,javax.swing.plaf.metal.MetalIconFactory$FileChooserUpFolderIcon,innerclass,0,0,0,0,3,1,0,8,3,0.0,0.0,0.0,3,0,3,0,0,0,3,0,0,0,0,0,0,0,0,0,0,0,0,32,2,0,0,0,0,0,66,0,0,0,0,0,0,0,13,10,0
C:\Users\user\Desktop\STUFF A LOT OF 'EM\er\Design_Pattern\king\ToolTipManager.java,javax.swing.ToolTipManager$Anonymous3,anonymous,1,1,0,1,1,1,0,3,0,0.0,NaN,NaN,1,0,1,0,0,0,1,0,0,0,0,0,0,0,0,0,0,0,0,8,0,0,0,0,0,0,0,2,0,1,0,0,0,0,15,-1,0
C:\Users\user\Desktop\STUFF A LOT OF 'EM\er\Design_Pattern\king\plaf\basic\BasicListUI.java,javax.swing.plaf.basic.BasicListUI$KeyHandler,innerclass,2,2,0,2,15,1,0,13,3,0.6666667,0.0,0.0,3,0,3,0,0,0,3,0,0,0,2,0,0,2,0,0,0,0,0,42,1,0,3,0,1,2,11,16,3,9,2,0,0,0,62,10,0
C:\Users\user\Desktop\STUFF A LOT OF 'EM\er\Design_Pattern\king\plaf\basic\BasicTableUI.java,javax.swing.plaf.basic.BasicTableUI,class,12,12,0,12,85,5,0,97,0,0.8504274,0.0,0.0,26,1,7,7,9,3,19,0,0,0,9,3,0,4,5,0,2,0,1,875,17,12,23,1,3,46,66,122,38,86,4,0,12,0,177,1,0
C:\Users\user\Desktop\STUFF A LOT OF 'EM\er\Design_Pattern\king\plaf\basic\BasicToolBarUI.java,javax.swing.plaf.basic.BasicToolBarUI,class,14,14,0,14,178,10,0,117,869,0.9373816,0.0,0.0,51,1,17,4,27,3,47,0,0,0,31,5,0,15,16,0,0,0,0,799,29,8,61,2,17,29,18,148,23,91,5,1,12,0,306,1,0
C:\Users\user\Desktop\STUFF A LOT OF 'EM\er\Design_Pattern\king\text\rtf\RTFReader.java,javax.swing.text.rtf.RTFReader$DocumentDestination,innerclass,0,0,0,0,5,3,0,5,3,0.0,0.0,0.0,3,0,3,0,0,0,3,0,0,0,0,0,0,0,0,0,0,0,0,22,0,0,0,2,0,1,1,1,0,1,1,0,0,0,39,0,0
C:\Users\user\Desktop\STUFF A LOT OF 'EM\er\Design_Pattern\king\JPopupMenu.java,javax.swing.JPopupMenu,class,4,4,0,4,165,12,0,117,1846,0.9568015,0.0,0.0,64,3,46,5,9,4,60,0,0,0,16,7,0,12,0,4,6,0,19,571,39,12,51,0,22,32,39,128,24,91,3,2,3,0,520,1,0
C:\Users\user\Desktop\STUFF A LOT OF 'EM\er\Design_Pattern\king\JTree.java,javax.swing.JTree,class,8,8,0,8,374,10,0,174,10076,0.9811604,0.0,0.0,145,2,125,8,11,1,137,0,0,0,41,18,16,10,15,0,17,0,14,2176,116,22,136,7,44,67,75,257,36,197,5,0,5,0,861,1,0
C:\Users\user\Desktop\STUFF A LOT OF 'EM\er\Design_Pattern\king\plaf\basic\BasicTableUI.java,javax.swing.plaf.basic.BasicTableUI$StartEditingAction,innerclass,3,3,0,3,5,1,0,11,0,0.0,NaN,NaN,1,0,1,0,0,0,1,0,0,0,0,0,0,0,0,0,0,0,0,22,2,0,2,0,0,0,0,7,0,7,2,0,0,0,32,10,0
C:\Users\user\Desktop\STUFF A LOT OF 'EM\er\Design_Pattern\king\plaf\basic\BasicMenuItemUI.java,javax.swing.plaf.basic.BasicMenuItemUI$MenuKeyHandler,innerclass,1,1,0,1,9,1,0,10,6,0.0,0.0,0.0,4,0,3,1,0,0,3,0,0,0,0,0,0,0,0,0,0,0,1,24,2,0,3,0,0,2,2,2,2,2,1,0,0,0,65,2,0
C:\Users\user\Desktop\STUFF A LOT OF 'EM\er\Design_Pattern\king\plaf\metal\MetalIconFactory.java,javax.swing.plaf.metal.MetalIconFactory$PaletteCloseIcon,innerclass,2,2,0,2,5,1,0,9,1,0.33333334,0.0,0.0,3,0,3,0,0,0,3,0,0,0,1,0,0,0,0,1,0,0,0,35,2,0,0,0,0,0,37,7,0,6,1,0,0,0,26,9,0
C:\Users\user\Desktop\STUFF A LOT OF 'EM\er\Design_Pattern\king\JTree.java,javax.swing.JTree$EmptySelectionModel,innerclass,0,0,0,0,4,2,0,0,6,0.75,0.0,0.0,4,1,4,0,0,0,4,0,0,0,1,1,0,0,1,0,1,0,0,12,1,0,0,0,0,0,0,1,0,1,0,0,0,0,70,12,0
C:\Users\user\Desktop\STUFF A LOT OF 'EM\er\Design_Pattern\king\text\html\BRView.java,javax.swing.text.html.BRView,class,0,0,0,0,3,2,0,3,1,0.5,0.0,0.0,2,0,2,0,0,0,2,0,0,0,1,0,0,0,0,1,0,0,0,16,2,0,1,0,0,0,0,2,0,2,1,0,0,0,42,0,0
C:\Users\user\Desktop\STUFF A LOT OF 'EM\er\Design_Pattern\king\text\DefaultStyledDocument.java,javax.swing.text.DefaultStyledDocument$SectionElement,innerclass,0,0,0,0,2,3,0,0,1,0.0,0.0,0.0,2,0,2,0,0,0,2,0,0,0,0,0,0,0,0,0,0,0,0,8,1,0,0,0,0,0,0,0,0,0,0,0,0,0,57,4,0
C:\Users\user\Desktop\STUFF A LOT OF 'EM\er\Design_Pattern\king\InputMap.java,javax.swing.InputMap,class,0,0,0,0,31,1,3,22,12,0.5416667,0.0,0.0,12,0,10,2,0,0,10,0,0,0,2,0,0,2,0,0,0,0,1,108,16,3,16,0,0,0,8,15,3,14,2,0,0,0,112,1,0
C:\Users\user\Desktop\STUFF A LOT OF 'EM\er\Design_Pattern\king\text\html\CSS.java,javax.swing.text.html.CSS$FontWeight,innerclass,0,0,0,0,11,2,0,4,10,0.8,0.0,0.0,5,0,0,0,0,5,5,0,0,0,1,0,0,0,0,1,0,0,1,37,6,0,0,1,2,4,4,6,0,2,2,0,0,0,42,8,0
C:\Users\user\Desktop\STUFF A LOT OF 'EM\er\Design_Pattern\king\plaf\metal\MetalBorders.java,javax.swing.plaf.metal.MetalBorders$Flush3DBorder,innerclass,0,0,0,0,4,2,0,3,1,0.33333334,0.0,0.0,3,0,3,0,0,0,3,0,0,0,1,1,0,1,0,0,1,0,2,21,2,0,0,0,0,0,4,5,0,1,1,0,0,0,16,9,0
C:\Users\user\Desktop\STUFF A LOT OF 'EM\er\Design_Pattern\king\JSpinner.java,javax.swing.JSpinner$DateEditorFormatter,innerclass,0,0,0,0,5,1,0,4,0,0.0,0.0,0.0,5,0,4,0,0,1,5,0,0,0,1,0,0,1,0,0,1,0,0,19,2,0,0,0,0,0,0,1,0,1,0,0,0,0,28,10,0
C:\Users\user\Desktop\STUFF A LOT OF 'EM\er\Design_Pattern\king\plaf\metal\MetalBorders.java,javax.swing.plaf.metal.MetalBorders$PaletteBorder,innerclass,0,0,0,0,3,2,0,5,1,0.6666667,0.0,0.0,3,0,3,0,0,0,3,0,0,0,2,1,0,1,0,1,1,0,0,24,2,0,0,0,0,0,25,6,10,2,0,0,0,0,20,9,0
C:\Users\user\Desktop\STUFF A LOT OF 'EM\er\Design_Pattern\king\GrayFilter.java,javax.swing.GrayFilter,class,0,0,0,0,6,3,0,3,1,0.33333334,0.0,0.0,3,1,3,0,0,0,3,0,0,0,2,0,0,2,0,0,0,0,1,27,2,0,0,0,17,0,24,11,19,6,1,0,0,0,70,1,0
C:\Users\user\Desktop\STUFF A LOT OF 'EM\er\Design_Pattern\king\SpringLayout.java,javax.swing.SpringLayout,class,1,1,0,1,42,6,0,49,243,0.9130435,0.0,0.0,23,1,15,7,0,1,16,0,0,0,8,4,4,4,0,0,4,0,12,387,15,2,10,0,1,5,14,30,7,27,3,0,4,0,373,1,0
C:\Users\user\Desktop\STUFF A LOT OF 'EM\er\Design_Pattern\king\text\FlowView.java,javax.swing.text.FlowView$FlowStrategy,innerclass,4,4,0,4,48,1,0,28,45,0.0,0.0,0.0,10,0,4,2,4,0,8,0,0,0,0,0,0,0,0,0,0,0,0,202,7,7,15,0,9,1,19,70,5,50,5,0,0,0,204,9,0
C:\Users\user\Desktop\STUFF A LOT OF 'EM\er\Design_Pattern\king\plaf\basic\BasicPopupMenuUI.java,javax.swing.plaf.basic.BasicPopupMenuUI$BasicPopupMenuListener,innerclass,3,3,0,3,5,1,0,5,3,0.0,0.0,0.0,3,0,3,0,0,0,3,0,0,0,0,0,0,0,0,0,0,0,0,17,0,0,2,0,0,1,0,4,0,4,2,0,0,0,30,2,0
C:\Users\user\Desktop\STUFF A LOT OF 'EM\er\Design_Pattern\king\text\DefaultFormatterFactory.java,javax.swing.text.DefaultFormatterFactory,class,3,3,0,3,20,2,0,6,31,0.6785714,0.0,0.0,14,0,14,0,0,0,14,0,0,0,4,0,0,4,0,0,0,0,0,72,7,0,5,0,0,0,0,14,0,6,2,0,0,0,129,1,0
C:\Users\user\Desktop\STUFF A LOT OF 'EM\er\Design_Pattern\king\JDesktopPane.java,javax.swing.JDesktopPane$Anonymous1,anonymous,0,0,0,0,3,1,0,3,0,0.0,NaN,NaN,1,0,1,0,0,0,1,0,0,0,0,0,0,0,0,0,0,0,0,13,1,1,1,0,0,0,1,4,0,3,2,0,0,0,13,-1,0
C:\Users\user\Desktop\STUFF A LOT OF 'EM\er\Design_Pattern\king\JPopupMenu.java,javax.swing.JPopupMenu$Anonymous1,anonymous,0,0,0,0,0,1,0,0,0,0.0,-1.0,-1.0,0,0,0,0,0,0,0,0,0,0,0,0,0,0,0,0,0,0,0,2,0,0,0,0,0,0,0,0,0,0,0,0,0,0,0,-1,0
C:\Users\user\Desktop\STUFF A LOT OF 'EM\er\Design_Pattern\king\text\StyledEditorKit.java,javax.swing.text.StyledEditorKit$UnderlineAction,innerclass,1,1,0,1,4,4,0,6,1,0.0,0.0,0.0,2,0,2,0,0,0,2,0,0,0,0,0,0,0,0,0,0,0,2,16,0,0,1,0,1,1,0,5,0,5,1,0,0,0,75,9,0
C:\Users\user\Desktop\STUFF A LOT OF 'EM\er\Design_Pattern\king\plaf\multi\MultiToolTipUI.java,javax.swing.plaf.multi.MultiToolTipUI,class,1,1,0,1,22,2,0,14,0,0.0,0.0,0.0,12,1,12,0,0,0,12,0,0,0,1,0,0,0,1,0,0,0,1,72,8,10,0,0,33,0,16,18,0,18,1,0,0,0,93,1,0
C:\Users\user\Desktop\STUFF A LOT OF 'EM\er\Design_Pattern\king\text\html\parser\ResourceLoader.java,javax.swing.text.html.parser.ResourceLoader,class,0,0,0,0,3,1,0,2,3,0.6666667,0.0,0.0,3,1,2,0,0,1,3,0,0,0,1,0,0,1,0,0,0,0,1,14,2,0,0,0,0,0,0,3,0,3,0,0,0,0,53,0,0
C:\Users\user\Desktop\STUFF A LOT OF 'EM\er\Design_Pattern\king\text\DefaultEditorKit.java,javax.swing.text.DefaultEditorKit,class,3,3,0,3,42,34,1,16,55,0.90909094,0.0,0.0,11,0,10,0,0,1,11,0,0,0,54,54,47,1,0,6,54,0,3,974,6,5,7,1,10,63,26,95,15,75,5,0,32,0,459,1,0
C:\Users\user\Desktop\STUFF A LOT OF 'EM\er\Design_Pattern\king\event\CaretListener.java,javax.swing.event.CaretListener,interface,0,0,0,0,1,1,0,0,0,0.0,NaN,NaN,1,0,0,0,0,1,1,0,0,0,0,0,0,0,0,0,0,0,0,3,0,0,0,0,0,0,0,0,0,0,0,0,0,0,19,1,0
C:\Users\user\Desktop\STUFF A LOT OF 'EM\er\Design_Pattern\king\plaf\basic\BasicComboBoxUI.java,javax.swing.plaf.basic.BasicComboBoxUI$ListDataHandler,innerclass,0,0,0,0,7,1,0,9,3,0.0,0.0,0.0,3,0,3,0,0,0,3,0,0,0,0,0,0,0,0,0,0,0,0,20,0,0,3,0,1,0,2,3,0,0,1,0,0,0,37,1,0
C:\Users\user\Desktop\STUFF A LOT OF 'EM\er\Design_Pattern\king\plaf\metal\MetalFontDesktopProperty.java,javax.swing.plaf.metal.MetalFontDesktopProperty,class,1,1,0,1,5,2,0,6,0,0.375,0.0,0.0,4,0,0,0,2,2,4,0,0,0,2,1,0,2,0,0,1,0,6,20,2,0,0,0,1,6,0,3,0,2,1,0,0,0,67,0,0
C:\Users\user\Desktop\STUFF A LOT OF 'EM\er\Design_Pattern\king\plaf\basic\BasicBorders.java,javax.swing.plaf.basic.BasicBorders$RolloverMarginBorder,innerclass,2,2,0,2,6,3,0,2,3,0.0,0.0,0.0,3,0,3,0,0,0,3,0,0,0,0,0,0,0,0,0,0,0,0,27,2,0,1,0,1,0,8,10,0,1,1,0,0,0,44,8,0
C:\Users\user\Desktop\STUFF A LOT OF 'EM\er\Design_Pattern\king\SystemEventQueueUtilities.java,javax.swing.SystemEventQueueUtilities,class,1,1,0,1,30,6,0,25,24,0.7222222,0.0,0.0,9,9,0,4,0,5,5,0,0,0,2,2,0,2,0,0,2,0,11,463,5,1,13,1,5,0,1,24,0,16,4,1,7,0,195,0,0
C:\Users\user\Desktop\STUFF A LOT OF 'EM\er\Design_Pattern\king\text\LabelView.java,javax.swing.text.LabelView,class,2,2,0,2,20,2,0,19,120,0.9375,0.0,0.0,16,0,9,0,6,1,16,0,1,0,7,0,0,7,0,0,0,0,5,89,8,0,2,0,0,1,0,12,0,10,3,0,0,0,166,1,0
C:\Users\user\Desktop\STUFF A LOT OF 'EM\er\Design_Pattern\king\text\html\HRuleView.java,javax.swing.text.html.HRuleView,class,2,2,0,2,41,1,0,28,66,0.91666675,0.0,0.0,12,0,10,1,1,0,11,0,0,0,11,2,0,11,0,0,2,0,2,170,16,1,12,0,13,1,29,55,36,31,3,0,0,0,205,0,0
C:\Users\user\Desktop\STUFF A LOT OF 'EM\er\Design_Pattern\king\plaf\basic\BasicDesktopPaneUI.java,javax.swing.plaf.basic.BasicDesktopPaneUI$MinimizeAction,innerclass,1,1,0,1,6,1,0,4,1,0.0,0.0,0.0,2,0,2,0,0,0,2,0,0,0,0,0,0,0,0,0,0,0,0,16,2,0,1,1,0,0,0,1,0,1,2,0,0,0,19,4,0
C:\Users\user\Desktop\STUFF A LOT OF 'EM\er\Design_Pattern\king\plaf\basic\BasicPopupMenuUI.java,javax.swing.plaf.basic.BasicPopupMenuUI$CancelAction,innerclass,2,2,0,2,3,1,0,7,0,0.0,NaN,NaN,1,0,1,0,0,0,1,0,0,0,0,0,0,0,0,0,0,0,2,15,0,0,1,0,0,1,5,3,2,3,1,0,0,0,17,10,0
C:\Users\user\Desktop\STUFF A LOT OF 'EM\er\Design_Pattern\king\Spring.java,javax.swing.Spring,class,0,0,0,0,19,16,6,9,120,1.0,0.0,0.0,16,6,10,1,1,4,15,5,0,0,1,1,1,0,0,0,1,0,3,201,9,0,0,0,4,0,1,2,6,2,0,0,6,0,239,1025,0
C:\Users\user\Desktop\STUFF A LOT OF 'EM\er\Design_Pattern\king\plaf\basic\BasicTreeUI.java,javax.swing.plaf.basic.BasicTreeUI$TreeAddSelectionAction,innerclass,0,0,0,0,9,1,0,11,1,0.33333334,0.0,0.0,3,0,3,0,0,0,3,0,0,0,1,0,0,1,0,0,0,0,0,33,1,0,3,0,1,0,3,6,0,5,3,0,0,0,29,2,0
C:\Users\user\Desktop\STUFF A LOT OF 'EM\er\Design_Pattern\king\text\DefaultEditorKit.java,javax.swing.text.DefaultEditorKit$NextVisualPositionAction,innerclass,4,4,0,4,19,2,0,14,1,0.5,0.0,0.0,2,0,1,0,0,1,2,0,0,0,2,0,0,2,0,0,0,0,0,56,0,0,13,1,6,0,5,14,0,10,4,0,0,0,50,8,0
C:\Users\user\Desktop\STUFF A LOT OF 'EM\er\Design_Pattern\king\plaf\basic\BasicHTML.java,javax.swing.plaf.basic.BasicHTML$BasicHTMLViewFactory,innerclass,1,1,0,1,2,2,0,2,0,0.0,NaN,NaN,1,0,1,0,0,0,1,0,0,0,0,0,0,0,0,0,0,0,0,9,1,0,0,0,1,0,0,1,0,1,1,0,0,0,18,8,0
C:\Users\user\Desktop\STUFF A LOT OF 'EM\er\Design_Pattern\king\tree\RowMapper.java,javax.swing.tree.RowMapper,interface,1,1,0,1,1,1,0,0,0,0.0,NaN,NaN,1,0,0,0,0,1,1,0,0,0,0,0,0,0,0,0,0,0,0,3,0,0,0,0,0,0,0,0,0,0,0,0,0,0,49,1,0
C:\Users\user\Desktop\STUFF A LOT OF 'EM\er\Design_Pattern\king\text\WrappedPlainView.java,javax.swing.text.WrappedPlainView$WrappedLine,innerclass,3,3,0,3,40,2,0,23,28,0.875,0.0,0.0,8,0,6,0,0,2,8,0,1,0,1,0,0,0,0,1,0,0,11,151,12,4,15,0,11,1,11,54,12,38,4,0,0,0,171,0,0
C:\Users\user\Desktop\STUFF A LOT OF 'EM\er\Design_Pattern\king\JScrollPane.java,javax.swing.JScrollPane$ScrollBar,innerclass,0,0,0,0,12,5,0,11,6,0.6,0.0,0.0,5,0,5,0,0,0,5,0,0,0,2,0,0,2,0,0,0,0,0,43,6,0,3,0,4,0,0,8,0,8,1,0,0,0,130,4,0
C:\Users\user\Desktop\STUFF A LOT OF 'EM\er\Design_Pattern\king\plaf\ViewportUI.java,javax.swing.plaf.ViewportUI,class,0,0,0,0,0,2,0,0,0,0.0,-1.0,-1.0,0,0,0,0,0,0,0,0,0,0,0,0,0,0,0,0,0,0,0,2,0,0,0,0,0,0,0,0,0,0,0,0,0,0,10,1025,0
C:\Users\user\Desktop\STUFF A LOT OF 'EM\er\Design_Pattern\king\text\SimpleAttributeSet.java,javax.swing.text.SimpleAttributeSet,class,1,1,0,1,42,1,0,32,169,0.8205128,0.0,0.0,26,1,22,4,0,0,22,0,0,0,3,2,1,2,0,0,1,0,2,188,17,5,6,1,2,4,2,27,2,19,3,1,1,0,155,1,0
C:\Users\user\Desktop\STUFF A LOT OF 'EM\er\Design_Pattern\king\JPanel.java,javax.swing.JPanel$AccessibleJPanel,innerclass,0,0,0,0,1,5,0,0,0,0.0,NaN,NaN,1,0,1,0,0,0,1,0,0,0,0,0,0,0,0,0,0,0,0,5,1,0,0,0,0,0,0,0,0,0,0,0,0,0,64,4,0
C:\Users\user\Desktop\STUFF A LOT OF 'EM\er\Design_Pattern\king\plaf\basic\BasicTextAreaUI.java,javax.swing.plaf.basic.BasicTextAreaUI$PlainParagraph$LogicalView,innerclass,4,4,0,4,14,1,0,10,55,0.0,0.0,0.0,11,0,2,0,8,1,11,0,0,0,0,0,0,0,0,0,0,0,0,47,7,0,1,0,0,1,5,4,0,4,1,0,0,0,99,8,0
C:\Users\user\Desktop\STUFF A LOT OF 'EM\er\Design_Pattern\king\text\DefaultStyledDocument.java,javax.swing.text.DefaultStyledDocument$ElementSpec,innerclass,1,1,0,1,19,1,0,1,64,0.91025645,0.0,0.0,12,0,12,0,0,0,12,0,0,0,13,7,7,6,0,0,7,0,0,83,7,0,0,0,0,11,10,24,1,15,1,0,0,0,130,9,0
C:\Users\user\Desktop\STUFF A LOT OF 'EM\er\Design_Pattern\king\JEditorPane.java,javax.swing.JEditorPane$AccessibleJEditorPaneHTML,innerclass,0,0,0,0,11,7,0,6,0,0.2,0.0,0.0,5,0,4,0,1,0,5,0,0,0,1,0,0,1,0,0,0,0,0,45,9,0,5,1,0,0,1,3,0,3,3,0,0,0,104,4,0
C:\Users\user\Desktop\STUFF A LOT OF 'EM\er\Design_Pattern\king\JSpinner.java,javax.swing.JSpinner$DefaultEditor,innerclass,0,0,0,0,24,5,0,29,78,0.0,0.0,0.0,13,0,12,1,0,0,12,0,0,0,0,0,0,0,0,0,0,0,0,96,7,1,3,2,5,3,7,24,6,19,3,0,0,0,215,9,0
C:\Users\user\Desktop\STUFF A LOT OF 'EM\er\Design_Pattern\king\plaf\basic\BasicListUI.java,javax.swing.plaf.basic.BasicListUI$ListSelectionHandler,innerclass,0,0,0,0,2,1,0,5,0,0.0,NaN,NaN,1,0,1,0,0,0,1,0,0,0,0,0,0,0,0,0,0,0,0,9,0,0,1,0,0,0,0,1,0,1,1,0,0,0,74,1,0
C:\Users\user\Desktop\STUFF A LOT OF 'EM\er\Design_Pattern\king\JInternalFrame.java,javax.swing.JInternalFrame$AccessibleJInternalFrame,innerclass,0,0,0,0,9,5,0,3,21,0.0,0.0,0.0,7,0,7,0,0,0,7,0,0,0,0,0,0,0,0,0,0,0,0,34,9,0,1,0,0,0,0,0,0,0,1,0,0,0,103,4,0
C:\Users\user\Desktop\STUFF A LOT OF 'EM\er\Design_Pattern\king\plaf\metal\MetalIconFactory.java,javax.swing.plaf.metal.MetalIconFactory$TreeControlIcon,innerclass,0,0,0,0,15,1,0,18,4,0.53333336,0.0,0.0,5,0,5,0,0,0,5,0,0,0,3,0,0,0,1,2,0,0,5,95,2,0,4,0,1,0,150,10,66,7,2,0,0,0,68,9,0
C:\Users\user\Desktop\STUFF A LOT OF 'EM\er\Design_Pattern\king\text\DefaultEditorKit.java,javax.swing.text.DefaultEditorKit$WritableAction,innerclass,1,1,0,1,3,2,0,2,1,0.0,0.0,0.0,2,0,1,0,0,1,2,0,0,0,0,0,0,0,0,0,0,0,0,11,0,0,1,0,0,0,0,1,0,1,1,0,0,0,22,8,0
C:\Users\user\Desktop\STUFF A LOT OF 'EM\er\Design_Pattern\king\plaf\basic\BasicTableUI.java,javax.swing.plaf.basic.BasicTableUI$CancelEditingAction,innerclass,1,1,0,1,1,1,0,2,0,0.0,NaN,NaN,1,0,1,0,0,0,1,0,0,0,0,0,0,0,0,0,0,0,0,6,0,0,0,0,0,0,0,1,0,1,0,0,0,0,16,10,0
C:\Users\user\Desktop\STUFF A LOT OF 'EM\er\Design_Pattern\king\JSlider.java,javax.swing.JSlider$ModelListener,innerclass,0,0,0,0,1,1,0,1,0,0.0,NaN,NaN,1,0,1,0,0,0,1,0,0,0,0,0,0,0,0,0,0,0,0,5,0,0,0,0,0,0,0,0,0,0,0,0,0,0,25,2,0
C:\Users\user\Desktop\STUFF A LOT OF 'EM\er\Design_Pattern\king\plaf\multi\MultiLabelUI.java,javax.swing.plaf.multi.MultiLabelUI,class,1,1,0,1,22,2,0,14,0,0.0,0.0,0.0,12,1,12,0,0,0,12,0,0,0,1,0,0,0,1,0,0,0,1,72,8,10,0,0,33,0,16,18,0,18,1,0,0,0,92,1,0
C:\Users\user\Desktop\STUFF A LOT OF 'EM\er\Design_Pattern\king\JPopupMenu.java,javax.swing.JPopupMenu$Anonymous2,anonymous,0,0,0,0,2,1,0,2,0,0.0,NaN,NaN,1,0,0,0,1,0,1,0,0,0,0,0,0,0,0,0,0,0,0,9,1,0,1,0,0,0,0,2,0,1,1,0,0,0,8,-1,0
C:\Users\user\Desktop\STUFF A LOT OF 'EM\er\Design_Pattern\king\plaf\basic\BasicScrollPaneUI.java,javax.swing.plaf.basic.BasicScrollPaneUI$ScrollAction,innerclass,3,3,0,3,15,1,0,13,0,0.0,0.0,0.0,2,0,1,0,1,0,2,0,0,0,3,0,0,1,2,0,0,0,4,72,0,0,4,0,8,0,8,22,9,9,4,0,0,0,38,10,0
C:\Users\user\Desktop\STUFF A LOT OF 'EM\er\Design_Pattern\king\plaf\metal\MetalFileChooserUI.java,javax.swing.plaf.metal.MetalFileChooserUI$1ViewButtonListener,innerclass,2,2,0,2,5,1,0,7,0,0.0,0.0,0.0,2,0,1,0,0,1,2,0,0,0,1,0,0,0,0,1,0,0,0,26,0,0,3,0,0,0,0,6,0,3,2,0,0,0,32,0,0
C:\Users\user\Desktop\STUFF A LOT OF 'EM\er\Design_Pattern\king\text\DefaultEditorKit.java,javax.swing.text.DefaultEditorKit$SelectParagraphAction,innerclass,0,0,0,0,2,2,0,1,1,0.5,0.0,0.0,2,0,1,0,0,1,2,0,0,0,2,0,0,2,0,0,0,0,0,13,0,0,0,0,0,2,0,2,0,2,0,0,0,0,31,8,0
C:\Users\user\Desktop\STUFF A LOT OF 'EM\er\Design_Pattern\king\plaf\metal\MetalComboBoxEditor.java,javax.swing.plaf.metal.MetalComboBoxEditor$Anonymous1,anonymous,0,0,0,0,2,1,0,3,0,0.0,NaN,NaN,1,0,1,0,0,0,1,0,0,0,0,0,0,0,0,0,0,0,0,8,1,0,0,0,0,0,0,0,0,0,1,0,0,0,4,-1,0
C:\Users\user\Desktop\STUFF A LOT OF 'EM\er\Design_Pattern\king\event\ListDataListener.java,javax.swing.event.ListDataListener,interface,0,0,0,0,3,1,0,0,3,0.0,0.0,0.0,3,0,0,0,0,3,3,0,0,0,0,0,0,0,0,0,0,0,0,5,0,0,0,0,0,0,0,0,0,0,0,0,0,0,53,1,0
C:\Users\user\Desktop\STUFF A LOT OF 'EM\er\Design_Pattern\king\JProgressBar.java,javax.swing.JProgressBar$ModelListener,innerclass,0,0,0,0,1,1,0,1,0,0.0,NaN,NaN,1,0,1,0,0,0,1,0,0,0,0,0,0,0,0,0,0,0,0,5,0,0,0,0,0,0,0,0,0,0,0,0,0,0,10,2,0
C:\Users\user\Desktop\STUFF A LOT OF 'EM\er\Design_Pattern\king\JTable.java,javax.swing.JTable$NumberRenderer,innerclass,0,0,0,0,1,1,0,1,0,0.0,NaN,NaN,1,0,1,0,0,0,1,0,0,0,0,0,0,0,0,0,0,0,0,6,0,0,0,0,0,0,0,0,0,0,0,0,0,0,9,8,0
C:\Users\user\Desktop\STUFF A LOT OF 'EM\er\Design_Pattern\king\plaf\basic\BasicListUI.java,javax.swing.plaf.basic.BasicListUI$ListDropTargetListener,innerclass,2,2,0,2,4,2,0,4,3,0.6666667,0.0,0.0,3,0,0,0,3,0,3,0,0,0,1,0,0,1,0,0,0,0,0,18,0,0,1,0,0,0,1,5,0,5,1,0,0,0,58,0,0
C:\Users\user\Desktop\STUFF A LOT OF 'EM\er\Design_Pattern\king\JDialog.java,javax.swing.JDialog,class,0,0,0,0,58,10,1,45,632,0.9189189,0.0,0.0,37,2,28,1,8,0,36,0,0,0,5,1,0,2,3,0,1,0,8,229,12,0,12,1,2,18,0,19,2,12,2,0,1,0,413,1,0
C:\Users\user\Desktop\STUFF A LOT OF 'EM\er\Design_Pattern\king\JMenuItem.java,javax.swing.JMenuItem$MenuItemFocusListener,innerclass,0,0,0,0,3,1,0,3,1,0.0,0.0,0.0,2,0,2,0,0,0,2,0,0,0,0,0,0,0,0,0,0,0,0,10,0,0,0,0,0,0,0,1,0,1,1,0,0,0,12,10,0
C:\Users\user\Desktop\STUFF A LOT OF 'EM\er\Design_Pattern\king\SwingUtilities.java,javax.swing.SwingUtilities$Anonymous1,anonymous,0,0,0,0,3,1,0,3,1,0.0,0.0,0.0,2,0,2,0,0,0,2,0,0,1,0,0,0,0,0,0,0,0,0,12,0,0,0,1,0,0,0,0,0,0,1,0,0,0,6,-1,0
C:\Users\user\Desktop\STUFF A LOT OF 'EM\er\Design_Pattern\king\SwingUtilities.java,javax.swing.SwingUtilities$Anonymous2,anonymous,0,0,0,0,1,1,0,1,0,0.0,NaN,NaN,1,0,1,0,0,0,1,0,0,0,0,0,0,0,0,0,0,0,0,6,1,0,0,0,0,0,0,0,0,0,0,0,0,0,3,-1,0
C:\Users\user\Desktop\STUFF A LOT OF 'EM\er\Design_Pattern\king\plaf\basic\BasicToolBarUI.java,javax.swing.plaf.basic.BasicToolBarUI$DownAction,innerclass,1,1,0,1,1,2,0,3,0,0.0,NaN,NaN,1,0,1,0,0,0,1,0,0,0,0,0,0,0,0,0,0,0,0,7,0,0,0,0,0,0,0,2,0,2,0,0,0,0,19,10,0
C:\Users\user\Desktop\STUFF A LOT OF 'EM\er\Design_Pattern\king\text\FieldView.java,javax.swing.text.FieldView,class,4,4,0,4,31,2,1,32,66,0.0,0.0,0.0,12,0,8,0,2,2,12,0,0,0,0,0,0,0,0,0,0,0,6,142,10,0,8,1,4,0,16,46,11,26,5,0,0,0,244,1,0
C:\Users\user\Desktop\STUFF A LOT OF 'EM\er\Design_Pattern\king\plaf\basic\BasicComboBoxUI.java,javax.swing.plaf.basic.BasicComboBoxUI$DownAction,innerclass,1,1,0,1,4,1,0,7,0,0.0,NaN,NaN,1,0,1,0,0,0,1,0,0,0,0,0,0,0,0,0,0,0,0,14,0,0,0,0,0,0,0,2,0,2,2,0,0,0,16,8,0
C:\Users\user\Desktop\STUFF A LOT OF 'EM\er\Design_Pattern\king\JTable.java,javax.swing.JTable$NumberEditor,innerclass,0,0,0,0,1,4,0,2,0,0.0,NaN,NaN,1,0,1,0,0,0,1,0,0,0,0,0,0,0,0,0,0,0,0,5,0,0,0,0,1,0,0,0,0,0,0,0,0,0,8,8,0
C:\Users\user\Desktop\STUFF A LOT OF 'EM\er\Design_Pattern\king\plaf\multi\MultiListUI.java,javax.swing.plaf.multi.MultiListUI,class,2,2,0,2,28,2,0,17,0,0.0,0.0,0.0,15,1,15,0,0,0,15,0,0,0,1,0,0,0,1,0,0,0,1,93,11,13,0,0,45,0,22,24,0,24,1,0,0,0,101,1,0
C:\Users\user\Desktop\STUFF A LOT OF 'EM\er\Design_Pattern\king\plaf\basic\BasicIconFactory.java,javax.swing.plaf.basic.BasicIconFactory$CheckBoxMenuItemIcon,innerclass,2,2,0,2,4,1,0,3,3,0.0,0.0,0.0,3,0,3,0,0,0,3,0,0,0,0,0,0,0,0,0,0,0,0,22,2,0,0,0,0,0,30,3,28,3,1,0,0,0,22,10,0
C:\Users\user\Desktop\STUFF A LOT OF 'EM\er\Design_Pattern\king\plaf\basic\BasicDesktopPaneUI.java,javax.swing.plaf.basic.BasicDesktopPaneUI$MoveResizeAction,innerclass,1,1,0,1,33,1,0,7,1,0.33333334,0.0,0.0,3,0,3,0,0,0,3,0,0,0,1,0,0,1,0,0,0,0,0,109,6,0,1,0,4,11,0,11,24,5,2,0,0,0,38,2,0
C:\Users\user\Desktop\STUFF A LOT OF 'EM\er\Design_Pattern\king\plaf\basic\BasicDirectoryModel.java,javax.swing.plaf.basic.BasicDirectoryModel$DoChangeContents,innerclass,0,0,0,0,14,1,0,7,0,0.4285714,0.0,0.0,3,0,2,0,0,1,3,0,0,2,7,0,0,7,0,0,0,0,0,44,0,0,5,0,2,0,12,13,4,9,3,0,0,0,31,0,0
C:\Users\user\Desktop\STUFF A LOT OF 'EM\er\Design_Pattern\king\JButton.java,javax.swing.JButton$AccessibleJButton,innerclass,0,0,0,0,1,6,0,0,0,0.0,NaN,NaN,1,0,1,0,0,0,1,0,0,0,0,0,0,0,0,0,0,0,0,5,1,0,0,0,0,0,0,0,0,0,0,0,0,0,64,4,0
C:\Users\user\Desktop\STUFF A LOT OF 'EM\er\Design_Pattern\king\text\DefaultCaret.java,javax.swing.text.DefaultCaret$ClipboardHandler,innerclass,0,0,0,0,4,1,0,2,0,0.0,NaN,NaN,1,0,1,0,0,0,1,0,0,0,0,0,0,0,0,0,0,0,0,10,0,0,1,0,0,0,0,1,0,0,2,0,0,0,24,2,0
C:\Users\user\Desktop\STUFF A LOT OF 'EM\er\Design_Pattern\king\text\rtf\RTFAttributes.java,javax.swing.text.rtf.RTFAttributes$NumericAttribute,innerclass,0,0,0,0,19,2,0,7,16,0.5185185,0.0,0.0,9,2,8,0,1,0,9,0,0,0,3,0,0,0,0,3,0,0,2,53,8,0,9,0,4,0,7,13,3,7,1,0,0,0,41,8,0
C:\Users\user\Desktop\STUFF A LOT OF 'EM\er\Design_Pattern\king\plaf\basic\BasicFileChooserUI.java,javax.swing.plaf.basic.BasicFileChooserUI$NewFolderAction,innerclass,1,1,0,1,4,1,0,9,1,0.0,0.0,0.0,2,0,1,0,1,0,2,0,0,0,0,0,0,0,0,0,0,0,0,24,1,0,0,1,0,1,0,4,1,3,2,0,0,0,25,4,0
C:\Users\user\Desktop\STUFF A LOT OF 'EM\er\Design_Pattern\king\text\html\AccessibleHTML.java,javax.swing.text.html.AccessibleHTML,class,4,4,0,4,27,7,0,22,40,0.7916667,0.0,0.0,12,0,2,9,0,1,3,0,0,0,6,0,0,6,0,0,0,0,0,1494,13,0,12,1,4,0,3,21,2,14,2,0,8,0,424,0,0
C:\Users\user\Desktop\STUFF A LOT OF 'EM\er\Design_Pattern\king\JCheckBox.java,javax.swing.JCheckBox,class,2,2,0,2,24,12,2,18,145,0.88888884,0.0,0.0,18,0,13,2,3,0,16,0,0,0,3,2,1,2,0,0,2,0,2,116,5,0,4,0,0,3,1,8,0,6,2,1,1,0,272,1,0
C:\Users\user\Desktop\STUFF A LOT OF 'EM\er\Design_Pattern\king\plaf\basic\BasicDesktopPaneUI.java,javax.swing.plaf.basic.BasicDesktopPaneUI$CloseAction,innerclass,1,1,0,1,5,1,0,3,1,0.0,0.0,0.0,2,0,2,0,0,0,2,0,0,0,0,0,0,0,0,0,0,0,0,16,2,0,1,1,0,0,0,1,0,1,2,0,0,0,19,4,0
C:\Users\user\Desktop\STUFF A LOT OF 'EM\er\Design_Pattern\king\event\MenuKeyEvent.java,javax.swing.event.MenuKeyEvent,class,0,0,0,0,3,5,0,0,0,0.33333334,0.0,0.0,3,0,3,0,0,0,3,0,0,0,2,0,0,2,0,0,0,0,0,15,2,0,0,0,0,0,0,2,0,2,0,0,0,0,112,1,0
C:\Users\user\Desktop\STUFF A LOT OF 'EM\er\Design_Pattern\king\tree\DefaultMutableTreeNode.java,javax.swing.tree.DefaultMutableTreeNode$PathBetweenNodesEnumeration,innerclass,0,0,0,0,10,1,0,4,0,0.0,0.0,0.0,3,0,3,0,0,0,3,0,0,0,1,0,0,0,1,0,0,0,0,31,2,1,5,1,0,4,1,3,1,2,2,0,0,0,30,16,0
C:\Users\user\Desktop\STUFF A LOT OF 'EM\er\Design_Pattern\king\plaf\basic\BasicRootPaneUI.java,javax.swing.plaf.basic.BasicRootPaneUI,class,4,4,0,4,25,1,0,30,136,0.9411765,0.0,0.0,17,1,4,0,8,5,17,0,0,0,1,1,0,1,0,0,0,0,0,110,6,1,6,0,1,6,0,8,0,7,3,0,2,0,71,1,0
C:\Users\user\Desktop\STUFF A LOT OF 'EM\er\Design_Pattern\king\plaf\basic\BasicFileChooserUI.java,javax.swing.plaf.basic.BasicFileChooserUI$GlobFilter,innerclass,1,1,0,1,30,1,0,9,0,0.33333334,0.0,0.0,3,0,3,0,0,0,3,0,0,0,2,0,0,0,0,2,0,0,2,105,4,2,4,0,1,3,15,33,5,11,4,0,0,0,27,0,0
C:\Users\user\Desktop\STUFF A LOT OF 'EM\er\Design_Pattern\king\text\NavigationFilter.java,javax.swing.text.NavigationFilter,class,0,0,0,0,3,1,2,4,3,0.0,0.0,0.0,3,0,3,0,0,0,3,0,0,0,0,0,0,0,0,0,0,0,0,16,1,0,0,0,0,0,0,0,0,0,0,0,1,0,128,1,0
C:\Users\user\Desktop\STUFF A LOT OF 'EM\er\Design_Pattern\king\text\rtf\RTFAttributes.java,javax.swing.text.rtf.RTFAttributes$GenericAttribute,innerclass,0,0,0,0,9,1,0,2,26,0.7407408,0.0,0.0,9,0,5,0,1,3,9,3,0,0,3,0,0,0,0,3,0,0,0,28,5,0,0,0,0,0,0,3,0,3,0,0,0,0,27,1032,0
C:\Users\user\Desktop\STUFF A LOT OF 'EM\er\Design_Pattern\king\plaf\basic\BasicScrollPaneUI.java,javax.swing.plaf.basic.BasicScrollPaneUI$ScrollHomeAction,innerclass,2,2,0,2,5,1,0,8,1,0.0,0.0,0.0,2,0,1,0,1,0,2,0,0,0,0,0,0,0,0,0,0,0,0,20,0,0,2,0,1,0,3,5,1,5,2,0,0,0,26,10,0
C:\Users\user\Desktop\STUFF A LOT OF 'EM\er\Design_Pattern\king\plaf\metal\MetalSplitPaneUI.java,javax.swing.plaf.metal.MetalSplitPaneUI,class,0,0,0,0,2,1,0,0,1,0.0,0.0,0.0,2,1,2,0,0,0,2,0,0,0,0,0,0,0,0,0,0,0,0,8,2,0,0,0,0,0,0,0,0,0,0,0,0,0,58,1,0
C:\Users\user\Desktop\STUFF A LOT OF 'EM\er\Design_Pattern\king\plaf\basic\BasicColorChooserUI.java,javax.swing.plaf.basic.BasicColorChooserUI$Anonymous1,anonymous,1,1,0,1,2,1,0,3,0,0.0,NaN,NaN,1,0,1,0,0,0,1,0,0,0,0,0,0,0,0,0,0,0,0,8,0,0,0,0,0,0,0,1,0,1,1,0,0,0,8,-1,0
C:\Users\user\Desktop\STUFF A LOT OF 'EM\er\Design_Pattern\king\text\JTextComponent.java,javax.swing.text.JTextComponent$InputMethodRequestsHandler,innerclass,1,1,0,1,30,1,0,16,45,0.0,0.0,0.0,10,0,10,0,0,0,10,0,0,0,0,0,0,0,0,0,0,0,1,126,13,0,9,3,7,1,9,36,15,18,3,0,0,0,69,0,0
C:\Users\user\Desktop\STUFF A LOT OF 'EM\er\Design_Pattern\king\event\DocumentEvent.java,javax.swing.event.DocumentEvent$ElementChange,interface,0,0,0,0,4,1,0,0,6,0.0,0.0,0.0,4,0,4,0,0,0,4,0,0,0,0,0,0,0,0,0,0,0,0,6,0,0,0,0,0,0,0,0,0,0,0,0,0,0,46,1,0
C:\Users\user\Desktop\STUFF A LOT OF 'EM\er\Design_Pattern\king\plaf\basic\BasicMenuUI.java,javax.swing.plaf.basic.BasicMenuUI$ChangeHandler,innerclass,0,0,0,0,2,1,0,0,1,0.75,0.0,0.0,2,0,2,0,0,0,2,0,0,0,4,0,4,0,0,0,0,0,0,12,0,0,0,0,0,0,0,3,0,4,0,0,0,0,35,1,0
C:\Users\user\Desktop\STUFF A LOT OF 'EM\er\Design_Pattern\king\plaf\SeparatorUI.java,javax.swing.plaf.SeparatorUI,class,0,0,0,0,0,2,0,0,0,0.0,-1.0,-1.0,0,0,0,0,0,0,0,0,0,0,0,0,0,0,0,0,0,0,0,2,0,0,0,0,0,0,0,0,0,0,0,0,0,0,12,1025,0
C:\Users\user\Desktop\STUFF A LOT OF 'EM\er\Design_Pattern\king\text\DefaultCaret.java,javax.swing.text.DefaultCaret,class,16,16,0,16,209,5,2,109,2016,0.984375,0.0,0.0,64,0,31,10,8,15,54,0,2,2,24,0,0,8,2,14,0,0,6,811,35,1,72,8,27,7,53,123,13,75,8,1,5,0,571,1,0
C:\Users\user\Desktop\STUFF A LOT OF 'EM\er\Design_Pattern\king\plaf\basic\BasicToolBarUI.java,javax.swing.plaf.basic.BasicToolBarUI$Anonymous1$Anonymous2,anonymous,0,0,0,0,2,1,0,2,0,0.0,NaN,NaN,1,0,1,0,0,0,1,0,0,0,1,0,0,1,0,0,0,0,0,11,0,0,0,0,0,0,0,3,0,1,1,0,0,0,5,-1,0
C:\Users\user\Desktop\STUFF A LOT OF 'EM\er\Design_Pattern\king\plaf\multi\MultiMenuItemUI.java,javax.swing.plaf.multi.MultiMenuItemUI,class,1,1,0,1,22,2,0,14,0,0.0,0.0,0.0,12,1,12,0,0,0,12,0,0,0,1,0,0,0,1,0,0,0,1,72,8,10,0,0,33,0,16,18,0,18,1,0,0,0,93,1,0
C:\Users\user\Desktop\STUFF A LOT OF 'EM\er\Design_Pattern\king\JTable.java,javax.swing.JTable$AccessibleJTable$AccessibleTableHeader,innerclass,3,3,0,3,25,1,0,8,247,0.8913044,0.0,0.0,23,0,22,0,0,1,23,0,0,0,2,0,0,2,0,0,0,0,0,79,17,0,1,0,1,0,6,6,0,5,1,0,0,0,72,2,0
C:\Users\user\Desktop\STUFF A LOT OF 'EM\er\Design_Pattern\king\JRootPane.java,javax.swing.JRootPane$AccessibleJRootPane,innerclass,0,0,0,0,1,5,0,0,0,0.0,NaN,NaN,1,0,1,0,0,0,1,0,0,0,0,0,0,0,0,0,0,0,0,5,1,0,0,0,0,0,0,0,0,0,0,0,0,0,66,4,0
C:\Users\user\Desktop\STUFF A LOT OF 'EM\er\Design_Pattern\king\plaf\metal\MetalTabbedPaneUI.java,javax.swing.plaf.metal.MetalTabbedPaneUI,class,2,2,0,2,153,3,0,41,269,0.8653846,0.0,0.0,26,1,3,1,22,0,25,0,0,0,4,0,0,0,4,0,0,0,8,605,17,2,39,0,24,3,496,78,289,76,3,0,1,0,174,1,0
C:\Users\user\Desktop\STUFF A LOT OF 'EM\er\Design_Pattern\king\text\ComponentView.java,javax.swing.text.ComponentView$Invalidator,innerclass,0,0,0,0,15,3,0,20,78,0.9230769,0.0,0.0,13,0,11,1,0,1,12,0,0,0,5,0,0,0,0,5,0,0,1,67,6,0,1,0,0,0,3,7,0,7,1,0,0,0,91,0,0
C:\Users\user\Desktop\STUFF A LOT OF 'EM\er\Design_Pattern\king\plaf\basic\BasicComboBoxUI.java,javax.swing.plaf.basic.BasicComboBoxUI$HidePopupAction,innerclass,1,1,0,1,3,1,0,5,1,0.0,0.0,0.0,2,0,2,0,0,0,2,0,0,0,0,0,0,0,0,0,0,0,0,12,1,0,0,0,0,0,0,1,0,1,1,0,0,0,15,0,0
C:\Users\user\Desktop\STUFF A LOT OF 'EM\er\Design_Pattern\king\AbstractButton.java,javax.swing.AbstractButton$ButtonChangeListener,innerclass,0,0,0,0,2,1,0,4,1,0.0,0.0,0.0,2,0,1,0,0,1,2,0,0,0,0,0,0,0,0,0,0,0,0,10,0,0,0,0,0,0,0,1,0,1,0,0,0,0,58,4,0
C:\Users\user\Desktop\STUFF A LOT OF 'EM\er\Design_Pattern\king\DefaultListSelectionModel.java,javax.swing.DefaultListSelectionModel,class,3,3,0,3,97,1,0,34,475,0.8824561,0.0,0.0,38,0,26,9,3,0,29,0,0,0,15,2,0,13,2,0,2,0,21,313,23,7,25,0,16,5,25,85,13,54,3,0,0,0,316,1,0
C:\Users\user\Desktop\STUFF A LOT OF 'EM\er\Design_Pattern\king\plaf\metal\MetalBorders.java,javax.swing.plaf.metal.MetalBorders$QuestionDialogBorder,innerclass,0,0,0,0,1,3,0,1,0,0.0,NaN,NaN,1,0,0,0,1,0,1,0,0,0,0,0,0,0,0,0,0,0,0,5,1,0,0,0,0,1,0,0,0,0,0,0,0,0,17,8,0
C:\Users\user\Desktop\STUFF A LOT OF 'EM\er\Design_Pattern\king\plaf\basic\BasicMenuBarUI.java,javax.swing.plaf.basic.BasicMenuBarUI$ChangeHandler,innerclass,1,1,0,1,4,1,0,5,0,0.0,NaN,NaN,1,0,1,0,0,0,1,0,0,0,0,0,0,0,0,0,0,0,0,12,0,1,1,0,0,0,1,3,0,3,2,0,0,0,13,2,0
C:\Users\user\Desktop\STUFF A LOT OF 'EM\er\Design_Pattern\king\text\html\Option.java,javax.swing.text.html.Option,class,1,1,0,1,10,1,0,2,28,0.875,0.0,0.0,8,0,7,0,1,0,8,0,0,0,3,0,0,3,0,0,0,0,0,34,5,0,2,0,1,0,0,6,0,4,1,0,0,0,64,1,0
C:\Users\user\Desktop\STUFF A LOT OF 'EM\er\Design_Pattern\king\Box.java,javax.swing.Box$AccessibleBox,innerclass,0,0,0,0,1,4,0,0,0,0.0,NaN,NaN,1,0,1,0,0,0,1,0,0,0,0,0,0,0,0,0,0,0,0,5,1,0,0,0,0,0,0,0,0,0,0,0,0,0,20,4,0
C:\Users\user\Desktop\STUFF A LOT OF 'EM\er\Design_Pattern\king\plaf\basic\BasicTreeUI.java,javax.swing.plaf.basic.BasicTreeUI$TreeDropTargetListener,innerclass,2,2,0,2,4,2,0,5,3,0.6666667,0.0,0.0,3,0,0,0,3,0,3,0,0,0,1,0,0,1,0,0,0,0,0,19,0,0,1,0,0,0,0,6,0,6,1,0,0,0,61,8,0
C:\Users\user\Desktop\STUFF A LOT OF 'EM\er\Design_Pattern\king\text\DefaultCaret.java,javax.swing.text.DefaultCaret$FocusHandler,innerclass,0,0,0,0,3,1,0,2,0,0.0,0.0,0.0,3,0,2,0,0,1,3,0,0,0,1,0,0,1,0,0,0,0,0,12,0,0,0,0,0,0,0,1,0,1,0,0,0,0,25,10,0
C:\Users\user\Desktop\STUFF A LOT OF 'EM\er\Design_Pattern\king\SpringLayout.java,javax.swing.SpringLayout$HeightSpring,innerclass,0,0,0,0,4,3,0,4,0,0.0,0.0,0.0,4,0,4,0,0,0,4,0,0,0,1,0,0,1,0,0,0,0,1,15,3,0,0,0,0,0,0,1,0,1,0,0,0,0,9,10,0
C:\Users\user\Desktop\STUFF A LOT OF 'EM\er\Design_Pattern\king\tree\TreePath.java,javax.swing.tree.TreePath,class,0,0,0,0,44,1,0,16,0,0.4117647,0.0,0.0,17,0,12,2,3,0,15,0,0,0,2,0,0,2,0,0,0,0,0,117,17,6,14,0,2,11,13,36,6,22,3,0,0,0,227,1,0
C:\Users\user\Desktop\STUFF A LOT OF 'EM\er\Design_Pattern\king\text\html\AccessibleHTML.java,javax.swing.text.html.AccessibleHTML$TextElementInfo$TextAccessibleContext$IndexedSegment,innerclass,0,0,0,0,0,1,0,0,0,NaN,-1.0,-1.0,0,0,0,0,0,0,0,0,0,0,1,0,1,0,0,0,0,0,0,3,0,0,0,0,0,0,0,0,0,1,0,0,0,0,13,2,0
C:\Users\user\Desktop\STUFF A LOT OF 'EM\er\Design_Pattern\king\plaf\metal\MetalSeparatorUI.java,javax.swing.plaf.metal.MetalSeparatorUI,class,2,2,0,2,6,2,1,7,6,0.0,0.0,0.0,4,1,3,0,1,0,4,0,0,0,0,0,0,0,0,0,0,0,0,27,3,0,2,0,2,2,16,1,0,1,1,0,0,0,67,1,0
C:\Users\user\Desktop\STUFF A LOT OF 'EM\er\Design_Pattern\king\GraphicsWrapper.java,javax.swing.GraphicsWrapper,interface,0,0,0,0,6,1,0,0,15,0.0,0.0,0.0,6,0,0,0,0,6,6,0,0,0,0,0,0,0,0,0,0,0,0,8,0,0,0,0,0,0,0,0,0,0,0,0,0,0,13,0,0
C:\Users\user\Desktop\STUFF A LOT OF 'EM\er\Design_Pattern\king\plaf\metal\MetalIconFactory.java,javax.swing.plaf.metal.MetalIconFactory$TreeLeafIcon,innerclass,0,0,0,0,2,2,0,0,1,0.0,0.0,0.0,2,0,2,0,0,0,2,0,0,0,0,0,0,0,0,0,0,0,0,8,2,0,0,0,0,0,2,0,0,0,0,0,0,0,9,9,0
C:\Users\user\Desktop\STUFF A LOT OF 'EM\er\Design_Pattern\king\AbstractButton.java,javax.swing.AbstractButton$ButtonActionPropertyChangeListener,innerclass,0,0,0,0,11,2,0,17,1,0.0,0.0,0.0,2,0,1,0,0,1,2,0,0,0,0,0,0,0,0,0,0,0,0,47,0,0,3,0,0,2,0,9,0,9,3,0,0,0,25,10,0
C:\Users\user\Desktop\STUFF A LOT OF 'EM\er\Design_Pattern\king\ToolTipManager.java,javax.swing.ToolTipManager$outsideTimerAction,innerclass,0,0,0,0,1,1,0,0,0,0.0,NaN,NaN,1,0,1,0,0,0,1,0,0,0,0,0,0,0,0,0,0,0,0,5,0,0,0,0,0,0,0,1,0,0,0,0,0,0,11,4,0
C:\Users\user\Desktop\STUFF A LOT OF 'EM\er\Design_Pattern\king\plaf\basic\BasicScrollBarUI.java,javax.swing.plaf.basic.BasicScrollBarUI$ModelListener,innerclass,0,0,0,0,1,1,0,1,0,0.0,NaN,NaN,1,0,1,0,0,0,1,0,0,0,0,0,0,0,0,0,0,0,0,5,0,0,0,0,0,0,0,0,0,0,0,0,0,0,15,4,0
C:\Users\user\Desktop\STUFF A LOT OF 'EM\er\Design_Pattern\king\PopupFactory.java,javax.swing.PopupFactory$HeavyWeightPopup,innerclass,0,0,0,0,26,2,0,25,21,0.85714287,0.0,0.0,7,4,1,3,0,3,4,0,0,0,1,1,0,1,0,0,1,0,8,114,6,1,7,0,6,2,5,22,0,17,4,1,0,0,92,10,0
C:\Users\user\Desktop\STUFF A LOT OF 'EM\er\Design_Pattern\king\plaf\basic\BasicOptionPaneUI.java,javax.swing.plaf.basic.BasicOptionPaneUI$TextFieldActionListener,innerclass,1,1,0,1,1,1,0,3,0,0.0,NaN,NaN,1,0,1,0,0,0,1,0,0,0,0,0,0,0,0,0,0,0,0,5,0,0,0,0,1,0,0,0,0,0,0,0,0,0,18,2,0
C:\Users\user\Desktop\STUFF A LOT OF 'EM\er\Design_Pattern\king\ListSelectionModel.java,javax.swing.ListSelectionModel,interface,0,0,0,0,20,1,0,0,190,1.0,0.0,0.0,20,0,0,0,0,20,20,0,0,0,3,0,0,0,0,3,0,0,0,25,0,0,0,0,0,0,3,3,0,3,0,0,0,0,194,1,0
C:\Users\user\Desktop\STUFF A LOT OF 'EM\er\Design_Pattern\king\plaf\basic\BasicIconFactory.java,javax.swing.plaf.basic.BasicIconFactory$EmptyFrameIcon,innerclass,0,0,0,0,3,1,0,0,3,0.6666667,0.0,0.0,3,0,3,0,0,0,3,0,0,0,2,0,0,0,0,2,0,0,0,12,2,0,0,0,0,0,2,2,0,2,0,0,0,0,13,10,0
C:\Users\user\Desktop\STUFF A LOT OF 'EM\er\Design_Pattern\king\plaf\ButtonUI.java,javax.swing.plaf.ButtonUI,class,0,0,0,0,0,2,1,0,0,0.0,-1.0,-1.0,0,0,0,0,0,0,0,0,0,0,0,0,0,0,0,0,0,0,0,2,0,0,0,0,0,0,0,0,0,0,0,0,0,0,10,1025,0
C:\Users\user\Desktop\STUFF A LOT OF 'EM\er\Design_Pattern\king\JViewport.java,javax.swing.JViewport$ViewListener,innerclass,0,0,0,0,1,2,0,2,0,0.0,NaN,NaN,1,0,1,0,0,0,1,0,0,0,0,0,0,0,0,0,0,0,0,6,0,0,0,0,0,0,0,0,0,0,0,0,0,0,56,4,0
C:\Users\user\Desktop\STUFF A LOT OF 'EM\er\Design_Pattern\king\ImageIcon.java,javax.swing.ImageIcon,class,2,2,0,2,41,2,0,29,94,0.85999995,0.0,0.0,25,0,21,3,1,0,22,0,0,1,12,3,0,4,2,6,2,0,6,215,14,0,11,2,2,5,9,40,1,24,3,1,1,0,257,1,0
C:\Users\user\Desktop\STUFF A LOT OF 'EM\er\Design_Pattern\king\AbstractButton.java,javax.swing.AbstractButton,class,5,5,0,5,245,9,3,107,3509,0.9753697,0.0,0.0,87,0,70,3,13,1,84,0,0,0,49,19,19,25,5,0,19,0,6,1198,48,5,106,1,46,56,34,165,11,108,4,0,5,0,570,1025,0
C:\Users\user\Desktop\STUFF A LOT OF 'EM\er\Design_Pattern\king\event\DocumentEvent.java,javax.swing.event.DocumentEvent,interface,0,0,0,0,5,1,0,0,10,0.0,0.0,0.0,5,0,5,0,0,0,5,0,0,0,0,0,0,0,0,0,0,0,0,25,0,0,0,0,0,0,0,0,0,0,0,0,2,0,101,1,0
C:\Users\user\Desktop\STUFF A LOT OF 'EM\er\Design_Pattern\king\JFileChooser.java,javax.swing.JFileChooser$AccessibleJFileChooser,innerclass,0,0,0,0,1,5,0,0,0,0.0,NaN,NaN,1,0,1,0,0,0,1,0,0,0,0,0,0,0,0,0,0,0,0,5,1,0,0,0,0,0,0,0,0,0,0,0,0,0,32,4,0
C:\Users\user\Desktop\STUFF A LOT OF 'EM\er\Design_Pattern\king\JFormattedTextField.java,javax.swing.JFormattedTextField$FocusLostHandler,innerclass,0,0,0,0,6,1,0,4,0,0.0,NaN,NaN,1,0,1,0,0,0,1,0,0,0,0,0,0,0,0,0,0,0,0,19,0,0,4,1,0,0,0,1,0,1,3,0,0,0,19,2,0
C:\Users\user\Desktop\STUFF A LOT OF 'EM\er\Design_Pattern\king\plaf\basic\BasicInternalFrameTitlePane.java,javax.swing.plaf.basic.BasicInternalFrameTitlePane$MaximizeAction,innerclass,0,0,0,0,6,1,0,3,1,0.0,0.0,0.0,2,0,2,0,0,0,2,0,0,0,0,0,0,0,0,0,0,0,0,23,0,0,0,2,0,0,0,0,0,0,3,0,0,0,42,1,0
C:\Users\user\Desktop\STUFF A LOT OF 'EM\er\Design_Pattern\king\JWindow.java,javax.swing.JWindow,class,0,0,0,0,34,8,2,27,262,0.8888889,0.0,0.0,24,0,16,1,7,0,23,0,0,0,3,0,0,0,3,0,0,0,4,118,9,0,7,1,1,10,0,8,2,6,2,0,1,0,284,1,0
C:\Users\user\Desktop\STUFF A LOT OF 'EM\er\Design_Pattern\king\plaf\metal\MetalComboBoxButton.java,javax.swing.plaf.metal.MetalComboBoxButton,class,3,3,0,3,29,1,0,32,24,0.71666664,0.0,0.0,12,0,11,0,0,1,12,0,6,0,5,0,0,0,5,0,0,0,1,134,5,0,2,0,16,6,18,34,29,23,3,1,0,0,105,1,0
C:\Users\user\Desktop\STUFF A LOT OF 'EM\er\Design_Pattern\king\text\BoxView.java,javax.swing.text.BoxView,class,5,5,0,5,133,3,14,53,820,0.9756098,0.0,0.0,41,0,18,0,18,5,41,0,0,0,14,0,0,0,0,14,0,0,30,562,42,12,53,0,62,1,75,207,69,106,3,0,0,0,465,1,0
C:\Users\user\Desktop\STUFF A LOT OF 'EM\er\Design_Pattern\king\text\html\FormView.java,javax.swing.text.html.FormView,class,23,23,0,23,121,5,0,74,147,0.9444444,0.0,0.0,18,0,3,9,3,3,9,0,0,0,3,2,2,1,0,0,2,0,9,575,19,7,45,5,15,40,39,135,3,98,7,0,3,0,382,1,0
C:\Users\user\Desktop\STUFF A LOT OF 'EM\er\Design_Pattern\king\JOptionPane.java,javax.swing.JOptionPane$AccessibleJOptionPane,innerclass,0,0,0,0,1,5,0,0,0,0.0,NaN,NaN,1,0,1,0,0,0,1,0,0,0,0,0,0,0,0,0,0,0,0,5,1,0,0,0,0,0,0,0,0,0,0,0,0,0,66,4,0
C:\Users\user\Desktop\STUFF A LOT OF 'EM\er\Design_Pattern\king\text\AbstractDocument.java,javax.swing.text.AbstractDocument,class,9,9,0,9,162,11,2,95,1596,0.98245615,0.0,0.0,57,2,32,5,16,4,52,2,13,6,22,11,5,12,2,3,10,0,9,1226,34,14,49,16,30,19,86,137,30,96,4,2,10,0,751,1025,0
C:\Users\user\Desktop\STUFF A LOT OF 'EM\er\Design_Pattern\king\plaf\basic\BasicOptionPaneUI.java,javax.swing.plaf.basic.BasicOptionPaneUI$ListSelectionListener,innerclass,1,1,0,1,2,2,0,7,0,0.0,NaN,NaN,1,0,1,0,0,0,1,0,0,0,0,0,0,0,0,0,0,0,0,9,0,0,1,0,0,0,1,2,0,2,1,0,0,0,21,2,0
C:\Users\user\Desktop\STUFF A LOT OF 'EM\er\Design_Pattern\king\plaf\basic\BasicFormattedTextFieldUI.java,javax.swing.plaf.basic.BasicFormattedTextFieldUI,class,0,0,0,0,2,3,0,0,1,0.0,0.0,0.0,2,1,1,0,1,0,2,0,0,0,0,0,0,0,0,0,0,0,0,8,2,0,0,0,0,1,0,0,0,0,0,0,0,0,39,1,0
C:\Users\user\Desktop\STUFF A LOT OF 'EM\er\Design_Pattern\king\text\DefaultEditorKit.java,javax.swing.text.DefaultEditorKit$BeginParagraphAction,innerclass,1,1,0,1,4,2,0,6,1,0.5,0.0,0.0,2,0,1,0,0,1,2,0,0,0,1,0,0,1,0,0,0,0,0,21,0,0,1,0,0,0,0,5,0,4,2,0,0,0,35,8,0
C:\Users\user\Desktop\STUFF A LOT OF 'EM\er\Design_Pattern\king\UIManager.java,javax.swing.UIManager$LookAndFeelInfo,innerclass,0,0,0,0,4,1,0,4,2,0.5,0.0,0.0,4,0,4,0,0,0,4,0,0,0,2,0,0,2,0,0,0,0,0,17,3,0,0,0,0,3,0,2,1,2,0,0,0,0,49,9,0
C:\Users\user\Desktop\STUFF A LOT OF 'EM\er\Design_Pattern\king\LayoutFocusTraversalPolicy.java,javax.swing.LayoutFocusTraversalPolicy,class,0,0,0,0,26,4,1,21,36,0.8888889,0.0,0.0,9,0,5,2,1,1,7,0,0,0,1,1,0,1,0,0,1,0,0,80,9,1,9,0,4,4,1,9,0,8,2,0,0,0,178,1,0
C:\Users\user\Desktop\STUFF A LOT OF 'EM\er\Design_Pattern\king\plaf\basic\BasicInternalFrameUI.java,javax.swing.plaf.basic.BasicInternalFrameUI$InternalFramePropertyChangeListener,innerclass,1,1,0,1,26,1,0,22,0,0.0,NaN,NaN,1,0,1,0,0,0,1,0,0,0,0,0,0,0,0,0,0,0,0,68,0,0,12,0,3,4,0,11,0,7,3,0,0,0,43,1,0
C:\Users\user\Desktop\STUFF A LOT OF 'EM\er\Design_Pattern\king\plaf\ActionMapUIResource.java,javax.swing.plaf.ActionMapUIResource,class,0,1,1,0,1,2,0,0,0,0.0,NaN,NaN,1,0,1,0,0,0,1,0,0,0,0,0,0,0,0,0,0,0,0,4,0,0,0,0,0,0,0,0,0,0,0,0,0,0,17,1,0
C:\Users\user\Desktop\STUFF A LOT OF 'EM\er\Design_Pattern\king\text\html\HTMLDocument.java,javax.swing.text.html.HTMLDocument$HTMLReader$FormAction,innerclass,5,5,0,5,30,3,0,19,3,0.6666667,0.0,0.0,3,0,2,0,0,1,3,0,0,0,2,0,0,0,0,2,0,0,2,108,0,0,11,0,2,11,5,24,0,13,3,0,0,0,127,1,0
C:\Users\user\Desktop\STUFF A LOT OF 'EM\er\Design_Pattern\king\JComponent.java,javax.swing.JComponent$IntVector,innerclass,1,1,0,1,6,1,0,1,0,0.5,0.0,0.0,4,0,0,0,0,4,4,0,0,0,3,0,0,0,0,3,0,0,1,25,2,0,1,0,1,0,7,8,2,4,2,0,0,0,15,24,0
C:\Users\user\Desktop\STUFF A LOT OF 'EM\er\Design_Pattern\king\DefaultListCellRenderer.java,javax.swing.DefaultListCellRenderer$UIResource,innerclass,0,0,0,0,0,6,0,0,0,0.0,-1.0,-1.0,0,0,0,0,0,0,0,0,0,0,0,0,0,0,0,0,0,0,0,2,0,0,0,0,0,0,0,0,0,0,0,0,0,0,58,9,0
C:\Users\user\Desktop\STUFF A LOT OF 'EM\er\Design_Pattern\king\plaf\basic\BasicIconFactory.java,javax.swing.plaf.basic.BasicIconFactory$MenuItemArrowIcon,innerclass,0,0,0,0,3,1,0,0,3,0.0,0.0,0.0,3,0,3,0,0,0,3,0,0,0,0,0,0,0,0,0,0,0,0,10,2,0,0,0,0,0,2,0,0,0,0,0,0,0,12,10,0
C:\Users\user\Desktop\STUFF A LOT OF 'EM\er\Design_Pattern\king\tree\DefaultMutableTreeNode.java,javax.swing.tree.DefaultMutableTreeNode$PreorderEnumeration,innerclass,0,0,0,0,5,1,0,9,0,0.0,0.0,0.0,3,0,3,0,0,0,3,0,0,0,1,0,0,0,1,0,0,0,0,25,2,0,0,0,2,0,1,5,0,5,1,0,0,0,18,16,0
C:\Users\user\Desktop\STUFF A LOT OF 'EM\er\Design_Pattern\king\text\StyledEditorKit.java,javax.swing.text.StyledEditorKit$StyledTextAction,innerclass,3,3,0,3,11,3,0,12,15,0.0,0.0,0.0,6,0,1,0,5,0,6,0,5,0,0,0,0,0,0,0,0,0,0,46,4,0,1,0,0,2,0,11,2,11,1,0,0,0,144,1033,0
C:\Users\user\Desktop\STUFF A LOT OF 'EM\er\Design_Pattern\king\plaf\basic\BasicSpinnerUI.java,javax.swing.plaf.basic.BasicSpinnerUI$PropertyChangeHandler,innerclass,4,4,0,4,10,1,0,10,0,0.0,NaN,NaN,1,0,1,0,0,0,1,0,0,0,0,0,0,0,0,0,0,0,0,32,0,0,0,0,3,3,0,10,0,10,3,0,0,0,43,10,0
C:\Users\user\Desktop\STUFF A LOT OF 'EM\er\Design_Pattern\king\text\html\CSS.java,javax.swing.text.html.CSS$ShorthandBackgroundParser,innerclass,0,0,0,0,34,1,0,14,15,0.0,0.0,0.0,6,6,0,0,0,6,6,0,0,0,0,0,0,0,0,0,0,0,9,63,5,1,10,0,15,16,27,10,1,5,3,0,0,0,37,8,0
C:\Users\user\Desktop\STUFF A LOT OF 'EM\er\Design_Pattern\king\plaf\ComponentUI.java,javax.swing.plaf.ComponentUI,class,0,0,0,0,13,1,28,11,66,0.0,0.0,0.0,12,1,12,0,0,0,12,0,0,0,0,0,0,0,0,0,0,0,0,38,6,0,0,0,0,1,2,0,0,0,1,0,0,0,238,1025,0
C:\Users\user\Desktop\STUFF A LOT OF 'EM\er\Design_Pattern\king\SystemEventQueueUtilities.java,javax.swing.SystemEventQueueUtilities$Anonymous1,anonymous,0,0,0,0,1,1,0,0,0,0.0,NaN,NaN,1,0,1,0,0,0,1,0,0,0,0,0,0,0,0,0,0,0,0,5,1,0,0,0,0,1,0,0,0,0,0,0,0,0,2,-1,0
C:\Users\user\Desktop\STUFF A LOT OF 'EM\er\Design_Pattern\king\plaf\basic\BasicFileChooserUI.java,javax.swing.plaf.basic.BasicFileChooserUI,class,9,9,0,9,77,3,0,47,1140,0.9639851,0.0,0.0,49,1,29,2,15,3,47,0,0,0,51,1,0,23,28,0,1,0,0,874,40,0,20,0,4,38,11,127,0,63,2,1,12,0,241,1,0
C:\Users\user\Desktop\STUFF A LOT OF 'EM\er\Design_Pattern\king\JMenu.java,javax.swing.JMenu,class,4,4,0,4,161,13,0,100,1611,0.94490355,0.0,0.0,66,0,48,7,10,1,59,0,0,0,11,5,0,10,1,0,4,0,12,726,43,7,42,0,15,24,46,108,54,71,4,1,4,0,505,1,0
C:\Users\user\Desktop\STUFF A LOT OF 'EM\er\Design_Pattern\king\BorderFactory.java,javax.swing.BorderFactory,class,0,0,0,0,30,1,0,1,290,0.912,0.0,0.0,25,24,23,1,0,1,24,0,0,0,5,5,0,1,0,4,4,0,3,97,27,0,3,0,0,1,5,5,0,5,2,0,0,0,184,1,0
C:\Users\user\Desktop\STUFF A LOT OF 'EM\er\Design_Pattern\king\text\rtf\RTFReader.java,javax.swing.text.rtf.RTFReader$InfoDestination,innerclass,0,0,0,0,0,2,0,0,0,0.0,-1.0,-1.0,0,0,0,0,0,0,0,0,0,0,0,0,0,0,0,0,0,0,0,2,0,0,0,0,0,0,0,0,0,0,0,0,0,0,16,0,0
C:\Users\user\Desktop\STUFF A LOT OF 'EM\er\Design_Pattern\king\event\MenuListener.java,javax.swing.event.MenuListener,interface,0,0,0,0,3,1,0,0,3,0.0,0.0,0.0,3,0,0,0,0,3,3,0,0,0,0,0,0,0,0,0,0,0,0,5,0,0,0,0,0,0,0,0,0,0,0,0,0,0,18,1,0
C:\Users\user\Desktop\STUFF A LOT OF 'EM\er\Design_Pattern\king\text\html\FormView.java,javax.swing.text.html.FormView$SubmitThread,innerclass,2,2,0,2,18,2,0,28,1,0.6,0.0,0.0,6,0,5,0,0,1,6,0,0,0,5,0,0,0,0,5,0,0,0,98,4,0,6,3,0,2,1,23,1,19,3,1,0,0,112,0,0
C:\Users\user\Desktop\STUFF A LOT OF 'EM\er\Design_Pattern\king\DebugGraphics.java,javax.swing.DebugGraphics,class,3,3,0,3,260,2,0,80,262,0.9094202,0.0,0.0,69,13,57,1,0,11,68,0,1,0,11,6,4,2,0,5,5,0,100,909,33,32,40,1,56,80,149,190,118,170,4,0,0,0,257,1,0
C:\Users\user\Desktop\STUFF A LOT OF 'EM\er\Design_Pattern\king\plaf\basic\BasicComboBoxUI.java,javax.swing.plaf.basic.BasicComboBoxUI$UpAction,innerclass,1,1,0,1,3,1,0,5,0,0.0,NaN,NaN,1,0,1,0,0,0,1,0,0,0,0,0,0,0,0,0,0,0,0,11,0,0,0,0,0,0,0,2,0,2,2,0,0,0,15,8,0
C:\Users\user\Desktop\STUFF A LOT OF 'EM\er\Design_Pattern\king\plaf\basic\BasicSpinnerUI.java,javax.swing.plaf.basic.BasicSpinnerUI$ArrowButtonHandler,innerclass,7,7,0,7,51,1,0,50,30,0.6944444,0.0,0.0,12,0,6,5,0,1,7,0,0,0,3,0,0,0,0,3,2,0,2,144,5,3,16,2,11,0,8,37,0,31,5,0,0,0,168,10,0
C:\Users\user\Desktop\STUFF A LOT OF 'EM\er\Design_Pattern\king\text\html\parser\DocumentParser.java,javax.swing.text.html.parser.DocumentParser,class,4,4,0,4,45,1,0,21,0,0.5972222,0.0,0.0,9,0,2,1,6,0,8,0,0,0,8,1,0,8,0,0,1,0,0,134,0,0,22,0,4,23,4,13,8,15,4,0,0,0,198,1,0
C:\Users\user\Desktop\STUFF A LOT OF 'EM\er\Design_Pattern\king\plaf\metal\MetalSplitPaneDivider.java,javax.swing.plaf.metal.MetalSplitPaneDivider$Anonymous1,anonymous,2,2,0,2,12,1,0,16,3,0.6666667,0.0,0.0,3,0,3,0,0,0,3,0,0,0,1,0,0,0,0,1,0,0,1,48,1,4,4,0,0,0,65,11,8,10,5,0,0,0,31,-1,0
C:\Users\user\Desktop\STUFF A LOT OF 'EM\er\Design_Pattern\king\text\AbstractDocument.java,javax.swing.text.AbstractDocument$Anonymous1,anonymous,0,0,0,0,1,1,0,1,0,0.0,NaN,NaN,1,0,1,0,0,0,1,0,0,0,0,0,0,0,0,0,0,0,1,5,1,0,0,0,0,0,0,0,0,0,0,0,0,0,5,-1,0
C:\Users\user\Desktop\STUFF A LOT OF 'EM\er\Design_Pattern\king\plaf\metal\MetalSplitPaneDivider.java,javax.swing.plaf.metal.MetalSplitPaneDivider$Anonymous2,anonymous,2,2,0,2,12,1,0,16,3,0.6666667,0.0,0.0,3,0,3,0,0,0,3,0,0,0,1,0,0,0,0,1,0,0,1,48,1,4,4,0,0,0,60,11,8,10,5,0,0,0,31,-1,0
C:\Users\user\Desktop\STUFF A LOT OF 'EM\er\Design_Pattern\king\text\AbstractDocument.java,javax.swing.text.AbstractDocument$Anonymous2,anonymous,0,0,0,0,1,1,0,4,0,0.0,NaN,NaN,1,0,1,0,0,0,1,0,0,0,0,0,0,0,0,0,0,0,0,12,0,0,0,1,0,0,1,1,0,1,1,0,0,0,11,-1,0
C:\Users\user\Desktop\STUFF A LOT OF 'EM\er\Design_Pattern\king\text\html\TextAreaDocument.java,javax.swing.text.html.TextAreaDocument,class,0,0,0,0,5,1,0,4,0,0.0,0.0,0.0,2,0,0,0,0,2,2,0,0,0,1,0,0,0,0,1,0,0,0,20,0,0,1,2,0,0,3,1,0,1,2,0,0,0,49,0,0
C:\Users\user\Desktop\STUFF A LOT OF 'EM\er\Design_Pattern\king\plaf\basic\BasicTabbedPaneUI.java,javax.swing.plaf.basic.BasicTabbedPaneUI$ScrollableTabSupport,innerclass,1,1,0,1,44,1,0,15,0,0.5277778,0.0,0.0,6,0,5,0,0,1,6,0,0,0,6,0,5,1,0,0,0,0,0,117,4,0,7,0,2,7,18,24,22,19,2,0,0,0,56,2,0
C:\Users\user\Desktop\STUFF A LOT OF 'EM\er\Design_Pattern\king\event\TreeSelectionEvent.java,javax.swing.event.TreeSelectionEvent,class,1,1,0,1,15,1,0,2,0,0.475,0.0,0.0,10,0,10,0,0,0,10,0,0,0,4,0,0,0,4,0,0,0,1,55,8,1,1,0,0,2,11,13,1,7,2,0,0,0,128,1,0
C:\Users\user\Desktop\STUFF A LOT OF 'EM\er\Design_Pattern\king\plaf\basic\BasicPopupMenuUI.java,javax.swing.plaf.basic.BasicPopupMenuUI$SelectNextItemAction,innerclass,5,5,0,5,16,1,0,8,0,0.5,0.0,0.0,2,0,1,0,0,1,2,0,0,0,3,2,0,0,0,3,0,0,8,65,1,0,7,0,2,0,32,25,12,16,4,0,0,0,41,10,0
C:\Users\user\Desktop\STUFF A LOT OF 'EM\er\Design_Pattern\king\plaf\BorderUIResource.java,javax.swing.plaf.BorderUIResource$EmptyBorderUIResource,innerclass,0,0,0,0,2,3,0,0,1,0.0,0.0,0.0,2,0,2,0,0,0,2,0,0,0,0,0,0,0,0,0,0,0,0,8,0,0,0,0,0,0,0,0,0,0,0,0,0,0,8,9,0
C:\Users\user\Desktop\STUFF A LOT OF 'EM\er\Design_Pattern\king\SwingUtilities.java,javax.swing.SwingUtilities,class,2,2,0,2,317,1,0,109,1709,0.98870057,0.0,0.0,59,58,44,4,0,11,55,0,2,0,3,3,0,3,0,0,1,0,38,912,77,20,87,2,166,9,97,262,179,97,8,2,0,0,579,1,0
C:\Users\user\Desktop\STUFF A LOT OF 'EM\er\Design_Pattern\king\event\TreeSelectionListener.java,javax.swing.event.TreeSelectionListener,interface,0,0,0,0,1,1,0,0,0,0.0,NaN,NaN,1,0,0,0,0,1,1,0,0,0,0,0,0,0,0,0,0,0,0,3,0,0,0,0,0,0,0,0,0,0,0,0,0,0,42,1,0
C:\Users\user\Desktop\STUFF A LOT OF 'EM\er\Design_Pattern\king\plaf\basic\BasicViewportUI.java,javax.swing.plaf.basic.BasicViewportUI,class,0,0,0,0,6,1,0,4,10,0.8,0.0,0.0,5,1,3,0,2,0,5,0,0,0,1,1,0,1,0,0,0,0,0,21,1,0,1,0,0,3,0,1,0,1,1,0,0,0,16,1,0
C:\Users\user\Desktop\STUFF A LOT OF 'EM\er\Design_Pattern\king\plaf\basic\BasicTreeUI.java,javax.swing.plaf.basic.BasicTreeUI$TreeDragGestureRecognizer,innerclass,2,2,0,2,5,2,0,8,0,0.0,NaN,NaN,1,0,0,0,1,0,1,0,0,0,0,0,0,0,0,0,0,0,0,15,2,0,1,0,1,0,0,3,0,3,3,0,0,0,49,8,0
C:\Users\user\Desktop\STUFF A LOT OF 'EM\er\Design_Pattern\king\BoxLayout.java,javax.swing.BoxLayout,class,1,1,0,1,34,1,0,26,93,0.89696974,0.0,0.0,15,0,11,1,0,3,14,0,0,3,11,4,4,7,0,0,4,0,16,168,6,3,13,0,1,4,13,59,12,39,3,0,0,0,298,1,0
C:\Users\user\Desktop\STUFF A LOT OF 'EM\er\Design_Pattern\king\SizeSequence.java,javax.swing.SizeSequence,class,1,1,0,1,31,1,0,10,0,0.5882353,0.0,0.0,17,0,12,5,0,0,12,0,0,0,2,1,0,2,0,0,0,0,0,125,15,5,1,0,5,0,24,32,30,21,1,0,0,0,264,1,0
C:\Users\user\Desktop\STUFF A LOT OF 'EM\er\Design_Pattern\king\text\html\NoFramesView.java,javax.swing.text.html.NoFramesView,class,1,1,0,1,17,5,0,10,28,0.875,0.0,0.0,8,0,7,0,1,0,8,0,0,0,1,0,0,0,0,1,0,0,0,53,9,0,4,0,3,0,3,5,0,3,2,0,0,0,130,0,0
C:\Users\user\Desktop\STUFF A LOT OF 'EM\er\Design_Pattern\king\JFormattedTextField.java,javax.swing.JFormattedTextField,class,6,6,0,6,68,11,0,52,350,0.93509114,0.0,0.0,29,0,18,7,4,0,22,0,0,0,17,6,4,13,0,0,6,0,5,377,15,2,26,0,3,7,7,38,2,35,4,0,6,0,420,1,0
C:\Users\user\Desktop\STUFF A LOT OF 'EM\er\Design_Pattern\king\plaf\basic\BasicRadioButtonUI.java,javax.swing.plaf.basic.BasicRadioButtonUI,class,5,5,0,5,34,4,1,46,16,0.75,0.0,0.0,8,1,4,0,4,0,8,0,0,1,12,10,0,11,1,0,2,0,4,137,5,0,10,0,2,3,16,73,14,33,4,0,0,0,69,1,0
C:\Users\user\Desktop\STUFF A LOT OF 'EM\er\Design_Pattern\king\text\StyleConstants.java,javax.swing.text.StyleConstants$FontConstants,innerclass,2,2,0,2,1,2,0,0,0,1.0,-1.0,-1.0,1,0,0,1,0,0,0,0,0,0,4,4,4,0,0,0,4,0,0,9,0,0,0,0,0,4,0,4,0,4,0,0,0,0,32,9,0
C:\Users\user\Desktop\STUFF A LOT OF 'EM\er\Design_Pattern\king\plaf\basic\BasicSplitPaneUI.java,javax.swing.plaf.basic.BasicSplitPaneUI$KeyboardUpLeftHandler,innerclass,0,0,0,0,2,1,0,4,0,0.0,NaN,NaN,1,0,1,0,0,0,1,0,0,0,0,0,0,0,0,0,0,0,1,7,0,0,0,0,0,0,1,0,1,0,1,0,0,0,48,1,0
C:\Users\user\Desktop\STUFF A LOT OF 'EM\er\Design_Pattern\king\text\html\HTMLDocument.java,javax.swing.text.html.HTMLDocument$HTMLReader$ConvertAction,innerclass,0,0,0,0,22,2,0,13,1,0.0,0.0,0.0,2,0,2,0,0,0,2,0,0,0,0,0,0,0,0,0,0,0,0,71,1,0,15,0,4,10,0,19,4,13,3,0,0,0,59,0,0
C:\Users\user\Desktop\STUFF A LOT OF 'EM\er\Design_Pattern\king\table\DefaultTableColumnModel.java,javax.swing.table.DefaultTableColumnModel,class,7,7,0,7,75,1,0,50,344,0.8660714,0.0,0.0,32,0,24,1,7,0,31,0,0,0,7,0,0,0,7,0,0,0,1,245,20,10,23,0,13,7,48,48,14,38,3,0,0,0,293,1,0
C:\Users\user\Desktop\STUFF A LOT OF 'EM\er\Design_Pattern\king\plaf\basic\BasicSplitPaneDivider.java,javax.swing.plaf.basic.BasicSplitPaneDivider,class,1,1,0,1,39,5,0,45,101,0.8925926,0.0,0.0,18,0,12,0,6,0,18,0,0,0,15,5,0,1,11,3,5,0,3,518,10,0,17,0,2,1,7,23,0,21,3,2,5,0,222,1,0
C:\Users\user\Desktop\STUFF A LOT OF 'EM\er\Design_Pattern\king\plaf\basic\BasicSplitPaneDivider.java,javax.swing.plaf.basic.BasicSplitPaneDivider$OneTouchActionHandler,innerclass,0,0,0,0,10,1,0,9,0,0.0,0.0,0.0,2,0,1,0,0,1,2,0,0,0,1,0,0,1,0,0,0,0,0,36,0,0,5,0,2,0,0,12,4,5,3,0,0,0,42,2,0
C:\Users\user\Desktop\STUFF A LOT OF 'EM\er\Design_Pattern\king\plaf\multi\MultiTreeUI.java,javax.swing.plaf.multi.MultiTreeUI,class,2,2,0,2,42,2,0,24,0,0.0,0.0,0.0,22,1,22,0,0,0,22,0,0,0,1,0,0,0,1,0,0,0,1,138,16,20,0,0,69,0,34,36,0,36,1,0,0,0,104,1,0
C:\Users\user\Desktop\STUFF A LOT OF 'EM\er\Design_Pattern\king\text\html\HTMLDocument.java,javax.swing.text.html.HTMLDocument$HTMLReader$BaseAction,innerclass,0,0,0,0,3,2,0,2,0,0.0,NaN,NaN,1,0,1,0,0,0,1,0,0,0,0,0,0,0,0,0,0,0,0,14,0,0,1,1,0,0,0,3,0,2,2,0,0,0,20,0,0
C:\Users\user\Desktop\STUFF A LOT OF 'EM\er\Design_Pattern\king\plaf\basic\BasicTreeUI.java,javax.swing.plaf.basic.BasicTreeUI$TreeTransferHandler,innerclass,1,1,0,1,12,2,0,18,4,0.4,0.0,0.0,5,0,2,0,1,2,5,0,0,0,1,0,0,1,0,0,0,0,1,58,7,3,3,0,0,5,5,24,4,22,2,0,0,0,88,8,0
C:\Users\user\Desktop\STUFF A LOT OF 'EM\er\Design_Pattern\king\text\html\FormView.java,javax.swing.text.html.FormView$BrowseFileAction,innerclass,1,1,0,1,6,1,0,8,0,0.25,0.0,0.0,2,0,1,0,0,1,2,0,0,0,2,0,0,2,0,0,0,0,0,25,0,0,2,1,0,0,3,4,0,4,4,0,0,0,52,2,0
C:\Users\user\Desktop\STUFF A LOT OF 'EM\er\Design_Pattern\king\text\html\CSS.java,javax.swing.text.html.CSS$CssValue,innerclass,0,0,0,0,5,1,0,1,10,0.8,0.0,0.0,5,0,1,0,0,4,5,0,0,0,1,0,0,0,0,1,0,0,0,18,5,0,0,0,0,0,0,0,0,1,0,0,0,0,103,8,0
C:\Users\user\Desktop\STUFF A LOT OF 'EM\er\Design_Pattern\king\text\StyleContext.java,javax.swing.text.StyleContext$SmallAttributeSet,innerclass,1,1,0,1,35,1,0,14,136,0.9411765,0.0,0.0,17,0,15,1,0,1,16,0,0,0,2,0,0,0,0,2,0,0,0,123,19,7,7,0,4,7,20,41,10,25,2,0,0,0,108,1,0
C:\Users\user\Desktop\STUFF A LOT OF 'EM\er\Design_Pattern\king\text\DefaultFormatter.java,javax.swing.text.DefaultFormatter$ReplaceHolder,innerclass,0,0,0,0,1,1,0,0,0,0.0,NaN,NaN,1,0,0,0,0,1,1,0,0,0,7,0,0,0,0,7,0,0,0,18,0,0,0,0,0,0,1,7,0,7,0,0,0,0,51,8,0
C:\Users\user\Desktop\STUFF A LOT OF 'EM\er\Design_Pattern\king\event\ListDataEvent.java,javax.swing.event.ListDataEvent,class,0,0,0,0,5,1,0,2,0,0.5,0.0,0.0,5,0,5,0,0,0,5,0,0,0,6,3,3,3,0,0,3,0,0,26,4,0,0,0,0,4,3,6,1,6,0,0,0,0,123,1,0
C:\Users\user\Desktop\STUFF A LOT OF 'EM\er\Design_Pattern\king\plaf\basic\BasicBorders.java,javax.swing.plaf.basic.BasicBorders$RolloverButtonBorder,innerclass,2,2,0,2,11,3,0,13,1,0.0,0.0,0.0,2,0,2,0,0,0,2,0,0,0,0,0,0,0,0,0,0,0,0,34,0,0,1,0,2,0,24,6,16,5,2,0,0,0,29,9,0
C:\Users\user\Desktop\STUFF A LOT OF 'EM\er\Design_Pattern\king\text\html\parser\Entity.java,javax.swing.text.html.parser.Entity,class,1,1,0,1,12,1,0,3,6,0.65625,0.0,0.0,8,1,8,0,0,0,9,0,0,0,4,1,3,0,0,1,0,0,0,44,7,0,3,0,3,9,4,5,0,5,0,0,0,0,80,17,0
C:\Users\user\Desktop\STUFF A LOT OF 'EM\er\Design_Pattern\king\plaf\basic\BasicSplitPaneDivider.java,javax.swing.plaf.basic.BasicSplitPaneDivider$Anonymous1,anonymous,1,1,0,1,5,1,0,10,3,0.0,0.0,0.0,3,0,3,0,0,0,3,0,0,0,0,0,0,0,0,0,0,0,2,35,1,0,2,0,0,0,24,16,2,3,2,0,0,0,21,-1,0
C:\Users\user\Desktop\STUFF A LOT OF 'EM\er\Design_Pattern\king\plaf\basic\BasicSplitPaneDivider.java,javax.swing.plaf.basic.BasicSplitPaneDivider$Anonymous2,anonymous,1,1,0,1,5,1,0,9,3,0.0,0.0,0.0,3,0,3,0,0,0,3,0,0,0,0,0,0,0,0,0,0,0,2,34,1,0,2,0,0,0,23,16,2,3,2,0,0,0,21,-1,0
C:\Users\user\Desktop\STUFF A LOT OF 'EM\er\Design_Pattern\king\plaf\metal\MetalTitlePane.java,javax.swing.plaf.metal.MetalTitlePane$MaximizeAction,innerclass,0,0,0,0,2,1,0,3,1,0.0,0.0,0.0,2,0,2,0,0,0,2,0,0,0,0,0,0,0,0,0,0,0,0,8,0,0,0,0,0,1,0,0,0,0,0,0,0,0,13,2,0
C:\Users\user\Desktop\STUFF A LOT OF 'EM\er\Design_Pattern\king\plaf\basic\BasicToolBarUI.java,javax.swing.plaf.basic.BasicToolBarUI$FrameListener,innerclass,0,0,0,0,8,2,0,15,0,0.0,NaN,NaN,1,0,1,0,0,0,1,0,0,0,0,0,0,0,0,0,0,0,0,22,0,0,6,0,1,0,0,6,0,3,2,0,0,0,31,4,0
C:\Users\user\Desktop\STUFF A LOT OF 'EM\er\Design_Pattern\king\text\DefaultEditorKit.java,javax.swing.text.DefaultEditorKit$NextWordAction,innerclass,1,1,0,1,7,2,0,9,1,0.5,0.0,0.0,2,0,1,0,0,1,2,0,0,0,1,0,0,1,0,0,0,0,0,37,0,0,2,1,0,0,0,8,0,5,3,0,0,0,41,8,0
C:\Users\user\Desktop\STUFF A LOT OF 'EM\er\Design_Pattern\king\plaf\basic\BasicListUI.java,javax.swing.plaf.basic.BasicListUI$PageUpAction,innerclass,1,1,0,1,4,2,0,9,3,0.0,0.0,0.0,3,0,0,0,3,0,3,0,0,0,0,0,0,0,0,0,0,0,1,21,1,0,1,0,0,0,1,8,1,5,1,0,0,0,28,10,0
C:\Users\user\Desktop\STUFF A LOT OF 'EM\er\Design_Pattern\king\ToolTipManager.java,javax.swing.ToolTipManager,class,11,11,0,11,123,3,0,65,291,0.88055557,0.0,0.0,30,2,18,8,0,4,22,0,0,0,20,1,0,8,2,10,1,0,2,498,22,4,41,0,24,6,23,119,27,59,4,3,4,0,289,1,0
C:\Users\user\Desktop\STUFF A LOT OF 'EM\er\Design_Pattern\king\event\MouseInputListener.java,javax.swing.event.MouseInputListener,interface,0,0,0,0,0,1,0,0,0,0.0,-1.0,-1.0,0,0,0,0,0,0,0,0,0,0,0,0,0,0,0,0,0,0,0,2,0,0,0,0,0,0,0,0,0,0,0,0,0,0,15,1,0
C:\Users\user\Desktop\STUFF A LOT OF 'EM\er\Design_Pattern\king\TransferHandler.java,javax.swing.TransferHandler$SwingDragGestureRecognizer,innerclass,0,0,0,0,4,2,0,6,6,0.0,0.0,0.0,4,0,0,0,2,2,4,0,0,0,0,0,0,0,0,0,0,0,1,15,0,0,0,0,0,0,0,0,0,0,0,0,0,0,30,10,0
C:\Users\user\Desktop\STUFF A LOT OF 'EM\er\Design_Pattern\king\tree\MutableTreeNode.java,javax.swing.tree.MutableTreeNode,interface,0,0,0,0,6,1,0,0,15,0.0,0.0,0.0,6,0,0,0,0,6,6,0,0,0,0,0,0,0,0,0,0,0,0,8,0,0,0,0,0,0,0,0,0,0,0,0,0,0,54,1,0
C:\Users\user\Desktop\STUFF A LOT OF 'EM\er\Design_Pattern\king\tree\DefaultMutableTreeNode.java,javax.swing.tree.DefaultMutableTreeNode,class,0,0,0,0,136,1,6,45,1394,0.9071428,0.0,0.0,56,0,53,2,1,0,54,0,0,0,5,1,1,0,4,0,1,0,0,627,64,10,61,1,9,19,33,78,9,46,4,1,4,0,428,1,0
C:\Users\user\Desktop\STUFF A LOT OF 'EM\er\Design_Pattern\king\plaf\basic\BasicFileChooserUI.java,javax.swing.plaf.basic.BasicFileChooserUI$UpdateAction,innerclass,1,1,0,1,1,1,0,6,0,0.0,NaN,NaN,1,0,1,0,0,0,1,0,0,0,0,0,0,0,0,0,0,0,0,7,0,0,0,0,0,0,0,1,0,1,0,0,0,0,20,4,0
C:\Users\user\Desktop\STUFF A LOT OF 'EM\er\Design_Pattern\king\text\html\HTMLDocument.java,javax.swing.text.html.HTMLDocument,class,10,10,0,10,161,9,2,93,1709,0.98044336,0.0,0.0,59,3,25,13,8,13,47,0,2,0,13,7,1,7,0,5,4,0,5,1889,36,10,49,4,16,21,53,125,30,101,5,0,7,0,608,1,0
C:\Users\user\Desktop\STUFF A LOT OF 'EM\er\Design_Pattern\king\table\DefaultTableCellRenderer.java,javax.swing.table.DefaultTableCellRenderer,class,0,0,0,0,23,2,4,26,72,0.8461539,0.0,0.0,13,0,11,0,2,0,13,0,0,0,3,1,0,2,1,0,0,0,0,75,2,0,7,0,5,5,4,7,0,6,2,0,1,0,201,1,0
C:\Users\user\Desktop\STUFF A LOT OF 'EM\er\Design_Pattern\king\JTextField.java,javax.swing.JTextField$NotifyAction,innerclass,1,1,0,1,5,3,0,3,3,0.0,0.0,0.0,3,0,2,0,0,1,3,0,0,0,0,0,0,0,0,0,0,0,0,19,2,0,0,0,1,0,0,3,0,3,1,0,0,0,18,8,0
C:\Users\user\Desktop\STUFF A LOT OF 'EM\er\Design_Pattern\king\text\JTextComponent.java,javax.swing.text.JTextComponent$AccessibleJTextComponent,innerclass,4,4,0,4,107,6,0,76,701,0.94736844,0.0,0.0,38,0,33,4,0,1,34,0,0,0,2,0,0,0,0,2,0,0,7,420,45,2,20,9,9,0,20,72,21,50,5,4,1,0,329,1,0
C:\Users\user\Desktop\STUFF A LOT OF 'EM\er\Design_Pattern\king\plaf\basic\BasicScrollPaneUI.java,javax.swing.plaf.basic.BasicScrollPaneUI$PropertyChangeHandler,innerclass,2,2,0,2,9,1,0,16,0,0.0,NaN,NaN,1,0,1,0,0,0,1,0,0,0,0,0,0,0,0,0,0,0,0,35,0,0,0,0,0,9,0,3,0,3,1,0,0,0,25,1,0
C:\Users\user\Desktop\STUFF A LOT OF 'EM\er\Design_Pattern\king\LookAndFeel.java,javax.swing.LookAndFeel$Anonymous1$Anonymous2,anonymous,1,1,0,1,4,1,0,8,0,0.0,NaN,NaN,1,0,1,0,0,0,1,0,0,0,0,0,0,0,0,0,0,0,0,24,2,1,1,1,1,0,8,6,0,4,2,0,0,0,18,-1,0
C:\Users\user\Desktop\STUFF A LOT OF 'EM\er\Design_Pattern\king\plaf\basic\BasicFileChooserUI.java,javax.swing.plaf.basic.BasicFileChooserUI$Anonymous1,anonymous,0,0,0,0,2,1,0,3,1,0.0,0.0,0.0,2,0,2,0,0,0,2,0,0,0,0,0,0,0,0,0,0,0,0,8,1,0,0,0,0,0,0,0,0,0,0,0,0,0,10,-1,0
C:\Users\user\Desktop\STUFF A LOT OF 'EM\er\Design_Pattern\king\plaf\DesktopIconUI.java,javax.swing.plaf.DesktopIconUI,class,0,0,0,0,0,2,0,0,0,0.0,-1.0,-1.0,0,0,0,0,0,0,0,0,0,0,0,0,0,0,0,0,0,0,0,2,0,0,0,0,0,0,0,0,0,0,0,0,0,0,11,1025,0
C:\Users\user\Desktop\STUFF A LOT OF 'EM\er\Design_Pattern\king\text\TabableView.java,javax.swing.text.TabableView,interface,0,0,0,0,2,1,0,0,1,0.0,0.0,0.0,2,0,0,0,0,2,2,0,0,0,0,0,0,0,0,0,0,0,0,4,0,0,0,0,0,0,0,0,0,0,0,0,0,0,96,1,0
C:\Users\user\Desktop\STUFF A LOT OF 'EM\er\Design_Pattern\king\text\TableView.java,javax.swing.text.TableView$TableCell,innerclass,0,0,0,0,6,2,0,0,15,0.8333333,0.0,0.0,6,0,6,0,0,0,6,0,0,0,2,0,0,0,0,2,0,0,0,23,4,0,0,0,0,0,2,2,0,2,0,0,0,0,43,1,0
C:\Users\user\Desktop\STUFF A LOT OF 'EM\er\Design_Pattern\king\table\TableCellEditor.java,javax.swing.table.TableCellEditor,interface,0,0,0,0,1,1,0,0,0,0.0,NaN,NaN,1,0,0,0,0,1,1,0,0,0,0,0,0,0,0,0,0,0,0,3,0,0,0,0,0,0,0,0,0,0,0,0,0,0,79,1,0
C:\Users\user\Desktop\STUFF A LOT OF 'EM\er\Design_Pattern\king\text\DefaultEditorKit.java,javax.swing.text.DefaultEditorKit$DeleteNextCharAction,innerclass,1,1,0,1,13,2,0,14,1,0.0,0.0,0.0,2,0,1,0,0,1,2,0,0,0,0,0,0,0,0,0,0,0,2,39,0,0,2,1,2,0,6,13,2,10,5,0,0,0,38,8,0
C:\Users\user\Desktop\STUFF A LOT OF 'EM\er\Design_Pattern\king\plaf\basic\BasicComboPopup.java,javax.swing.plaf.basic.BasicComboPopup$ListMouseMotionHandler,innerclass,0,0,0,0,2,2,0,4,0,0.0,NaN,NaN,1,0,1,0,0,0,1,0,0,0,0,0,0,0,0,0,0,0,0,10,0,0,0,0,0,0,0,2,0,2,1,0,0,0,36,4,0
C:\Users\user\Desktop\STUFF A LOT OF 'EM\er\Design_Pattern\king\plaf\basic\BasicTabbedPaneUI.java,javax.swing.plaf.basic.BasicTabbedPaneUI$TabbedPaneLayout,innerclass,0,0,0,0,97,1,0,48,91,0.0,0.0,0.0,14,0,6,0,8,0,14,0,0,0,0,0,0,0,0,0,0,0,9,409,6,15,24,0,21,0,83,196,100,91,4,0,0,0,144,1,0
C:\Users\user\Desktop\STUFF A LOT OF 'EM\er\Design_Pattern\king\text\StringContent.java,javax.swing.text.StringContent,class,4,4,0,4,39,1,0,14,91,0.9285714,0.0,0.0,14,0,8,0,2,4,14,0,0,2,4,1,0,3,0,1,1,0,8,261,6,4,5,0,3,4,29,45,14,27,2,0,5,0,197,17,0
C:\Users\user\Desktop\STUFF A LOT OF 'EM\er\Design_Pattern\king\JTextPane.java,javax.swing.JTextPane,class,7,7,0,7,43,6,0,49,298,0.92,0.0,0.0,25,0,20,2,3,0,23,0,2,0,1,1,0,1,0,0,1,0,4,160,14,0,10,1,1,5,2,24,4,24,4,0,0,0,345,1,0
C:\Users\user\Desktop\STUFF A LOT OF 'EM\er\Design_Pattern\king\JToolTip.java,javax.swing.JToolTip,class,1,1,0,1,17,8,0,12,56,0.8055555,0.0,0.0,12,0,9,1,1,1,11,0,0,0,3,1,0,1,0,2,1,0,2,70,7,0,4,0,1,5,1,8,1,7,2,0,1,0,190,1,0
C:\Users\user\Desktop\STUFF A LOT OF 'EM\er\Design_Pattern\king\text\html\HTMLDocument.java,javax.swing.text.html.HTMLDocument$HTMLReader$IsindexAction,innerclass,1,1,0,1,1,2,0,3,0,0.0,NaN,NaN,1,0,1,0,0,0,1,0,0,0,0,0,0,0,0,0,0,0,0,7,0,0,0,0,0,0,0,0,0,0,0,0,0,0,15,1,0
C:\Users\user\Desktop\STUFF A LOT OF 'EM\er\Design_Pattern\king\text\html\AccessibleHTML.java,javax.swing.text.html.AccessibleHTML$PropertyChangeHandler,innerclass,0,0,0,0,2,1,0,4,0,0.0,NaN,NaN,1,0,1,0,0,0,1,0,0,0,0,0,0,0,0,0,0,0,0,7,0,0,0,0,0,1,0,0,0,0,1,0,0,0,9,2,0
C:\Users\user\Desktop\STUFF A LOT OF 'EM\er\Design_Pattern\king\JProgressBar.java,javax.swing.JProgressBar,class,3,3,0,3,71,8,0,44,614,0.9376298,0.0,0.0,37,0,32,1,4,0,36,0,0,0,13,4,0,6,7,0,4,0,3,272,17,1,25,0,13,21,9,37,7,32,3,0,2,0,399,1,0
C:\Users\user\Desktop\STUFF A LOT OF 'EM\er\Design_Pattern\king\plaf\SplitPaneUI.java,javax.swing.plaf.SplitPaneUI,class,0,0,0,0,6,2,0,0,15,0.0,0.0,0.0,6,0,6,0,0,0,6,6,0,0,0,0,0,0,0,0,0,0,0,8,0,0,0,0,0,0,0,0,0,0,0,0,0,0,51,1025,0
C:\Users\user\Desktop\STUFF A LOT OF 'EM\er\Design_Pattern\king\event\HyperlinkListener.java,javax.swing.event.HyperlinkListener,interface,0,0,0,0,1,1,0,0,0,0.0,NaN,NaN,1,0,0,0,0,1,1,0,0,0,0,0,0,0,0,0,0,0,0,3,0,0,0,0,0,0,0,0,0,0,0,0,0,0,18,1,0
C:\Users\user\Desktop\STUFF A LOT OF 'EM\er\Design_Pattern\king\ToolTipManager.java,javax.swing.ToolTipManager$MoveBeforeEnterListener,innerclass,0,0,0,0,1,2,0,1,0,0.0,NaN,NaN,1,0,1,0,0,0,1,0,0,0,0,0,0,0,0,0,0,0,0,5,0,0,0,0,0,0,0,0,0,0,0,0,0,0,14,2,0
C:\Users\user\Desktop\STUFF A LOT OF 'EM\er\Design_Pattern\king\plaf\basic\BasicRadioButtonMenuItemUI.java,javax.swing.plaf.basic.BasicRadioButtonMenuItemUI,class,1,1,0,1,10,2,0,10,3,0.0,0.0,0.0,3,1,2,0,1,0,3,0,0,0,0,0,0,0,0,0,0,0,0,25,2,1,1,0,0,1,6,5,2,4,2,0,0,0,34,1,0
C:\Users\user\Desktop\STUFF A LOT OF 'EM\er\Design_Pattern\king\plaf\basic\BasicToolBarUI.java,javax.swing.plaf.basic.BasicToolBarUI$ToolBarContListener,innerclass,0,0,0,0,5,1,0,7,1,0.0,0.0,0.0,2,0,2,0,0,0,2,0,0,0,0,0,0,0,0,0,0,0,0,21,0,0,2,0,0,0,0,2,0,2,1,0,0,0,23,4,0
C:\Users\user\Desktop\STUFF A LOT OF 'EM\er\Design_Pattern\king\plaf\basic\BasicToolBarUI.java,javax.swing.plaf.basic.BasicToolBarUI$1ToolBarDialog,innerclass,1,1,0,1,3,2,0,1,3,0.0,0.0,0.0,3,0,2,0,1,0,3,0,0,0,0,0,0,0,0,0,0,0,0,24,1,0,0,0,0,0,0,1,0,1,0,1,0,0,11,0,0
C:\Users\user\Desktop\STUFF A LOT OF 'EM\er\Design_Pattern\king\plaf\basic\BasicOptionPaneUI.java,javax.swing.plaf.basic.BasicOptionPaneUI$ButtonActionListener,innerclass,0,0,0,0,13,1,0,4,0,0.0,0.0,0.0,2,0,2,0,0,0,2,0,0,0,1,0,0,0,1,0,0,0,0,28,0,0,11,0,2,0,3,3,0,3,3,0,0,0,39,1,0
C:\Users\user\Desktop\STUFF A LOT OF 'EM\er\Design_Pattern\king\filechooser\FileSystemView.java,javax.swing.filechooser.GenericFileSystemView,class,0,0,0,0,3,2,0,5,0,0.0,NaN,NaN,1,0,1,0,0,0,1,0,0,0,1,1,0,1,0,0,1,0,0,17,1,0,1,0,0,3,0,3,1,2,1,0,0,0,28,0,0
C:\Users\user\Desktop\STUFF A LOT OF 'EM\er\Design_Pattern\king\JScrollPane.java,javax.swing.JScrollPane,class,1,1,0,1,103,12,0,52,746,0.9250871,0.0,0.0,41,0,38,1,2,0,40,0,0,0,14,1,0,3,11,0,1,0,3,428,23,0,39,0,20,44,2,72,3,48,2,0,2,0,526,1,0
C:\Users\user\Desktop\STUFF A LOT OF 'EM\er\Design_Pattern\king\text\DefaultEditorKit.java,javax.swing.text.DefaultEditorKit$EndParagraphAction,innerclass,1,1,0,1,4,2,0,9,1,0.5,0.0,0.0,2,0,1,0,0,1,2,0,0,0,1,0,0,1,0,0,0,0,1,21,0,0,1,0,0,0,0,5,0,4,2,0,0,0,35,8,0
C:\Users\user\Desktop\STUFF A LOT OF 'EM\er\Design_Pattern\king\DefaultListModel.java,javax.swing.DefaultListModel,class,0,0,0,0,38,2,1,27,0,0.0,0.0,0.0,32,0,32,0,0,0,32,0,0,0,1,0,0,1,0,0,0,0,0,136,20,1,0,0,0,0,9,11,4,11,1,0,0,0,227,1,0
C:\Users\user\Desktop\STUFF A LOT OF 'EM\er\Design_Pattern\king\text\SimpleAttributeSet.java,javax.swing.text.SimpleAttributeSet$EmptyAttributeSet,innerclass,1,1,0,1,15,1,0,2,55,0.0,0.0,0.0,11,0,11,0,0,0,11,0,0,0,0,0,0,0,0,0,0,0,1,38,12,0,4,0,6,0,5,0,0,0,1,0,0,0,31,8,0
C:\Users\user\Desktop\STUFF A LOT OF 'EM\er\Design_Pattern\king\text\html\HTMLEditorKit.java,javax.swing.text.html.HTMLEditorKit$HTMLTextAction,innerclass,3,3,0,3,15,2,0,11,21,0.0,0.0,0.0,7,0,1,1,5,0,6,0,0,0,0,0,0,0,0,0,0,0,0,55,8,2,5,0,0,2,5,13,2,8,2,0,0,0,98,1033,0
C:\Users\user\Desktop\STUFF A LOT OF 'EM\er\Design_Pattern\king\plaf\basic\BasicScrollPaneUI.java,javax.swing.plaf.basic.BasicScrollPaneUI$ScrollBarPropertyChangeHandler,innerclass,4,4,0,4,10,1,0,17,0,0.0,NaN,NaN,1,0,1,0,0,0,1,0,0,0,0,0,0,0,0,0,0,0,0,40,0,0,6,0,0,2,0,13,1,8,3,0,0,0,27,2,0
C:\Users\user\Desktop\STUFF A LOT OF 'EM\er\Design_Pattern\king\JCheckBox.java,javax.swing.JCheckBox$AccessibleJCheckBox,innerclass,0,0,0,0,1,7,0,0,0,0.0,NaN,NaN,1,0,1,0,0,0,1,0,0,0,0,0,0,0,0,0,0,0,0,5,1,0,0,0,0,0,0,0,0,0,0,0,0,0,67,4,0
C:\Users\user\Desktop\STUFF A LOT OF 'EM\er\Design_Pattern\king\text\MaskFormatter.java,javax.swing.text.MaskFormatter$LowerCaseCharacter,innerclass,0,0,0,0,2,2,0,3,1,0.0,0.0,0.0,2,0,2,0,0,0,2,0,0,0,0,0,0,0,0,0,0,0,2,8,2,0,0,0,1,0,0,0,0,0,0,0,0,0,18,2,0
C:\Users\user\Desktop\STUFF A LOT OF 'EM\er\Design_Pattern\king\text\StyledEditorKit.java,javax.swing.text.StyledEditorKit$AttributeTracker,innerclass,2,2,0,2,9,1,0,13,3,0.0,0.0,0.0,3,0,2,0,0,1,3,0,0,0,0,0,0,0,0,0,0,0,2,32,1,0,3,0,3,0,4,9,1,6,1,0,0,0,65,0,0
C:\Users\user\Desktop\STUFF A LOT OF 'EM\er\Design_Pattern\king\plaf\metal\MetalToolBarUI.java,javax.swing.plaf.metal.MetalToolBarUI,class,6,6,0,6,24,2,0,18,74,0.8461539,0.0,0.0,13,1,3,1,9,0,12,0,0,0,3,1,0,1,2,0,0,0,1,114,7,0,6,0,1,0,0,7,0,4,4,0,3,0,85,1,0
C:\Users\user\Desktop\STUFF A LOT OF 'EM\er\Design_Pattern\king\AbstractSpinnerModel.java,javax.swing.AbstractSpinnerModel,class,3,3,0,3,8,1,3,5,0,0.4,0.0,0.0,5,0,4,0,1,0,5,0,0,0,2,0,0,1,1,0,0,0,0,27,2,1,2,0,1,0,4,6,2,4,3,0,0,0,105,1025,0
C:\Users\user\Desktop\STUFF A LOT OF 'EM\er\Design_Pattern\king\tree\VariableHeightLayoutCache.java,javax.swing.tree.VariableHeightLayoutCache$VisibleTreeStateNodeEnumeration,innerclass,0,0,0,0,21,1,0,10,1,0.42857146,0.0,0.0,7,0,2,0,5,0,7,0,0,0,3,0,0,0,3,0,0,0,0,63,9,1,8,0,1,1,5,16,0,7,3,0,0,0,70,2,0
C:\Users\user\Desktop\STUFF A LOT OF 'EM\er\Design_Pattern\king\plaf\basic\BasicTextUI.java,javax.swing.plaf.basic.BasicTextUI$TextDragGestureRecognizer,innerclass,2,2,0,2,6,2,0,11,0,0.0,NaN,NaN,1,0,0,0,1,0,1,0,0,0,0,0,0,0,0,0,0,0,2,22,2,0,1,0,2,0,0,8,0,8,4,0,0,0,53,8,0
C:\Users\user\Desktop\STUFF A LOT OF 'EM\er\Design_Pattern\king\SpringLayout.java,javax.swing.SpringLayout$WidthSpring,innerclass,0,0,0,0,4,3,0,4,0,0.0,0.0,0.0,4,0,4,0,0,0,4,0,0,0,1,0,0,1,0,0,0,0,1,15,3,0,0,0,0,0,0,1,0,1,0,0,0,0,9,10,0
C:\Users\user\Desktop\STUFF A LOT OF 'EM\er\Design_Pattern\king\plaf\basic\BasicDesktopPaneUI.java,javax.swing.plaf.basic.BasicDesktopPaneUI$PreviousAction,innerclass,2,2,0,2,11,1,0,8,1,0.0,0.0,0.0,2,0,2,0,0,0,2,0,0,0,0,0,0,0,0,0,0,0,0,37,4,0,5,2,4,0,6,6,1,3,2,0,0,0,25,2,0
C:\Users\user\Desktop\STUFF A LOT OF 'EM\er\Design_Pattern\king\plaf\metal\MetalButtonUI.java,javax.swing.plaf.metal.MetalButtonUI,class,2,2,0,2,17,1,0,24,45,0.9,0.0,0.0,10,1,3,0,7,0,10,0,0,0,4,1,0,1,3,0,1,0,0,69,5,0,2,0,2,4,6,12,9,12,2,0,0,0,87,1,0
C:\Users\user\Desktop\STUFF A LOT OF 'EM\er\Design_Pattern\king\text\StyledEditorKit.java,javax.swing.text.StyledEditorKit$AlignmentAction,innerclass,1,1,0,1,6,4,0,6,1,0.5,0.0,0.0,2,0,2,0,0,0,2,0,0,0,1,0,0,1,0,0,0,0,2,24,0,0,3,1,2,0,1,6,0,5,3,0,0,0,109,9,0
C:\Users\user\Desktop\STUFF A LOT OF 'EM\er\Design_Pattern\king\PopupFactory.java,javax.swing.PopupFactory$HeadlessPopup,innerclass,0,0,0,0,4,3,0,1,6,0.0,0.0,0.0,4,1,2,0,0,2,4,0,0,0,0,0,0,0,0,0,0,0,0,14,2,0,0,0,0,0,0,1,0,1,0,0,0,0,20,10,0
C:\Users\user\Desktop\STUFF A LOT OF 'EM\er\Design_Pattern\king\plaf\basic\BasicComboPopup.java,javax.swing.plaf.basic.BasicComboPopup$PropertyChangeHandler,innerclass,3,3,0,3,12,1,0,17,0,0.0,NaN,NaN,1,0,1,0,0,0,1,0,0,0,0,0,0,0,0,0,0,0,0,38,0,0,5,0,0,4,0,6,0,6,2,0,0,0,59,4,0
C:\Users\user\Desktop\STUFF A LOT OF 'EM\er\Design_Pattern\king\plaf\multi\MultiRootPaneUI.java,javax.swing.plaf.multi.MultiRootPaneUI,class,1,1,0,1,22,2,0,14,0,0.0,0.0,0.0,12,1,12,0,0,0,12,0,0,0,1,0,0,0,1,0,0,0,1,72,8,10,0,0,33,0,16,18,0,18,1,0,0,0,93,1,0
C:\Users\user\Desktop\STUFF A LOT OF 'EM\er\Design_Pattern\king\text\DefaultStyledDocument.java,javax.swing.text.DefaultStyledDocument$ElementBuffer$ElemChanges,innerclass,0,0,0,0,2,1,0,0,1,0.5,0.0,0.0,2,0,1,0,0,1,2,0,0,0,5,0,0,0,0,5,0,0,0,17,1,0,0,0,0,3,0,5,1,5,0,0,0,0,12,0,0
C:\Users\user\Desktop\STUFF A LOT OF 'EM\er\Design_Pattern\king\plaf\multi\MultiToolBarUI.java,javax.swing.plaf.multi.MultiToolBarUI,class,1,1,0,1,22,2,0,14,0,0.0,0.0,0.0,12,1,12,0,0,0,12,0,0,0,1,0,0,0,1,0,0,0,1,72,8,10,0,0,33,0,16,18,0,18,1,0,0,0,93,1,0
C:\Users\user\Desktop\STUFF A LOT OF 'EM\er\Design_Pattern\king\plaf\metal\MetalScrollButton.java,javax.swing.plaf.metal.MetalScrollButton,class,0,0,0,0,43,2,0,19,5,0.60714287,0.0,0.0,7,0,7,0,0,0,7,0,0,0,4,2,0,4,0,0,0,0,5,215,8,4,8,0,19,2,188,48,98,26,3,0,0,0,101,1,0
C:\Users\user\Desktop\STUFF A LOT OF 'EM\er\Design_Pattern\king\tree\VariableHeightLayoutCache.java,javax.swing.tree.VariableHeightLayoutCache,class,0,0,0,0,188,3,0,88,497,0.8508772,0.0,0.0,38,0,23,15,0,0,23,0,0,0,6,0,0,6,0,0,0,0,2,878,34,10,75,1,25,0,73,97,22,74,6,0,2,0,377,1,0
C:\Users\user\Desktop\STUFF A LOT OF 'EM\er\Design_Pattern\king\text\TabStop.java,javax.swing.text.TabStop,class,0,0,0,0,16,1,0,2,0,0.79464287,0.0,0.0,8,0,8,0,0,0,8,0,0,0,14,11,11,3,0,0,11,0,2,70,8,0,5,0,4,7,11,22,2,16,1,0,0,0,140,1,0
C:\Users\user\Desktop\STUFF A LOT OF 'EM\er\Design_Pattern\king\plaf\basic\BasicInternalFrameTitlePane.java,javax.swing.plaf.basic.BasicInternalFrameTitlePane$ShowSystemMenuAction,innerclass,0,0,0,0,3,1,0,2,0,0.0,0.0,0.0,2,0,2,0,0,0,2,0,0,0,1,0,0,1,0,0,0,0,0,14,0,0,0,0,0,0,0,1,0,1,1,0,0,0,11,2,0
C:\Users\user\Desktop\STUFF A LOT OF 'EM\er\Design_Pattern\king\JComboBox.java,javax.swing.JComboBox$AccessibleJComboBox,innerclass,1,1,0,1,26,6,0,16,105,0.93333334,0.0,0.0,15,0,15,0,0,0,15,0,0,0,1,0,0,1,0,0,0,0,0,178,17,0,10,0,1,1,7,6,0,6,3,0,2,0,168,4,0
C:\Users\user\Desktop\STUFF A LOT OF 'EM\er\Design_Pattern\king\plaf\metal\MetalTitlePane.java,javax.swing.plaf.metal.MetalTitlePane$RestoreAction,innerclass,0,0,0,0,2,1,0,3,1,0.0,0.0,0.0,2,0,2,0,0,0,2,0,0,0,0,0,0,0,0,0,0,0,0,8,0,0,0,0,0,1,0,0,0,0,0,0,0,0,13,2,0
C:\Users\user\Desktop\STUFF A LOT OF 'EM\er\Design_Pattern\king\JTextField.java,javax.swing.JTextField,class,3,3,0,3,82,12,4,55,620,0.95,0.0,0.0,36,0,27,2,6,1,34,0,0,3,10,3,1,9,0,0,3,0,4,305,20,3,33,0,14,19,20,50,13,32,3,1,3,0,514,1,0
C:\Users\user\Desktop\STUFF A LOT OF 'EM\er\Design_Pattern\king\text\rtf\Constants.java,javax.swing.text.rtf.Constants,class,0,0,0,0,0,1,0,0,0,NaN,-1.0,-1.0,0,0,0,0,0,0,0,0,0,0,24,24,0,0,0,24,24,0,0,26,0,0,0,0,0,24,0,24,0,24,0,0,0,0,75,0,0
C:\Users\user\Desktop\STUFF A LOT OF 'EM\er\Design_Pattern\king\tree\TreeCellEditor.java,javax.swing.tree.TreeCellEditor,interface,0,0,0,0,1,1,0,0,0,0.0,NaN,NaN,1,0,0,0,0,1,1,0,0,0,0,0,0,0,0,0,0,0,0,3,0,0,0,0,0,0,0,0,0,0,0,0,0,0,70,1,0
C:\Users\user\Desktop\STUFF A LOT OF 'EM\er\Design_Pattern\king\SwingConstants.java,javax.swing.SwingConstants,interface,0,0,0,0,0,1,0,0,0,NaN,-1.0,-1.0,0,0,0,0,0,0,0,0,0,0,19,19,19,0,0,0,19,0,0,21,0,0,0,0,0,0,19,19,0,19,0,0,0,0,86,1,0
C:\Users\user\Desktop\STUFF A LOT OF 'EM\er\Design_Pattern\king\plaf\basic\BasicMenuBarUI.java,javax.swing.plaf.basic.BasicMenuBarUI$TakeFocus,innerclass,4,4,0,4,3,1,0,5,1,0.0,0.0,0.0,2,0,1,0,0,1,2,0,0,0,0,0,0,0,0,0,0,0,0,18,0,0,1,0,0,0,5,7,0,5,1,0,0,0,18,10,0
C:\Users\user\Desktop\STUFF A LOT OF 'EM\er\Design_Pattern\king\plaf\metal\MetalFileChooserUI.java,javax.swing.plaf.metal.MetalFileChooserUI$Anonymous12,anonymous,1,1,0,1,20,1,0,22,0,0.0,NaN,NaN,1,0,1,0,0,0,1,0,0,0,0,0,0,0,0,0,0,0,0,58,0,0,4,0,0,2,0,3,0,3,2,0,0,0,36,-1,0
C:\Users\user\Desktop\STUFF A LOT OF 'EM\er\Design_Pattern\king\plaf\metal\MetalFileChooserUI.java,javax.swing.plaf.metal.MetalFileChooserUI$Anonymous10,anonymous,1,1,0,1,1,1,0,5,0,0.0,NaN,NaN,1,0,1,0,0,0,1,0,0,0,0,0,0,0,0,0,0,0,0,7,0,0,0,0,0,0,0,1,0,1,0,0,0,0,13,-1,0
C:\Users\user\Desktop\STUFF A LOT OF 'EM\er\Design_Pattern\king\plaf\ProgressBarUI.java,javax.swing.plaf.ProgressBarUI,class,0,0,0,0,0,2,0,0,0,0.0,-1.0,-1.0,0,0,0,0,0,0,0,0,0,0,0,0,0,0,0,0,0,0,0,2,0,0,0,0,0,0,0,0,0,0,0,0,0,0,11,1025,0
C:\Users\user\Desktop\STUFF A LOT OF 'EM\er\Design_Pattern\king\TransferHandler.java,javax.swing.TransferHandler$PropertyTransferable,innerclass,0,0,0,0,10,1,0,11,6,0.75,0.0,0.0,4,0,3,0,0,1,4,0,0,0,2,0,0,0,0,2,0,0,0,41,4,0,0,2,0,4,3,11,2,8,1,0,0,0,81,8,0
C:\Users\user\Desktop\STUFF A LOT OF 'EM\er\Design_Pattern\king\plaf\metal\MetalFileChooserUI.java,javax.swing.plaf.metal.MetalFileChooserUI$Anonymous11,anonymous,3,3,0,3,24,1,0,20,0,0.0,NaN,NaN,1,0,1,0,0,0,1,0,0,0,0,0,0,0,0,0,0,0,1,55,0,1,7,0,8,0,10,16,0,12,6,0,0,0,31,-1,0
C:\Users\user\Desktop\STUFF A LOT OF 'EM\er\Design_Pattern\king\text\rtf\RTFAttributes.java,javax.swing.text.rtf.RTFAttributes,class,0,0,0,0,3,4,0,8,0,0.0,0.0,0.0,1,1,0,0,0,1,2,0,0,0,1,1,0,0,0,1,0,0,14,223,1,1,0,0,0,42,16,13,0,13,1,0,4,0,30,0,0
C:\Users\user\Desktop\STUFF A LOT OF 'EM\er\Design_Pattern\king\text\FlowView.java,javax.swing.text.FlowView$LogicalView,innerclass,2,2,0,2,20,3,0,14,66,0.0,0.0,0.0,12,0,4,0,7,1,12,0,0,0,0,0,0,0,0,0,0,0,4,78,8,2,2,0,1,0,11,25,0,15,2,0,0,0,189,8,0
C:\Users\user\Desktop\STUFF A LOT OF 'EM\er\Design_Pattern\king\JEditorPane.java,javax.swing.JEditorPane$JEditorPaneAccessibleHypertextSupport$Anonymous5,anonymous,0,0,0,0,3,1,0,0,3,0.0,0.0,0.0,3,0,3,0,0,0,3,0,0,0,0,0,0,0,0,0,0,0,0,11,0,0,0,0,0,0,0,3,0,0,0,0,0,0,10,-1,0
C:\Users\user\Desktop\STUFF A LOT OF 'EM\er\Design_Pattern\king\plaf\basic\BasicTextUI.java,javax.swing.plaf.basic.BasicTextUI$TextTransferHandler$TextTransferable,innerclass,2,2,0,2,19,2,0,12,6,0.75,0.0,0.0,4,0,0,0,2,2,4,0,0,0,5,0,0,0,0,5,0,0,0,76,8,0,5,3,3,5,4,15,6,10,3,0,0,0,97,8,0
C:\Users\user\Desktop\STUFF A LOT OF 'EM\er\Design_Pattern\king\text\html\HTMLDocument.java,javax.swing.text.html.HTMLDocument$Iterator,innerclass,0,0,0,0,6,1,0,0,15,0.0,0.0,0.0,6,0,6,0,0,0,6,6,0,0,0,0,0,0,0,0,0,0,0,8,0,0,0,0,0,0,0,0,0,0,0,0,0,0,78,1033,0
C:\Users\user\Desktop\STUFF A LOT OF 'EM\er\Design_Pattern\king\plaf\basic\BasicPopupMenuSeparatorUI.java,javax.swing.plaf.basic.BasicPopupMenuSeparatorUI,class,0,0,0,0,3,3,0,5,3,0.0,0.0,0.0,3,1,3,0,0,0,3,0,0,0,0,0,0,0,0,0,0,0,0,15,2,0,0,0,0,0,8,1,0,1,0,0,0,0,28,1,0
C:\Users\user\Desktop\STUFF A LOT OF 'EM\er\Design_Pattern\king\plaf\SpinnerUI.java,javax.swing.plaf.SpinnerUI,class,0,0,0,0,0,1,0,0,0,0.0,-1.0,-1.0,0,0,0,0,0,0,0,0,0,0,0,0,0,0,0,0,0,0,0,2,0,0,0,0,0,0,0,0,0,0,0,0,0,0,10,1025,0
C:\Users\user\Desktop\STUFF A LOT OF 'EM\er\Design_Pattern\king\JPasswordField.java,javax.swing.JPasswordField$AccessibleJPasswordField,innerclass,0,0,0,0,1,7,0,0,0,0.0,NaN,NaN,1,0,1,0,0,0,1,0,0,0,0,0,0,0,0,0,0,0,0,5,1,0,0,0,0,0,0,0,0,0,0,0,0,0,66,4,0
C:\Users\user\Desktop\STUFF A LOT OF 'EM\er\Design_Pattern\king\plaf\basic\BasicHTML.java,javax.swing.plaf.basic.BasicHTML$BasicDocument,innerclass,0,0,0,0,12,4,0,16,1,0.0,NaN,NaN,2,0,0,1,0,1,1,0,0,0,0,0,0,0,0,0,0,0,3,52,0,0,4,1,0,9,3,3,0,1,2,0,0,0,66,8,0
C:\Users\user\Desktop\STUFF A LOT OF 'EM\er\Design_Pattern\king\JList.java,javax.swing.JList,class,6,6,0,6,202,8,0,103,2738,0.9613004,0.0,0.0,76,0,70,3,3,0,73,0,0,0,17,4,3,14,0,0,4,0,9,1301,63,8,76,0,52,26,89,152,43,115,7,5,2,0,817,1,0
C:\Users\user\Desktop\STUFF A LOT OF 'EM\er\Design_Pattern\king\text\GlyphPainter2.java,javax.swing.text.GlyphPainter2,class,3,3,0,3,49,2,0,32,55,0.90909094,0.0,0.0,11,0,11,0,0,0,11,0,0,0,1,0,0,0,0,1,0,0,8,196,27,0,22,1,7,2,38,62,25,35,4,0,0,0,254,0,0
C:\Users\user\Desktop\STUFF A LOT OF 'EM\er\Design_Pattern\king\undo\UndoableEditSupport.java,javax.swing.undo.UndoableEditSupport,class,0,0,0,0,17,1,0,13,8,0.6041666,0.0,0.0,12,0,10,0,2,0,12,0,0,6,4,0,0,0,4,0,0,0,0,62,4,1,4,0,3,3,5,8,1,6,1,0,0,0,108,1,0
C:\Users\user\Desktop\STUFF A LOT OF 'EM\er\Design_Pattern\king\text\GlyphPainter1.java,javax.swing.text.GlyphPainter1,class,3,3,0,3,20,2,0,21,36,0.8888889,0.0,0.0,9,0,8,0,0,1,9,0,0,0,1,0,0,0,0,1,0,0,1,98,8,0,5,0,8,1,3,34,7,30,2,0,0,0,188,0,0
C:\Users\user\Desktop\STUFF A LOT OF 'EM\er\Design_Pattern\king\text\DefaultEditorKit.java,javax.swing.text.DefaultEditorKit$PreviousWordAction,innerclass,1,1,0,1,7,2,0,7,1,0.5,0.0,0.0,2,0,1,0,0,1,2,0,0,0,1,0,0,1,0,0,0,0,0,36,0,0,2,1,0,0,2,7,0,4,3,0,0,0,40,8,0
C:\Users\user\Desktop\STUFF A LOT OF 'EM\er\Design_Pattern\king\text\html\AccessibleHTML.java,javax.swing.text.html.AccessibleHTML$HTMLAccessibleContext,innerclass,0,0,0,0,60,2,0,37,600,0.8333333,0.0,0.0,36,0,35,1,0,0,35,0,0,0,1,0,0,0,1,0,0,0,0,185,33,1,14,0,1,0,2,15,2,15,4,0,0,0,217,1028,0
C:\Users\user\Desktop\STUFF A LOT OF 'EM\er\Design_Pattern\king\plaf\basic\BasicSplitPaneUI.java,javax.swing.plaf.basic.BasicSplitPaneUI$KeyboardDownRightAction,innerclass,1,1,0,1,2,1,0,5,0,0.0,NaN,NaN,1,0,1,0,0,0,1,0,0,0,0,0,0,0,0,0,0,0,0,9,0,0,0,0,0,0,0,2,1,2,1,0,0,0,17,8,0
C:\Users\user\Desktop\STUFF A LOT OF 'EM\er\Design_Pattern\king\text\LayoutQueue.java,javax.swing.text.LayoutQueue$LayoutThread,innerclass,0,0,0,0,4,2,0,3,1,0.0,0.0,0.0,2,0,1,0,0,1,2,0,0,0,0,0,0,0,0,0,0,0,0,16,0,1,2,0,0,1,0,1,0,1,2,0,0,0,18,0,0
C:\Users\user\Desktop\STUFF A LOT OF 'EM\er\Design_Pattern\king\plaf\metal\MetalFileChooserUI.java,javax.swing.plaf.metal.MetalFileChooserUI$FilterComboBoxRenderer,innerclass,1,1,0,1,3,1,0,3,0,0.0,NaN,NaN,1,0,1,0,0,0,1,0,0,0,0,0,0,0,0,0,0,0,0,9,1,0,1,0,1,0,0,0,0,0,1,0,0,0,24,1,0
C:\Users\user\Desktop\STUFF A LOT OF 'EM\er\Design_Pattern\king\table\JTableHeader.java,javax.swing.table.JTableHeader$AccessibleJTableHeader$AccessibleJTableHeaderEntry,innerclass,0,0,0,0,122,2,0,81,1096,0.90972215,0.0,0.0,48,0,46,2,0,0,46,0,0,0,3,0,0,3,0,0,0,0,0,518,69,0,43,0,28,2,7,78,0,75,3,0,0,0,114,4,0
C:\Users\user\Desktop\STUFF A LOT OF 'EM\er\Design_Pattern\king\text\DefaultEditorKit.java,javax.swing.text.DefaultEditorKit$BeepAction,innerclass,1,1,0,1,2,2,0,3,1,0.0,0.0,0.0,2,0,2,0,0,0,2,0,0,0,0,0,0,0,0,0,0,0,0,9,0,0,0,0,0,0,0,1,0,1,0,0,0,0,61,9,0
C:\Users\user\Desktop\STUFF A LOT OF 'EM\er\Design_Pattern\king\plaf\basic\BasicTableUI.java,javax.swing.plaf.basic.BasicTableUI$MouseInputHandler,innerclass,1,1,0,1,30,1,0,29,58,0.7916666,0.0,0.0,12,0,7,4,0,1,8,0,0,0,2,0,0,2,0,0,0,0,0,94,9,0,8,0,7,0,4,17,0,15,2,0,0,0,63,1,0
C:\Users\user\Desktop\STUFF A LOT OF 'EM\er\Design_Pattern\king\text\html\HTMLEditorKit.java,javax.swing.text.html.HTMLEditorKit$ParserCallback,innerclass,1,1,0,1,8,1,0,0,28,1.0,0.0,0.0,8,0,8,0,0,0,8,0,0,0,1,1,1,0,0,0,1,0,0,19,0,0,0,0,0,1,0,1,0,1,0,0,0,0,94,9,0
C:\Users\user\Desktop\STUFF A LOT OF 'EM\er\Design_Pattern\king\plaf\basic\BasicListUI.java,javax.swing.plaf.basic.BasicListUI$SelectAllAction,innerclass,2,2,0,2,5,1,0,9,1,0.0,NaN,NaN,2,0,1,1,0,0,1,0,0,0,0,0,0,0,0,0,0,0,0,21,0,0,2,0,0,0,6,3,1,3,3,0,0,0,22,10,0
C:\Users\user\Desktop\STUFF A LOT OF 'EM\er\Design_Pattern\king\ButtonModel.java,javax.swing.ButtonModel,interface,0,0,0,0,21,1,0,0,210,0.0,0.0,0.0,21,0,10,0,0,11,21,0,0,0,0,0,0,0,0,0,0,0,0,23,0,0,0,0,0,0,0,0,0,0,0,0,0,0,158,1,0
C:\Users\user\Desktop\STUFF A LOT OF 'EM\er\Design_Pattern\king\plaf\basic\BasicInternalFrameTitlePane.java,javax.swing.plaf.basic.BasicInternalFrameTitlePane,class,8,8,0,8,55,1,0,67,155,0.8962133,0.0,0.0,23,0,2,0,20,1,23,0,0,0,31,6,0,4,27,0,6,0,2,494,8,1,19,1,3,25,20,61,9,47,4,0,11,0,191,1,0
C:\Users\user\Desktop\STUFF A LOT OF 'EM\er\Design_Pattern\king\plaf\basic\BasicToolTipUI.java,javax.swing.plaf.basic.BasicToolTipUI$PropertyChangeHandler,innerclass,1,1,0,1,6,1,0,7,0,0.0,NaN,NaN,1,0,1,0,0,0,1,0,0,0,0,0,0,0,0,0,0,0,0,16,0,0,0,0,3,4,0,4,0,4,2,0,0,0,16,10,0
C:\Users\user\Desktop\STUFF A LOT OF 'EM\er\Design_Pattern\king\text\JTextComponent.java,javax.swing.text.JTextComponent$AccessibleJTextComponent$IndexedSegment,innerclass,0,0,0,0,0,2,0,0,0,NaN,-1.0,-1.0,0,0,0,0,0,0,0,0,0,0,1,0,1,0,0,0,0,0,0,3,0,0,0,0,0,0,0,0,0,1,0,0,0,0,13,2,0
C:\Users\user\Desktop\STUFF A LOT OF 'EM\er\Design_Pattern\king\plaf\basic\BasicBorders.java,javax.swing.plaf.basic.BasicBorders,class,2,2,0,2,9,13,0,3,36,0.0,0.0,0.0,9,9,9,0,0,0,9,0,0,0,0,0,0,0,0,0,0,0,0,389,9,0,0,0,0,27,2,18,0,18,0,0,10,0,50,1,0
C:\Users\user\Desktop\STUFF A LOT OF 'EM\er\Design_Pattern\king\plaf\ColorUIResource.java,javax.swing.plaf.ColorUIResource,class,0,0,0,0,4,2,0,3,6,0.0,0.0,0.0,4,0,4,0,0,0,4,0,0,0,0,0,0,0,0,0,0,0,0,14,0,0,0,0,0,0,0,0,0,0,0,0,0,0,7,1,0
C:\Users\user\Desktop\STUFF A LOT OF 'EM\er\Design_Pattern\king\plaf\metal\MetalBorders.java,javax.swing.plaf.metal.MetalBorders$MenuItemBorder,innerclass,4,4,0,4,9,2,0,11,1,0.33333334,0.0,0.0,3,0,3,0,0,0,3,0,0,0,1,1,0,0,1,0,0,0,0,43,2,0,0,0,1,0,36,7,15,3,2,0,0,0,24,9,0
C:\Users\user\Desktop\STUFF A LOT OF 'EM\er\Design_Pattern\king\text\html\TableView.java,javax.swing.text.html.TableView$ColumnIterator,innerclass,3,3,0,3,29,1,0,13,105,0.9333333,0.0,0.0,15,0,13,1,0,1,14,0,0,0,5,0,0,5,0,0,0,0,4,96,12,5,7,0,7,0,11,27,6,19,5,0,0,0,83,0,0
C:\Users\user\Desktop\STUFF A LOT OF 'EM\er\Design_Pattern\king\plaf\basic\BasicFileChooserUI.java,javax.swing.plaf.basic.BasicFileChooserUI$GoHomeAction,innerclass,1,1,0,1,2,1,0,4,1,0.0,0.0,0.0,2,0,1,0,1,0,2,0,0,0,0,0,0,0,0,0,0,0,0,9,0,0,0,0,0,1,0,1,0,1,0,0,0,0,20,4,0
C:\Users\user\Desktop\STUFF A LOT OF 'EM\er\Design_Pattern\king\JRadioButton.java,javax.swing.JRadioButton,class,2,2,0,2,19,12,0,13,103,0.8666667,0.0,0.0,15,0,11,1,3,0,14,0,0,0,1,1,0,1,0,0,1,0,2,96,4,0,3,0,0,2,1,4,0,3,2,1,1,0,243,1,0
C:\Users\user\Desktop\STUFF A LOT OF 'EM\er\Design_Pattern\king\JSpinner.java,javax.swing.JSpinner$NumberEditorFormatter,innerclass,0,0,0,0,5,5,0,7,0,0.0,0.0,0.0,5,0,4,0,0,1,5,0,0,0,1,0,0,1,0,0,1,0,0,20,2,0,0,0,0,0,0,1,0,1,0,0,0,0,34,10,0
C:\Users\user\Desktop\STUFF A LOT OF 'EM\er\Design_Pattern\king\plaf\basic\BasicTabbedPaneUI.java,javax.swing.plaf.basic.BasicTabbedPaneUI$DownAction,innerclass,1,1,0,1,1,1,0,3,0,0.0,NaN,NaN,1,0,1,0,0,0,1,0,0,0,0,0,0,0,0,0,0,0,0,7,0,0,0,0,0,0,0,2,0,2,0,0,0,0,19,10,0
C:\Users\user\Desktop\STUFF A LOT OF 'EM\er\Design_Pattern\king\plaf\ComboBoxUI.java,javax.swing.plaf.ComboBoxUI,class,0,0,0,0,3,2,0,0,3,0.0,0.0,0.0,3,0,3,0,0,0,3,3,0,0,0,0,0,0,0,0,0,0,0,5,0,0,0,0,0,0,0,0,0,0,0,0,0,0,36,1025,0
C:\Users\user\Desktop\STUFF A LOT OF 'EM\er\Design_Pattern\king\plaf\metal\MetalSplitPaneDivider.java,javax.swing.plaf.metal.MetalSplitPaneDivider$MetalDividerLayout,innerclass,2,2,0,2,14,1,0,11,10,0.0,0.0,0.0,5,0,5,0,0,0,5,0,0,0,0,0,0,0,0,0,0,0,2,49,2,0,8,0,4,0,20,15,10,11,4,0,0,0,65,1,0
C:\Users\user\Desktop\STUFF A LOT OF 'EM\er\Design_Pattern\king\plaf\basic\BasicSpinnerUI.java,javax.swing.plaf.basic.BasicSpinnerUI,class,8,8,0,8,48,1,0,44,152,0.8416667,0.0,0.0,24,1,3,11,10,0,13,0,0,0,5,4,0,4,1,0,4,0,0,409,11,1,10,0,1,19,10,18,1,13,2,0,3,0,206,1,0
C:\Users\user\Desktop\STUFF A LOT OF 'EM\er\Design_Pattern\king\CellRendererPane.java,javax.swing.CellRendererPane,class,0,0,0,0,20,6,0,20,43,0.8,0.0,0.0,10,0,8,1,1,0,9,0,0,0,1,0,0,0,1,0,0,0,1,77,3,0,5,1,5,0,2,6,0,4,2,0,1,0,190,1,0
C:\Users\user\Desktop\STUFF A LOT OF 'EM\er\Design_Pattern\king\event\SwingPropertyChangeSupport.java,javax.swing.event.SwingPropertyChangeSupport,class,0,0,0,0,45,2,0,35,66,0.9166667,0.0,0.0,12,0,10,2,0,0,10,0,0,7,4,1,0,3,0,1,1,0,2,144,9,5,24,0,3,0,14,30,6,26,3,0,0,0,172,17,0
C:\Users\user\Desktop\STUFF A LOT OF 'EM\er\Design_Pattern\king\AncestorNotifier.java,javax.swing.AncestorNotifier,class,3,3,0,3,42,1,0,24,31,0.62222224,0.0,0.0,15,0,5,0,3,7,15,0,0,0,3,0,0,0,0,3,0,0,0,127,1,5,16,0,4,2,12,33,6,24,4,0,0,0,49,0,0
C:\Users\user\Desktop\STUFF A LOT OF 'EM\er\Design_Pattern\king\plaf\metal\MetalTitlePane.java,javax.swing.plaf.metal.MetalTitlePane,class,7,7,0,7,101,2,0,101,413,0.92647076,0.0,0.0,34,0,5,28,1,0,6,0,0,0,30,3,0,30,0,0,3,0,5,604,18,1,35,0,17,40,59,110,20,70,4,0,8,0,282,0,0
C:\Users\user\Desktop\STUFF A LOT OF 'EM\er\Design_Pattern\king\plaf\metal\MetalIconFactory.java,javax.swing.plaf.metal.MetalIconFactory$VerticalSliderThumbIcon,innerclass,1,1,0,1,15,1,0,17,4,0.5,0.0,0.0,4,0,4,0,0,0,4,0,0,0,2,2,0,0,2,0,0,0,1,83,2,0,0,0,1,0,118,5,0,5,2,0,0,0,25,10,0
C:\Users\user\Desktop\STUFF A LOT OF 'EM\er\Design_Pattern\king\text\DefaultEditorKit.java,javax.swing.text.DefaultEditorKit$InsertContentAction,innerclass,1,1,0,1,7,2,0,7,1,0.0,0.0,0.0,2,0,2,0,0,0,2,0,0,0,0,0,0,0,0,0,0,0,0,21,1,0,3,0,4,0,0,2,0,2,2,0,0,0,71,9,0
C:\Users\user\Desktop\STUFF A LOT OF 'EM\er\Design_Pattern\king\plaf\metal\MetalTitlePane.java,javax.swing.plaf.metal.MetalTitlePane$WindowHandler,innerclass,0,0,0,0,2,2,0,1,1,0.0,0.0,0.0,2,0,2,0,0,0,2,0,0,0,0,0,0,0,0,0,0,0,0,8,0,0,0,0,0,0,0,0,0,0,0,0,0,0,19,2,0
C:\Users\user\Desktop\STUFF A LOT OF 'EM\er\Design_Pattern\king\plaf\basic\BasicOptionPaneUI.java,javax.swing.plaf.basic.BasicOptionPaneUI$PropertyChangeHandler,innerclass,1,1,0,1,25,1,0,12,0,0.0,NaN,NaN,1,0,1,0,0,0,1,0,0,0,0,0,0,0,0,0,0,0,0,59,0,0,4,0,0,8,0,6,1,5,4,0,0,0,66,1,0
C:\Users\user\Desktop\STUFF A LOT OF 'EM\er\Design_Pattern\king\table\AbstractTableModel.java,javax.swing.table.AbstractTableModel,class,3,3,0,3,21,1,1,9,100,0.6875,0.0,0.0,16,0,16,0,0,0,16,0,0,0,1,0,0,0,1,0,0,0,0,64,7,3,1,0,3,1,10,8,7,5,2,0,0,0,224,1025,0
C:\Users\user\Desktop\STUFF A LOT OF 'EM\er\Design_Pattern\king\DefaultButtonModel.java,javax.swing.DefaultButtonModel,class,3,3,0,3,61,1,2,21,193,0.8592375,0.0,0.0,31,0,28,0,3,0,31,0,0,0,11,5,5,0,6,0,5,0,2,183,18,3,14,0,13,0,31,41,11,19,3,0,0,0,233,1,0
C:\Users\user\Desktop\STUFF A LOT OF 'EM\er\Design_Pattern\king\text\html\FormView.java,javax.swing.text.html.FormView$MouseEventListener,innerclass,0,0,0,0,1,2,0,3,0,0.0,NaN,NaN,1,0,1,0,0,0,1,0,0,0,0,0,0,0,0,0,0,0,0,6,0,0,0,0,0,0,0,1,0,1,0,0,0,0,35,4,0
C:\Users\user\Desktop\STUFF A LOT OF 'EM\er\Design_Pattern\king\plaf\basic\DefaultMenuLayout.java,javax.swing.plaf.basic.DefaultMenuLayout,class,1,1,0,1,3,1,0,2,1,0.0,0.0,0.0,2,0,2,0,0,0,2,0,0,0,0,0,0,0,0,0,0,0,0,12,1,0,0,0,2,0,0,0,0,0,1,0,0,0,44,1,0
C:\Users\user\Desktop\STUFF A LOT OF 'EM\er\Design_Pattern\king\text\html\HiddenTagView.java,javax.swing.text.html.HiddenTagView,class,8,8,0,8,47,4,1,48,171,0.9473685,0.0,0.0,19,0,8,0,1,10,19,0,0,0,9,7,0,0,0,9,7,0,4,224,13,0,12,2,14,2,10,34,4,29,3,2,2,0,131,0,0
C:\Users\user\Desktop\STUFF A LOT OF 'EM\er\Design_Pattern\king\plaf\metal\MetalIconFactory.java,javax.swing.plaf.metal.MetalIconFactory$TreeFloppyDriveIcon,innerclass,0,0,0,0,3,1,0,9,3,0.0,0.0,0.0,3,0,3,0,0,0,3,0,0,0,0,0,0,0,0,0,0,0,0,30,2,0,0,0,0,0,54,0,0,0,0,0,0,0,12,10,0
C:\Users\user\Desktop\STUFF A LOT OF 'EM\er\Design_Pattern\king\plaf\basic\BasicSplitPaneUI.java,javax.swing.plaf.basic.BasicSplitPaneUI$KeyboardEndHandler,innerclass,0,0,0,0,5,1,0,4,0,0.0,NaN,NaN,1,0,1,0,0,0,1,0,0,0,0,0,0,0,0,0,0,0,0,15,0,0,3,0,2,0,2,3,2,3,2,0,0,0,49,1,0
C:\Users\user\Desktop\STUFF A LOT OF 'EM\er\Design_Pattern\king\plaf\basic\BasicTabbedPaneUI.java,javax.swing.plaf.basic.BasicTabbedPaneUI$ScrollableTabButton,innerclass,0,0,0,0,4,2,0,1,1,0.0,0.0,0.0,2,0,2,0,0,0,2,0,0,0,0,0,0,0,0,0,0,0,0,8,1,0,2,0,0,4,0,0,0,0,0,0,0,0,17,2,0
C:\Users\user\Desktop\STUFF A LOT OF 'EM\er\Design_Pattern\king\text\GlyphView.java,javax.swing.text.GlyphView$GlyphPainter,innerclass,3,3,0,3,27,1,0,8,45,0.0,0.0,0.0,10,0,10,0,0,0,10,8,0,0,0,0,0,0,0,0,0,0,0,80,16,0,12,0,3,1,21,13,3,7,3,0,0,0,223,1033,0
C:\Users\user\Desktop\STUFF A LOT OF 'EM\er\Design_Pattern\king\plaf\TableUI.java,javax.swing.plaf.TableUI,class,0,0,0,0,0,2,0,0,0,0.0,-1.0,-1.0,0,0,0,0,0,0,0,0,0,0,0,0,0,0,0,0,0,0,0,2,0,0,0,0,0,0,0,0,0,0,0,0,0,0,10,1025,0
C:\Users\user\Desktop\STUFF A LOT OF 'EM\er\Design_Pattern\king\text\JTextComponent.java,javax.swing.text.JTextComponent$KeymapActionMap,innerclass,1,1,0,1,19,2,0,6,0,0.0,0.0,0.0,4,0,3,0,0,1,4,0,0,0,1,0,0,1,0,0,0,0,4,62,6,0,9,0,4,0,17,15,7,11,3,0,0,0,34,8,0
C:\Users\user\Desktop\STUFF A LOT OF 'EM\er\Design_Pattern\king\plaf\metal\MetalFileChooserUI.java,javax.swing.plaf.metal.MetalFileChooserUI$Anonymous1,anonymous,0,0,0,0,2,1,0,2,0,0.0,NaN,NaN,1,0,1,0,0,0,1,0,0,0,0,0,0,0,0,0,0,0,0,7,0,0,0,0,0,0,0,0,0,0,1,0,0,0,7,-1,0
C:\Users\user\Desktop\STUFF A LOT OF 'EM\er\Design_Pattern\king\plaf\metal\MetalFileChooserUI.java,javax.swing.plaf.metal.MetalFileChooserUI$Anonymous2,anonymous,0,0,0,0,1,1,0,1,0,0.0,NaN,NaN,1,0,1,0,0,0,1,0,0,0,0,0,0,0,0,0,0,0,0,5,1,0,0,0,0,0,0,0,0,0,0,0,0,0,4,-1,0
C:\Users\user\Desktop\STUFF A LOT OF 'EM\er\Design_Pattern\king\text\DefaultEditorKit.java,javax.swing.text.DefaultEditorKit$EndWordAction,innerclass,1,1,0,1,5,2,0,7,1,0.5,0.0,0.0,2,0,1,0,0,1,2,0,0,0,1,0,0,1,0,0,0,0,0,25,0,0,1,1,0,0,0,4,0,4,3,0,0,0,39,8,0
C:\Users\user\Desktop\STUFF A LOT OF 'EM\er\Design_Pattern\king\plaf\metal\MetalFileChooserUI.java,javax.swing.plaf.metal.MetalFileChooserUI$Anonymous3,anonymous,0,0,0,0,2,1,0,3,0,0.0,NaN,NaN,1,0,1,0,0,0,1,0,0,0,0,0,0,0,0,0,0,0,0,7,0,0,0,0,0,0,0,0,0,0,1,0,0,0,8,-1,0
C:\Users\user\Desktop\STUFF A LOT OF 'EM\er\Design_Pattern\king\plaf\metal\MetalFileChooserUI.java,javax.swing.plaf.metal.MetalFileChooserUI$Anonymous4,anonymous,0,0,0,0,3,1,0,4,1,0.0,0.0,0.0,2,0,2,0,0,0,2,0,0,0,0,0,0,0,0,0,0,0,0,13,1,0,1,0,0,0,0,0,0,0,1,0,0,0,14,-1,0
C:\Users\user\Desktop\STUFF A LOT OF 'EM\er\Design_Pattern\king\plaf\metal\MetalFileChooserUI.java,javax.swing.plaf.metal.MetalFileChooserUI$Anonymous5,anonymous,2,2,0,2,8,1,0,6,0,0.0,NaN,NaN,1,0,1,0,0,0,1,0,0,0,0,0,0,0,0,0,0,0,0,17,2,1,2,0,2,0,7,6,0,5,2,0,0,0,19,-1,0
C:\Users\user\Desktop\STUFF A LOT OF 'EM\er\Design_Pattern\king\text\html\parser\ParserDelegator.java,javax.swing.text.html.parser.ParserDelegator,class,2,2,0,2,14,2,0,12,0,0.16666667,0.0,0.0,6,3,2,1,2,1,5,0,0,0,1,1,0,1,0,0,0,0,7,59,3,0,5,3,0,3,0,10,2,6,4,0,0,0,77,1,0
C:\Users\user\Desktop\STUFF A LOT OF 'EM\er\Design_Pattern\king\plaf\metal\MetalFileChooserUI.java,javax.swing.plaf.metal.MetalFileChooserUI$Anonymous6,anonymous,0,0,0,0,3,1,0,0,3,0.0,0.0,0.0,3,0,3,0,0,0,3,0,0,0,0,0,0,0,0,0,0,0,0,10,0,0,0,0,0,0,0,0,0,0,0,0,0,0,12,-1,0
C:\Users\user\Desktop\STUFF A LOT OF 'EM\er\Design_Pattern\king\plaf\metal\MetalFileChooserUI.java,javax.swing.plaf.metal.MetalFileChooserUI$Anonymous7,anonymous,0,0,0,0,3,1,0,4,0,0.0,NaN,NaN,1,0,0,0,1,0,1,0,0,0,0,0,0,0,0,0,0,0,0,9,2,0,2,0,0,0,0,0,0,0,1,0,0,0,12,-1,0
C:\Users\user\Desktop\STUFF A LOT OF 'EM\er\Design_Pattern\king\plaf\metal\MetalFileChooserUI.java,javax.swing.plaf.metal.MetalFileChooserUI$Anonymous8,anonymous,0,0,0,0,4,1,0,10,1,0.0,0.0,0.0,2,0,2,0,0,0,2,0,0,0,0,0,0,0,0,0,0,0,0,19,3,0,1,0,1,0,1,3,0,3,1,0,0,0,18,-1,0
C:\Users\user\Desktop\STUFF A LOT OF 'EM\er\Design_Pattern\king\plaf\metal\MetalFileChooserUI.java,javax.swing.plaf.metal.MetalFileChooserUI$Anonymous9,anonymous,1,1,0,1,15,1,0,11,0,0.0,0.0,0.0,9,0,9,0,0,0,9,0,0,0,1,0,0,0,0,1,0,0,0,57,9,0,5,0,0,0,0,3,0,3,1,0,0,0,32,-1,0
C:\Users\user\Desktop\STUFF A LOT OF 'EM\er\Design_Pattern\king\filechooser\FileSystemView.java,javax.swing.filechooser.WindowsFileSystemView$Anonymous1,anonymous,0,0,0,0,1,1,0,0,0,0.0,NaN,NaN,1,0,1,0,0,0,1,0,0,0,0,0,0,0,0,0,0,0,0,5,1,0,0,0,0,0,0,0,0,0,0,0,0,0,2,-1,0
C:\Users\user\Desktop\STUFF A LOT OF 'EM\er\Design_Pattern\king\text\html\CSS.java,javax.swing.text.html.CSS$LengthUnit,innerclass,0,0,0,0,18,1,0,9,3,0.6666667,0.0,0.0,3,0,1,0,0,2,4,0,0,0,4,2,0,0,0,4,1,0,5,77,1,0,2,5,0,11,29,21,8,7,3,0,0,0,51,8,0
C:\Users\user\Desktop\STUFF A LOT OF 'EM\er\Design_Pattern\king\text\AbstractDocument.java,javax.swing.text.AbstractDocument$BidiRootElement,innerclass,0,0,0,0,2,3,0,0,1,0.0,0.0,0.0,2,0,1,0,0,1,2,0,0,0,0,0,0,0,0,0,0,0,0,8,1,0,0,0,0,1,0,0,0,0,0,0,0,0,22,0,0
C:\Users\user\Desktop\STUFF A LOT OF 'EM\er\Design_Pattern\king\plaf\metal\MetalIconFactory.java,javax.swing.plaf.metal.MetalIconFactory$MenuItemArrowIcon,innerclass,0,0,0,0,3,1,0,0,3,0.0,0.0,0.0,3,0,3,0,0,0,3,0,0,0,0,0,0,0,0,0,0,0,0,10,2,0,0,0,0,0,0,0,0,0,0,0,0,0,12,10,0
C:\Users\user\Desktop\STUFF A LOT OF 'EM\er\Design_Pattern\king\plaf\multi\MultiComboBoxUI.java,javax.swing.plaf.multi.MultiComboBoxUI,class,2,2,0,2,28,2,0,17,0,0.0,0.0,0.0,15,1,15,0,0,0,15,0,0,0,1,0,0,0,1,0,0,0,1,91,10,13,0,0,43,0,21,23,0,23,1,0,0,0,98,1,0
C:\Users\user\Desktop\STUFF A LOT OF 'EM\er\Design_Pattern\king\PopupFactory.java,javax.swing.PopupFactory$MediumWeightPopup,innerclass,0,0,0,0,19,3,0,29,22,0.75,0.0,0.0,8,4,2,3,0,3,5,0,0,0,2,1,0,2,0,0,1,0,8,88,6,1,4,0,5,1,4,19,0,14,2,0,0,0,89,10,0
C:\Users\user\Desktop\STUFF A LOT OF 'EM\er\Design_Pattern\king\SystemEventQueueUtilities.java,javax.swing.SystemEventQueueUtilities$SystemEventQueue,innerclass,0,0,0,0,3,1,0,3,1,0.0,0.0,0.0,2,2,0,0,0,2,2,0,0,0,0,0,0,0,0,0,0,0,2,15,2,0,0,1,0,0,0,2,0,1,1,0,0,0,33,10,0
C:\Users\user\Desktop\STUFF A LOT OF 'EM\er\Design_Pattern\king\event\UndoableEditListener.java,javax.swing.event.UndoableEditListener,interface,0,0,0,0,1,1,0,0,0,0.0,NaN,NaN,1,0,0,0,0,1,1,0,0,0,0,0,0,0,0,0,0,0,0,3,0,0,0,0,0,0,0,0,0,0,0,0,0,0,20,1,0
C:\Users\user\Desktop\STUFF A LOT OF 'EM\er\Design_Pattern\king\DefaultFocusManager.java,javax.swing.LegacyLayoutFocusTraversalPolicy,class,0,0,0,0,1,5,0,0,0,0.0,NaN,NaN,1,0,0,0,0,1,1,0,0,0,0,0,0,0,0,0,0,0,0,5,0,0,0,0,0,0,0,0,0,0,0,0,0,0,12,16,0
C:\Users\user\Desktop\STUFF A LOT OF 'EM\er\Design_Pattern\king\text\html\AccessibleHTML.java,javax.swing.text.html.AccessibleHTML$IconElementInfo$IconAccessibleContext,innerclass,0,0,0,0,12,3,0,5,36,0.0,0.0,0.0,9,0,9,0,0,0,9,0,0,0,0,0,0,0,0,0,0,0,0,41,8,0,3,0,1,0,4,4,0,1,1,0,0,0,131,4,0
C:\Users\user\Desktop\STUFF A LOT OF 'EM\er\Design_Pattern\king\JTable.java,javax.swing.JTable$CellEditorRemover,innerclass,0,0,0,0,11,1,0,8,0,0.0,0.0,0.0,2,0,2,0,0,0,2,0,0,0,1,0,0,0,0,1,0,0,1,26,2,1,5,0,2,1,0,3,0,2,4,0,0,0,23,0,0
C:\Users\user\Desktop\STUFF A LOT OF 'EM\er\Design_Pattern\king\plaf\basic\BasicTreeUI.java,javax.swing.plaf.basic.BasicTreeUI$MouseHandler,innerclass,0,0,0,0,20,2,0,16,10,0.8,0.0,0.0,5,0,4,0,0,1,5,0,0,0,1,0,0,0,0,1,0,0,0,45,2,0,2,0,4,0,0,5,2,4,4,0,0,0,61,1,0
C:\Users\user\Desktop\STUFF A LOT OF 'EM\er\Design_Pattern\king\event\EventListenerList.java,javax.swing.event.EventListenerList,class,0,0,0,0,30,1,0,14,0,0.4,0.0,0.0,10,0,7,3,0,0,7,0,0,2,2,1,0,1,1,0,1,0,6,106,8,6,11,0,7,8,33,41,19,25,2,0,0,0,236,1,0
C:\Users\user\Desktop\STUFF A LOT OF 'EM\er\Design_Pattern\king\text\DefaultFormatter.java,javax.swing.text.DefaultFormatter,class,3,3,0,3,92,3,2,49,539,0.9327731,0.0,0.0,34,0,13,1,2,18,33,0,0,0,7,0,0,6,0,1,0,0,2,340,27,2,34,4,6,2,29,54,7,28,3,0,3,0,339,1,0
C:\Users\user\Desktop\STUFF A LOT OF 'EM\er\Design_Pattern\king\SystemEventQueueUtilities.java,javax.swing.SystemEventQueueUtilities$RunnableTarget,innerclass,0,0,0,0,3,2,0,2,1,0.0,0.0,0.0,2,0,0,0,1,1,2,0,0,0,0,0,0,0,0,0,0,0,1,11,0,0,0,0,0,0,0,0,0,0,1,0,0,0,32,10,0
C:\Users\user\Desktop\STUFF A LOT OF 'EM\er\Design_Pattern\king\plaf\metal\MetalInternalFrameUI.java,javax.swing.plaf.metal.MetalInternalFrameUI,class,4,4,0,4,23,1,0,21,62,0.89423084,0.0,0.0,13,1,5,2,6,0,11,0,0,0,8,7,0,7,1,0,2,0,0,120,2,0,4,0,3,11,4,17,0,15,2,0,1,0,71,1,0
C:\Users\user\Desktop\STUFF A LOT OF 'EM\er\Design_Pattern\king\ScrollPaneConstants.java,javax.swing.ScrollPaneConstants,interface,0,0,0,0,0,1,0,0,0,NaN,-1.0,-1.0,0,0,0,0,0,0,0,0,0,0,21,0,0,0,0,21,0,0,0,23,0,0,0,0,0,15,6,21,0,21,0,0,0,0,81,1,0
C:\Users\user\Desktop\STUFF A LOT OF 'EM\er\Design_Pattern\king\text\DefaultEditorKit.java,javax.swing.text.DefaultEditorKit$BeginAction,innerclass,1,1,0,1,4,2,0,3,1,0.5,0.0,0.0,2,0,1,0,0,1,2,0,0,0,1,0,0,1,0,0,0,0,0,18,0,0,1,0,0,0,2,2,0,2,2,0,0,0,20,8,0
C:\Users\user\Desktop\STUFF A LOT OF 'EM\er\Design_Pattern\king\colorchooser\DefaultHSBChooserPanel.java,javax.swing.colorchooser.DefaultHSBChooserPanel$RadioButtonHandler,innerclass,1,1,0,1,5,1,0,2,0,0.0,NaN,NaN,1,0,1,0,0,0,1,0,0,0,0,0,0,0,0,0,0,0,0,17,0,0,3,0,0,0,0,2,0,2,2,0,0,0,35,2,0
C:\Users\user\Desktop\STUFF A LOT OF 'EM\er\Design_Pattern\king\JColorChooser.java,javax.swing.ColorTracker,class,0,0,0,0,3,1,0,1,0,0.33333334,0.0,0.0,3,0,3,0,0,0,3,0,0,0,2,0,0,0,0,2,0,0,0,13,1,0,0,0,0,0,0,2,0,2,0,0,0,0,14,0,0
C:\Users\user\Desktop\STUFF A LOT OF 'EM\er\Design_Pattern\king\text\rtf\RTFReader.java,javax.swing.text.rtf.RTFReader,class,3,3,0,3,118,9,0,38,68,0.8980263,0.0,0.0,16,4,11,1,1,3,18,0,0,0,19,6,0,2,0,17,2,0,7,936,27,2,15,3,4,140,17,54,5,39,3,1,9,0,299,0,0
C:\Users\user\Desktop\STUFF A LOT OF 'EM\er\Design_Pattern\king\ImageIcon.java,javax.swing.ImageIcon$Anonymous1,anonymous,0,0,0,0,0,1,0,0,0,0.0,-1.0,-1.0,0,0,0,0,0,0,0,0,0,0,0,0,0,0,0,0,0,0,0,2,0,0,0,0,0,0,0,0,0,0,0,0,0,0,0,-1,0
C:\Users\user\Desktop\STUFF A LOT OF 'EM\er\Design_Pattern\king\JToolTip.java,javax.swing.JToolTip$AccessibleJToolTip,innerclass,0,0,0,0,3,5,0,1,1,0.0,0.0,0.0,2,0,2,0,0,0,2,0,0,0,0,0,0,0,0,0,0,0,0,13,3,0,1,0,0,0,0,0,0,0,1,0,0,0,73,4,0
C:\Users\user\Desktop\STUFF A LOT OF 'EM\er\Design_Pattern\king\text\DefaultHighlighter.java,javax.swing.text.DefaultHighlighter$DefaultHighlightPainter,innerclass,2,2,0,2,14,2,0,10,6,0.75,0.0,0.0,4,0,4,0,0,0,4,0,0,0,1,0,0,1,0,0,0,0,0,69,4,0,6,2,4,0,0,13,7,12,3,0,0,0,78,9,0
C:\Users\user\Desktop\STUFF A LOT OF 'EM\er\Design_Pattern\king\plaf\basic\BasicTabbedPaneUI.java,javax.swing.plaf.basic.BasicTabbedPaneUI$ContainerHandler,innerclass,3,3,0,3,10,1,0,12,1,0.0,0.0,0.0,2,0,2,0,0,0,2,0,0,0,0,0,0,0,0,0,0,0,1,40,2,0,4,0,0,1,0,11,0,10,2,0,0,0,33,2,0
C:\Users\user\Desktop\STUFF A LOT OF 'EM\er\Design_Pattern\king\plaf\basic\BasicComboBoxEditor.java,javax.swing.plaf.basic.BasicComboBoxEditor$UIResource,innerclass,0,0,0,0,0,2,0,0,0,0.0,-1.0,-1.0,0,0,0,0,0,0,0,0,0,0,0,0,0,0,0,0,0,0,0,2,0,0,0,0,0,0,0,0,0,0,0,0,0,0,61,9,0
C:\Users\user\Desktop\STUFF A LOT OF 'EM\er\Design_Pattern\king\plaf\basic\BasicTabbedPaneUI.java,javax.swing.plaf.basic.BasicTabbedPaneUI$ScrollableTabPanel,innerclass,0,0,0,0,2,1,0,5,1,0.0,0.0,0.0,2,0,2,0,0,0,2,0,0,0,0,0,0,0,0,0,0,0,0,9,0,0,0,0,0,0,0,0,0,0,0,0,0,0,14,2,0
C:\Users\user\Desktop\STUFF A LOT OF 'EM\er\Design_Pattern\king\ViewportLayout.java,javax.swing.ViewportLayout,class,2,2,0,2,23,1,0,16,10,0.0,0.0,0.0,5,0,5,0,0,0,5,0,0,0,0,0,0,0,0,0,0,0,4,72,5,0,8,0,8,0,9,19,6,10,2,0,0,0,129,1,0
C:\Users\user\Desktop\STUFF A LOT OF 'EM\er\Design_Pattern\king\plaf\metal\MetalTitlePane.java,javax.swing.plaf.metal.MetalTitlePane$CloseAction,innerclass,0,0,0,0,2,1,0,3,1,0.0,0.0,0.0,2,0,2,0,0,0,2,0,0,0,0,0,0,0,0,0,0,0,0,8,0,0,0,0,0,1,0,0,0,0,0,0,0,0,13,2,0
C:\Users\user\Desktop\STUFF A LOT OF 'EM\er\Design_Pattern\king\tree\ExpandVetoException.java,javax.swing.tree.ExpandVetoException,class,0,0,0,0,2,3,0,0,0,0.0,0.0,0.0,2,0,2,0,0,0,2,0,0,0,1,0,0,0,1,0,0,0,0,10,0,0,0,0,0,0,0,1,0,1,0,0,0,0,46,1,0
C:\Users\user\Desktop\STUFF A LOT OF 'EM\er\Design_Pattern\king\plaf\basic\BasicSplitPaneUI.java,javax.swing.plaf.basic.BasicSplitPaneUI,class,9,9,0,9,116,4,0,84,587,0.9436361,0.0,0.0,50,1,24,1,21,4,49,0,0,0,33,4,0,8,23,2,1,0,1,1135,33,0,45,0,11,17,35,80,6,60,4,1,16,0,305,1,0
C:\Users\user\Desktop\STUFF A LOT OF 'EM\er\Design_Pattern\king\text\StyleConstants.java,javax.swing.text.StyleConstants,class,5,5,0,5,62,5,8,6,740,0.9338232,0.0,0.0,44,42,43,0,0,1,44,0,0,0,34,33,32,1,0,1,32,0,6,291,37,0,18,0,0,7,12,56,0,53,1,0,4,0,223,1,0
C:\Users\user\Desktop\STUFF A LOT OF 'EM\er\Design_Pattern\king\ProgressMonitorInputStream.java,javax.swing.ProgressMonitorInputStream,class,1,1,0,1,16,3,0,10,0,0.375,0.0,0.0,8,0,8,0,0,0,8,0,0,1,3,0,0,3,0,0,0,0,0,62,5,0,0,1,0,3,8,19,1,10,1,0,0,0,126,1,0
C:\Users\user\Desktop\STUFF A LOT OF 'EM\er\Design_Pattern\king\JComboBox.java,javax.swing.JComboBox$AccessibleJComboBox$AccessibleEditor,innerclass,0,0,0,0,3,1,0,2,0,0.0,NaN,NaN,1,0,1,0,0,0,1,0,0,0,0,0,0,0,0,0,0,0,0,11,1,0,1,0,0,0,0,2,0,1,2,0,0,0,8,2,0
C:\Users\user\Desktop\STUFF A LOT OF 'EM\er\Design_Pattern\king\plaf\basic\BasicSliderUI.java,javax.swing.plaf.basic.BasicSliderUI$TrackListener,innerclass,0,0,0,0,47,1,0,30,0,0.4,0.0,0.0,5,0,5,0,0,0,5,0,0,0,2,0,0,0,2,0,0,0,4,174,13,0,1,0,10,0,14,48,23,23,3,0,0,0,120,1,0
C:\Users\user\Desktop\STUFF A LOT OF 'EM\er\Design_Pattern\king\plaf\metal\MetalComboBoxButton.java,javax.swing.plaf.metal.MetalComboBoxButton$Anonymous1,anonymous,0,0,0,0,2,1,0,2,0,0.0,NaN,NaN,1,0,1,0,0,0,1,0,0,0,0,0,0,0,0,0,0,0,0,5,0,0,0,0,0,0,0,0,0,0,0,0,0,0,6,-1,0
C:\Users\user\Desktop\STUFF A LOT OF 'EM\er\Design_Pattern\king\event\AncestorListener.java,javax.swing.event.AncestorListener,interface,0,0,0,0,3,1,0,0,3,0.0,0.0,0.0,3,0,3,0,0,0,3,0,0,0,0,0,0,0,0,0,0,0,0,5,0,0,0,0,0,0,0,0,0,0,0,0,0,0,69,1,0
C:\Users\user\Desktop\STUFF A LOT OF 'EM\er\Design_Pattern\king\text\DefaultStyledDocument.java,javax.swing.text.DefaultStyledDocument$StyleContextChangeHandler,innerclass,0,0,0,0,1,1,0,1,0,0.0,NaN,NaN,1,0,1,0,0,0,1,0,0,0,0,0,0,0,0,0,0,0,0,5,0,0,0,0,0,0,0,0,0,0,0,0,0,0,19,0,0
C:\Users\user\Desktop\STUFF A LOT OF 'EM\er\Design_Pattern\king\plaf\basic\BasicEditorPaneUI.java,javax.swing.plaf.basic.BasicEditorPaneUI,class,5,5,0,5,19,2,1,18,28,0.0,0.0,0.0,8,1,3,0,2,3,8,0,0,0,0,0,0,0,0,0,0,0,0,69,4,2,5,0,2,4,2,15,0,15,4,0,0,0,135,1,0
C:\Users\user\Desktop\STUFF A LOT OF 'EM\er\Design_Pattern\king\plaf\basic\BasicComboPopup.java,javax.swing.plaf.basic.BasicComboPopup$InvocationMouseHandler,innerclass,1,1,0,1,10,2,0,19,1,0.0,0.0,0.0,2,0,2,0,0,0,2,0,0,0,0,0,0,0,0,0,0,0,0,32,1,0,0,0,3,0,4,8,2,7,2,0,0,0,97,4,0
C:\Users\user\Desktop\STUFF A LOT OF 'EM\er\Design_Pattern\king\text\DefaultEditorKit.java,javax.swing.text.DefaultEditorKit$SelectWordAction,innerclass,0,0,0,0,2,2,0,1,1,0.5,0.0,0.0,2,0,1,0,0,1,2,0,0,0,2,0,0,2,0,0,0,0,0,13,0,0,0,0,0,2,0,2,0,2,0,0,0,0,31,8,0
C:\Users\user\Desktop\STUFF A LOT OF 'EM\er\Design_Pattern\king\plaf\metal\MetalComboBoxEditor.java,javax.swing.plaf.metal.MetalComboBoxEditor,class,1,1,0,1,1,5,2,1,0,0.0,NaN,NaN,1,0,1,0,0,0,1,0,0,0,1,1,0,0,1,0,0,0,0,37,0,0,0,0,0,1,5,2,0,1,0,1,2,0,57,1,0
C:\Users\user\Desktop\STUFF A LOT OF 'EM\er\Design_Pattern\king\plaf\metal\MetalLookAndFeel.java,javax.swing.plaf.metal.MetalLookAndFeel$FontActiveValue,innerclass,0,0,0,0,8,1,0,6,0,0.0,0.0,0.0,2,0,1,0,0,1,2,0,0,0,2,0,0,2,0,0,0,0,0,32,1,0,0,0,0,0,0,9,0,3,1,0,0,0,20,10,0
C:\Users\user\Desktop\STUFF A LOT OF 'EM\er\Design_Pattern\king\plaf\basic\BasicTreeUI.java,javax.swing.plaf.basic.BasicTreeUI$TreeExpansionHandler,innerclass,0,0,0,0,8,1,0,7,1,0.0,0.0,0.0,2,0,2,0,0,0,2,0,0,0,0,0,0,0,0,0,0,0,0,19,0,0,5,0,0,0,0,2,0,2,2,0,0,0,33,1,0
C:\Users\user\Desktop\STUFF A LOT OF 'EM\er\Design_Pattern\king\JOptionPane.java,javax.swing.JOptionPane,class,2,2,0,2,186,8,2,104,938,0.9318582,0.0,0.0,73,31,67,4,1,1,69,0,0,0,39,28,26,2,11,0,28,0,47,657,64,4,55,3,21,65,33,138,17,108,2,5,1,0,610,1,0
C:\Users\user\Desktop\STUFF A LOT OF 'EM\er\Design_Pattern\king\plaf\MenuBarUI.java,javax.swing.plaf.MenuBarUI,class,0,0,0,0,0,2,0,0,0,0.0,-1.0,-1.0,0,0,0,0,0,0,0,0,0,0,0,0,0,0,0,0,0,0,0,2,0,0,0,0,0,0,0,0,0,0,0,0,0,0,13,1025,0
C:\Users\user\Desktop\STUFF A LOT OF 'EM\er\Design_Pattern\king\text\html\MuxingAttributeSet.java,javax.swing.text.html.MuxingAttributeSet,class,3,3,0,3,29,1,4,14,105,0.93333334,0.0,0.0,15,0,10,0,5,0,15,0,0,4,1,0,0,1,0,0,0,0,8,140,12,5,3,0,3,0,30,27,10,21,2,0,1,0,127,0,0
C:\Users\user\Desktop\STUFF A LOT OF 'EM\er\Design_Pattern\king\plaf\basic\BasicMenuItemUI.java,javax.swing.plaf.basic.BasicMenuItemUI$PropertyChangeHandler,innerclass,1,1,0,1,7,1,0,6,0,0.0,NaN,NaN,1,0,1,0,0,0,1,0,0,0,0,0,0,0,0,0,0,0,0,13,0,0,0,0,1,6,0,3,0,3,1,0,0,0,16,2,0
C:\Users\user\Desktop\STUFF A LOT OF 'EM\er\Design_Pattern\king\text\html\AccessibleHTML.java,javax.swing.text.html.AccessibleHTML$TableElementInfo,innerclass,2,2,0,2,32,6,0,20,32,0.72222215,0.0,0.0,12,0,8,1,2,1,11,0,0,0,3,0,0,2,1,0,0,0,3,599,13,7,7,0,2,0,24,26,12,21,2,0,3,0,111,2,0
C:\Users\user\Desktop\STUFF A LOT OF 'EM\er\Design_Pattern\king\plaf\metal\MetalInternalFrameUI.java,javax.swing.plaf.metal.MetalInternalFrameUI$MetalPropertyChangeHandler,innerclass,1,1,0,1,7,1,0,9,0,0.0,NaN,NaN,1,0,1,0,0,0,1,0,0,0,0,0,0,0,0,0,0,0,0,26,1,0,1,0,2,0,0,3,0,3,2,0,0,0,30,10,0
C:\Users\user\Desktop\STUFF A LOT OF 'EM\er\Design_Pattern\king\plaf\basic\BasicTreeUI.java,javax.swing.plaf.basic.BasicTreeUI$TreeSelectAllAction,innerclass,0,0,0,0,13,1,0,9,1,0.33333334,0.0,0.0,3,0,3,0,0,0,3,0,0,0,1,0,0,1,0,0,0,0,0,38,1,0,6,0,1,0,3,7,1,6,3,0,0,0,28,2,0
C:\Users\user\Desktop\STUFF A LOT OF 'EM\er\Design_Pattern\king\plaf\metal\MetalDesktopIconUI.java,javax.swing.plaf.metal.MetalDesktopIconUI$Anonymous1,anonymous,0,0,0,0,1,1,0,1,0,0.0,NaN,NaN,1,0,1,0,0,0,1,0,0,0,0,0,0,0,0,0,0,0,0,5,0,0,0,0,0,0,0,0,0,0,0,0,0,0,6,-1,0
C:\Users\user\Desktop\STUFF A LOT OF 'EM\er\Design_Pattern\king\text\Style.java,javax.swing.text.Style,interface,0,0,0,0,3,1,0,0,3,0.0,0.0,0.0,3,0,3,0,0,0,3,0,0,0,0,0,0,0,0,0,0,0,0,5,0,0,0,0,0,0,0,0,0,0,0,0,0,0,79,1,0
C:\Users\user\Desktop\STUFF A LOT OF 'EM\er\Design_Pattern\king\JLabel.java,javax.swing.JLabel,class,1,1,0,1,119,8,4,42,613,0.9179487,0.0,0.0,39,0,35,1,3,0,38,0,0,0,15,2,0,13,1,1,2,0,7,655,22,0,63,0,35,54,7,77,3,41,2,0,1,0,335,1,0
C:\Users\user\Desktop\STUFF A LOT OF 'EM\er\Design_Pattern\king\text\html\CSSParser.java,javax.swing.text.html.CSSParser,class,2,2,0,2,228,1,0,36,26,0.7285715,0.0,0.0,21,0,0,19,0,2,2,0,0,0,20,9,0,20,0,0,9,0,4,626,27,12,35,1,6,10,118,117,21,55,6,0,1,0,237,0,0
C:\Users\user\Desktop\STUFF A LOT OF 'EM\er\Design_Pattern\king\text\html\StyleSheet.java,javax.swing.text.html.StyleSheet,class,8,8,0,8,212,4,0,99,1485,0.9818182,0.0,0.0,55,2,33,14,2,6,41,0,0,7,7,2,0,5,0,2,2,0,15,1824,52,23,73,6,16,12,97,219,46,143,6,0,10,0,825,1,0
C:\Users\user\Desktop\STUFF A LOT OF 'EM\er\Design_Pattern\king\text\rtf\RTFReader.java,javax.swing.text.rtf.RTFReader$AttributeTrackingDestination,innerclass,6,6,0,6,73,1,0,41,42,0.5686274,0.0,0.0,17,0,9,0,6,2,17,1,0,0,3,0,0,0,0,3,0,0,0,295,22,4,25,0,5,58,17,76,5,45,3,0,0,0,135,1024,0
C:\Users\user\Desktop\STUFF A LOT OF 'EM\er\Design_Pattern\king\plaf\metal\MetalRootPaneUI.java,javax.swing.plaf.metal.MetalRootPaneUI$MetalRootLayout,innerclass,2,2,0,2,45,1,0,16,45,0.0,0.0,0.0,10,0,10,0,0,0,10,0,0,0,0,0,0,0,0,0,0,0,8,172,5,0,30,0,8,0,20,73,9,49,3,0,0,0,78,10,0
C:\Users\user\Desktop\STUFF A LOT OF 'EM\er\Design_Pattern\king\plaf\basic\BasicTableUI.java,javax.swing.plaf.basic.BasicTableUI$TableDragGestureRecognizer,innerclass,1,1,0,1,6,2,0,7,0,0.0,NaN,NaN,1,0,0,0,1,0,1,0,0,0,0,0,0,0,0,0,0,0,0,16,2,0,2,0,2,0,2,4,0,4,3,0,0,0,52,8,0
C:\Users\user\Desktop\STUFF A LOT OF 'EM\er\Design_Pattern\king\TimerQueue.java,javax.swing.TimerQueue$Anonymous1,anonymous,0,0,0,0,1,1,0,3,0,0.0,NaN,NaN,1,0,1,0,0,0,1,0,0,0,0,0,0,0,0,0,0,0,0,8,0,0,0,0,0,1,0,1,0,1,0,0,0,0,4,-1,0
C:\Users\user\Desktop\STUFF A LOT OF 'EM\er\Design_Pattern\king\event\TableModelEvent.java,javax.swing.event.TableModelEvent,class,0,0,0,0,9,1,0,0,2,0.7530864,0.0,0.0,9,0,9,0,0,0,9,0,0,0,9,5,5,0,4,0,5,0,0,42,4,0,0,0,0,0,6,9,0,9,0,0,0,0,198,1,0
C:\Users\user\Desktop\STUFF A LOT OF 'EM\er\Design_Pattern\king\undo\UndoableEdit.java,javax.swing.undo.UndoableEdit,interface,0,0,0,0,11,1,0,0,55,0.0,0.0,0.0,11,0,11,0,0,0,11,0,0,0,0,0,0,0,0,0,0,0,0,13,0,0,0,0,0,0,0,0,0,0,0,0,0,0,142,1,0
C:\Users\user\Desktop\STUFF A LOT OF 'EM\er\Design_Pattern\king\DefaultDesktopManager.java,javax.swing.DefaultDesktopManager$Anonymous1,anonymous,0,0,0,0,1,1,0,3,0,0.0,NaN,NaN,1,0,1,0,0,0,1,0,0,0,0,0,0,0,0,0,0,0,0,7,0,0,0,0,2,0,2,2,0,0,0,0,0,0,7,-1,0
C:\Users\user\Desktop\STUFF A LOT OF 'EM\er\Design_Pattern\king\text\rtf\RTFAttribute.java,javax.swing.text.rtf.RTFAttribute,interface,0,0,0,0,8,1,0,0,28,1.0,0.0,0.0,8,0,8,0,0,0,8,0,0,0,5,5,0,0,0,5,5,0,0,15,0,0,0,0,0,0,5,5,0,5,0,0,0,0,46,0,0
C:\Users\user\Desktop\STUFF A LOT OF 'EM\er\Design_Pattern\king\plaf\metal\MetalToggleButtonUI.java,javax.swing.plaf.metal.MetalToggleButtonUI,class,2,2,0,2,18,2,0,26,28,0.8,0.0,0.0,9,1,2,0,7,0,9,0,0,0,5,1,0,2,3,0,1,0,0,76,4,0,2,0,2,4,6,15,9,13,2,0,0,0,91,1,0
C:\Users\user\Desktop\STUFF A LOT OF 'EM\er\Design_Pattern\king\JFormattedTextField.java,javax.swing.JFormattedTextField$CommitAction,innerclass,1,1,0,1,5,4,0,4,1,0.0,0.0,0.0,2,0,2,0,0,0,2,0,0,0,0,0,0,0,0,0,0,0,0,21,3,0,0,1,1,0,0,2,0,2,2,0,0,0,32,8,0
C:\Users\user\Desktop\STUFF A LOT OF 'EM\er\Design_Pattern\king\plaf\basic\BasicScrollBarUI.java,javax.swing.plaf.basic.BasicScrollBarUI$ArrowButtonListener,innerclass,0,0,0,0,7,2,0,12,0,0.0,0.0,0.0,2,0,2,0,0,0,2,0,0,0,1,0,0,0,0,1,0,0,0,26,2,0,1,0,1,0,2,3,0,2,1,0,0,0,19,4,0
C:\Users\user\Desktop\STUFF A LOT OF 'EM\er\Design_Pattern\king\JRootPane.java,javax.swing.JRootPane$RootLayout,innerclass,0,0,0,0,24,1,0,13,45,0.0,0.0,0.0,10,0,10,0,0,0,10,0,0,0,0,0,0,0,0,0,0,0,3,88,5,0,10,0,0,0,13,22,10,15,1,0,0,0,101,4,0
C:\Users\user\Desktop\STUFF A LOT OF 'EM\er\Design_Pattern\king\text\AbstractDocument.java,javax.swing.text.AbstractDocument$BranchElement,innerclass,0,0,0,0,32,2,0,12,78,0.9230769,0.0,0.0,13,0,13,0,0,0,13,0,0,0,3,0,0,3,0,0,0,0,6,131,18,2,3,0,11,4,22,40,18,25,2,0,0,0,128,1,0
C:\Users\user\Desktop\STUFF A LOT OF 'EM\er\Design_Pattern\king\plaf\metal\MetalBorders.java,javax.swing.plaf.metal.MetalBorders$RolloverMarginBorder,innerclass,2,2,0,2,6,3,0,2,3,0.0,0.0,0.0,3,0,3,0,0,0,3,0,0,0,0,0,0,0,0,0,0,0,0,27,2,0,1,0,1,0,8,10,0,1,1,0,0,0,44,8,0
C:\Users\user\Desktop\STUFF A LOT OF 'EM\er\Design_Pattern\king\JColorChooser.java,javax.swing.ColorChooserDialog$DisposeOnClose,innerclass,0,0,0,0,1,2,0,2,0,0.0,NaN,NaN,1,0,1,0,0,0,1,0,0,0,0,0,0,0,0,0,0,0,0,6,0,0,0,0,0,0,0,1,0,1,0,0,0,0,12,8,0
C:\Users\user\Desktop\STUFF A LOT OF 'EM\er\Design_Pattern\king\colorchooser\DefaultSwatchChooserPanel.java,javax.swing.colorchooser.DefaultSwatchChooserPanel$MainSwatchListener,innerclass,0,0,0,0,1,2,0,6,0,0.0,NaN,NaN,1,0,1,0,0,0,1,0,0,0,0,0,0,0,0,0,0,0,0,7,0,0,0,0,0,0,0,1,0,1,0,0,0,0,15,0,0
C:\Users\user\Desktop\STUFF A LOT OF 'EM\er\Design_Pattern\king\JMenu.java,javax.swing.JMenu$MenuChangeListener,innerclass,0,0,0,0,3,1,0,4,0,0.0,NaN,NaN,1,0,1,0,0,0,1,0,0,0,1,0,0,0,0,1,0,0,0,16,0,0,2,0,0,0,0,4,0,3,2,0,0,0,17,0,0
C:\Users\user\Desktop\STUFF A LOT OF 'EM\er\Design_Pattern\king\Box.java,javax.swing.Box$Filler,innerclass,0,0,0,0,7,6,0,1,13,0.7916666,0.0,0.0,6,0,6,0,0,0,6,0,0,0,4,0,0,3,1,0,0,0,0,37,4,0,1,0,0,0,0,8,0,4,1,0,1,0,110,9,0
C:\Users\user\Desktop\STUFF A LOT OF 'EM\er\Design_Pattern\king\text\html\HTMLDocument.java,javax.swing.text.html.HTMLDocument$HTMLReader$MetaAction,innerclass,0,0,0,0,5,3,0,7,1,0.0,0.0,0.0,2,0,1,0,0,1,2,0,0,0,0,0,0,0,0,0,0,0,0,20,1,0,1,0,1,3,0,5,0,2,2,0,0,0,34,0,0
C:\Users\user\Desktop\STUFF A LOT OF 'EM\er\Design_Pattern\king\text\html\HTMLEditorKit.java,javax.swing.text.html.HTMLEditorKit$ActivateLinkAction,innerclass,8,8,0,8,34,1,0,35,36,0.0,0.0,0.0,9,0,2,7,0,0,2,0,0,0,0,0,0,0,0,0,0,0,0,107,12,1,12,2,7,0,2,26,0,25,4,0,0,0,73,8,0
C:\Users\user\Desktop\STUFF A LOT OF 'EM\er\Design_Pattern\king\plaf\basic\BasicTransferable.java,javax.swing.plaf.basic.BasicTransferable,class,0,0,0,0,50,1,4,16,73,0.82857144,0.0,0.0,14,0,4,0,10,0,15,0,0,0,5,3,0,3,2,0,0,0,4,158,25,5,7,1,8,11,30,43,2,28,2,0,0,0,120,0,0
C:\Users\user\Desktop\STUFF A LOT OF 'EM\er\Design_Pattern\king\tree\DefaultTreeSelectionModel.java,javax.swing.tree.DefaultTreeSelectionModel,class,3,3,0,3,196,1,2,60,405,0.844365,0.0,0.0,43,0,33,2,8,0,41,0,0,2,13,1,1,3,9,0,1,0,9,599,36,25,100,0,11,9,136,199,25,109,7,0,0,0,376,1,0
C:\Users\user\Desktop\STUFF A LOT OF 'EM\er\Design_Pattern\king\plaf\basic\BasicPopupMenuUI.java,javax.swing.plaf.basic.BasicPopupMenuUI$MenuKeyboardHelper$Anonymous1,anonymous,0,0,0,0,2,1,0,3,0,0.0,NaN,NaN,1,0,1,0,0,0,1,0,0,0,0,0,0,0,0,0,0,0,0,9,0,0,1,0,0,0,0,2,0,1,1,0,0,0,10,-1,0
C:\Users\user\Desktop\STUFF A LOT OF 'EM\er\Design_Pattern\king\JPopupMenu.java,javax.swing.JPopupMenu$Separator,innerclass,0,0,0,0,2,5,0,0,1,0.0,0.0,0.0,2,0,2,0,0,0,2,0,0,0,0,0,0,0,0,0,0,0,0,8,1,0,0,0,0,1,0,0,0,0,0,0,0,0,20,9,0
C:\Users\user\Desktop\STUFF A LOT OF 'EM\er\Design_Pattern\king\text\rtf\RTFGenerator.java,javax.swing.text.rtf.RTFGenerator,class,9,9,0,9,168,1,0,84,495,0.92987007,0.0,0.0,35,6,16,5,7,7,31,0,0,0,21,9,3,2,4,12,4,0,10,633,27,26,69,1,19,63,58,161,11,121,4,0,1,0,247,0,0
C:\Users\user\Desktop\STUFF A LOT OF 'EM\er\Design_Pattern\king\plaf\basic\BasicTabbedPaneUI.java,javax.swing.plaf.basic.BasicTabbedPaneUI$PropertyChangeHandler,innerclass,2,2,0,2,9,1,0,15,0,0.0,NaN,NaN,1,0,1,0,0,0,1,0,0,0,0,0,0,0,0,0,0,0,1,36,0,0,3,0,1,4,0,6,0,5,3,0,0,0,47,1,0
C:\Users\user\Desktop\STUFF A LOT OF 'EM\er\Design_Pattern\king\text\html\AccessibleHTML.java,javax.swing.text.html.AccessibleHTML$TableElementInfo$TableAccessibleContext,innerclass,3,3,0,3,84,3,0,30,628,0.9444444,0.0,0.0,36,0,36,0,0,0,36,0,0,0,1,0,0,1,0,0,0,0,0,358,53,4,11,2,10,0,24,39,13,37,4,0,1,0,197,1,0
C:\Users\user\Desktop\STUFF A LOT OF 'EM\er\Design_Pattern\king\text\Keymap.java,javax.swing.text.Keymap,interface,0,0,0,0,13,1,0,0,78,0.0,0.0,0.0,13,0,13,0,0,0,13,0,0,0,0,0,0,0,0,0,0,0,0,15,0,0,0,0,0,0,0,0,0,0,0,0,0,0,117,1,0
C:\Users\user\Desktop\STUFF A LOT OF 'EM\er\Design_Pattern\king\SystemEventQueueUtilities.java,javax.swing.SystemEventQueueUtilities$RunnableCanvas,innerclass,1,1,0,1,49,3,0,28,40,0.7708333,0.0,0.0,12,3,5,2,0,5,10,0,0,2,4,2,0,4,0,0,1,0,11,181,12,7,15,3,7,1,16,43,0,35,5,0,0,0,184,10,0
C:\Users\user\Desktop\STUFF A LOT OF 'EM\er\Design_Pattern\king\JTable.java,javax.swing.JTable$GenericEditor,innerclass,0,0,0,0,9,3,0,10,0,0.5,0.0,0.0,4,0,4,0,0,0,4,0,0,0,3,0,0,0,0,3,0,0,0,43,5,0,2,2,2,1,0,8,0,5,2,0,0,0,29,8,0
C:\Users\user\Desktop\STUFF A LOT OF 'EM\er\Design_Pattern\king\JTable.java,javax.swing.JTable$DateRenderer,innerclass,0,0,0,0,4,1,0,3,1,0.5,0.0,0.0,2,0,2,0,0,0,2,0,0,0,1,0,0,0,0,1,0,0,1,12,0,0,2,0,1,1,0,1,0,1,1,0,0,0,13,8,0
C:\Users\user\Desktop\STUFF A LOT OF 'EM\er\Design_Pattern\king\plaf\basic\BasicToolBarUI.java,javax.swing.plaf.basic.BasicToolBarUI$DockingListener,innerclass,0,0,0,0,14,1,0,6,16,0.625,0.0,0.0,8,0,8,0,0,0,8,0,0,0,3,0,0,0,3,0,0,0,0,43,3,0,3,0,0,0,0,11,0,5,2,0,0,0,49,1,0
C:\Users\user\Desktop\STUFF A LOT OF 'EM\er\Design_Pattern\king\AbstractActionPropertyChangeListener.java,javax.swing.AbstractActionPropertyChangeListener,class,0,0,0,0,7,3,2,6,2,0.5833333,0.0,0.0,4,0,3,0,0,1,4,0,0,0,3,1,0,3,0,0,0,0,0,40,2,1,3,0,1,0,0,6,0,6,2,0,1,0,80,1024,0
C:\Users\user\Desktop\STUFF A LOT OF 'EM\er\Design_Pattern\king\text\html\IsindexView.java,javax.swing.text.html.IsindexView,class,5,5,0,5,8,3,0,16,1,0.33333334,0.0,0.0,3,0,3,0,0,0,3,0,0,0,1,0,0,0,0,1,0,0,1,44,1,0,3,1,0,2,1,14,1,11,1,0,0,0,99,0,0
C:\Users\user\Desktop\STUFF A LOT OF 'EM\er\Design_Pattern\king\plaf\basic\BasicComboPopup.java,javax.swing.plaf.basic.BasicComboPopup$ItemHandler,innerclass,1,1,0,1,2,1,0,4,0,0.0,NaN,NaN,1,0,1,0,0,0,1,0,0,0,0,0,0,0,0,0,0,0,0,8,0,0,1,0,0,0,0,1,0,1,1,0,0,0,23,4,0
C:\Users\user\Desktop\STUFF A LOT OF 'EM\er\Design_Pattern\king\filechooser\FileFilter.java,javax.swing.filechooser.FileFilter,class,0,0,0,0,2,1,0,0,1,0.0,0.0,0.0,2,0,2,0,0,0,2,2,0,0,0,0,0,0,0,0,0,0,0,4,0,0,0,0,0,0,0,0,0,0,0,0,0,0,66,1025,0
C:\Users\user\Desktop\STUFF A LOT OF 'EM\er\Design_Pattern\king\plaf\basic\BasicListUI.java,javax.swing.plaf.basic.BasicListUI$PropertyChangeHandler,innerclass,4,4,0,4,22,1,0,15,0,0.0,NaN,NaN,1,0,1,0,0,0,1,0,0,0,0,0,0,0,0,0,0,0,0,86,0,0,5,1,0,14,0,19,0,7,3,0,0,0,110,1,0
C:\Users\user\Desktop\STUFF A LOT OF 'EM\er\Design_Pattern\king\plaf\basic\BasicDesktopPaneUI.java,javax.swing.plaf.basic.BasicDesktopPaneUI$NavigateAction,innerclass,2,2,0,2,11,1,0,9,1,0.0,0.0,0.0,2,0,2,0,0,0,2,0,0,0,0,0,0,0,0,0,0,0,0,39,4,0,5,2,5,0,5,6,0,3,2,0,0,0,25,4,0
C:\Users\user\Desktop\STUFF A LOT OF 'EM\er\Design_Pattern\king\text\html\CSS.java,javax.swing.text.html.CSS$ShorthandFontParser,innerclass,0,0,0,0,39,1,0,13,6,0.0,NaN,NaN,4,4,0,3,0,1,1,0,0,0,0,0,0,0,0,0,0,0,5,95,4,2,11,0,9,18,26,17,1,9,3,0,0,0,46,8,0
C:\Users\user\Desktop\STUFF A LOT OF 'EM\er\Design_Pattern\king\plaf\basic\BasicBorders.java,javax.swing.plaf.basic.BasicBorders$MarginBorder,innerclass,3,3,0,3,9,2,0,2,1,0.0,0.0,0.0,2,0,2,0,0,0,2,0,0,0,0,0,0,0,0,0,0,0,0,25,2,0,4,0,0,0,8,11,0,4,1,0,0,0,20,9,0
C:\Users\user\Desktop\STUFF A LOT OF 'EM\er\Design_Pattern\king\LookAndFeel.java,javax.swing.LookAndFeel$Anonymous1,anonymous,2,2,0,2,3,1,0,3,0,0.0,NaN,NaN,1,0,1,0,0,0,1,0,0,0,0,0,0,0,0,0,0,0,1,39,3,0,2,0,0,4,5,1,2,1,1,1,0,0,18,-1,0
C:\Users\user\Desktop\STUFF A LOT OF 'EM\er\Design_Pattern\king\text\html\CSSParser.java,javax.swing.text.html.CSSParser$CSSParserCallback,interface,0,0,0,0,6,1,0,0,15,0.0,0.0,0.0,6,0,0,0,0,6,6,0,0,0,0,0,0,0,0,0,0,0,0,8,0,0,0,0,0,0,0,0,0,0,0,0,0,0,21,8,0
C:\Users\user\Desktop\STUFF A LOT OF 'EM\er\Design_Pattern\king\plaf\basic\BasicTableHeaderUI.java,javax.swing.plaf.basic.BasicTableHeaderUI,class,5,5,0,5,42,1,0,52,0,0.7368421,0.0,0.0,19,1,7,5,7,0,14,0,0,0,4,1,0,1,3,0,0,0,2,322,11,7,9,0,0,3,16,65,10,42,3,0,1,0,119,1,0
C:\Users\user\Desktop\STUFF A LOT OF 'EM\er\Design_Pattern\king\plaf\basic\BasicComboPopup.java,javax.swing.plaf.basic.BasicComboPopup$InvocationKeyHandler,innerclass,0,0,0,0,1,2,0,0,0,0.0,NaN,NaN,1,0,1,0,0,0,1,0,0,0,0,0,0,0,0,0,0,0,0,4,0,0,0,0,0,0,0,0,0,0,0,0,0,0,40,1,0
C:\Users\user\Desktop\STUFF A LOT OF 'EM\er\Design_Pattern\king\plaf\basic\BasicInternalFrameUI.java,javax.swing.plaf.basic.BasicInternalFrameUI$GlassPaneDispatcher,innerclass,1,1,0,1,36,1,0,23,45,0.9,0.0,0.0,10,0,7,3,0,0,7,0,0,0,2,0,0,2,0,0,0,0,0,113,7,1,8,0,4,0,1,20,4,14,3,0,0,0,70,4,0
C:\Users\user\Desktop\STUFF A LOT OF 'EM\er\Design_Pattern\king\plaf\metal\MetalComboBoxUI.java,javax.swing.plaf.metal.MetalComboBoxUI$MetalComboBoxLayoutManager,innerclass,0,0,0,0,2,1,0,2,1,0.0,0.0,0.0,2,0,2,0,0,0,2,0,0,0,0,0,0,0,0,0,0,0,0,8,0,0,0,0,0,0,0,0,0,0,0,0,0,0,28,1,0
C:\Users\user\Desktop\STUFF A LOT OF 'EM\er\Design_Pattern\king\event\DocumentListener.java,javax.swing.event.DocumentListener,interface,0,0,0,0,3,1,0,0,3,0.0,0.0,0.0,3,0,3,0,0,0,3,0,0,0,0,0,0,0,0,0,0,0,0,5,0,0,0,0,0,0,0,0,0,0,0,0,0,0,102,1,0
C:\Users\user\Desktop\STUFF A LOT OF 'EM\er\Design_Pattern\king\table\JTableHeader.java,javax.swing.table.JTableHeader,class,4,5,1,4,64,3,0,51,700,0.9150001,0.0,0.0,40,0,34,2,4,0,38,0,0,0,10,1,0,2,8,0,1,0,0,809,20,1,12,0,9,16,5,50,3,31,2,0,2,0,319,1,0
C:\Users\user\Desktop\STUFF A LOT OF 'EM\er\Design_Pattern\king\ComponentInputMap.java,javax.swing.ComponentInputMap,class,0,0,0,0,15,2,0,8,13,0.6666667,0.0,0.0,6,0,6,0,0,0,6,0,0,0,1,0,0,1,0,0,0,0,0,41,2,0,7,0,3,2,1,2,0,2,1,0,0,0,68,1,0
C:\Users\user\Desktop\STUFF A LOT OF 'EM\er\Design_Pattern\king\text\html\HTMLDocument.java,javax.swing.text.html.HTMLDocument$HTMLReader$PreAction,innerclass,0,0,0,0,2,3,0,3,1,0.0,0.0,0.0,2,0,2,0,0,0,2,0,0,0,0,0,0,0,0,0,0,0,0,13,0,0,0,0,0,1,0,2,0,0,0,0,0,0,16,1,0
C:\Users\user\Desktop\STUFF A LOT OF 'EM\er\Design_Pattern\king\text\html\parser\TagElement.java,javax.swing.text.html.parser.TagElement,class,2,2,0,2,8,1,0,4,1,0.5714286,0.0,0.0,7,0,7,0,0,0,7,0,0,0,3,0,0,0,0,3,0,0,0,31,5,0,1,0,0,0,0,4,0,3,1,0,0,0,32,1,0
C:\Users\user\Desktop\STUFF A LOT OF 'EM\er\Design_Pattern\king\plaf\basic\BasicSplitPaneUI.java,javax.swing.plaf.basic.BasicSplitPaneUI$KeyboardEndAction,innerclass,1,1,0,1,5,1,0,6,0,0.0,NaN,NaN,1,0,1,0,0,0,1,0,0,0,0,0,0,0,0,0,0,0,0,17,0,0,3,0,2,0,2,5,2,5,2,0,0,0,21,8,0
C:\Users\user\Desktop\STUFF A LOT OF 'EM\er\Design_Pattern\king\text\html\AccessibleHTML.java,javax.swing.text.html.AccessibleHTML$TableElementInfo$TableCellElementInfo,innerclass,0,0,0,0,12,2,0,9,20,0.6875,0.0,0.0,8,0,4,1,1,2,7,0,0,0,2,0,0,2,0,0,0,0,2,47,7,1,0,0,0,0,7,5,0,3,2,0,0,0,37,2,0
C:\Users\user\Desktop\STUFF A LOT OF 'EM\er\Design_Pattern\king\text\html\OptionListModel.java,javax.swing.text.html.OptionListModel,class,0,0,0,0,91,3,0,39,545,0.89010984,0.0,0.0,39,0,27,9,3,0,30,0,0,0,14,2,0,12,2,0,2,0,19,302,22,7,20,0,12,5,23,78,13,52,3,0,0,0,282,0,0
C:\Users\user\Desktop\STUFF A LOT OF 'EM\er\Design_Pattern\king\JList.java,javax.swing.JList$Anonymous4,anonymous,0,0,0,0,2,1,0,0,1,0.0,0.0,0.0,2,0,2,0,0,0,2,0,0,0,0,0,0,0,0,0,0,0,0,8,2,0,0,0,0,0,0,0,0,0,0,0,0,0,6,-1,0
C:\Users\user\Desktop\STUFF A LOT OF 'EM\er\Design_Pattern\king\plaf\metal\MetalRootPaneUI.java,javax.swing.plaf.metal.MetalRootPaneUI$MouseInputHandler,innerclass,1,1,0,1,77,1,0,37,49,0.78787875,0.0,0.0,11,0,7,4,0,0,7,0,0,0,6,0,0,6,0,0,0,0,2,208,13,0,28,0,31,0,39,54,40,34,3,0,0,0,130,2,0
C:\Users\user\Desktop\STUFF A LOT OF 'EM\er\Design_Pattern\king\text\rtf\RTFReader.java,javax.swing.text.rtf.RTFReader$TextHandlingDestination,innerclass,1,1,0,1,15,2,0,10,16,0.44444445,0.0,0.0,9,0,4,0,2,3,9,3,0,0,1,0,0,0,0,1,0,0,0,41,3,0,0,0,0,5,0,6,0,3,1,0,0,0,52,1024,0
C:\Users\user\Desktop\STUFF A LOT OF 'EM\er\Design_Pattern\king\JList.java,javax.swing.JList$Anonymous3,anonymous,0,0,0,0,2,1,0,0,1,0.0,0.0,0.0,2,0,2,0,0,0,2,0,0,0,0,0,0,0,0,0,0,0,0,8,2,0,0,0,0,1,1,0,0,0,0,0,0,0,7,-1,0
C:\Users\user\Desktop\STUFF A LOT OF 'EM\er\Design_Pattern\king\JList.java,javax.swing.JList$Anonymous2,anonymous,0,0,0,0,2,1,0,2,1,0.0,0.0,0.0,2,0,2,0,0,0,2,0,0,0,0,0,0,0,0,0,0,0,0,8,2,0,0,0,0,0,0,0,0,0,0,0,0,0,6,-1,0
C:\Users\user\Desktop\STUFF A LOT OF 'EM\er\Design_Pattern\king\JList.java,javax.swing.JList$Anonymous1,anonymous,0,0,0,0,2,1,0,0,1,0.0,0.0,0.0,2,0,2,0,0,0,2,0,0,0,0,0,0,0,0,0,0,0,0,8,2,0,0,0,0,0,0,0,0,0,0,0,0,0,6,-1,0
C:\Users\user\Desktop\STUFF A LOT OF 'EM\er\Design_Pattern\king\JList.java,javax.swing.JList$Anonymous5,anonymous,0,0,0,0,2,1,0,2,1,0.0,0.0,0.0,2,0,2,0,0,0,2,0,0,0,0,0,0,0,0,0,0,0,0,8,2,0,0,0,0,0,0,0,0,0,0,0,0,0,6,-1,0
C:\Users\user\Desktop\STUFF A LOT OF 'EM\er\Design_Pattern\king\AbstractButton.java,javax.swing.AbstractButton$AccessibleAbstractButton,innerclass,6,6,0,6,103,5,0,59,465,0.0,0.0,0.0,31,0,28,2,0,1,29,0,0,0,0,0,0,0,0,0,0,0,7,408,79,1,28,10,6,7,40,70,8,61,5,0,1,0,285,1028,0
C:\Users\user\Desktop\STUFF A LOT OF 'EM\er\Design_Pattern\king\plaf\basic\BasicSplitPaneUI.java,javax.swing.plaf.basic.BasicSplitPaneUI$KeyboardResizeToggleAction,innerclass,1,1,0,1,3,1,0,4,0,0.0,NaN,NaN,1,0,1,0,0,0,1,0,0,0,0,0,0,0,0,0,0,0,0,15,0,0,1,0,0,0,0,3,0,3,2,0,0,0,19,8,0
C:\Users\user\Desktop\STUFF A LOT OF 'EM\er\Design_Pattern\king\plaf\basic\BasicListUI.java,javax.swing.plaf.basic.BasicListUI$EndAction,innerclass,0,0,0,0,2,2,0,2,1,0.0,0.0,0.0,2,0,0,0,2,0,2,0,0,0,0,0,0,0,0,0,0,0,0,8,1,0,0,0,0,0,1,0,1,0,0,0,0,0,19,10,0
C:\Users\user\Desktop\STUFF A LOT OF 'EM\er\Design_Pattern\king\JPasswordField.java,javax.swing.JPasswordField,class,3,3,0,3,23,12,0,18,134,0.91176474,0.0,0.0,17,0,15,1,1,0,16,0,0,0,2,1,0,2,0,0,1,0,3,84,9,0,4,1,0,2,6,8,1,6,2,0,1,0,277,1,0
C:\Users\user\Desktop\STUFF A LOT OF 'EM\er\Design_Pattern\king\text\MaskFormatter.java,javax.swing.text.MaskFormatter$LiteralCharacter,innerclass,0,0,0,0,3,2,0,0,1,0.33333334,0.0,0.0,3,0,3,0,0,0,3,0,0,0,1,0,0,1,0,0,0,0,0,12,2,0,0,0,0,0,0,1,0,1,0,0,0,0,15,2,0
C:\Users\user\Desktop\STUFF A LOT OF 'EM\er\Design_Pattern\king\event\PopupMenuEvent.java,javax.swing.event.PopupMenuEvent,class,0,0,0,0,1,1,0,0,0,0.0,NaN,NaN,1,0,1,0,0,0,1,0,0,0,0,0,0,0,0,0,0,0,0,5,0,0,0,0,0,0,0,0,0,0,0,0,0,0,60,1,0
C:\Users\user\Desktop\STUFF A LOT OF 'EM\er\Design_Pattern\king\JEditorPane.java,javax.swing.JEditorPane$PlainEditorKit,innerclass,3,3,0,3,8,1,0,6,3,0.0,0.0,0.0,3,0,2,0,0,1,3,0,0,0,0,0,0,0,0,0,0,0,0,111,6,0,2,0,1,1,0,3,0,3,2,0,1,0,56,8,0
C:\Users\user\Desktop\STUFF A LOT OF 'EM\er\Design_Pattern\king\text\html\CSS.java,javax.swing.text.html.CSS$CssValueMapper,innerclass,0,0,0,0,4,2,0,2,1,0.0,0.0,0.0,2,0,0,0,0,2,2,0,0,0,0,0,0,0,0,0,0,0,0,16,2,0,2,0,0,0,0,4,0,2,1,0,0,0,18,8,0
C:\Users\user\Desktop\STUFF A LOT OF 'EM\er\Design_Pattern\king\plaf\basic\BasicComboPopup.java,javax.swing.plaf.basic.BasicComboPopup$Anonymous1,anonymous,0,0,0,0,4,1,0,0,6,0.0,0.0,0.0,4,0,4,0,0,0,4,0,0,0,0,0,0,0,0,0,0,0,0,12,2,0,0,0,0,0,1,0,0,0,0,0,0,0,13,-1,0
C:\Users\user\Desktop\STUFF A LOT OF 'EM\er\Design_Pattern\king\text\html\StyleSheet.java,javax.swing.text.html.StyleSheet$SmallConversionSet,innerclass,1,1,0,1,8,2,0,4,3,0.0,0.0,0.0,3,0,3,0,0,0,3,0,0,0,0,0,0,0,0,0,0,0,0,26,4,0,3,0,0,0,0,3,0,3,3,0,0,0,40,0,0
C:\Users\user\Desktop\STUFF A LOT OF 'EM\er\Design_Pattern\king\plaf\basic\BasicRootPaneUI.java,javax.swing.plaf.basic.BasicRootPaneUI$RootPaneInputMap,innerclass,0,0,0,0,1,1,0,0,0,0.0,NaN,NaN,1,0,1,0,0,0,1,0,0,0,0,0,0,0,0,0,0,0,0,5,0,0,0,0,0,0,0,0,0,0,0,0,0,0,10,10,0
C:\Users\user\Desktop\STUFF A LOT OF 'EM\er\Design_Pattern\king\plaf\basic\BasicComboPopup.java,javax.swing.plaf.basic.BasicComboPopup$Anonymous3,anonymous,0,0,0,0,1,1,0,1,0,0.0,NaN,NaN,1,0,1,0,0,0,1,0,0,0,0,0,0,0,0,0,0,0,0,5,0,0,0,0,0,0,0,0,0,0,0,0,0,0,8,-1,0
C:\Users\user\Desktop\STUFF A LOT OF 'EM\er\Design_Pattern\king\text\html\MuxingAttributeSet.java,javax.swing.text.html.MuxingAttributeSet$MuxingAttributeNameEnumeration,innerclass,1,1,0,1,10,1,0,5,6,0.75,0.0,0.0,4,0,2,0,0,2,4,0,0,0,2,0,0,2,0,0,0,0,0,33,3,1,3,0,0,1,0,5,0,4,2,0,0,0,40,2,0
C:\Users\user\Desktop\STUFF A LOT OF 'EM\er\Design_Pattern\king\plaf\basic\BasicComboPopup.java,javax.swing.plaf.basic.BasicComboPopup$Anonymous2,anonymous,0,0,0,0,2,1,0,10,0,0.0,NaN,NaN,1,0,1,0,0,0,1,0,0,0,0,0,0,0,0,0,0,0,0,8,0,0,0,0,0,0,0,1,0,0,1,0,0,0,5,-1,0
C:\Users\user\Desktop\STUFF A LOT OF 'EM\er\Design_Pattern\king\plaf\basic\BasicComboPopup.java,javax.swing.plaf.basic.BasicComboPopup$Anonymous4,anonymous,0,0,0,0,1,1,0,1,0,0.0,NaN,NaN,1,0,1,0,0,0,1,0,0,0,0,0,0,0,0,0,0,0,0,5,0,0,0,0,0,0,0,0,0,0,0,0,0,0,8,-1,0
C:\Users\user\Desktop\STUFF A LOT OF 'EM\er\Design_Pattern\king\text\StyledEditorKit.java,javax.swing.text.StyledEditorKit$FontFamilyAction,innerclass,1,1,0,1,7,4,0,7,1,0.5,0.0,0.0,2,0,2,0,0,0,2,0,0,0,1,0,0,1,0,0,0,0,1,27,0,0,5,0,2,0,0,6,0,5,3,0,0,0,87,9,0
C:\Users\user\Desktop\STUFF A LOT OF 'EM\er\Design_Pattern\king\text\AttributeSet.java,javax.swing.text.AttributeSet$FontAttribute,interface,0,0,0,0,0,1,0,0,0,0.0,-1.0,-1.0,0,0,0,0,0,0,0,0,0,0,0,0,0,0,0,0,0,0,0,2,0,0,0,0,0,0,0,0,0,0,0,0,0,0,46,1,0
C:\Users\user\Desktop\STUFF A LOT OF 'EM\er\Design_Pattern\king\SpinnerListModel.java,javax.swing.SpinnerListModel,class,0,0,0,0,25,2,0,8,0,0.15,0.0,0.0,10,0,9,0,0,1,10,0,0,0,2,0,0,2,0,0,0,0,1,70,7,1,11,0,6,5,13,13,5,7,2,0,0,0,131,1,0
C:\Users\user\Desktop\STUFF A LOT OF 'EM\er\Design_Pattern\king\tree\DefaultTreeCellEditor.java,javax.swing.tree.DefaultTreeCellEditor$DefaultTextField,innerclass,0,0,0,0,10,6,0,7,4,0.4,0.0,0.0,5,0,5,0,0,0,5,0,0,0,1,0,0,0,1,0,0,0,0,29,3,0,4,0,0,0,0,7,0,5,2,0,0,0,74,1,0
C:\Users\user\Desktop\STUFF A LOT OF 'EM\er\Design_Pattern\king\text\IconView.java,javax.swing.text.IconView,class,2,2,0,2,13,2,0,10,15,0.8333333,0.0,0.0,6,0,6,0,0,0,6,0,0,0,1,0,0,1,0,0,0,0,1,52,7,0,1,0,3,3,5,11,4,7,1,0,0,0,168,1,0
C:\Users\user\Desktop\STUFF A LOT OF 'EM\er\Design_Pattern\king\colorchooser\AbstractColorChooserPanel.java,javax.swing.colorchooser.AbstractColorChooserPanel$ModelListener,innerclass,0,0,0,0,2,1,0,2,0,0.0,NaN,NaN,1,0,1,0,0,0,1,0,0,0,0,0,0,0,0,0,0,0,0,11,0,0,0,0,0,0,0,2,0,0,1,0,0,0,15,0,0
C:\Users\user\Desktop\STUFF A LOT OF 'EM\er\Design_Pattern\king\event\CellEditorListener.java,javax.swing.event.CellEditorListener,interface,0,0,0,0,2,1,0,0,1,0.0,0.0,0.0,2,0,2,0,0,0,2,0,0,0,0,0,0,0,0,0,0,0,0,4,0,0,0,0,0,0,0,0,0,0,0,0,0,0,28,1,0
C:\Users\user\Desktop\STUFF A LOT OF 'EM\er\Design_Pattern\king\UIDefaults.java,javax.swing.UIDefaults$LazyInputMap,innerclass,1,1,0,1,3,1,0,1,0,0.0,0.0,0.0,2,0,2,0,0,0,2,0,0,0,1,0,0,1,0,0,0,0,0,13,2,0,1,0,0,0,0,2,0,2,1,0,0,0,41,9,0
C:\Users\user\Desktop\STUFF A LOT OF 'EM\er\Design_Pattern\king\plaf\metal\MetalIconFactory.java,javax.swing.plaf.metal.MetalIconFactory,class,0,0,0,0,40,3,0,0,300,0.9688886,0.0,0.0,25,25,25,0,0,0,25,0,0,0,27,27,2,25,0,0,8,0,0,1496,25,0,15,0,0,0,11,23,0,27,1,0,28,0,145,1,0
C:\Users\user\Desktop\STUFF A LOT OF 'EM\er\Design_Pattern\king\text\rtf\RTFReader.java,javax.swing.text.rtf.RTFReader$FonttblDestination,innerclass,1,1,0,1,11,1,0,11,17,0.71428573,0.0,0.0,7,0,7,0,0,0,7,0,0,0,2,0,0,0,0,2,0,0,0,43,5,1,1,0,0,4,5,9,1,7,1,0,0,0,42,0,0
C:\Users\user\Desktop\STUFF A LOT OF 'EM\er\Design_Pattern\king\event\DocumentEvent.java,javax.swing.event.DocumentEvent$EventType,innerclass,0,0,0,0,2,1,0,0,1,0.5,NaN,NaN,2,0,1,1,0,0,1,0,0,0,4,3,3,1,0,0,3,0,0,12,1,0,0,0,0,3,0,4,0,4,0,0,0,0,30,25,0
C:\Users\user\Desktop\STUFF A LOT OF 'EM\er\Design_Pattern\king\plaf\metal\MetalComboBoxUI.java,javax.swing.plaf.metal.MetalComboBoxUI$MetalPropertyChangeListener,innerclass,0,0,0,0,4,1,0,9,0,0.0,NaN,NaN,1,0,1,0,0,0,1,0,0,0,0,0,0,0,0,0,0,0,0,21,0,0,0,0,0,3,0,4,0,4,1,0,0,0,34,1,0
C:\Users\user\Desktop\STUFF A LOT OF 'EM\er\Design_Pattern\king\plaf\metal\MetalIconFactory.java,javax.swing.plaf.metal.MetalIconFactory$InternalFrameMaximizeIcon,innerclass,2,2,0,2,9,1,0,17,0,0.0,0.0,0.0,4,0,4,0,0,0,4,0,0,0,1,0,0,0,1,0,0,0,0,71,2,0,1,0,0,1,87,19,41,9,2,0,0,0,32,10,0
C:\Users\user\Desktop\STUFF A LOT OF 'EM\er\Design_Pattern\king\plaf\metal\MetalToolTipUI.java,javax.swing.plaf.metal.MetalToolTipUI,class,4,4,0,4,30,2,0,32,12,0.7111112,0.0,0.0,9,1,7,1,1,0,8,0,0,0,5,2,1,3,0,1,1,0,5,88,7,1,11,0,8,10,9,31,6,23,2,0,0,0,101,1,0
C:\Users\user\Desktop\STUFF A LOT OF 'EM\er\Design_Pattern\king\text\CompositeView.java,javax.swing.text.CompositeView,class,3,3,0,3,87,2,3,42,378,0.9642858,0.0,0.0,28,0,11,0,17,0,28,4,0,0,8,1,0,8,0,0,0,0,9,296,33,5,29,2,15,3,35,76,16,49,4,0,0,0,395,1025,0
C:\Users\user\Desktop\STUFF A LOT OF 'EM\er\Design_Pattern\king\plaf\basic\BasicBorders.java,javax.swing.plaf.basic.BasicBorders$SplitPaneDividerBorder,innerclass,1,1,0,1,13,1,0,10,4,0.5,0.0,0.0,4,0,3,0,0,1,4,0,0,0,2,0,0,0,0,2,0,0,0,63,4,0,8,0,2,0,23,22,6,9,4,0,0,0,47,8,0
C:\Users\user\Desktop\STUFF A LOT OF 'EM\er\Design_Pattern\king\plaf\ComponentInputMapUIResource.java,javax.swing.plaf.ComponentInputMapUIResource,class,0,0,0,0,1,2,0,0,0,0.0,NaN,NaN,1,0,1,0,0,0,1,0,0,0,0,0,0,0,0,0,0,0,0,5,0,0,0,0,0,0,0,0,0,0,0,0,0,0,20,1,0
C:\Users\user\Desktop\STUFF A LOT OF 'EM\er\Design_Pattern\king\event\ChangeListener.java,javax.swing.event.ChangeListener,interface,0,0,0,0,1,1,0,0,0,0.0,NaN,NaN,1,0,0,0,0,1,1,0,0,0,0,0,0,0,0,0,0,0,0,3,0,0,0,0,0,0,0,0,0,0,0,0,0,0,23,1,0
C:\Users\user\Desktop\STUFF A LOT OF 'EM\er\Design_Pattern\king\text\DefaultEditorKit.java,javax.swing.text.DefaultEditorKit$DeletePrevCharAction,innerclass,1,1,0,1,13,2,0,13,1,0.0,0.0,0.0,2,0,1,0,0,1,2,0,0,0,0,0,0,0,0,0,0,0,2,39,0,0,2,1,2,0,8,13,3,10,5,0,0,0,44,8,0
C:\Users\user\Desktop\STUFF A LOT OF 'EM\er\Design_Pattern\king\text\html\Map.java,javax.swing.text.html.Map,class,2,2,0,2,43,2,0,20,22,0.7037037,0.0,0.0,9,1,7,0,2,0,9,0,0,0,3,0,0,3,0,0,0,0,4,318,11,3,16,2,7,7,22,34,4,22,4,0,5,0,127,0,0
C:\Users\user\Desktop\STUFF A LOT OF 'EM\er\Design_Pattern\king\JList.java,javax.swing.JList$AccessibleJList$AccessibleJListChild,innerclass,0,0,0,0,121,2,0,82,1056,0.9217687,0.0,0.0,49,0,46,3,0,0,46,0,0,0,6,0,0,6,0,0,0,0,0,486,64,0,41,0,31,0,4,72,1,67,3,0,0,0,107,4,0
C:\Users\user\Desktop\STUFF A LOT OF 'EM\er\Design_Pattern\king\text\html\AccessibleHTML.java,javax.swing.text.html.AccessibleHTML$TableElementInfo$TableAccessibleContext$AccessibleHeadersTable,innerclass,1,1,0,1,29,1,0,6,274,0.9444444,0.0,0.0,24,0,23,1,0,0,23,0,0,0,3,0,0,3,0,0,0,0,0,101,21,0,4,0,0,0,6,10,0,9,1,0,0,0,76,4,0
C:\Users\user\Desktop\STUFF A LOT OF 'EM\er\Design_Pattern\king\text\DefaultHighlighter.java,javax.swing.text.DefaultHighlighter,class,3,3,0,3,43,4,0,23,66,0.9166667,0.0,0.0,12,0,12,0,0,0,12,0,0,0,4,1,1,3,0,0,1,0,14,292,3,5,9,0,6,0,21,70,7,44,5,0,3,0,171,1,0
C:\Users\user\Desktop\STUFF A LOT OF 'EM\er\Design_Pattern\king\event\MenuKeyListener.java,javax.swing.event.MenuKeyListener,interface,0,0,0,0,3,1,0,0,3,0.0,0.0,0.0,3,0,0,0,0,3,3,0,0,0,0,0,0,0,0,0,0,0,0,5,0,0,0,0,0,0,0,0,0,0,0,0,0,0,24,1,0
C:\Users\user\Desktop\STUFF A LOT OF 'EM\er\Design_Pattern\king\JSlider.java,javax.swing.JSlider$1SmartHashtable,innerclass,1,1,0,1,12,7,0,16,0,0.22222222,0.0,0.0,3,0,2,0,0,1,3,0,0,0,3,0,0,0,0,3,0,0,0,47,0,3,1,0,2,4,2,16,1,8,3,0,1,0,37,0,0
C:\Users\user\Desktop\STUFF A LOT OF 'EM\er\Design_Pattern\king\plaf\metal\MetalFileChooserUI.java,javax.swing.plaf.metal.MetalFileChooserUI$FileRenderer,innerclass,1,1,0,1,2,1,0,7,0,0.0,NaN,NaN,1,0,1,0,0,0,1,0,0,0,0,0,0,0,0,0,0,0,0,14,1,0,0,0,0,0,1,4,1,3,1,0,0,0,24,4,0
C:\Users\user\Desktop\STUFF A LOT OF 'EM\er\Design_Pattern\king\text\html\StyleSheet.java,javax.swing.text.html.StyleSheet$CssParser,innerclass,1,1,0,1,24,1,0,22,45,0.90000004,0.0,0.0,10,0,9,1,0,0,9,0,0,0,8,0,0,0,0,8,0,0,3,95,3,1,6,1,0,2,7,22,1,16,5,0,0,0,102,0,0
C:\Users\user\Desktop\STUFF A LOT OF 'EM\er\Design_Pattern\king\text\LayoutQueue.java,javax.swing.text.LayoutQueue,class,0,0,0,0,9,2,0,7,2,0.6,0.0,0.0,5,2,4,0,1,0,5,0,0,2,3,1,0,0,0,3,0,0,0,54,3,1,3,1,0,0,2,5,0,4,2,0,1,0,56,1,0
C:\Users\user\Desktop\STUFF A LOT OF 'EM\er\Design_Pattern\king\plaf\basic\BasicInternalFrameTitlePane.java,javax.swing.plaf.basic.BasicInternalFrameTitlePane$MoveAction,innerclass,0,0,0,0,2,1,0,0,1,0.0,0.0,0.0,2,0,2,0,0,0,2,0,0,0,0,0,0,0,0,0,0,0,0,7,0,0,0,0,0,0,0,0,0,0,0,0,0,0,33,1,0
C:\Users\user\Desktop\STUFF A LOT OF 'EM\er\Design_Pattern\king\text\StyledEditorKit.java,javax.swing.text.StyledEditorKit$ItalicAction,innerclass,1,1,0,1,4,4,0,6,1,0.0,0.0,0.0,2,0,2,0,0,0,2,0,0,0,0,0,0,0,0,0,0,0,2,16,0,0,1,0,1,1,0,5,0,5,1,0,0,0,75,9,0
C:\Users\user\Desktop\STUFF A LOT OF 'EM\er\Design_Pattern\king\event\TreeExpansionListener.java,javax.swing.event.TreeExpansionListener,interface,0,0,0,0,2,1,0,0,1,0.0,0.0,0.0,2,0,2,0,0,0,2,0,0,0,0,0,0,0,0,0,0,0,0,4,0,0,0,0,0,0,0,0,0,0,0,0,0,0,44,1,0
C:\Users\user\Desktop\STUFF A LOT OF 'EM\er\Design_Pattern\king\plaf\basic\BasicTabbedPaneUI.java,javax.swing.plaf.basic.BasicTabbedPaneUI,class,9,9,0,9,344,5,0,165,2036,0.9489131,0.0,0.0,92,2,10,12,66,4,80,0,0,0,40,1,0,13,27,0,1,0,18,2293,73,22,71,0,57,37,341,323,401,190,4,0,24,0,506,1,0
C:\Users\user\Desktop\STUFF A LOT OF 'EM\er\Design_Pattern\king\plaf\multi\MultiColorChooserUI.java,javax.swing.plaf.multi.MultiColorChooserUI,class,1,1,0,1,22,2,0,14,0,0.0,0.0,0.0,12,1,12,0,0,0,12,0,0,0,1,0,0,0,1,0,0,0,1,72,8,10,0,0,33,0,16,18,0,18,1,0,0,0,93,1,0
C:\Users\user\Desktop\STUFF A LOT OF 'EM\er\Design_Pattern\king\event\TreeExpansionEvent.java,javax.swing.event.TreeExpansionEvent,class,0,0,0,0,2,1,0,0,0,0.0,0.0,0.0,2,0,2,0,0,0,2,0,0,0,1,0,0,0,1,0,0,0,0,10,1,0,0,0,0,0,0,1,0,1,0,0,0,0,93,1,0
C:\Users\user\Desktop\STUFF A LOT OF 'EM\er\Design_Pattern\king\JSplitPane.java,javax.swing.JSplitPane,class,1,1,0,1,92,8,0,46,814,0.9441287,0.0,0.0,44,0,40,1,3,0,43,0,0,0,24,15,14,3,7,0,15,0,3,342,20,0,35,0,12,40,13,61,9,43,2,0,1,0,435,1,0
C:\Users\user\Desktop\STUFF A LOT OF 'EM\er\Design_Pattern\king\tree\VariableHeightLayoutCache.java,javax.swing.tree.VariableHeightLayoutCache$TreeStateNode,innerclass,0,0,0,0,115,2,0,59,643,0.91353387,0.0,0.0,38,0,25,0,13,0,38,0,0,0,7,0,0,0,7,0,0,0,0,329,25,16,26,0,15,0,40,89,19,57,4,0,0,0,215,2,0
C:\Users\user\Desktop\STUFF A LOT OF 'EM\er\Design_Pattern\king\plaf\basic\BasicSplitPaneUI.java,javax.swing.plaf.basic.BasicSplitPaneUI$KeyboardDownRightHandler,innerclass,0,0,0,0,2,1,0,3,0,0.0,NaN,NaN,1,0,1,0,0,0,1,0,0,0,0,0,0,0,0,0,0,0,0,7,0,0,0,0,0,0,0,0,1,0,1,0,0,0,50,1,0
C:\Users\user\Desktop\STUFF A LOT OF 'EM\er\Design_Pattern\king\InputVerifier.java,javax.swing.InputVerifier,class,0,0,0,0,2,1,0,1,1,0.0,0.0,0.0,2,0,2,0,0,0,2,1,0,0,0,0,0,0,0,0,0,0,0,6,1,0,0,0,0,0,0,0,0,0,0,0,0,0,143,1025,0
C:\Users\user\Desktop\STUFF A LOT OF 'EM\er\Design_Pattern\king\JFrame.java,javax.swing.JFrame$AccessibleJFrame,innerclass,0,0,0,0,6,6,0,6,1,0.0,0.0,0.0,2,0,2,0,0,0,2,0,0,0,0,0,0,0,0,0,0,0,0,25,4,0,3,0,0,0,0,1,0,1,2,0,0,0,51,4,0
C:\Users\user\Desktop\STUFF A LOT OF 'EM\er\Design_Pattern\king\text\TabSet.java,javax.swing.text.TabSet,class,0,0,0,0,21,1,0,8,1,0.2857143,0.0,0.0,7,0,7,0,0,0,7,0,0,0,1,0,0,1,0,0,0,0,1,54,8,3,7,0,3,4,15,15,6,11,3,0,0,0,110,1,0
C:\Users\user\Desktop\STUFF A LOT OF 'EM\er\Design_Pattern\king\DefaultFocusManager.java,javax.swing.DefaultFocusManager,class,0,0,0,0,19,4,1,11,0,0.22222222,0.0,0.0,6,0,6,0,0,0,6,0,0,0,3,0,0,2,0,1,3,0,0,59,13,0,8,0,5,0,1,11,0,11,2,0,0,0,60,1,0
C:\Users\user\Desktop\STUFF A LOT OF 'EM\er\Design_Pattern\king\plaf\metal\MetalIconFactory.java,javax.swing.plaf.metal.MetalIconFactory$MenuArrowIcon,innerclass,3,3,0,3,8,1,0,11,3,0.0,0.0,0.0,3,0,3,0,0,0,3,0,0,0,0,0,0,0,0,0,0,0,1,37,2,0,0,0,1,0,32,2,0,2,2,0,0,0,18,10,0
C:\Users\user\Desktop\STUFF A LOT OF 'EM\er\Design_Pattern\king\plaf\OptionPaneUI.java,javax.swing.plaf.OptionPaneUI,class,0,0,0,0,2,2,0,0,1,0.0,0.0,0.0,2,0,2,0,0,0,2,2,0,0,0,0,0,0,0,0,0,0,0,4,0,0,0,0,0,0,0,0,0,0,0,0,0,0,36,1025,0
C:\Users\user\Desktop\STUFF A LOT OF 'EM\er\Design_Pattern\king\text\MaskFormatter.java,javax.swing.text.MaskFormatter$UpperCaseCharacter,innerclass,0,0,0,0,2,2,0,3,1,0.0,0.0,0.0,2,0,2,0,0,0,2,0,0,0,0,0,0,0,0,0,0,0,2,8,2,0,0,0,1,0,0,0,0,0,0,0,0,0,18,2,0
C:\Users\user\Desktop\STUFF A LOT OF 'EM\er\Design_Pattern\king\JScrollBar.java,javax.swing.JScrollBar$AccessibleJScrollBar,innerclass,0,0,0,0,10,5,0,9,21,0.0,0.0,0.0,7,0,7,0,0,0,7,0,0,0,0,0,0,0,0,0,0,0,0,39,8,0,1,0,0,0,0,1,0,1,1,0,0,0,104,4,0
C:\Users\user\Desktop\STUFF A LOT OF 'EM\er\Design_Pattern\king\Scrollable.java,javax.swing.Scrollable,interface,0,0,0,0,5,1,0,0,10,0.0,0.0,0.0,5,0,0,0,0,5,5,0,0,0,0,0,0,0,0,0,0,0,0,7,0,0,0,0,0,0,0,0,0,0,0,0,0,0,151,1,0
C:\Users\user\Desktop\STUFF A LOT OF 'EM\er\Design_Pattern\king\undo\CannotUndoException.java,javax.swing.undo.CannotUndoException,class,0,0,0,0,0,4,0,0,0,0.0,-1.0,-1.0,0,0,0,0,0,0,0,0,0,0,0,0,0,0,0,0,0,0,0,2,0,0,0,0,0,0,0,0,0,0,0,0,0,0,55,1,0
C:\Users\user\Desktop\STUFF A LOT OF 'EM\er\Design_Pattern\king\JMenu.java,javax.swing.JMenu$AccessibleJMenu,innerclass,0,0,0,0,44,7,0,13,55,0.0,0.0,0.0,11,0,11,0,0,0,11,0,0,0,0,0,0,0,0,0,0,0,10,127,14,8,11,0,2,0,20,25,4,23,5,0,0,0,161,4,0
C:\Users\user\Desktop\STUFF A LOT OF 'EM\er\Design_Pattern\king\plaf\basic\BasicInternalFrameTitlePane.java,javax.swing.plaf.basic.BasicInternalFrameTitlePane$SizeAction,innerclass,0,0,0,0,2,1,0,0,1,0.0,0.0,0.0,2,0,2,0,0,0,2,0,0,0,0,0,0,0,0,0,0,0,0,7,0,0,0,0,0,0,0,0,0,0,0,0,0,0,34,1,0
C:\Users\user\Desktop\STUFF A LOT OF 'EM\er\Design_Pattern\king\plaf\multi\MultiDesktopPaneUI.java,javax.swing.plaf.multi.MultiDesktopPaneUI,class,1,1,0,1,22,2,0,14,0,0.0,0.0,0.0,12,1,12,0,0,0,12,0,0,0,1,0,0,0,1,0,0,0,1,72,8,10,0,0,33,0,16,18,0,18,1,0,0,0,93,1,0
C:\Users\user\Desktop\STUFF A LOT OF 'EM\er\Design_Pattern\king\text\html\CSS.java,javax.swing.text.html.CSS$BackgroundImage,innerclass,1,1,0,1,6,2,0,2,3,0.6666667,0.0,0.0,3,0,0,0,0,3,3,0,0,0,2,0,0,2,0,0,0,0,1,26,3,0,1,0,0,0,0,5,0,4,4,0,0,0,21,8,0
C:\Users\user\Desktop\STUFF A LOT OF 'EM\er\Design_Pattern\king\text\DefaultStyledDocument.java,javax.swing.text.DefaultStyledDocument$ChangeUpdateRunnable,innerclass,0,0,0,0,1,1,0,5,0,0.0,NaN,NaN,1,0,1,0,0,0,1,0,0,0,1,0,0,0,0,1,0,0,0,17,0,0,0,1,0,0,1,3,0,2,1,0,0,0,26,0,0
C:\Users\user\Desktop\STUFF A LOT OF 'EM\er\Design_Pattern\king\plaf\basic\BasicComboPopup.java,javax.swing.plaf.basic.BasicComboPopup$ListMouseHandler,innerclass,0,0,0,0,4,2,0,7,1,0.0,0.0,0.0,2,0,2,0,0,0,2,0,0,0,0,0,0,0,0,0,0,0,0,11,0,0,1,0,0,0,0,0,0,0,1,0,0,0,21,4,0
C:\Users\user\Desktop\STUFF A LOT OF 'EM\er\Design_Pattern\king\event\ListSelectionEvent.java,javax.swing.event.ListSelectionEvent,class,0,0,0,0,5,1,0,3,0,0.4,0.0,0.0,5,0,5,0,0,0,5,0,0,0,3,0,0,3,0,0,0,0,0,24,4,0,0,0,0,7,0,4,2,4,0,0,0,0,118,1,0
C:\Users\user\Desktop\STUFF A LOT OF 'EM\er\Design_Pattern\king\plaf\basic\BasicTreeUI.java,javax.swing.plaf.basic.BasicTreeUI$ComponentHandler,innerclass,2,2,0,2,17,2,0,11,0,0.375,0.0,0.0,4,0,2,0,2,0,4,0,0,0,2,0,0,0,2,0,0,0,0,39,2,1,8,0,2,0,1,8,0,4,5,0,0,0,59,1,0
C:\Users\user\Desktop\STUFF A LOT OF 'EM\er\Design_Pattern\king\table\TableModel.java,javax.swing.table.TableModel,interface,0,0,0,0,9,1,0,0,36,0.0,0.0,0.0,9,0,9,0,0,0,9,0,0,0,0,0,0,0,0,0,0,0,0,11,0,0,0,0,0,0,0,0,0,0,0,0,0,0,129,1,0
C:\Users\user\Desktop\STUFF A LOT OF 'EM\er\Design_Pattern\king\plaf\InputMapUIResource.java,javax.swing.plaf.InputMapUIResource,class,0,0,0,0,1,2,0,0,0,0.0,NaN,NaN,1,0,1,0,0,0,1,0,0,0,0,0,0,0,0,0,0,0,0,4,0,0,0,0,0,0,0,0,0,0,0,0,0,0,17,1,0
C:\Users\user\Desktop\STUFF A LOT OF 'EM\er\Design_Pattern\king\plaf\basic\BasicSliderUI.java,javax.swing.plaf.basic.BasicSliderUI$ActionScroller,innerclass,0,0,0,0,14,1,0,7,0,0.22222222,0.0,0.0,3,0,3,0,0,0,3,0,0,0,3,0,0,0,0,3,0,0,0,37,1,0,8,0,0,0,0,7,0,5,4,0,0,0,94,1,0
C:\Users\user\Desktop\STUFF A LOT OF 'EM\er\Design_Pattern\king\text\DefaultEditorKit.java,javax.swing.text.DefaultEditorKit$BeginWordAction,innerclass,1,1,0,1,5,2,0,7,1,0.5,0.0,0.0,2,0,1,0,0,1,2,0,0,0,1,0,0,1,0,0,0,0,0,25,0,0,1,1,0,0,0,4,0,4,3,0,0,0,39,8,0
C:\Users\user\Desktop\STUFF A LOT OF 'EM\er\Design_Pattern\king\MultiUIDefaults.java,javax.swing.MultiUIDefaults,class,1,1,0,1,31,2,0,7,0,0.1,0.0,0.0,10,0,10,0,0,0,10,0,0,0,1,0,0,1,0,0,0,0,0,120,13,7,14,0,4,0,16,30,4,21,2,0,1,0,28,0,0
C:\Users\user\Desktop\STUFF A LOT OF 'EM\er\Design_Pattern\king\text\html\HTMLDocument.java,javax.swing.text.html.HTMLDocument$RunElement,innerclass,0,0,0,0,4,3,0,3,3,0.0,0.0,0.0,3,0,3,0,0,0,3,0,0,0,0,0,0,0,0,0,0,0,0,15,3,0,1,0,0,0,0,1,0,1,1,0,0,0,61,1,0
C:\Users\user\Desktop\STUFF A LOT OF 'EM\er\Design_Pattern\king\table\DefaultTableCellRenderer.java,javax.swing.table.DefaultTableCellRenderer$UIResource,innerclass,0,0,0,0,0,2,0,0,0,0.0,-1.0,-1.0,0,0,0,0,0,0,0,0,0,0,0,0,0,0,0,0,0,0,0,2,0,0,0,0,0,0,0,0,0,0,0,0,0,0,57,9,0
C:\Users\user\Desktop\STUFF A LOT OF 'EM\er\Design_Pattern\king\text\html\HTMLDocument.java,javax.swing.text.html.HTMLDocument$HTMLReader$MapAction,innerclass,0,0,0,0,2,2,0,2,1,0.0,0.0,0.0,2,0,2,0,0,0,2,0,0,0,0,0,0,0,0,0,0,0,0,8,0,0,0,0,0,0,0,1,0,0,0,0,0,0,12,0,0
C:\Users\user\Desktop\STUFF A LOT OF 'EM\er\Design_Pattern\king\plaf\metal\MetalScrollPaneUI.java,javax.swing.plaf.metal.MetalScrollPaneUI$Anonymous1,anonymous,1,1,0,1,4,1,0,6,0,0.0,NaN,NaN,1,0,1,0,0,0,1,0,0,0,0,0,0,0,0,0,0,0,0,12,0,0,0,0,2,3,0,1,0,1,1,0,0,0,13,-1,0
C:\Users\user\Desktop\STUFF A LOT OF 'EM\er\Design_Pattern\king\text\AbstractDocument.java,javax.swing.text.AbstractDocument$AttributeContext,interface,0,0,0,0,7,1,0,0,21,0.0,0.0,0.0,7,0,7,0,0,0,7,0,0,0,0,0,0,0,0,0,0,0,0,9,0,0,0,0,0,0,0,0,0,0,0,0,0,0,99,1,0
C:\Users\user\Desktop\STUFF A LOT OF 'EM\er\Design_Pattern\king\UIDefaults.java,javax.swing.UIDefaults$ActiveValue,interface,0,0,0,0,1,1,0,0,0,0.0,NaN,NaN,1,0,0,0,0,1,1,0,0,0,0,0,0,0,0,0,0,0,0,3,0,0,0,0,0,0,0,0,0,0,0,0,0,0,48,1,0
C:\Users\user\Desktop\STUFF A LOT OF 'EM\er\Design_Pattern\king\ToolTipManager.java,javax.swing.ToolTipManager$insideTimerAction,innerclass,0,0,0,0,6,1,0,5,0,0.0,NaN,NaN,1,0,1,0,0,0,1,0,0,0,0,0,0,0,0,0,0,0,0,21,0,0,4,0,0,0,0,7,0,0,2,0,0,0,21,4,0
C:\Users\user\Desktop\STUFF A LOT OF 'EM\er\Design_Pattern\king\JEditorPane.java,javax.swing.JEditorPane$PageStream,innerclass,0,0,0,0,8,3,0,5,15,0.5714286,0.0,0.0,7,0,6,0,1,0,7,0,0,2,1,0,0,0,0,1,0,0,0,31,3,0,0,0,0,1,0,2,0,1,1,0,0,0,29,8,0
C:\Users\user\Desktop\STUFF A LOT OF 'EM\er\Design_Pattern\king\JTextField.java,javax.swing.JTextField$AccessibleJTextField,innerclass,0,0,0,0,1,6,0,2,0,0.0,NaN,NaN,1,0,1,0,0,0,1,0,0,0,0,0,0,0,0,0,0,0,0,7,1,0,0,0,0,0,0,1,0,1,0,0,0,0,69,4,0
C:\Users\user\Desktop\STUFF A LOT OF 'EM\er\Design_Pattern\king\plaf\basic\BasicInternalFrameTitlePane.java,javax.swing.plaf.basic.BasicInternalFrameTitlePane$RestoreAction,innerclass,0,0,0,0,8,1,0,6,1,0.0,0.0,0.0,2,0,2,0,0,0,2,0,0,0,0,0,0,0,0,0,0,0,0,21,0,0,0,2,0,0,0,0,0,0,2,0,0,0,40,1,0
C:\Users\user\Desktop\STUFF A LOT OF 'EM\er\Design_Pattern\king\JToolBar.java,javax.swing.JToolBar$Anonymous1,anonymous,0,0,0,0,2,1,0,2,0,0.0,NaN,NaN,1,0,0,0,1,0,1,0,0,0,0,0,0,0,0,0,0,0,0,9,1,0,1,0,0,0,0,2,0,1,1,0,0,0,8,-1,0
C:\Users\user\Desktop\STUFF A LOT OF 'EM\er\Design_Pattern\king\event\CaretEvent.java,javax.swing.event.CaretEvent,class,0,0,0,0,3,1,2,0,3,0.0,0.0,0.0,3,0,3,0,0,0,3,2,0,0,0,0,0,0,0,0,0,0,0,7,0,0,0,0,0,0,0,0,0,0,0,0,0,0,75,1025,0
C:\Users\user\Desktop\STUFF A LOT OF 'EM\er\Design_Pattern\king\text\DefaultEditorKit.java,javax.swing.text.DefaultEditorKit$VerticalPageAction,innerclass,1,1,0,1,28,2,0,19,10,0.8,0.0,0.0,5,0,2,3,0,0,2,0,0,0,2,0,0,2,0,0,0,0,1,94,2,0,9,2,9,0,11,26,11,16,5,0,0,0,91,8,0
C:\Users\user\Desktop\STUFF A LOT OF 'EM\er\Design_Pattern\king\text\DefaultHighlighter.java,javax.swing.text.DefaultHighlighter$HighlightInfo,innerclass,0,0,0,0,3,1,0,1,3,0.6666667,0.0,0.0,3,0,3,0,0,0,3,0,0,0,3,0,0,0,0,3,0,0,0,14,3,0,0,0,0,0,0,0,0,3,0,0,0,0,11,0,0
C:\Users\user\Desktop\STUFF A LOT OF 'EM\er\Design_Pattern\king\LegacyGlueFocusTraversalPolicy.java,javax.swing.LegacyGlueFocusTraversalPolicy,class,0,0,0,0,40,2,0,27,0,0.5625,0.0,0.0,12,0,5,3,0,4,9,0,0,0,3,0,0,3,0,0,0,0,0,135,21,3,12,0,3,0,0,16,0,11,3,0,0,0,84,16,0
C:\Users\user\Desktop\STUFF A LOT OF 'EM\er\Design_Pattern\king\colorchooser\SyntheticImage.java,javax.swing.colorchooser.SyntheticImageGenerator,class,1,1,0,1,11,2,0,11,1,0.4166667,0.0,0.0,3,1,1,1,0,1,2,0,1,0,4,0,0,0,0,4,0,0,2,55,1,2,0,0,0,1,4,11,0,10,4,2,0,0,23,0,0
C:\Users\user\Desktop\STUFF A LOT OF 'EM\er\Design_Pattern\king\text\html\CSS.java,javax.swing.text.html.CSS$LayoutIterator,interface,0,0,0,0,12,1,0,0,66,0.9166667,0.0,0.0,12,0,0,0,0,12,12,0,0,0,1,1,1,0,0,0,1,0,0,15,0,0,0,0,0,0,1,1,0,1,0,0,0,0,30,0,0
C:\Users\user\Desktop\STUFF A LOT OF 'EM\er\Design_Pattern\king\plaf\metal\MetalBorders.java,javax.swing.plaf.metal.MetalBorders,class,3,3,0,3,9,28,0,2,4,0.65000004,0.0,0.0,5,5,5,0,0,0,5,0,0,0,4,4,0,4,0,0,0,0,0,596,5,0,4,0,0,0,5,4,0,4,1,0,20,0,105,1,0
C:\Users\user\Desktop\STUFF A LOT OF 'EM\er\Design_Pattern\king\Popup.java,javax.swing.Popup,class,0,0,0,0,21,9,4,17,15,0.4,0.0,0.0,10,0,2,1,2,5,9,0,0,0,1,0,0,1,0,0,0,0,2,90,4,0,5,0,3,1,0,12,0,8,1,0,2,0,165,1,0
C:\Users\user\Desktop\STUFF A LOT OF 'EM\er\Design_Pattern\king\JRootPane.java,javax.swing.JRootPane$DefaultAction,innerclass,0,0,0,0,7,2,0,5,0,0.41666666,0.0,0.0,4,0,3,0,0,1,4,0,0,0,3,0,0,0,0,3,0,0,1,27,1,0,2,0,0,0,0,4,0,4,2,0,0,0,23,8,0
C:\Users\user\Desktop\STUFF A LOT OF 'EM\er\Design_Pattern\king\text\html\HTML.java,javax.swing.text.html.HTML$Attribute,innerclass,0,0,0,0,2,1,0,0,1,0.5,0.0,0.0,2,0,1,0,0,1,2,0,0,0,83,82,80,1,0,2,82,0,0,91,1,0,0,0,0,81,0,83,0,83,0,0,0,0,45,25,0
C:\Users\user\Desktop\STUFF A LOT OF 'EM\er\Design_Pattern\king\JWindow.java,javax.swing.JWindow$AccessibleJWindow,innerclass,0,0,0,0,0,5,0,0,0,0.0,-1.0,-1.0,0,0,0,0,0,0,0,0,0,0,0,0,0,0,0,0,0,0,0,2,0,0,0,0,0,0,0,0,0,0,0,0,0,0,24,4,0
C:\Users\user\Desktop\STUFF A LOT OF 'EM\er\Design_Pattern\king\text\StyleContext.java,javax.swing.text.StyleContext,class,1,1,0,1,70,1,0,57,666,0.9729729,0.0,0.0,37,6,29,2,3,3,36,0,1,6,11,5,1,9,0,1,2,0,14,674,31,4,14,1,5,7,10,54,8,43,3,0,5,0,423,1,0
C:\Users\user\Desktop\STUFF A LOT OF 'EM\er\Design_Pattern\king\plaf\metal\MetalBorders.java,javax.swing.plaf.metal.MetalBorders$FrameBorder,innerclass,0,0,0,0,8,2,0,12,1,0.5,0.0,0.0,3,0,3,0,0,0,3,0,0,0,2,2,0,2,0,0,2,0,0,50,2,1,1,0,4,0,51,14,50,7,1,0,0,0,27,8,0
C:\Users\user\Desktop\STUFF A LOT OF 'EM\er\Design_Pattern\king\colorchooser\DefaultHSBChooserPanel.java,javax.swing.colorchooser.DefaultHSBChooserPanel$HSBImage,innerclass,2,2,0,2,27,2,0,10,31,0.8265305,0.0,0.0,14,0,10,1,3,0,13,0,6,2,14,6,0,6,8,0,6,0,1,141,7,2,2,1,9,0,40,51,18,24,3,0,0,0,69,0,0
C:\Users\user\Desktop\STUFF A LOT OF 'EM\er\Design_Pattern\king\text\html\HTML.java,javax.swing.text.html.HTML$UnknownTag,innerclass,0,0,0,0,6,2,0,10,10,0.0,0.0,0.0,5,0,3,2,0,0,3,0,0,0,0,0,0,0,0,0,0,0,0,28,3,0,0,0,0,0,0,4,0,0,1,0,0,0,53,9,0
C:\Users\user\Desktop\STUFF A LOT OF 'EM\er\Design_Pattern\king\text\SegmentCache.java,javax.swing.text.SegmentCache,class,0,0,0,0,8,2,0,6,9,0.6666666,0.0,0.0,6,3,6,0,0,0,6,0,0,0,2,1,0,2,0,0,0,0,2,36,4,0,0,0,0,0,4,5,1,3,2,0,1,0,69,0,0
C:\Users\user\Desktop\STUFF A LOT OF 'EM\er\Design_Pattern\king\text\html\parser\ContentModelState.java,javax.swing.text.html.parser.ContentModelState,class,0,0,0,0,73,1,0,5,0,0.1904762,0.0,0.0,7,0,5,0,0,2,7,0,0,0,3,0,0,0,0,3,0,0,0,179,33,9,23,0,15,0,17,28,5,18,4,0,0,0,99,0,0
C:\Users\user\Desktop\STUFF A LOT OF 'EM\er\Design_Pattern\king\Renderer.java,javax.swing.Renderer,interface,0,0,0,0,2,1,0,0,1,0.0,0.0,0.0,2,0,0,0,0,2,2,0,0,0,0,0,0,0,0,0,0,0,0,4,0,0,0,0,0,0,0,0,0,0,0,0,0,0,34,1,0
C:\Users\user\Desktop\STUFF A LOT OF 'EM\er\Design_Pattern\king\plaf\TreeUI.java,javax.swing.plaf.TreeUI,class,0,0,0,0,10,2,0,0,45,0.0,0.0,0.0,10,0,10,0,0,0,10,10,0,0,0,0,0,0,0,0,0,0,0,12,0,0,0,0,0,0,0,0,0,0,0,0,0,0,105,1025,0
C:\Users\user\Desktop\STUFF A LOT OF 'EM\er\Design_Pattern\king\RepaintManager.java,javax.swing.RepaintManager,class,1,1,0,1,105,1,0,52,248,0.90909094,0.0,0.0,25,3,20,1,0,4,25,0,0,4,11,3,0,2,0,9,2,0,17,333,28,8,40,1,28,3,30,94,7,54,3,1,1,0,269,1,0
C:\Users\user\Desktop\STUFF A LOT OF 'EM\er\Design_Pattern\king\JRadioButtonMenuItem.java,javax.swing.JRadioButtonMenuItem,class,0,0,0,0,16,12,0,11,64,0.8333333,0.0,0.0,12,0,10,1,1,0,11,0,0,0,1,1,0,1,0,0,1,0,2,59,3,0,3,0,0,1,1,3,0,2,2,0,1,0,189,1,0
C:\Users\user\Desktop\STUFF A LOT OF 'EM\er\Design_Pattern\king\plaf\basic\BasicIconFactory.java,javax.swing.plaf.basic.BasicIconFactory,class,0,0,0,0,16,1,0,0,28,0.875,0.0,0.0,8,8,8,0,0,0,8,0,0,0,8,8,0,8,0,0,0,0,0,161,8,0,8,0,0,0,0,8,0,8,1,0,8,0,73,1,0
C:\Users\user\Desktop\STUFF A LOT OF 'EM\er\Design_Pattern\king\text\DefaultEditorKit.java,javax.swing.text.DefaultEditorKit$PageAction,innerclass,1,1,0,1,10,2,0,9,1,0.5,0.0,0.0,2,0,2,0,0,0,2,0,0,0,2,0,0,2,0,0,0,0,1,41,0,0,3,0,3,0,9,12,7,6,3,0,0,0,37,8,0
C:\Users\user\Desktop\STUFF A LOT OF 'EM\er\Design_Pattern\king\text\JTextComponent.java,javax.swing.text.JTextComponent$KeyBinding,innerclass,0,0,0,0,1,1,0,0,0,0.0,NaN,NaN,1,0,1,0,0,0,1,0,0,0,2,0,2,0,0,0,0,0,0,8,0,0,0,0,0,0,0,2,0,2,0,0,0,0,52,9,0
C:\Users\user\Desktop\STUFF A LOT OF 'EM\er\Design_Pattern\king\text\rtf\AbstractFilter.java,javax.swing.text.rtf.AbstractFilter,class,3,3,0,3,28,2,1,10,22,0.8,0.0,0.0,8,0,6,0,2,0,9,2,0,0,5,3,0,0,2,3,3,0,0,83,0,8,5,0,0,0,23,26,0,17,4,0,0,0,170,1024,0
C:\Users\user\Desktop\STUFF A LOT OF 'EM\er\Design_Pattern\king\plaf\metal\MetalBorders.java,javax.swing.plaf.metal.MetalBorders$RolloverButtonBorder,innerclass,2,2,0,2,4,3,0,5,0,0.0,NaN,NaN,1,0,1,0,0,0,1,0,0,0,0,0,0,0,0,0,0,0,0,9,0,0,0,0,1,0,0,2,0,2,1,0,0,0,12,9,0
C:\Users\user\Desktop\STUFF A LOT OF 'EM\er\Design_Pattern\king\text\NavigationFilter.java,javax.swing.text.NavigationFilter$FilterBypass,innerclass,0,0,0,0,3,1,0,0,3,0.0,0.0,0.0,3,0,3,0,0,0,3,3,0,0,0,0,0,0,0,0,0,0,0,5,0,0,0,0,0,0,0,0,0,0,0,0,0,0,43,1033,0
C:\Users\user\Desktop\STUFF A LOT OF 'EM\er\Design_Pattern\king\JOptionPane.java,javax.swing.JOptionPane$Anonymous1,anonymous,0,0,0,0,3,1,0,2,1,0.5,0.0,0.0,2,0,2,0,0,0,2,0,0,0,1,0,0,1,0,0,0,0,0,12,0,0,0,0,0,0,0,2,0,1,1,0,0,0,15,-1,0
C:\Users\user\Desktop\STUFF A LOT OF 'EM\er\Design_Pattern\king\JOptionPane.java,javax.swing.JOptionPane$Anonymous2,anonymous,0,0,0,0,1,1,0,1,0,0.0,NaN,NaN,1,0,1,0,0,0,1,0,0,0,0,0,0,0,0,0,0,0,0,5,0,0,0,0,0,0,0,0,0,0,0,0,0,0,7,-1,0
C:\Users\user\Desktop\STUFF A LOT OF 'EM\er\Design_Pattern\king\plaf\basic\BasicSliderUI.java,javax.swing.plaf.basic.BasicSliderUI,class,5,5,0,5,177,2,0,131,553,0.92857146,0.0,0.0,70,1,22,0,45,3,70,0,0,0,31,9,4,9,18,0,8,0,33,1243,39,9,35,0,40,20,265,318,212,165,5,0,8,0,332,1,0
C:\Users\user\Desktop\STUFF A LOT OF 'EM\er\Design_Pattern\king\JOptionPane.java,javax.swing.JOptionPane$Anonymous3,anonymous,0,0,0,0,6,1,0,6,0,0.0,NaN,NaN,1,0,1,0,0,0,1,0,0,0,0,0,0,0,0,0,0,0,0,7,0,0,3,0,1,0,0,0,0,0,1,0,0,0,18,-1,0
C:\Users\user\Desktop\STUFF A LOT OF 'EM\er\Design_Pattern\king\JOptionPane.java,javax.swing.JOptionPane$Anonymous4,anonymous,0,0,0,0,2,1,0,2,0,0.0,NaN,NaN,1,0,1,0,0,0,1,0,0,0,0,0,0,0,0,0,0,0,0,7,0,0,1,0,0,0,0,0,0,0,1,0,0,0,21,-1,0
C:\Users\user\Desktop\STUFF A LOT OF 'EM\er\Design_Pattern\king\JOptionPane.java,javax.swing.JOptionPane$Anonymous5,anonymous,0,0,0,0,5,1,0,7,0,0.0,NaN,NaN,1,0,1,0,0,0,1,0,0,0,0,0,0,0,0,0,0,0,0,13,0,0,1,1,0,0,0,0,0,0,2,0,0,0,19,-1,0
C:\Users\user\Desktop\STUFF A LOT OF 'EM\er\Design_Pattern\king\plaf\metal\MetalIconFactory.java,javax.swing.plaf.metal.MetalIconFactory$RadioButtonMenuItemIcon,innerclass,3,3,0,3,11,1,0,15,3,0.0,0.0,0.0,3,0,3,0,0,0,3,0,0,0,0,0,0,0,0,0,0,0,0,85,2,0,0,0,1,0,164,6,0,6,3,0,0,0,23,10,0
C:\Users\user\Desktop\STUFF A LOT OF 'EM\er\Design_Pattern\king\plaf\ToolBarUI.java,javax.swing.plaf.ToolBarUI,class,0,0,0,0,0,2,0,0,0,0.0,-1.0,-1.0,0,0,0,0,0,0,0,0,0,0,0,0,0,0,0,0,0,0,0,2,0,0,0,0,0,0,0,0,0,0,0,0,0,0,11,1025,0
C:\Users\user\Desktop\STUFF A LOT OF 'EM\er\Design_Pattern\king\text\rtf\RTFReader.java,javax.swing.text.rtf.RTFReader$Destination,interface,1,1,0,1,7,1,0,0,21,0.0,0.0,0.0,7,0,0,0,0,7,7,0,0,0,0,0,0,0,0,0,0,0,0,9,0,0,0,0,0,0,0,0,0,0,0,0,0,0,36,0,0
C:\Users\user\Desktop\STUFF A LOT OF 'EM\er\Design_Pattern\king\plaf\basic\BasicButtonListener.java,javax.swing.plaf.basic.BasicButtonListener,class,9,9,0,9,51,1,0,46,167,0.91228074,0.0,0.0,19,0,14,0,1,4,19,0,0,0,3,0,0,1,0,2,0,0,0,211,7,0,9,0,4,11,4,35,2,30,3,0,2,0,119,1,0
C:\Users\user\Desktop\STUFF A LOT OF 'EM\er\Design_Pattern\king\text\html\HTMLEditorKit.java,javax.swing.text.html.HTMLEditorKit$InsertHTMLTextAction,innerclass,2,2,0,2,43,3,0,24,36,0.8888889,0.0,0.0,9,0,3,0,3,3,9,0,0,0,6,0,0,0,5,1,0,0,1,135,3,4,19,2,2,2,19,31,7,20,3,0,0,0,176,9,0
C:\Users\user\Desktop\STUFF A LOT OF 'EM\er\Design_Pattern\king\SortingFocusTraversalPolicy.java,javax.swing.SwingContainerOrderFocusTraversalPolicy,class,0,0,0,0,1,3,0,1,0,0.0,NaN,NaN,1,0,1,0,0,0,1,0,0,0,0,0,0,0,0,0,0,0,0,5,1,0,0,0,0,0,0,0,0,0,0,0,0,0,9,0,0
C:\Users\user\Desktop\STUFF A LOT OF 'EM\er\Design_Pattern\king\plaf\basic\BasicTabbedPaneUI.java,javax.swing.plaf.basic.BasicTabbedPaneUI$PageUpAction,innerclass,1,1,0,1,3,1,0,4,0,0.0,NaN,NaN,1,0,1,0,0,0,1,0,0,0,0,0,0,0,0,0,0,0,0,13,0,0,2,0,0,0,0,3,0,3,1,0,0,0,29,10,0
C:\Users\user\Desktop\STUFF A LOT OF 'EM\er\Design_Pattern\king\plaf\basic\BasicTabbedPaneUI.java,javax.swing.plaf.basic.BasicTabbedPaneUI$MouseHandler,innerclass,0,0,0,0,6,2,0,11,0,0.0,NaN,NaN,1,0,1,0,0,0,1,0,0,0,0,0,0,0,0,0,0,0,0,19,1,0,1,0,0,0,1,1,0,1,3,0,0,0,33,1,0
C:\Users\user\Desktop\STUFF A LOT OF 'EM\er\Design_Pattern\king\plaf\metal\MetalSplitPaneDivider.java,javax.swing.plaf.metal.MetalSplitPaneDivider,class,1,1,0,1,12,1,0,21,45,0.9,0.0,0.0,10,0,2,0,2,6,10,0,0,0,5,0,0,5,0,0,0,0,2,218,8,0,1,0,2,0,7,20,4,13,1,2,1,0,105,0,0
C:\Users\user\Desktop\STUFF A LOT OF 'EM\er\Design_Pattern\king\DefaultBoundedRangeModel.java,javax.swing.DefaultBoundedRangeModel,class,3,3,0,3,39,1,0,16,49,0.69172937,0.0,0.0,19,0,18,0,1,0,19,0,0,0,7,0,0,5,2,0,0,0,8,119,8,1,7,0,13,12,11,37,15,19,3,0,0,0,200,1,0
C:\Users\user\Desktop\STUFF A LOT OF 'EM\er\Design_Pattern\king\text\html\HTMLEditorKit.java,javax.swing.text.html.HTMLEditorKit$HTMLFactory$BodyBlockView,innerclass,8,8,0,8,29,5,0,28,28,0.875,0.0,0.0,8,0,6,0,2,0,8,0,0,0,4,0,0,4,0,0,0,0,3,110,2,1,14,1,14,0,2,38,3,23,4,0,0,0,73,10,0
C:\Users\user\Desktop\STUFF A LOT OF 'EM\er\Design_Pattern\king\colorchooser\DefaultHSBChooserPanel.java,javax.swing.colorchooser.DefaultHSBChooserPanel,class,12,12,0,12,61,3,0,70,259,0.8905324,0.0,0.0,26,0,11,12,3,0,14,0,0,0,26,7,0,26,0,0,7,0,16,544,13,0,13,0,17,10,99,87,22,63,3,3,2,0,279,0,0
C:\Users\user\Desktop\STUFF A LOT OF 'EM\er\Design_Pattern\king\plaf\basic\BasicToolBarUI.java,javax.swing.plaf.basic.BasicToolBarUI$ToolBarFocusListener,innerclass,0,0,0,0,2,1,0,2,1,0.0,0.0,0.0,2,0,2,0,0,0,2,0,0,0,0,0,0,0,0,0,0,0,0,8,0,0,0,0,0,0,0,2,0,1,0,0,0,0,14,4,0
C:\Users\user\Desktop\STUFF A LOT OF 'EM\er\Design_Pattern\king\text\html\CSS.java,javax.swing.text.html.CSS$FontFamily,innerclass,0,0,0,0,19,2,0,14,21,0.85714287,0.0,0.0,7,0,0,2,0,5,5,0,0,0,1,0,0,0,0,1,0,0,2,69,7,2,7,0,1,3,5,17,1,8,5,0,0,0,60,8,0
C:\Users\user\Desktop\STUFF A LOT OF 'EM\er\Design_Pattern\king\text\html\BlockView.java,javax.swing.text.html.BlockView,class,4,4,0,4,53,4,6,43,153,0.9444444,0.0,0.0,18,1,10,1,5,2,17,0,0,0,4,0,0,4,0,0,0,0,5,191,18,1,19,0,14,4,13,57,11,28,3,0,0,0,255,1,0
C:\Users\user\Desktop\STUFF A LOT OF 'EM\er\Design_Pattern\king\text\BadLocationException.java,javax.swing.text.BadLocationException,class,0,0,0,0,2,3,0,0,1,0.5,0.0,0.0,2,0,2,0,0,0,2,0,0,0,1,0,0,1,0,0,0,0,0,10,1,0,0,0,0,0,0,1,0,1,0,0,0,0,74,1,0
C:\Users\user\Desktop\STUFF A LOT OF 'EM\er\Design_Pattern\king\JToggleButton.java,javax.swing.JToggleButton$ToggleButtonModel,innerclass,0,0,0,0,18,2,0,16,6,0.0,0.0,0.0,4,0,4,0,0,0,4,0,0,0,0,0,0,0,0,0,0,0,2,51,3,0,5,0,4,0,2,10,0,3,2,0,0,0,88,9,0
C:\Users\user\Desktop\STUFF A LOT OF 'EM\er\Design_Pattern\king\text\html\HTML.java,javax.swing.text.html.HTML$Tag,innerclass,0,0,0,0,10,1,0,1,21,0.85714287,0.0,0.0,7,0,5,0,2,0,8,0,0,0,82,78,76,0,0,6,78,0,1,109,4,0,2,0,1,78,0,81,0,82,0,0,0,0,123,9,0
C:\Users\user\Desktop\STUFF A LOT OF 'EM\er\Design_Pattern\king\tree\DefaultTreeCellEditor.java,javax.swing.tree.DefaultTreeCellEditor,class,3,3,0,3,77,8,0,60,184,0.86472154,0.0,0.0,29,0,17,3,9,0,26,0,0,0,13,0,0,0,13,0,0,0,0,286,18,0,31,0,13,4,9,40,3,27,3,1,2,0,280,1,0
C:\Users\user\Desktop\STUFF A LOT OF 'EM\er\Design_Pattern\king\text\GapContent.java,javax.swing.text.GapContent,class,2,2,0,2,82,7,0,36,99,0.8181818,0.0,0.0,22,0,8,1,9,4,21,0,4,0,5,1,0,5,0,0,1,0,6,531,17,16,17,0,14,4,66,133,40,89,4,0,6,0,299,1,0
C:\Users\user\Desktop\STUFF A LOT OF 'EM\er\Design_Pattern\king\WindowConstants.java,javax.swing.WindowConstants,interface,0,0,0,0,0,1,0,0,0,NaN,-1.0,-1.0,0,0,0,0,0,0,0,0,0,0,4,4,4,0,0,0,4,0,0,6,0,0,0,0,0,0,4,4,0,4,0,0,0,0,92,1,0
C:\Users\user\Desktop\STUFF A LOT OF 'EM\er\Design_Pattern\king\plaf\metal\MetalFileChooserUI.java,javax.swing.plaf.metal.MetalFileChooserUI$IndentIcon,innerclass,0,0,0,0,4,1,0,5,0,0.16666667,0.0,0.0,3,0,3,0,0,0,3,0,0,0,2,0,0,0,0,2,0,0,0,18,2,0,0,0,0,0,1,2,4,2,1,0,0,0,13,0,0
C:\Users\user\Desktop\STUFF A LOT OF 'EM\er\Design_Pattern\king\JRadioButtonMenuItem.java,javax.swing.JRadioButtonMenuItem$AccessibleJRadioButtonMenuItem,innerclass,0,0,0,0,1,7,0,0,0,0.0,NaN,NaN,1,0,1,0,0,0,1,0,0,0,0,0,0,0,0,0,0,0,0,5,1,0,0,0,0,0,0,0,0,0,0,0,0,0,65,4,0
C:\Users\user\Desktop\STUFF A LOT OF 'EM\er\Design_Pattern\king\JComboBox.java,javax.swing.JComboBox$Anonymous2,anonymous,0,0,0,0,4,1,0,10,0,0.0,NaN,NaN,1,0,1,0,0,0,1,0,0,0,0,0,0,0,0,0,0,0,0,21,0,0,1,0,0,1,0,5,0,5,2,0,0,0,19,-1,0
C:\Users\user\Desktop\STUFF A LOT OF 'EM\er\Design_Pattern\king\JComboBox.java,javax.swing.JComboBox$Anonymous1,anonymous,0,0,0,0,4,1,0,2,3,0.0,0.0,0.0,3,0,3,0,0,0,3,0,0,0,0,0,0,0,0,0,0,0,0,11,0,0,1,0,0,0,0,0,0,0,1,0,0,0,9,-1,0
C:\Users\user\Desktop\STUFF A LOT OF 'EM\er\Design_Pattern\king\text\DefaultEditorKit.java,javax.swing.text.DefaultEditorKit$EndLineAction,innerclass,1,1,0,1,5,2,0,7,1,0.5,0.0,0.0,2,0,1,0,0,1,2,0,0,0,1,0,0,1,0,0,0,0,0,25,0,0,1,1,0,0,0,4,0,4,3,0,0,0,39,8,0
C:\Users\user\Desktop\STUFF A LOT OF 'EM\er\Design_Pattern\king\AbstractAction.java,javax.swing.AbstractAction$ArrayTable,innerclass,0,0,0,0,53,1,0,20,0,0.5,0.0,0.0,12,1,8,3,0,1,9,0,0,0,2,1,0,2,0,0,1,0,3,193,8,10,14,0,12,0,48,65,19,38,5,0,0,0,98,8,0
C:\Users\user\Desktop\STUFF A LOT OF 'EM\er\Design_Pattern\king\text\StateInvariantError.java,javax.swing.text.StateInvariantError,class,0,0,0,0,1,3,0,0,0,0.0,NaN,NaN,1,0,1,0,0,0,1,0,0,0,0,0,0,0,0,0,0,0,0,5,0,0,0,0,0,0,0,0,0,0,0,0,0,0,30,0,0
C:\Users\user\Desktop\STUFF A LOT OF 'EM\er\Design_Pattern\king\plaf\basic\BasicButtonListener.java,javax.swing.plaf.basic.BasicButtonListener$PressedAction,innerclass,1,1,0,1,5,1,0,6,0,0.0,0.0,0.0,3,0,2,0,0,1,3,0,0,0,1,0,0,0,0,1,0,0,0,22,2,0,0,0,0,0,0,3,0,2,1,0,0,0,16,8,0
C:\Users\user\Desktop\STUFF A LOT OF 'EM\er\Design_Pattern\king\plaf\basic\BasicScrollBarUI.java,javax.swing.plaf.basic.BasicScrollBarUI$TrackListener,innerclass,1,1,0,1,54,2,0,39,3,0.5416667,0.0,0.0,6,0,4,2,0,0,4,0,0,0,3,0,0,1,2,0,0,0,4,175,9,0,4,0,16,0,19,45,29,21,3,0,0,0,98,4,0
C:\Users\user\Desktop\STUFF A LOT OF 'EM\er\Design_Pattern\king\text\html\HTMLEditorKit.java,javax.swing.text.html.HTMLEditorKit,class,6,6,0,6,52,8,2,49,243,0.95125186,0.0,0.0,23,2,19,1,2,1,22,0,0,0,33,27,13,19,0,1,22,0,5,1119,17,1,17,3,2,37,2,64,0,56,3,0,9,0,568,1,0
C:\Users\user\Desktop\STUFF A LOT OF 'EM\er\Design_Pattern\king\plaf\metal\MetalFileChooserUI.java,javax.swing.plaf.metal.MetalFileChooserUI$DirectoryComboBoxModel,innerclass,1,1,0,1,24,1,0,23,12,0.775,0.0,0.0,8,0,6,2,0,0,6,0,0,0,5,0,0,0,0,5,0,0,1,91,5,5,5,2,2,1,13,28,5,19,4,0,0,0,79,4,0
C:\Users\user\Desktop\STUFF A LOT OF 'EM\er\Design_Pattern\king\text\html\StyleSheet.java,javax.swing.text.html.StyleSheet$SearchBuffer,innerclass,0,0,0,0,13,1,0,6,7,0.6666667,0.0,0.0,6,2,0,0,0,6,6,0,0,0,4,1,0,0,0,4,0,0,0,49,4,0,6,1,0,0,1,9,0,5,1,0,0,0,59,10,0
C:\Users\user\Desktop\STUFF A LOT OF 'EM\er\Design_Pattern\king\text\html\AccessibleHTML.java,javax.swing.text.html.AccessibleHTML$TableElementInfo$TableRowElementInfo,innerclass,1,1,0,1,28,2,0,16,19,0.71428573,0.0,0.0,7,0,2,2,2,1,5,0,0,0,2,0,0,2,0,0,0,0,1,93,4,10,4,0,0,0,15,29,4,23,4,0,0,0,67,2,0
C:\Users\user\Desktop\STUFF A LOT OF 'EM\er\Design_Pattern\king\JCheckBoxMenuItem.java,javax.swing.JCheckBoxMenuItem$AccessibleJCheckBoxMenuItem,innerclass,0,0,0,0,1,7,0,0,0,0.0,NaN,NaN,1,0,1,0,0,0,1,0,0,0,0,0,0,0,0,0,0,0,0,5,1,0,0,0,0,0,0,0,0,0,0,0,0,0,68,4,0
C:\Users\user\Desktop\STUFF A LOT OF 'EM\er\Design_Pattern\king\plaf\basic\BasicSplitPaneDivider.java,javax.swing.plaf.basic.BasicSplitPaneDivider$DividerLayout,innerclass,0,0,0,0,23,1,0,11,10,0.0,0.0,0.0,5,0,5,0,0,0,5,0,0,0,0,0,0,0,0,0,0,0,6,77,3,0,16,0,6,0,24,26,18,13,4,0,0,0,58,4,0
C:\Users\user\Desktop\STUFF A LOT OF 'EM\er\Design_Pattern\king\tree\FixedHeightLayoutCache.java,javax.swing.tree.FixedHeightLayoutCache,class,0,0,0,0,129,3,0,66,399,0.8870968,0.0,0.0,31,0,20,11,0,0,20,0,0,0,6,0,0,6,0,0,0,0,2,813,36,5,62,1,13,1,35,83,5,54,5,0,3,0,313,1,0
C:\Users\user\Desktop\STUFF A LOT OF 'EM\er\Design_Pattern\king\text\DefaultFormatter.java,javax.swing.text.DefaultFormatter$DefaultDocumentFilter,innerclass,1,1,0,1,8,2,0,7,3,0.0,0.0,0.0,3,0,3,0,0,0,3,0,0,0,0,0,0,0,0,0,0,0,0,29,0,0,0,0,0,0,1,3,0,3,1,0,0,0,28,2,0
C:\Users\user\Desktop\STUFF A LOT OF 'EM\er\Design_Pattern\king\FocusManager.java,javax.swing.FocusManager,class,0,0,0,0,7,3,1,4,4,0.75,0.0,0.0,4,4,4,0,0,0,4,0,0,0,2,2,1,1,0,0,1,0,3,26,3,0,0,0,2,1,0,5,0,4,1,0,0,0,115,1025,0
C:\Users\user\Desktop\STUFF A LOT OF 'EM\er\Design_Pattern\king\plaf\basic\BasicComboBoxEditor.java,javax.swing.plaf.basic.BasicComboBoxEditor,class,0,0,0,0,14,2,2,12,0,0.5,0.0,0.0,9,0,9,0,0,0,9,0,0,0,2,0,0,1,1,0,0,0,0,67,3,0,2,1,1,3,1,6,0,5,3,0,2,0,58,1,0
C:\Users\user\Desktop\STUFF A LOT OF 'EM\er\Design_Pattern\king\plaf\basic\BasicDesktopIconUI.java,javax.swing.plaf.basic.BasicDesktopIconUI,class,2,2,0,2,19,1,0,26,8,0.671875,0.0,0.0,16,1,9,0,7,0,16,0,0,0,4,0,0,0,2,2,0,0,0,164,7,0,2,1,0,1,4,13,1,8,1,0,1,0,57,1,0
C:\Users\user\Desktop\STUFF A LOT OF 'EM\er\Design_Pattern\king\text\AbstractWriter.java,javax.swing.text.AbstractWriter,class,2,2,0,2,87,1,2,38,513,0.92698413,0.0,0.0,35,0,4,1,30,0,34,1,0,0,18,1,0,17,1,0,1,0,7,312,18,7,16,1,7,4,40,80,30,45,7,0,0,0,291,1025,0
C:\Users\user\Desktop\STUFF A LOT OF 'EM\er\Design_Pattern\king\text\InternationalFormatter.java,javax.swing.text.InternationalFormatter$IncrementAction,innerclass,0,0,0,0,12,2,0,18,0,0.0,0.0,0.0,2,0,1,0,0,1,2,0,0,0,1,0,0,1,0,0,0,0,0,44,0,0,2,1,0,0,1,10,0,8,6,0,0,0,66,2,0
C:\Users\user\Desktop\STUFF A LOT OF 'EM\er\Design_Pattern\king\plaf\basic\BasicIconFactory.java,javax.swing.plaf.basic.BasicIconFactory$MenuArrowIcon,innerclass,0,0,0,0,3,1,0,4,3,0.0,0.0,0.0,3,0,3,0,0,0,3,0,0,0,0,0,0,0,0,0,0,0,0,15,2,0,0,0,0,0,3,1,4,1,0,0,0,0,14,10,0
C:\Users\user\Desktop\STUFF A LOT OF 'EM\er\Design_Pattern\king\text\html\AccessibleHTML.java,javax.swing.text.html.AccessibleHTML$TextElementInfo,innerclass,0,0,0,0,3,4,0,0,0,0.0,0.0,0.0,2,0,1,0,0,1,2,0,0,0,1,0,0,1,0,0,0,0,0,236,1,0,1,0,0,0,0,1,0,1,1,0,1,0,9,0,0
C:\Users\user\Desktop\STUFF A LOT OF 'EM\er\Design_Pattern\king\text\SimpleAttributeSet.java,javax.swing.text.SimpleAttributeSet$Anonymous1,anonymous,0,0,0,0,2,1,0,0,1,0.0,0.0,0.0,2,0,2,0,0,0,2,0,0,0,0,0,0,0,0,0,0,0,0,8,1,0,0,0,0,1,0,0,0,0,0,0,0,0,11,-1,0
C:\Users\user\Desktop\STUFF A LOT OF 'EM\er\Design_Pattern\king\JScrollBar.java,javax.swing.JScrollBar$ModelListener,innerclass,0,0,0,0,1,1,0,2,0,0.0,NaN,NaN,1,0,1,0,0,0,1,0,0,0,0,0,0,0,0,0,0,0,0,7,0,0,0,0,0,0,0,2,0,2,0,0,0,0,36,2,0
C:\Users\user\Desktop\STUFF A LOT OF 'EM\er\Design_Pattern\king\plaf\basic\BasicListUI.java,javax.swing.plaf.basic.BasicListUI,class,11,11,0,11,191,9,0,110,58,0.92614377,0.0,0.0,45,1,10,13,19,3,32,0,0,0,34,16,0,16,18,0,16,0,12,1221,68,7,65,1,36,47,149,196,81,124,4,0,17,0,593,1,0
C:\Users\user\Desktop\STUFF A LOT OF 'EM\er\Design_Pattern\king\JFormattedTextField.java,javax.swing.JFormattedTextField$DocumentHandler,innerclass,0,0,0,0,3,1,0,1,3,0.0,0.0,0.0,3,0,3,0,0,0,3,0,0,0,0,0,0,0,0,0,0,0,0,10,0,0,0,0,0,0,0,0,0,0,0,0,0,0,18,2,0
C:\Users\user\Desktop\STUFF A LOT OF 'EM\er\Design_Pattern\king\text\GlyphView.java,javax.swing.text.GlyphView,class,7,7,0,7,105,2,1,91,561,0.9705882,0.0,0.0,34,0,28,3,2,1,31,0,2,0,6,1,0,0,0,6,0,0,8,478,40,2,30,3,23,4,28,117,34,87,5,0,1,0,523,1,0
C:\Users\user\Desktop\STUFF A LOT OF 'EM\er\Design_Pattern\king\plaf\metal\MetalCheckBoxUI.java,javax.swing.plaf.metal.MetalCheckBoxUI,class,0,0,0,0,5,2,0,4,4,0.6666667,0.0,0.0,4,1,3,0,1,0,4,0,0,0,3,2,0,3,0,0,2,0,0,22,2,0,0,0,0,3,0,6,2,3,1,0,0,0,69,1,0
C:\Users\user\Desktop\STUFF A LOT OF 'EM\er\Design_Pattern\king\text\ZoneView.java,javax.swing.text.ZoneView,class,2,2,0,2,31,3,0,34,151,0.8421052,0.0,0.0,19,0,7,0,7,5,19,0,0,0,3,0,0,0,0,3,0,0,1,241,10,3,1,1,4,1,12,32,7,27,2,0,1,0,319,1,0
C:\Users\user\Desktop\STUFF A LOT OF 'EM\er\Design_Pattern\king\JFormattedTextField.java,javax.swing.JFormattedTextField$AbstractFormatterFactory,innerclass,0,0,0,0,1,1,0,0,0,0.0,NaN,NaN,1,0,1,0,0,0,1,1,0,0,0,0,0,0,0,0,0,0,0,3,0,0,0,0,0,0,0,0,0,0,0,0,0,0,52,1033,0
C:\Users\user\Desktop\STUFF A LOT OF 'EM\er\Design_Pattern\king\plaf\MenuItemUI.java,javax.swing.plaf.MenuItemUI,class,0,0,0,0,0,3,0,0,0,0.0,-1.0,-1.0,0,0,0,0,0,0,0,0,0,0,0,0,0,0,0,0,0,0,0,2,0,0,0,0,0,0,0,0,0,0,0,0,0,0,15,1025,0
C:\Users\user\Desktop\STUFF A LOT OF 'EM\er\Design_Pattern\king\tree\AbstractLayoutCache.java,javax.swing.tree.AbstractLayoutCache$NodeDimensions,innerclass,0,0,0,0,1,1,0,0,0,0.0,NaN,NaN,1,0,1,0,0,0,1,1,0,0,0,0,0,0,0,0,0,0,0,3,0,0,0,0,0,0,0,0,0,0,0,0,0,0,52,1033,0
C:\Users\user\Desktop\STUFF A LOT OF 'EM\er\Design_Pattern\king\plaf\basic\BasicMenuBarUI.java,javax.swing.plaf.basic.BasicMenuBarUI$PropertyChangeHandler,innerclass,1,1,0,1,3,1,0,4,0,0.0,NaN,NaN,1,0,1,0,0,0,1,0,0,0,0,0,0,0,0,0,0,0,0,8,0,0,0,0,1,1,0,1,0,1,1,0,0,0,14,2,0
C:\Users\user\Desktop\STUFF A LOT OF 'EM\er\Design_Pattern\king\DefaultComboBoxModel.java,javax.swing.DefaultComboBoxModel,class,0,0,0,0,30,2,1,16,0,0.30769232,0.0,0.0,13,0,13,0,0,0,13,0,0,0,2,0,0,0,0,2,0,0,0,82,5,1,10,0,1,0,19,13,5,7,2,0,0,0,72,1,0
C:\Users\user\Desktop\STUFF A LOT OF 'EM\er\Design_Pattern\king\JTable.java,javax.swing.JTable$AccessibleJTable$AccessibleJTableModelChange,innerclass,0,0,0,0,6,1,0,0,5,0.6666667,0.0,0.0,6,0,5,0,1,0,6,0,0,0,5,0,0,0,5,0,0,0,0,29,5,0,0,0,0,0,0,5,0,5,0,0,0,0,14,4,0
C:\Users\user\Desktop\STUFF A LOT OF 'EM\er\Design_Pattern\king\JSplitPane.java,javax.swing.JSplitPane$AccessibleJSplitPane,innerclass,0,0,0,0,9,5,0,9,21,0.0,0.0,0.0,7,0,7,0,0,0,7,0,0,0,0,0,0,0,0,0,0,0,0,36,8,0,1,0,0,0,0,1,0,1,1,0,0,0,110,4,0
C:\Users\user\Desktop\STUFF A LOT OF 'EM\er\Design_Pattern\king\text\html\HTMLEditorKit.java,javax.swing.text.html.HTMLEditorKit$HTMLFactory,innerclass,7,7,0,7,60,5,0,5,0,0.0,NaN,NaN,1,0,1,0,0,0,1,0,0,0,0,0,0,0,0,0,0,0,0,229,29,0,49,0,33,5,0,4,1,4,3,1,1,0,71,9,0
C:\Users\user\Desktop\STUFF A LOT OF 'EM\er\Design_Pattern\king\text\html\HTMLEditorKit.java,javax.swing.text.html.HTMLEditorKit$NavigateLinkAction,innerclass,6,6,0,6,20,3,0,23,2,0.6,0.0,0.0,4,0,3,1,0,0,3,0,0,0,5,2,0,5,0,0,0,0,2,120,4,1,6,1,3,1,4,30,0,21,3,0,1,0,69,8,0
C:\Users\user\Desktop\STUFF A LOT OF 'EM\er\Design_Pattern\king\plaf\basic\BasicColorChooserUI.java,javax.swing.plaf.basic.BasicColorChooserUI$PreviewListener,innerclass,1,1,0,1,2,1,0,4,0,0.0,NaN,NaN,1,0,1,0,0,0,1,0,0,0,0,0,0,0,0,0,0,0,0,9,0,0,1,0,0,0,0,1,0,1,1,0,0,0,14,0,0
C:\Users\user\Desktop\STUFF A LOT OF 'EM\er\Design_Pattern\king\plaf\basic\BasicComboBoxRenderer.java,javax.swing.plaf.basic.BasicComboBoxRenderer,class,1,1,0,1,8,2,2,16,3,0.6666667,0.0,0.0,3,0,3,0,0,0,3,0,0,0,1,1,0,0,1,0,0,0,0,40,2,0,2,0,3,4,4,3,0,2,1,0,1,0,76,1,0
C:\Users\user\Desktop\STUFF A LOT OF 'EM\er\Design_Pattern\king\plaf\basic\BasicToolBarSeparatorUI.java,javax.swing.plaf.basic.BasicToolBarSeparatorUI,class,2,2,0,2,11,3,0,7,15,0.0,0.0,0.0,6,1,5,0,1,0,6,0,0,0,0,0,0,0,0,0,0,0,0,35,5,0,4,0,3,1,0,5,0,3,3,0,0,0,36,1,0
C:\Users\user\Desktop\STUFF A LOT OF 'EM\er\Design_Pattern\king\plaf\basic\BasicTabbedPaneUI.java,javax.swing.plaf.basic.BasicTabbedPaneUI$RequestFocusForVisibleAction,innerclass,1,1,0,1,1,1,0,3,0,0.0,NaN,NaN,1,0,1,0,0,0,1,0,0,0,0,0,0,0,0,0,0,0,0,7,0,0,0,0,0,0,0,2,0,2,0,0,0,0,18,10,0
C:\Users\user\Desktop\STUFF A LOT OF 'EM\er\Design_Pattern\king\plaf\metal\MetalBorders.java,javax.swing.plaf.metal.MetalBorders$TableHeaderBorder,innerclass,0,0,0,0,2,2,0,5,1,0.5,0.0,0.0,2,0,2,0,0,0,2,0,0,0,1,0,0,0,1,0,0,0,0,16,1,0,0,0,0,0,20,1,8,1,0,0,0,0,14,9,0
C:\Users\user\Desktop\STUFF A LOT OF 'EM\er\Design_Pattern\king\text\html\HTMLEditorKit.java,javax.swing.text.html.HTMLEditorKit$HTMLFactory$Anonymous1,anonymous,1,1,0,1,6,1,0,2,15,0.0,0.0,0.0,6,0,5,0,1,0,6,0,0,0,0,0,0,0,0,0,0,0,0,19,5,0,0,0,0,0,3,0,0,0,0,0,0,0,26,-1,0
C:\Users\user\Desktop\STUFF A LOT OF 'EM\er\Design_Pattern\king\plaf\basic\BasicTextUI.java,javax.swing.plaf.basic.BasicTextUI$TextActionWrapper,innerclass,0,0,0,0,5,3,0,4,3,0.6666667,0.0,0.0,3,0,3,0,0,0,3,0,0,0,1,0,0,0,0,1,0,0,0,13,1,0,1,0,1,0,0,2,0,1,0,0,0,0,24,0,0
C:\Users\user\Desktop\STUFF A LOT OF 'EM\er\Design_Pattern\king\JSlider.java,javax.swing.JSlider,class,4,4,0,4,108,10,0,57,1317,0.94047624,0.0,0.0,54,0,46,2,4,2,52,0,0,0,14,1,0,6,7,1,1,0,2,416,26,2,31,0,24,40,16,57,5,45,2,0,3,0,428,1,0
C:\Users\user\Desktop\STUFF A LOT OF 'EM\er\Design_Pattern\king\text\rtf\RTFEditorKit.java,javax.swing.text.rtf.RTFEditorKit,class,1,1,0,1,8,1,0,5,15,0.0,0.0,0.0,6,0,6,0,0,0,6,0,0,0,0,0,0,0,0,0,0,0,0,34,1,0,0,0,0,2,0,2,0,2,1,0,0,0,92,1,0
C:\Users\user\Desktop\STUFF A LOT OF 'EM\er\Design_Pattern\king\plaf\metal\MetalProgressBarUI.java,javax.swing.plaf.metal.MetalProgressBarUI,class,0,0,0,0,14,1,0,16,3,0.8333334,0.0,0.0,3,1,3,0,0,0,3,0,0,0,2,0,0,2,0,0,0,0,2,91,3,0,4,0,7,0,15,22,26,23,5,0,0,0,96,1,0
C:\Users\user\Desktop\STUFF A LOT OF 'EM\er\Design_Pattern\king\plaf\metal\MetalCheckBoxIcon.java,javax.swing.plaf.metal.MetalCheckBoxIcon,class,2,2,0,2,13,1,0,17,10,0.0,0.0,0.0,5,0,3,0,2,0,5,0,0,0,0,0,0,0,0,0,0,0,2,54,3,0,0,0,4,0,24,5,26,5,3,0,0,0,70,1,0
C:\Users\user\Desktop\STUFF A LOT OF 'EM\er\Design_Pattern\king\plaf\basic\BasicTextUI.java,javax.swing.plaf.basic.BasicTextUI,class,20,20,0,20,148,7,3,132,946,0.97727287,0.0,0.0,44,0,20,0,18,6,44,1,3,0,9,5,0,5,0,4,4,0,4,1194,27,1,40,10,49,16,17,114,26,91,3,0,9,0,577,1025,0
C:\Users\user\Desktop\STUFF A LOT OF 'EM\er\Design_Pattern\king\SystemEventQueueUtilities.java,javax.swing.SystemEventQueueUtilities$RunnableEvent,innerclass,0,0,0,0,1,2,0,0,0,0.2,NaN,NaN,1,0,0,0,0,1,1,0,0,0,5,2,0,0,0,5,4,0,0,12,0,0,0,0,0,0,1,4,1,5,0,0,0,0,26,10,0
C:\Users\user\Desktop\STUFF A LOT OF 'EM\er\Design_Pattern\king\text\html\ImageView.java,javax.swing.text.html.ImageView$ImageLabelView,innerclass,6,6,0,6,15,2,0,13,22,0.75,0.0,0.0,8,0,7,0,0,1,8,0,0,0,2,0,0,2,0,0,0,0,0,46,5,0,4,0,3,1,3,8,1,6,2,0,0,0,62,2,0
C:\Users\user\Desktop\STUFF A LOT OF 'EM\er\Design_Pattern\king\plaf\basic\BasicScrollBarUI.java,javax.swing.plaf.basic.BasicScrollBarUI$PropertyChangeHandler,innerclass,2,2,0,2,19,1,0,17,0,0.0,NaN,NaN,1,0,1,0,0,0,1,0,0,0,0,0,0,0,0,0,0,0,0,57,0,0,5,0,8,3,0,6,0,6,4,0,0,0,41,1,0
C:\Users\user\Desktop\STUFF A LOT OF 'EM\er\Design_Pattern\king\undo\CompoundEdit.java,javax.swing.undo.CompoundEdit,class,0,0,0,0,28,2,3,27,35,0.56666666,0.0,0.0,15,0,14,0,1,0,15,0,0,0,2,0,0,0,1,1,0,0,0,106,16,4,4,0,2,2,6,15,4,14,3,0,0,0,106,1,0
C:\Users\user\Desktop\STUFF A LOT OF 'EM\er\Design_Pattern\king\plaf\basic\BasicDirectoryModel.java,javax.swing.plaf.basic.BasicDirectoryModel,class,0,0,0,0,29,2,0,22,72,0.84375,0.0,0.0,16,0,14,0,2,0,16,0,0,0,6,0,0,6,0,0,0,0,0,241,13,1,10,0,0,1,8,16,1,12,3,0,2,0,79,1,0
C:\Users\user\Desktop\STUFF A LOT OF 'EM\er\Design_Pattern\king\SpringLayout.java,javax.swing.SpringLayout$Constraints,innerclass,0,0,0,0,66,1,0,16,61,0.64772725,0.0,0.0,22,0,13,8,0,1,14,0,0,0,8,0,0,8,0,0,0,0,2,159,17,0,38,0,12,8,0,32,0,8,1,0,0,0,153,9,0
C:\Users\user\Desktop\STUFF A LOT OF 'EM\er\Design_Pattern\king\text\html\FrameView.java,javax.swing.text.html.FrameView,class,8,8,0,8,55,3,0,43,65,0.85714287,0.0,0.0,14,0,7,5,1,1,9,0,0,0,7,0,0,1,0,6,0,0,2,207,10,2,17,3,14,11,10,57,0,40,4,0,0,0,217,0,0
C:\Users\user\Desktop\STUFF A LOT OF 'EM\er\Design_Pattern\king\plaf\basic\BasicGraphicsUtils.java,javax.swing.plaf.basic.BasicGraphicsUtils,class,2,2,0,2,25,1,0,35,55,0.90909094,0.0,0.0,11,11,10,0,0,1,11,0,0,0,2,2,0,2,0,0,2,0,4,157,5,2,4,0,4,0,189,33,91,26,3,0,0,0,126,1,0
C:\Users\user\Desktop\STUFF A LOT OF 'EM\er\Design_Pattern\king\text\html\parser\DTDConstants.java,javax.swing.text.html.parser.DTDConstants,interface,0,0,0,0,0,1,0,0,0,NaN,-1.0,-1.0,0,0,0,0,0,0,0,0,0,0,35,0,0,0,0,35,0,0,0,37,0,0,0,0,0,0,38,35,3,35,0,0,0,0,41,1,0
C:\Users\user\Desktop\STUFF A LOT OF 'EM\er\Design_Pattern\king\JSpinner.java,javax.swing.JSpinner$ModelListener,innerclass,0,0,0,0,1,1,0,1,0,0.0,NaN,NaN,1,0,1,0,0,0,1,0,0,0,0,0,0,0,0,0,0,0,0,5,0,0,0,0,0,0,0,0,0,0,0,0,0,0,26,2,0
C:\Users\user\Desktop\STUFF A LOT OF 'EM\er\Design_Pattern\king\JSeparator.java,javax.swing.JSeparator$AccessibleJSeparator,innerclass,0,0,0,0,1,5,0,0,0,0.0,NaN,NaN,1,0,1,0,0,0,1,0,0,0,0,0,0,0,0,0,0,0,0,5,1,0,0,0,0,0,0,0,0,0,0,0,0,0,64,4,0
C:\Users\user\Desktop\STUFF A LOT OF 'EM\er\Design_Pattern\king\plaf\basic\BasicFileChooserUI.java,javax.swing.plaf.basic.BasicFileChooserUI$ApproveSelectionAction,innerclass,3,3,0,3,43,1,0,41,1,0.0,0.0,0.0,2,0,1,0,1,0,2,0,0,0,0,0,0,0,0,0,0,0,4,140,4,2,12,2,7,11,12,38,6,20,6,0,0,0,60,4,0
C:\Users\user\Desktop\STUFF A LOT OF 'EM\er\Design_Pattern\king\SortingFocusTraversalPolicy.java,javax.swing.SortingFocusTraversalPolicy,class,0,0,0,0,54,3,1,31,49,0.75714284,0.0,0.0,14,0,8,2,4,0,12,0,0,0,5,1,0,5,0,0,1,0,5,196,18,4,14,2,9,6,12,46,4,32,4,0,0,0,204,1,0
C:\Users\user\Desktop\STUFF A LOT OF 'EM\er\Design_Pattern\king\plaf\basic\BasicInternalFrameTitlePane.java,javax.swing.plaf.basic.BasicInternalFrameTitlePane$PropertyChangeHandler,innerclass,0,0,0,0,10,1,0,10,0,0.0,NaN,NaN,1,0,1,0,0,0,1,0,0,0,0,0,0,0,0,0,0,0,0,29,2,0,3,0,0,3,0,1,0,1,2,0,0,0,40,1,0
C:\Users\user\Desktop\STUFF A LOT OF 'EM\er\Design_Pattern\king\JEditorPane.java,javax.swing.JEditorPane$PageLoader$Anonymous3,anonymous,0,0,0,0,1,1,0,4,0,0.0,NaN,NaN,1,0,1,0,0,0,1,0,0,0,0,0,0,0,0,0,0,0,0,7,0,0,0,0,0,0,0,2,0,2,0,0,0,0,11,-1,0
C:\Users\user\Desktop\STUFF A LOT OF 'EM\er\Design_Pattern\king\text\html\HTMLDocument.java,javax.swing.text.html.HTMLDocument$LeafIterator,innerclass,3,3,0,3,20,2,0,15,36,0.8888889,0.0,0.0,9,0,6,0,0,3,9,0,0,0,3,0,0,3,0,0,0,0,0,68,7,3,6,0,3,0,2,15,0,13,3,0,0,0,73,8,0
C:\Users\user\Desktop\STUFF A LOT OF 'EM\er\Design_Pattern\king\JEditorPane.java,javax.swing.JEditorPane$PageLoader$Anonymous4,anonymous,0,0,0,0,1,1,0,1,0,0.0,NaN,NaN,1,0,1,0,0,0,1,0,0,0,0,0,0,0,0,0,0,0,0,5,0,0,0,0,0,1,0,0,0,0,0,0,0,0,4,-1,0
C:\Users\user\Desktop\STUFF A LOT OF 'EM\er\Design_Pattern\king\plaf\metal\MetalIconFactory.java,javax.swing.plaf.metal.MetalIconFactory$FileChooserNewFolderIcon,innerclass,0,0,0,0,3,1,0,8,3,0.0,0.0,0.0,3,0,3,0,0,0,3,0,0,0,0,0,0,0,0,0,0,0,0,27,2,0,0,0,0,0,46,0,0,0,0,0,0,0,13,10,0
C:\Users\user\Desktop\STUFF A LOT OF 'EM\er\Design_Pattern\king\text\html\HTMLEditorKit.java,javax.swing.text.html.HTMLEditorKit$NavigateLinkAction$FocusHighlightPainter,innerclass,0,0,0,0,8,3,0,8,1,0.0,0.0,0.0,2,0,1,0,0,1,2,0,0,0,0,0,0,0,0,0,0,0,0,36,3,0,3,1,1,0,2,5,2,4,2,0,0,0,62,0,0
C:\Users\user\Desktop\STUFF A LOT OF 'EM\er\Design_Pattern\king\text\html\HTMLFrameHyperlinkEvent.java,javax.swing.text.html.HTMLFrameHyperlinkEvent,class,0,0,0,0,5,2,0,0,10,0.8,0.0,0.0,5,0,5,0,0,0,5,0,0,0,1,0,0,1,0,0,0,0,0,22,1,0,0,0,0,0,0,4,0,1,0,0,0,0,50,1,0
C:\Users\user\Desktop\STUFF A LOT OF 'EM\er\Design_Pattern\king\tree\DefaultTreeCellEditor.java,javax.swing.tree.DefaultTreeCellEditor$Anonymous1,anonymous,0,0,0,0,1,1,0,1,0,0.0,NaN,NaN,1,0,1,0,0,0,1,0,0,0,0,0,0,0,0,0,0,0,0,6,1,0,0,0,0,0,0,1,0,1,0,0,0,0,8,-1,0
C:\Users\user\Desktop\STUFF A LOT OF 'EM\er\Design_Pattern\king\ListCellRenderer.java,javax.swing.ListCellRenderer,interface,0,0,0,0,1,1,0,0,0,0.0,NaN,NaN,1,0,0,0,0,1,1,0,0,0,0,0,0,0,0,0,0,0,0,3,0,0,0,0,0,0,0,0,0,0,0,0,0,0,83,1,0
C:\Users\user\Desktop\STUFF A LOT OF 'EM\er\Design_Pattern\king\JEditorPane.java,javax.swing.JEditorPane$Anonymous2,anonymous,0,0,0,0,1,1,0,1,0,0.0,NaN,NaN,1,0,1,0,0,0,1,0,0,0,0,0,0,0,0,0,0,0,0,5,0,0,0,0,0,0,0,0,0,0,0,0,0,0,5,-1,0
C:\Users\user\Desktop\STUFF A LOT OF 'EM\er\Design_Pattern\king\plaf\metal\MetalIconFactory.java,javax.swing.plaf.metal.MetalIconFactory$FileChooserDetailViewIcon,innerclass,0,0,0,0,3,1,0,7,3,0.0,0.0,0.0,3,0,3,0,0,0,3,0,0,0,0,0,0,0,0,0,0,0,0,29,2,0,0,0,0,0,58,0,0,0,0,0,0,0,13,10,0
C:\Users\user\Desktop\STUFF A LOT OF 'EM\er\Design_Pattern\king\tree\DefaultMutableTreeNode.java,javax.swing.tree.DefaultMutableTreeNode$Anonymous1,anonymous,0,0,0,0,2,1,0,0,1,0.0,0.0,0.0,2,0,2,0,0,0,2,0,0,0,0,0,0,0,0,0,0,0,0,8,1,0,0,0,0,1,0,0,0,0,0,0,0,0,11,-1,0
C:\Users\user\Desktop\STUFF A LOT OF 'EM\er\Design_Pattern\king\plaf\metal\MetalSliderUI.java,javax.swing.plaf.metal.MetalSliderUI,class,1,1,0,1,46,3,0,30,98,0.8588236,0.0,0.0,17,1,7,0,10,0,17,0,0,0,10,7,0,0,10,0,2,0,3,213,9,0,8,0,19,8,61,56,67,27,3,0,1,0,160,1,0
C:\Users\user\Desktop\STUFF A LOT OF 'EM\er\Design_Pattern\king\text\html\parser\DTD.java,javax.swing.text.html.parser.DTD,class,1,1,0,1,55,1,0,26,0,0.93540674,0.0,0.0,22,2,13,3,5,1,19,0,0,0,19,2,16,0,0,3,13,0,0,225,21,9,14,0,10,19,29,92,0,72,3,0,0,0,176,1,0
C:\Users\user\Desktop\STUFF A LOT OF 'EM\er\Design_Pattern\king\JEditorPane.java,javax.swing.JEditorPane$Anonymous1,anonymous,0,0,0,0,16,1,0,10,6,0.0,0.0,0.0,4,0,3,0,1,0,4,0,0,0,0,0,0,0,0,0,0,0,0,26,6,0,6,0,7,0,3,2,0,2,1,0,0,0,19,-1,0
C:\Users\user\Desktop\STUFF A LOT OF 'EM\er\Design_Pattern\king\ScrollPaneLayout.java,javax.swing.ScrollPaneLayout,class,0,0,0,0,145,2,2,36,28,0.68636364,0.0,0.0,20,0,17,2,1,0,18,0,0,0,11,0,0,0,11,0,0,0,11,468,16,0,68,0,40,3,26,172,25,62,6,0,1,0,299,1,0
C:\Users\user\Desktop\STUFF A LOT OF 'EM\er\Design_Pattern\king\plaf\basic\BasicScrollPaneUI.java,javax.swing.plaf.basic.BasicScrollPaneUI$HSBChangeListener,innerclass,2,2,0,2,9,1,0,9,0,0.0,NaN,NaN,1,0,1,0,0,0,1,0,0,0,0,0,0,0,0,0,0,0,0,28,0,0,6,0,7,0,5,11,1,7,4,0,0,0,30,1,0
C:\Users\user\Desktop\STUFF A LOT OF 'EM\er\Design_Pattern\king\UIManager.java,javax.swing.UIManager,class,3,3,0,3,101,1,0,86,1338,0.96037734,0.0,0.0,53,53,39,12,0,2,41,0,0,0,10,10,0,10,0,0,7,0,94,478,50,5,30,7,12,40,18,85,7,59,3,2,2,0,386,1,0
C:\Users\user\Desktop\STUFF A LOT OF 'EM\er\Design_Pattern\king\plaf\basic\BasicTableUI.java,javax.swing.plaf.basic.BasicTableUI$PagingAction,innerclass,3,3,0,3,16,2,0,14,0,0.0,NaN,NaN,2,0,1,1,0,0,1,0,0,0,3,0,0,3,0,0,0,0,0,55,1,0,2,0,3,0,10,25,2,13,3,0,0,0,32,10,0
C:\Users\user\Desktop\STUFF A LOT OF 'EM\er\Design_Pattern\king\JTable.java,javax.swing.JTable$Anonymous3,anonymous,0,0,0,0,5,1,0,5,10,0.0,0.0,0.0,5,0,5,0,0,0,5,0,0,0,0,0,0,0,0,0,0,0,0,17,4,0,0,0,0,0,0,0,5,0,0,0,0,0,15,-1,0
C:\Users\user\Desktop\STUFF A LOT OF 'EM\er\Design_Pattern\king\JTable.java,javax.swing.JTable$Anonymous4,anonymous,0,0,0,0,4,1,0,4,6,0.0,0.0,0.0,4,0,4,0,0,0,4,0,0,0,0,0,0,0,0,0,0,0,0,14,3,0,0,0,0,0,0,0,0,0,0,0,0,0,10,-1,0
C:\Users\user\Desktop\STUFF A LOT OF 'EM\er\Design_Pattern\king\JTable.java,javax.swing.JTable$Anonymous1,anonymous,0,0,0,0,6,1,0,2,15,0.0,0.0,0.0,6,0,6,0,0,0,6,0,0,0,0,0,0,0,0,0,0,0,0,21,5,0,0,0,0,0,0,1,0,0,0,0,0,0,19,-1,0
C:\Users\user\Desktop\STUFF A LOT OF 'EM\er\Design_Pattern\king\JTable.java,javax.swing.JTable$Anonymous2,anonymous,0,0,0,0,7,1,0,8,10,0.0,0.0,0.0,5,0,5,0,0,0,5,0,0,0,0,0,0,0,0,0,0,0,0,27,5,0,0,0,0,0,0,0,0,0,1,0,0,0,14,-1,0
C:\Users\user\Desktop\STUFF A LOT OF 'EM\er\Design_Pattern\king\JTable.java,javax.swing.JTable$BooleanEditor,innerclass,0,0,0,0,1,3,0,2,0,0.0,NaN,NaN,1,0,1,0,0,0,1,0,0,0,0,0,0,0,0,0,0,0,0,7,0,0,0,0,0,0,0,1,0,1,0,0,0,0,10,8,0
C:\Users\user\Desktop\STUFF A LOT OF 'EM\er\Design_Pattern\king\plaf\basic\BasicHTML.java,javax.swing.plaf.basic.BasicHTML$BasicEditorKit,innerclass,0,0,0,0,5,5,0,7,3,0.6666667,0.0,0.0,3,0,3,0,0,0,3,0,0,0,1,1,0,1,0,0,0,0,0,29,3,0,1,1,0,0,0,5,0,5,2,0,0,0,98,8,0
C:\Users\user\Desktop\STUFF A LOT OF 'EM\er\Design_Pattern\king\plaf\basic\BasicSplitPaneDivider.java,javax.swing.plaf.basic.BasicSplitPaneDivider$DragController,innerclass,1,1,0,1,21,1,0,17,16,0.65625,0.0,0.0,8,0,0,0,8,0,8,0,0,0,3,0,0,0,0,3,0,0,6,66,3,0,7,0,7,0,9,20,8,12,3,0,0,0,140,4,0
C:\Users\user\Desktop\STUFF A LOT OF 'EM\er\Design_Pattern\king\plaf\multi\MultiInternalFrameUI.java,javax.swing.plaf.multi.MultiInternalFrameUI,class,1,1,0,1,22,2,0,14,0,0.0,0.0,0.0,12,1,12,0,0,0,12,0,0,0,1,0,0,0,1,0,0,0,1,72,8,10,0,0,33,0,16,18,0,18,1,0,0,0,93,1,0
C:\Users\user\Desktop\STUFF A LOT OF 'EM\er\Design_Pattern\king\plaf\metal\MetalToolBarUI.java,javax.swing.plaf.metal.MetalToolBarUI$MetalDockingListener,innerclass,0,0,0,0,9,2,0,11,1,0.33333334,0.0,0.0,3,0,3,0,0,0,3,0,0,0,1,0,0,1,0,0,0,0,2,34,1,0,1,0,1,0,7,7,2,4,2,0,0,0,28,4,0
C:\Users\user\Desktop\STUFF A LOT OF 'EM\er\Design_Pattern\king\text\StyledEditorKit.java,javax.swing.text.StyledEditorKit$StyledInsertBreakAction,innerclass,1,1,0,1,9,4,0,16,1,0.5,0.0,0.0,2,0,1,0,0,1,2,0,0,0,1,0,0,1,0,0,0,0,0,38,2,0,3,0,4,2,0,5,0,5,3,0,0,0,51,8,0
C:\Users\user\Desktop\STUFF A LOT OF 'EM\er\Design_Pattern\king\plaf\metal\MetalToolBarUI.java,javax.swing.plaf.metal.MetalToolBarUI$MetalRolloverListener,innerclass,0,0,0,0,0,1,0,0,0,0.0,-1.0,-1.0,0,0,0,0,0,0,0,0,0,0,0,0,0,0,0,0,0,0,0,2,0,0,0,0,0,0,0,0,0,0,0,0,0,0,3,4,0
C:\Users\user\Desktop\STUFF A LOT OF 'EM\er\Design_Pattern\king\text\ParagraphView.java,javax.swing.text.ParagraphView$Row,innerclass,1,1,0,1,30,2,0,21,66,0.0,0.0,0.0,12,0,5,0,6,1,12,0,0,0,0,0,0,0,0,0,0,0,2,87,15,3,6,0,8,0,13,25,4,18,2,0,0,0,190,0,0
C:\Users\user\Desktop\STUFF A LOT OF 'EM\er\Design_Pattern\king\plaf\basic\BasicProgressBarUI.java,javax.swing.plaf.basic.BasicProgressBarUI,class,3,3,0,3,144,1,0,85,358,0.91259235,0.0,0.0,45,1,7,15,23,0,30,0,0,0,28,7,0,26,2,0,2,0,16,712,34,0,30,0,27,64,64,134,110,68,3,0,3,0,438,1,0
C:\Users\user\Desktop\STUFF A LOT OF 'EM\er\Design_Pattern\king\JToolBar.java,javax.swing.JToolBar,class,1,1,0,1,62,12,0,46,440,0.8875,0.0,0.0,32,0,25,2,5,0,30,0,0,0,5,1,0,5,0,0,1,0,2,339,18,1,18,0,5,20,8,36,1,30,2,1,3,0,387,1,0
C:\Users\user\Desktop\STUFF A LOT OF 'EM\er\Design_Pattern\king\DefaultListCellRenderer.java,javax.swing.DefaultListCellRenderer,class,0,0,0,0,21,10,2,19,103,0.8666667,0.0,0.0,15,0,14,0,1,0,15,0,0,0,1,1,0,0,1,0,0,0,0,63,1,0,3,0,2,4,4,1,0,1,1,0,1,0,129,1,0
C:\Users\user\Desktop\STUFF A LOT OF 'EM\er\Design_Pattern\king\plaf\basic\BasicDesktopPaneUI.java,javax.swing.plaf.basic.BasicDesktopPaneUI$MaximizeAction,innerclass,1,1,0,1,8,1,0,6,1,0.0,0.0,0.0,2,0,2,0,0,0,2,0,0,0,0,0,0,0,0,0,0,0,0,24,2,0,1,2,0,0,0,1,0,1,3,0,0,0,20,4,0
C:\Users\user\Desktop\STUFF A LOT OF 'EM\er\Design_Pattern\king\plaf\basic\BasicTreeUI.java,javax.swing.plaf.basic.BasicTreeUI$TreeSelectionHandler,innerclass,0,0,0,0,18,1,0,19,0,0.0,NaN,NaN,1,0,1,0,0,0,1,0,0,0,0,0,0,0,0,0,0,0,0,55,0,3,7,0,0,0,7,20,1,13,5,0,0,0,56,1,0
C:\Users\user\Desktop\STUFF A LOT OF 'EM\er\Design_Pattern\king\plaf\multi\MultiDesktopIconUI.java,javax.swing.plaf.multi.MultiDesktopIconUI,class,1,1,0,1,22,2,0,14,0,0.0,0.0,0.0,12,1,12,0,0,0,12,0,0,0,1,0,0,0,1,0,0,0,1,72,8,10,0,0,33,0,16,18,0,18,1,0,0,0,93,1,0
C:\Users\user\Desktop\STUFF A LOT OF 'EM\er\Design_Pattern\king\plaf\basic\BasicTableUI.java,javax.swing.plaf.basic.BasicTableUI$TableDropTargetListener,innerclass,2,2,0,2,7,2,0,9,3,0.6666667,0.0,0.0,3,0,0,0,3,0,3,0,0,0,2,0,0,2,0,0,0,0,0,30,0,2,2,0,0,0,4,9,0,9,1,0,0,0,59,8,0
C:\Users\user\Desktop\STUFF A LOT OF 'EM\er\Design_Pattern\king\plaf\basic\BasicListUI.java,javax.swing.plaf.basic.BasicListUI$PageDownAction,innerclass,1,1,0,1,6,2,0,11,3,0.0,0.0,0.0,3,0,0,0,3,0,3,0,0,0,0,0,0,0,0,0,0,0,1,28,1,0,3,0,0,0,6,11,6,5,2,0,0,0,28,10,0
C:\Users\user\Desktop\STUFF A LOT OF 'EM\er\Design_Pattern\king\text\WrappedPlainView.java,javax.swing.text.WrappedPlainView,class,4,4,0,4,56,3,0,61,231,0.9545454,0.0,0.0,22,0,11,1,7,3,21,0,3,0,10,0,0,0,0,10,0,0,15,373,11,3,11,2,11,3,8,68,16,51,3,0,1,0,323,1,0
C:\Users\user\Desktop\STUFF A LOT OF 'EM\er\Design_Pattern\king\JTable.java,javax.swing.JTable$AccessibleJTable,innerclass,7,7,0,7,132,6,0,62,1405,0.9506173,0.0,0.0,54,0,53,0,0,1,54,0,0,0,6,0,0,4,0,2,0,0,2,1090,48,1,38,0,35,4,57,101,59,74,5,0,3,0,395,4,0
C:\Users\user\Desktop\STUFF A LOT OF 'EM\er\Design_Pattern\king\plaf\metal\MetalFileChooserUI.java,javax.swing.plaf.metal.MetalFileChooserUI$DetailsTableModel,innerclass,2,2,0,2,41,1,0,32,45,0.7878788,0.0,0.0,11,0,10,0,0,1,11,0,0,0,3,0,0,0,0,3,0,0,0,126,19,0,6,0,5,6,8,22,5,17,6,0,0,0,69,0,0
C:\Users\user\Desktop\STUFF A LOT OF 'EM\er\Design_Pattern\king\plaf\metal\MetalFileChooserUI.java,javax.swing.plaf.metal.MetalFileChooserUI$DirectoryComboBoxAction,innerclass,0,0,0,0,2,1,0,3,1,0.0,0.0,0.0,2,0,1,0,1,0,2,0,0,0,0,0,0,0,0,0,0,0,0,9,0,0,0,0,0,1,0,1,0,1,0,0,0,0,19,4,0
C:\Users\user\Desktop\STUFF A LOT OF 'EM\er\Design_Pattern\king\text\DefaultEditorKit.java,javax.swing.text.DefaultEditorKit$BeginLineAction,innerclass,1,1,0,1,5,2,0,7,1,0.5,0.0,0.0,2,0,1,0,0,1,2,0,0,0,1,0,0,1,0,0,0,0,0,25,0,0,1,1,0,0,0,4,0,4,3,0,0,0,39,8,0
C:\Users\user\Desktop\STUFF A LOT OF 'EM\er\Design_Pattern\king\text\html\StyleSheet.java,javax.swing.text.html.StyleSheet$BoxPainter,innerclass,1,1,0,1,20,1,0,18,15,0.8333334,0.0,0.0,6,0,2,0,0,4,6,0,0,0,11,0,0,0,0,11,0,0,0,106,5,0,6,0,0,4,2,40,3,21,3,0,0,0,143,9,0
C:\Users\user\Desktop\STUFF A LOT OF 'EM\er\Design_Pattern\king\plaf\metal\MetalIconFactory.java,javax.swing.plaf.metal.MetalIconFactory$FileIcon16,innerclass,0,0,0,0,9,1,0,18,15,0.8333333,0.0,0.0,6,0,5,1,0,0,5,0,0,0,1,0,0,0,0,1,0,0,0,56,4,0,3,0,0,0,56,8,26,6,2,0,0,0,66,9,0
C:\Users\user\Desktop\STUFF A LOT OF 'EM\er\Design_Pattern\king\plaf\metal\MetalFileChooserUI.java,javax.swing.plaf.metal.MetalFileChooserUI$ButtonAreaLayout,innerclass,0,0,0,0,14,1,0,9,8,0.6,0.0,0.0,5,0,5,0,0,0,5,0,0,0,2,0,0,2,0,0,0,0,3,58,3,3,3,0,2,0,14,28,13,21,3,0,0,0,61,10,0
C:\Users\user\Desktop\STUFF A LOT OF 'EM\er\Design_Pattern\king\JComponent.java,javax.swing.JComponent$EnableSerializationFocusListener,innerclass,0,0,0,0,3,1,0,2,3,0.0,0.0,0.0,3,0,2,1,0,0,2,0,0,0,0,0,0,0,0,0,0,0,0,10,0,0,0,0,0,0,0,0,0,0,0,0,0,0,71,2,0
C:\Users\user\Desktop\STUFF A LOT OF 'EM\er\Design_Pattern\king\text\StringContent.java,javax.swing.text.StringContent$RemoveUndo,innerclass,2,2,0,2,8,1,0,8,3,0.6666667,0.0,0.0,3,0,2,0,1,0,3,0,0,0,4,0,0,0,4,0,0,0,0,42,0,0,3,2,0,0,0,8,0,4,3,0,0,0,30,0,0
C:\Users\user\Desktop\STUFF A LOT OF 'EM\er\Design_Pattern\king\JMenu.java,javax.swing.JMenu$ActionChangedListener,innerclass,0,0,0,0,9,1,0,15,4,0.5,0.0,0.0,4,0,3,0,0,1,4,0,0,0,1,0,0,0,0,1,0,0,0,40,1,0,1,0,0,1,0,7,0,7,2,0,0,0,28,2,0
C:\Users\user\Desktop\STUFF A LOT OF 'EM\er\Design_Pattern\king\plaf\basic\BasicScrollPaneUI.java,javax.swing.plaf.basic.BasicScrollPaneUI$ViewportChangeHandler,innerclass,0,0,0,0,1,1,0,1,0,0.0,NaN,NaN,1,0,1,0,0,0,1,0,0,0,0,0,0,0,0,0,0,0,0,5,0,0,0,0,0,0,0,0,0,0,0,0,0,0,13,1,0
C:\Users\user\Desktop\STUFF A LOT OF 'EM\er\Design_Pattern\king\text\html\parser\AttributeList.java,javax.swing.text.html.parser.AttributeList,class,0,0,0,0,16,1,0,5,44,0.8021978,0.0,0.0,13,3,11,0,0,2,14,0,0,0,7,1,6,0,0,1,0,0,15,77,9,0,2,0,2,20,0,10,0,9,0,0,0,0,89,17,0
C:\Users\user\Desktop\STUFF A LOT OF 'EM\er\Design_Pattern\king\text\DefaultCaret.java,javax.swing.text.DefaultCaret$Anonymous1,anonymous,0,0,0,0,1,1,0,1,0,0.0,NaN,NaN,1,0,1,0,0,0,1,0,0,0,0,0,0,0,0,0,0,0,0,5,0,0,0,0,0,0,0,0,0,0,0,0,0,0,4,-1,0
C:\Users\user\Desktop\STUFF A LOT OF 'EM\er\Design_Pattern\king\text\StringContent.java,javax.swing.text.StringContent$UndoPosRef,innerclass,0,0,0,0,2,1,0,0,1,0.5,0.0,0.0,2,0,0,0,1,1,2,0,0,0,2,0,0,0,2,0,0,0,0,11,0,0,0,0,0,0,0,3,0,2,0,0,0,0,30,16,0
C:\Users\user\Desktop\STUFF A LOT OF 'EM\er\Design_Pattern\king\SystemEventQueueUtilities.java,javax.swing.SystemEventQueueUtilities$TimerQueueRestart,innerclass,1,1,0,1,3,1,0,2,0,0.0,NaN,NaN,1,0,1,0,0,0,1,0,0,1,1,0,0,0,0,1,0,0,0,12,0,0,0,0,0,0,0,2,0,2,3,0,0,0,17,10,0
C:\Users\user\Desktop\STUFF A LOT OF 'EM\er\Design_Pattern\king\JViewport.java,javax.swing.JViewport$AccessibleJViewport,innerclass,0,0,0,0,1,5,0,0,0,0.0,NaN,NaN,1,0,1,0,0,0,1,0,0,0,0,0,0,0,0,0,0,0,0,5,1,0,0,0,0,0,0,0,0,0,0,0,0,0,65,4,0
C:\Users\user\Desktop\STUFF A LOT OF 'EM\er\Design_Pattern\king\DefaultSingleSelectionModel.java,javax.swing.DefaultSingleSelectionModel,class,3,3,0,3,14,1,0,8,14,0.7037037,0.0,0.0,9,0,8,0,1,0,9,0,0,0,3,0,0,1,2,0,0,0,0,45,4,1,4,0,1,0,7,10,2,6,3,0,0,0,127,1,0
C:\Users\user\Desktop\STUFF A LOT OF 'EM\er\Design_Pattern\king\plaf\metal\DefaultMetalTheme.java,javax.swing.plaf.metal.DefaultMetalTheme$WindowsFontDelegate,innerclass,2,2,0,2,6,2,0,2,0,0.0,0.0,0.0,2,0,2,0,0,0,2,0,0,0,2,0,0,2,0,0,0,0,0,25,3,0,3,0,0,0,2,6,0,3,2,0,0,0,23,10,0
C:\Users\user\Desktop\STUFF A LOT OF 'EM\er\Design_Pattern\king\JScrollPane.java,javax.swing.JScrollPane$AccessibleJScrollPane,innerclass,0,0,0,0,6,5,0,6,4,0.5,0.0,0.0,4,0,4,0,0,0,4,0,0,0,1,0,0,0,1,0,0,0,2,24,1,0,2,0,1,0,0,4,0,2,1,0,0,0,92,4,0
C:\Users\user\Desktop\STUFF A LOT OF 'EM\er\Design_Pattern\king\plaf\basic\BasicSliderUI.java,javax.swing.plaf.basic.BasicSliderUI$FocusHandler,innerclass,0,0,0,0,2,1,0,1,1,0.0,0.0,0.0,2,0,2,0,0,0,2,0,0,0,0,0,0,0,0,0,0,0,0,8,0,0,0,0,0,0,0,0,0,0,0,0,0,0,28,1,0
C:\Users\user\Desktop\STUFF A LOT OF 'EM\er\Design_Pattern\king\JList.java,javax.swing.JList$AccessibleJList,innerclass,0,0,0,0,40,6,0,30,169,0.8947368,0.0,0.0,19,0,19,0,0,0,19,0,0,0,1,0,0,0,0,1,0,0,12,613,12,0,9,0,6,2,8,13,1,12,2,0,1,0,197,4,0
C:\Users\user\Desktop\STUFF A LOT OF 'EM\er\Design_Pattern\king\plaf\basic\BasicComboBoxUI.java,javax.swing.plaf.basic.BasicComboBoxUI$KeyHandler,innerclass,0,0,0,0,6,2,0,10,1,0.0,0.0,0.0,2,0,1,0,0,1,2,0,0,0,0,0,0,0,0,0,0,0,0,12,1,0,0,0,0,0,0,0,0,0,2,0,0,0,39,1,0
C:\Users\user\Desktop\STUFF A LOT OF 'EM\er\Design_Pattern\king\text\DefaultEditorKit.java,javax.swing.text.DefaultEditorKit$ToggleComponentOrientationAction,innerclass,1,1,0,1,4,2,0,4,1,0.0,0.0,0.0,2,0,1,0,0,1,2,0,0,0,0,0,0,0,0,0,0,0,0,16,0,0,2,0,0,0,0,4,0,3,2,0,0,0,26,8,0
C:\Users\user\Desktop\STUFF A LOT OF 'EM\er\Design_Pattern\king\ActionMap.java,javax.swing.ActionMap,class,0,0,0,0,30,1,2,21,12,0.5416667,0.0,0.0,12,0,10,2,0,0,10,0,0,0,2,0,0,2,0,0,0,0,1,98,14,3,15,0,1,0,8,12,3,11,2,0,0,0,116,1,0
C:\Users\user\Desktop\STUFF A LOT OF 'EM\er\Design_Pattern\king\text\StyleContext.java,javax.swing.text.StyleContext$KeyEnumeration,innerclass,0,0,0,0,5,1,0,0,3,0.6666667,0.0,0.0,3,0,2,0,0,1,3,0,0,0,2,0,0,0,0,2,0,0,0,19,2,0,0,0,0,0,2,4,0,3,1,0,0,0,29,0,0
C:\Users\user\Desktop\STUFF A LOT OF 'EM\er\Design_Pattern\king\AbstractCellEditor.java,javax.swing.AbstractCellEditor,class,3,3,0,3,15,1,1,8,16,0.6111111,0.0,0.0,9,0,7,0,2,0,9,0,0,0,2,0,0,0,2,0,0,0,0,44,4,2,4,0,2,0,8,10,4,6,3,0,0,0,111,1025,0
C:\Users\user\Desktop\STUFF A LOT OF 'EM\er\Design_Pattern\king\ButtonGroup.java,javax.swing.ButtonGroup,class,0,0,0,0,19,1,0,9,0,0.4375,0.0,0.0,8,0,8,0,0,0,8,0,0,0,2,0,0,0,1,1,0,0,0,58,7,0,9,0,1,0,1,6,0,3,2,0,0,0,162,1,0
C:\Users\user\Desktop\STUFF A LOT OF 'EM\er\Design_Pattern\king\plaf\basic\BasicToolTipUI.java,javax.swing.plaf.basic.BasicToolTipUI,class,3,3,0,3,30,2,0,42,118,0.9166667,0.0,0.0,16,1,8,4,4,0,12,0,0,0,3,2,0,2,0,1,0,0,2,147,5,0,11,0,9,19,4,30,11,21,2,0,1,0,75,1,0
C:\Users\user\Desktop\STUFF A LOT OF 'EM\er\Design_Pattern\king\plaf\DesktopPaneUI.java,javax.swing.plaf.DesktopPaneUI,class,0,0,0,0,0,2,0,0,0,0.0,-1.0,-1.0,0,0,0,0,0,0,0,0,0,0,0,0,0,0,0,0,0,0,0,2,0,0,0,0,0,0,0,0,0,0,0,0,0,0,11,1025,0
C:\Users\user\Desktop\STUFF A LOT OF 'EM\er\Design_Pattern\king\text\ParagraphView.java,javax.swing.text.ParagraphView,class,6,6,0,6,87,3,4,60,276,0.9583334,0.0,0.0,24,0,9,0,15,0,25,0,0,0,7,3,0,3,1,3,0,0,7,403,35,6,28,2,15,3,47,91,34,66,4,0,1,0,512,1,0
C:\Users\user\Desktop\STUFF A LOT OF 'EM\er\Design_Pattern\king\UIManager.java,javax.swing.UIManager$LAFState,innerclass,1,1,0,1,4,1,0,0,0,0.875,0.0,0.0,4,0,0,0,0,4,4,0,0,0,8,0,0,1,0,7,0,0,0,22,2,0,0,0,0,0,5,8,0,8,0,0,0,0,85,10,0
C:\Users\user\Desktop\STUFF A LOT OF 'EM\er\Design_Pattern\king\plaf\metal\MetalBorders.java,javax.swing.plaf.metal.MetalBorders$ErrorDialogBorder,innerclass,0,0,0,0,1,3,0,1,0,0.0,NaN,NaN,1,0,0,0,1,0,1,0,0,0,0,0,0,0,0,0,0,0,0,5,1,0,0,0,0,1,0,0,0,0,0,0,0,0,11,8,0
C:\Users\user\Desktop\STUFF A LOT OF 'EM\er\Design_Pattern\king\plaf\basic\BasicColorChooserUI.java,javax.swing.plaf.basic.BasicColorChooserUI$PropertyHandler,innerclass,3,3,0,3,15,1,0,22,0,0.0,NaN,NaN,1,0,1,0,0,0,1,0,0,0,0,0,0,0,0,0,0,0,0,62,1,3,6,0,0,1,8,14,0,14,4,0,0,0,57,1,0
C:\Users\user\Desktop\STUFF A LOT OF 'EM\er\Design_Pattern\king\event\TableColumnModelListener.java,javax.swing.event.TableColumnModelListener,interface,0,0,0,0,5,1,0,0,10,0.0,0.0,0.0,5,0,5,0,0,0,5,0,0,0,0,0,0,0,0,0,0,0,0,7,0,0,0,0,0,0,0,0,0,0,0,0,0,0,39,1,0
C:\Users\user\Desktop\STUFF A LOT OF 'EM\er\Design_Pattern\king\text\html\Map.java,javax.swing.text.html.Map$RegionContainment,interface,0,0,0,0,1,1,0,0,0,0.0,NaN,NaN,1,0,1,0,0,0,1,0,0,0,0,0,0,0,0,0,0,0,0,3,0,0,0,0,0,0,0,0,0,0,0,0,0,0,24,0,0
C:\Users\user\Desktop\STUFF A LOT OF 'EM\er\Design_Pattern\king\text\StyleContext.java,javax.swing.text.StyleContext$NamedStyle,innerclass,0,0,0,0,37,1,0,33,378,0.9642857,0.0,0.0,28,0,25,2,1,0,26,0,0,0,3,0,0,1,2,0,0,0,2,131,14,1,7,0,1,2,4,22,3,11,3,0,0,0,209,1,0
C:\Users\user\Desktop\STUFF A LOT OF 'EM\er\Design_Pattern\king\JTable.java,javax.swing.JTable$Anonymous5,anonymous,0,0,0,0,4,1,0,4,6,0.0,0.0,0.0,4,0,4,0,0,0,4,0,0,0,0,0,0,0,0,0,0,0,0,14,3,0,0,0,0,0,0,0,0,0,0,0,0,0,10,-1,0
C:\Users\user\Desktop\STUFF A LOT OF 'EM\er\Design_Pattern\king\JLayeredPane.java,javax.swing.JLayeredPane,class,0,0,0,0,90,8,1,40,289,0.92307687,0.0,0.0,26,3,20,1,5,0,25,0,0,0,9,7,7,2,0,0,7,0,0,258,28,7,30,0,13,4,51,71,5,48,4,0,1,0,425,1,0
C:\Users\user\Desktop\STUFF A LOT OF 'EM\er\Design_Pattern\king\plaf\metal\MetalInternalFrameTitlePane.java,javax.swing.plaf.metal.MetalInternalFrameTitlePane$MetalTitlePaneLayout,innerclass,1,1,0,1,36,2,0,21,10,0.0,0.0,0.0,5,0,5,0,0,0,5,0,0,0,0,0,0,0,0,0,0,0,3,84,2,0,3,0,7,1,32,39,12,17,3,0,0,0,42,0,0
C:\Users\user\Desktop\STUFF A LOT OF 'EM\er\Design_Pattern\king\JToggleButton.java,javax.swing.JToggleButton$AccessibleJToggleButton,innerclass,0,0,0,0,5,6,0,4,3,0.0,0.0,0.0,3,0,3,0,0,0,3,0,0,0,0,0,0,0,0,0,0,0,0,20,1,0,1,0,0,0,0,1,0,1,2,0,0,0,82,4,0
C:\Users\user\Desktop\STUFF A LOT OF 'EM\er\Design_Pattern\king\JToggleButton.java,javax.swing.JToggleButton,class,1,1,0,1,17,11,2,13,76,0.84615386,0.0,0.0,13,0,11,1,1,0,12,0,0,0,1,1,0,1,0,0,1,0,2,126,3,0,3,0,0,1,1,3,0,2,2,0,2,0,178,1,0
C:\Users\user\Desktop\STUFF A LOT OF 'EM\er\Design_Pattern\king\plaf\basic\BasicListUI.java,javax.swing.plaf.basic.BasicListUI$IncrementLeadByColumnAction,innerclass,1,1,0,1,9,2,0,9,1,0.0,0.0,0.0,2,0,0,0,1,1,2,0,0,0,0,0,0,0,0,0,0,0,0,32,4,0,2,0,0,0,7,9,1,7,4,0,0,0,51,10,0
C:\Users\user\Desktop\STUFF A LOT OF 'EM\er\Design_Pattern\king\text\NumberFormatter.java,javax.swing.text.NumberFormatter,class,2,2,0,2,88,3,2,77,165,0.84210527,0.0,0.0,19,0,3,11,0,5,8,0,0,0,1,0,0,1,0,0,0,0,3,266,38,3,44,2,12,2,25,40,5,28,5,0,0,0,289,1,0
C:\Users\user\Desktop\STUFF A LOT OF 'EM\er\Design_Pattern\king\JMenuItem.java,javax.swing.JMenuItem$AccessibleJMenuItem,innerclass,0,0,0,0,15,6,0,8,3,0.6666667,0.0,0.0,3,0,2,0,0,1,3,0,0,0,4,0,0,4,0,0,0,0,2,64,1,0,0,0,0,0,0,12,0,4,2,0,0,0,87,4,0
C:\Users\user\Desktop\STUFF A LOT OF 'EM\er\Design_Pattern\king\text\DefaultEditorKit.java,javax.swing.text.DefaultEditorKit$DumpModelAction,innerclass,1,1,0,1,4,2,0,3,1,0.0,0.0,0.0,2,0,1,0,0,1,2,0,0,0,0,0,0,0,0,0,0,0,0,14,0,0,1,0,1,1,0,2,0,2,2,0,0,0,16,8,0
C:\Users\user\Desktop\STUFF A LOT OF 'EM\er\Design_Pattern\king\plaf\basic\BasicColorChooserUI.java,javax.swing.plaf.basic.BasicColorChooserUI,class,6,6,0,6,23,2,0,37,0,0.7603306,0.0,0.0,11,1,3,0,8,0,11,0,0,0,11,1,0,1,3,7,0,0,0,188,4,1,7,0,4,4,2,21,1,15,1,1,3,0,57,1,0
C:\Users\user\Desktop\STUFF A LOT OF 'EM\er\Design_Pattern\king\plaf\metal\MetalFileChooserUI.java,javax.swing.plaf.metal.MetalFileChooserUI$SingleClickListener,innerclass,1,1,0,1,11,2,0,12,0,0.0,0.0,0.0,2,0,2,0,0,0,2,0,0,0,1,0,0,0,0,1,0,0,0,28,0,0,3,0,1,0,4,3,0,3,4,0,0,0,24,4,0
C:\Users\user\Desktop\STUFF A LOT OF 'EM\er\Design_Pattern\king\plaf\metal\MetalInternalFrameTitlePane.java,javax.swing.plaf.metal.MetalInternalFrameTitlePane,class,2,2,0,2,52,4,0,63,89,0.88571435,0.0,0.0,15,0,5,1,9,0,14,0,0,0,14,1,0,7,3,4,1,0,2,350,4,0,13,0,7,19,59,93,27,49,3,0,2,0,144,1,0
C:\Users\user\Desktop\STUFF A LOT OF 'EM\er\Design_Pattern\king\JMenu.java,javax.swing.JMenu$WinListener,innerclass,0,0,0,0,2,2,0,1,1,0.5,0.0,0.0,2,0,2,0,0,0,2,0,0,0,1,0,0,0,0,1,0,0,0,9,0,0,0,0,0,0,0,1,0,1,0,0,0,0,72,4,0
C:\Users\user\Desktop\STUFF A LOT OF 'EM\er\Design_Pattern\king\JDesktopPane.java,javax.swing.JDesktopPane,class,1,1,0,1,32,9,0,22,124,0.89215684,0.0,0.0,17,0,15,1,1,0,16,0,0,0,6,3,2,3,0,1,1,0,2,123,10,2,8,0,5,4,7,23,1,20,4,1,1,0,262,1,0
C:\Users\user\Desktop\STUFF A LOT OF 'EM\er\Design_Pattern\king\plaf\basic\BasicLookAndFeel.java,javax.swing.plaf.basic.BasicLookAndFeel,class,8,8,0,8,34,3,0,36,66,1.0,0.0,0.0,12,2,1,3,7,1,9,0,1,0,2,0,0,2,0,0,0,0,4,290,10,4,11,2,1,1544,109,104,46,100,3,3,1,0,373,1025,0
C:\Users\user\Desktop\STUFF A LOT OF 'EM\er\Design_Pattern\king\plaf\multi\MultiTableUI.java,javax.swing.plaf.multi.MultiTableUI,class,1,1,0,1,22,2,0,14,0,0.0,0.0,0.0,12,1,12,0,0,0,12,0,0,0,1,0,0,0,1,0,0,0,1,72,8,10,0,0,33,0,16,18,0,18,1,0,0,0,92,1,0
C:\Users\user\Desktop\STUFF A LOT OF 'EM\er\Design_Pattern\king\text\FlowView.java,javax.swing.text.FlowView,class,2,2,0,2,27,6,1,29,66,0.9166667,0.0,0.0,12,0,7,0,5,0,12,1,0,0,3,0,0,0,3,0,0,0,1,377,7,1,11,0,5,0,5,21,1,14,3,0,2,0,244,1025,0
C:\Users\user\Desktop\STUFF A LOT OF 'EM\er\Design_Pattern\king\text\html\CSS.java,javax.swing.text.html.CSS$StringValue,innerclass,0,0,0,0,42,2,0,5,28,0.0,0.0,0.0,8,0,0,0,0,8,8,0,0,0,0,0,0,0,0,0,0,0,0,121,33,0,17,0,6,28,10,8,0,3,2,0,0,0,70,8,0
C:\Users\user\Desktop\STUFF A LOT OF 'EM\er\Design_Pattern\king\text\html\HTMLEditorKit.java,javax.swing.text.html.HTMLEditorKit$Parser,innerclass,0,0,0,0,1,1,0,0,0,0.0,NaN,NaN,1,0,1,0,0,0,1,1,0,0,0,0,0,0,0,0,0,0,0,3,0,0,0,0,0,0,0,0,0,0,0,0,0,0,40,1033,0
C:\Users\user\Desktop\STUFF A LOT OF 'EM\er\Design_Pattern\king\plaf\basic\BasicTableUI.java,javax.swing.plaf.basic.BasicTableUI$NavigationalAction,innerclass,2,2,0,2,19,1,0,21,16,0.6805556,0.0,0.0,8,0,1,6,1,0,2,0,0,0,9,0,0,0,9,0,0,0,2,98,7,0,0,0,3,0,13,33,15,23,2,0,0,0,52,10,0
C:\Users\user\Desktop\STUFF A LOT OF 'EM\er\Design_Pattern\king\plaf\basic\BasicFileChooserUI.java,javax.swing.plaf.basic.BasicFileChooserUI$SelectionListener,innerclass,2,2,0,2,21,1,0,21,0,0.0,NaN,NaN,1,0,1,0,0,0,1,0,0,0,0,0,0,0,0,0,0,0,0,45,0,1,6,0,8,0,7,9,0,8,6,0,0,0,25,4,0
C:\Users\user\Desktop\STUFF A LOT OF 'EM\er\Design_Pattern\king\text\DefaultFormatter.java,javax.swing.text.DefaultFormatter$DefaultNavigationFilter,innerclass,2,2,0,2,6,2,0,9,3,0.0,0.0,0.0,3,0,3,0,0,0,3,0,0,0,0,0,0,0,0,0,0,0,0,28,2,0,0,0,0,0,0,2,0,2,1,0,0,0,32,2,0
C:\Users\user\Desktop\STUFF A LOT OF 'EM\er\Design_Pattern\king\tree\TreeCellRenderer.java,javax.swing.tree.TreeCellRenderer,interface,0,0,0,0,1,1,0,0,0,0.0,NaN,NaN,1,0,0,0,0,1,1,0,0,0,0,0,0,0,0,0,0,0,0,3,0,0,0,0,0,0,0,0,0,0,0,0,0,0,67,1,0
C:\Users\user\Desktop\STUFF A LOT OF 'EM\er\Design_Pattern\king\text\DefaultEditorKit.java,javax.swing.text.DefaultEditorKit$InsertTabAction,innerclass,1,1,0,1,5,2,0,6,1,0.0,0.0,0.0,2,0,2,0,0,0,2,0,0,0,0,0,0,0,0,0,0,0,0,15,1,0,1,0,2,1,0,1,0,1,2,0,0,0,71,9,0
C:\Users\user\Desktop\STUFF A LOT OF 'EM\er\Design_Pattern\king\plaf\basic\BasicSeparatorUI.java,javax.swing.plaf.basic.BasicSeparatorUI,class,2,2,0,2,13,2,2,11,55,1.0,0.0,0.0,11,1,7,0,4,0,11,0,0,0,2,0,0,0,2,0,0,0,0,49,5,0,2,0,2,2,16,1,0,3,1,0,0,0,38,1,0
C:\Users\user\Desktop\STUFF A LOT OF 'EM\er\Design_Pattern\king\text\TextLayoutStrategy.java,javax.swing.text.TextLayoutStrategy,class,7,7,0,7,37,3,0,53,45,0.9,0.0,0.0,10,0,5,0,3,2,10,0,0,0,2,0,0,2,0,0,0,0,5,289,4,3,17,1,12,0,8,63,4,51,4,0,1,0,244,0,0
C:\Users\user\Desktop\STUFF A LOT OF 'EM\er\Design_Pattern\king\plaf\basic\BasicListUI.java,javax.swing.plaf.basic.BasicListUI$ListDragGestureRecognizer,innerclass,2,2,0,2,5,2,0,8,0,0.0,NaN,NaN,1,0,0,0,1,0,1,0,0,0,0,0,0,0,0,0,0,0,0,15,2,0,1,0,1,0,1,3,0,3,3,0,0,0,53,8,0
C:\Users\user\Desktop\STUFF A LOT OF 'EM\er\Design_Pattern\king\plaf\basic\BasicListUI.java,javax.swing.plaf.basic.BasicListUI$IncrementLeadSelectionAction,innerclass,3,3,0,3,15,1,0,13,7,0.5833334,0.0,0.0,6,0,1,0,5,0,6,0,0,0,2,0,0,0,2,0,0,0,0,59,3,0,4,0,1,0,7,11,2,8,3,0,0,0,92,10,0
C:\Users\user\Desktop\STUFF A LOT OF 'EM\er\Design_Pattern\king\plaf\multi\MultiOptionPaneUI.java,javax.swing.plaf.multi.MultiOptionPaneUI,class,2,2,0,2,26,2,0,16,0,0.0,0.0,0.0,14,1,14,0,0,0,14,0,0,0,1,0,0,0,1,0,0,0,1,84,9,12,0,0,39,0,19,21,0,21,1,0,0,0,97,1,0
C:\Users\user\Desktop\STUFF A LOT OF 'EM\er\Design_Pattern\king\plaf\metal\MetalTabbedPaneUI.java,javax.swing.plaf.metal.MetalTabbedPaneUI$TabbedPaneLayout,innerclass,1,1,0,1,6,2,0,1,6,0.0,0.0,0.0,4,0,1,0,3,0,4,0,0,0,0,0,0,0,0,0,0,0,0,14,0,0,2,0,0,0,0,0,0,0,1,0,0,0,39,1,0
C:\Users\user\Desktop\STUFF A LOT OF 'EM\er\Design_Pattern\king\tree\DefaultMutableTreeNode.java,javax.swing.tree.DefaultMutableTreeNode$BreadthFirstEnumeration$Queue,innerclass,0,0,0,0,9,1,0,0,0,0.25,0.0,0.0,4,0,4,0,0,0,4,0,0,0,2,0,0,0,0,2,0,0,0,45,3,0,5,0,0,2,0,9,0,4,1,0,1,0,21,16,0
C:\Users\user\Desktop\STUFF A LOT OF 'EM\er\Design_Pattern\king\SwingGraphics.java,javax.swing.SwingGraphics,class,3,3,0,3,138,2,0,78,0,0.87096775,0.0,0.0,62,4,55,4,0,3,58,0,0,0,13,4,0,4,0,9,3,0,25,388,27,0,24,0,16,54,41,53,21,18,3,0,0,0,134,0,0
C:\Users\user\Desktop\STUFF A LOT OF 'EM\er\Design_Pattern\king\colorchooser\DefaultSwatchChooserPanel.java,javax.swing.colorchooser.RecentSwatchPanel,class,0,0,0,0,4,2,0,4,3,0.0,0.0,0.0,3,0,1,0,2,0,3,0,0,0,0,0,0,0,0,0,0,0,1,20,0,1,0,0,0,2,9,9,2,3,1,0,0,0,20,0,0
C:\Users\user\Desktop\STUFF A LOT OF 'EM\er\Design_Pattern\king\text\html\HTMLEditorKit.java,javax.swing.text.html.HTMLEditorKit$LinkController,innerclass,5,5,0,5,61,2,0,36,24,0.8,0.0,0.0,9,0,3,2,1,3,7,0,0,0,5,0,0,5,0,0,0,0,0,201,6,0,26,5,9,4,9,69,4,49,6,0,0,0,181,9,0
C:\Users\user\Desktop\STUFF A LOT OF 'EM\er\Design_Pattern\king\JPopupMenu.java,javax.swing.JPopupMenu$AccessibleJPopupMenu,innerclass,0,0,0,0,1,5,0,0,0,0.0,NaN,NaN,1,0,1,0,0,0,1,0,0,0,0,0,0,0,0,0,0,0,0,5,1,0,0,0,0,0,0,0,0,0,0,0,0,0,32,4,0
C:\Users\user\Desktop\STUFF A LOT OF 'EM\er\Design_Pattern\king\text\html\TableView.java,javax.swing.text.html.TableView,class,6,7,1,6,124,11,0,78,630,0.97222227,0.0,0.0,36,0,15,0,14,7,36,0,0,0,15,1,0,7,0,8,1,0,14,962,31,23,35,2,15,4,55,192,18,134,7,0,4,0,429,0,0
C:\Users\user\Desktop\STUFF A LOT OF 'EM\er\Design_Pattern\king\plaf\basic\BasicComboBoxUI.java,javax.swing.plaf.basic.BasicComboBoxUI$AltAction,innerclass,1,1,0,1,3,1,0,9,0,0.0,NaN,NaN,1,0,1,0,0,0,1,0,0,0,0,0,0,0,0,0,0,0,0,14,0,0,0,0,0,0,0,2,0,2,2,0,0,0,15,8,0
C:\Users\user\Desktop\STUFF A LOT OF 'EM\er\Design_Pattern\king\text\DefaultEditorKit.java,javax.swing.text.DefaultEditorKit$PasteAction,innerclass,1,1,0,1,3,2,0,2,1,0.0,0.0,0.0,2,0,2,0,0,0,2,0,0,0,0,0,0,0,0,0,0,0,0,11,0,0,1,0,0,0,0,1,0,1,1,0,0,0,69,9,0
C:\Users\user\Desktop\STUFF A LOT OF 'EM\er\Design_Pattern\king\plaf\metal\MetalInternalFrameTitlePane.java,javax.swing.plaf.metal.MetalInternalFrameTitlePane$MetalPropertyChangeHandler,innerclass,1,1,0,1,3,2,0,7,0,0.0,NaN,NaN,1,0,1,0,0,0,1,0,0,0,0,0,0,0,0,0,0,0,0,16,0,0,0,0,0,4,0,2,0,2,1,0,0,0,14,0,0
C:\Users\user\Desktop\STUFF A LOT OF 'EM\er\Design_Pattern\king\JSpinner.java,javax.swing.JSpinner,class,3,3,0,3,41,27,0,37,183,0.8896104,0.0,0.0,22,0,18,2,2,0,20,0,0,0,7,2,0,7,0,0,2,0,2,423,12,1,8,0,3,7,6,22,2,16,3,0,8,0,317,1,0
C:\Users\user\Desktop\STUFF A LOT OF 'EM\er\Design_Pattern\king\plaf\basic\BasicHTML.java,javax.swing.plaf.basic.BasicHTML$Renderer,innerclass,1,1,0,1,22,2,0,16,210,0.95238096,0.0,0.0,21,0,20,0,0,1,21,0,0,0,4,0,0,4,0,0,0,0,0,81,17,0,1,0,0,1,1,5,0,5,1,0,0,0,243,8,0
C:\Users\user\Desktop\STUFF A LOT OF 'EM\er\Design_Pattern\king\plaf\basic\BasicTreeUI.java,javax.swing.plaf.basic.BasicTreeUI$FocusHandler,innerclass,0,0,0,0,5,1,0,5,1,0.0,0.0,0.0,2,0,2,0,0,0,2,0,0,0,0,0,0,0,0,0,0,0,0,14,0,0,3,0,0,0,0,2,0,1,2,0,0,0,27,1,0
C:\Users\user\Desktop\STUFF A LOT OF 'EM\er\Design_Pattern\king\colorchooser\DefaultSwatchChooserPanel.java,javax.swing.colorchooser.SwatchPanel,class,0,0,0,0,15,1,2,21,24,0.6944445,0.0,0.0,9,0,6,1,2,0,8,0,0,0,4,0,0,0,4,0,0,0,0,65,5,2,0,0,14,3,14,11,36,13,3,0,0,0,45,0,0
C:\Users\user\Desktop\STUFF A LOT OF 'EM\er\Design_Pattern\king\plaf\basic\BasicTabbedPaneUI.java,javax.swing.plaf.basic.BasicTabbedPaneUI$ScrollTabsForwardAction,innerclass,1,1,0,1,4,1,0,6,0,0.0,NaN,NaN,1,0,1,0,0,0,1,0,0,0,0,0,0,0,0,0,0,0,0,19,1,0,0,0,1,0,0,5,0,3,1,0,0,0,23,10,0
C:\Users\user\Desktop\STUFF A LOT OF 'EM\er\Design_Pattern\king\text\html\Map.java,javax.swing.text.html.Map$DefaultRegionContainment,innerclass,0,0,0,0,7,1,0,0,1,0.5,0.0,0.0,2,1,2,0,0,0,2,0,0,0,1,1,0,0,0,1,0,0,0,12,2,0,1,0,1,0,2,2,0,1,1,0,0,0,32,8,0
C:\Users\user\Desktop\STUFF A LOT OF 'EM\er\Design_Pattern\king\colorchooser\DefaultRGBChooserPanel.java,javax.swing.colorchooser.DefaultRGBChooserPanel,class,5,5,0,5,23,2,0,26,58,0.79629636,0.0,0.0,12,0,10,1,1,0,11,0,0,0,9,0,0,3,6,0,2,0,2,136,5,0,6,0,6,12,21,33,0,29,1,0,0,0,175,0,0
C:\Users\user\Desktop\STUFF A LOT OF 'EM\er\Design_Pattern\king\plaf\UIResource.java,javax.swing.plaf.UIResource,interface,0,0,0,0,0,1,0,0,0,0.0,-1.0,-1.0,0,0,0,0,0,0,0,0,0,0,0,0,0,0,0,0,0,0,0,2,0,0,0,0,0,0,0,0,0,0,0,0,0,0,74,1,0
C:\Users\user\Desktop\STUFF A LOT OF 'EM\er\Design_Pattern\king\text\GapVector.java,javax.swing.text.GapVector,class,0,0,0,0,29,1,3,11,53,0.64444447,0.0,0.0,15,0,2,0,10,3,15,2,3,0,3,0,0,3,0,0,0,0,7,117,8,0,7,0,2,0,13,30,22,20,2,0,0,0,165,1024,0
C:\Users\user\Desktop\STUFF A LOT OF 'EM\er\Design_Pattern\king\plaf\basic\BasicComboPopup.java,javax.swing.plaf.basic.BasicComboPopup$ListDataHandler,innerclass,0,0,0,0,3,1,0,0,3,0.0,0.0,0.0,3,0,3,0,0,0,3,0,0,0,0,0,0,0,0,0,0,0,0,8,0,0,0,0,0,0,0,0,0,0,0,0,0,0,33,1,0
C:\Users\user\Desktop\STUFF A LOT OF 'EM\er\Design_Pattern\king\text\html\FrameSetView.java,javax.swing.text.html.FrameSetView,class,5,5,0,5,41,1,0,27,13,0.7551021,0.0,0.0,7,0,1,4,2,0,3,0,0,0,7,0,0,0,0,7,0,0,4,160,4,10,7,0,10,5,45,66,15,37,3,0,0,0,166,0,0
C:\Users\user\Desktop\STUFF A LOT OF 'EM\er\Design_Pattern\king\plaf\metal\MetalFileChooserUI.java,javax.swing.plaf.metal.MetalFileChooserUI$DirectoryComboBoxRenderer,innerclass,1,1,0,1,2,1,0,7,0,0.0,NaN,NaN,1,0,1,0,0,0,1,0,0,0,1,0,0,0,0,1,0,0,0,17,2,0,1,0,0,1,0,5,0,3,1,0,0,0,26,0,0
C:\Users\user\Desktop\STUFF A LOT OF 'EM\er\Design_Pattern\king\plaf\basic\BasicTabbedPaneUI.java,javax.swing.plaf.basic.BasicTabbedPaneUI$TabSelectionHandler,innerclass,1,1,0,1,4,1,0,6,0,0.0,NaN,NaN,1,0,1,0,0,0,1,0,0,0,0,0,0,0,0,0,0,0,0,13,0,0,2,0,0,0,1,2,0,2,2,0,0,0,33,1,0
C:\Users\user\Desktop\STUFF A LOT OF 'EM\er\Design_Pattern\king\plaf\TabbedPaneUI.java,javax.swing.plaf.TabbedPaneUI,class,0,0,0,0,3,2,0,0,3,0.0,0.0,0.0,3,0,3,0,0,0,3,3,0,0,0,0,0,0,0,0,0,0,0,5,0,0,0,0,0,0,0,0,0,0,0,0,0,0,26,1025,0
C:\Users\user\Desktop\STUFF A LOT OF 'EM\er\Design_Pattern\king\event\HyperlinkEvent.java,javax.swing.event.HyperlinkEvent$EventType,innerclass,0,0,0,0,2,1,0,0,1,0.5,NaN,NaN,2,0,1,1,0,0,1,0,0,0,4,3,3,1,0,0,3,0,0,12,1,0,0,0,0,3,0,4,0,4,0,0,0,0,31,25,0
C:\Users\user\Desktop\STUFF A LOT OF 'EM\er\Design_Pattern\king\plaf\basic\BasicComboBoxUI.java,javax.swing.plaf.basic.BasicComboBoxUI$SpaceAction,innerclass,1,1,0,1,2,2,0,3,0,0.0,NaN,NaN,1,0,1,0,0,0,1,0,0,0,0,0,0,0,0,0,0,0,0,8,0,0,0,0,0,0,0,1,0,1,1,0,0,0,11,8,0
C:\Users\user\Desktop\STUFF A LOT OF 'EM\er\Design_Pattern\king\text\html\InlineView.java,javax.swing.text.html.InlineView,class,3,3,0,3,20,1,3,30,21,0.85714287,0.0,0.0,7,0,4,0,2,1,7,0,0,0,2,0,0,2,0,0,0,0,2,87,5,1,7,1,12,5,6,34,7,24,4,0,0,0,195,1,0
C:\Users\user\Desktop\STUFF A LOT OF 'EM\er\Design_Pattern\king\text\html\CSS.java,javax.swing.text.html.CSS$ShorthandMarginParser,innerclass,0,0,0,0,7,1,0,2,0,0.0,NaN,NaN,1,1,0,0,0,1,1,0,0,0,0,0,0,0,0,0,0,0,1,33,1,2,0,0,0,0,26,5,0,5,2,0,0,0,34,8,0
C:\Users\user\Desktop\STUFF A LOT OF 'EM\er\Design_Pattern\king\plaf\IconUIResource.java,javax.swing.plaf.IconUIResource,class,0,0,0,0,5,1,0,3,0,0.0,0.0,0.0,4,0,4,0,0,0,4,0,0,0,1,0,0,1,0,0,0,0,0,18,2,0,1,0,0,1,0,1,0,1,1,0,0,0,28,1,0
C:\Users\user\Desktop\STUFF A LOT OF 'EM\er\Design_Pattern\king\plaf\basic\BasicToolBarUI.java,javax.swing.plaf.basic.BasicToolBarUI$KeyAction,innerclass,0,0,0,0,1,1,0,0,0,0.0,NaN,NaN,1,0,1,0,0,0,1,0,0,0,0,0,0,0,0,0,0,0,0,5,1,0,0,0,0,0,0,0,0,0,0,0,0,0,6,1034,0
C:\Users\user\Desktop\STUFF A LOT OF 'EM\er\Design_Pattern\king\plaf\multi\MultiTextUI.java,javax.swing.plaf.multi.MultiTextUI,class,5,5,0,5,42,2,0,21,0,0.0,0.0,0.0,22,1,22,0,0,0,22,0,0,0,1,0,0,0,1,0,0,0,1,138,16,20,0,0,69,0,34,36,0,36,1,0,0,0,114,1,0
C:\Users\user\Desktop\STUFF A LOT OF 'EM\er\Design_Pattern\king\JLabel.java,javax.swing.JLabel$AccessibleJLabel,innerclass,6,6,0,6,81,5,0,45,231,0.0,0.0,0.0,22,0,19,2,0,1,20,0,0,0,0,0,0,0,0,0,0,0,7,329,66,0,24,10,5,6,30,62,8,54,3,0,1,0,221,4,0
C:\Users\user\Desktop\STUFF A LOT OF 'EM\er\Design_Pattern\king\JRootPane.java,javax.swing.JRootPane$Anonymous1,anonymous,0,0,0,0,2,1,0,1,0,0.0,NaN,NaN,1,0,1,0,0,0,1,0,0,0,0,0,0,0,0,0,0,0,0,8,0,0,1,0,0,0,0,1,0,0,1,0,0,0,6,-1,0
C:\Users\user\Desktop\STUFF A LOT OF 'EM\er\Design_Pattern\king\plaf\basic\BasicTextUI.java,javax.swing.plaf.basic.BasicTextUI$TextDropTargetListener,innerclass,2,2,0,2,4,2,0,9,6,0.75,0.0,0.0,4,0,0,0,4,0,4,0,0,0,3,0,0,0,0,3,0,0,0,29,0,0,0,0,0,0,0,10,0,10,0,0,0,0,56,8,0
C:\Users\user\Desktop\STUFF A LOT OF 'EM\er\Design_Pattern\king\JComboBox.java,javax.swing.JComboBox$KeySelectionManager,interface,0,0,0,0,1,1,0,0,0,0.0,NaN,NaN,1,0,0,0,0,1,1,0,0,0,0,0,0,0,0,0,0,0,0,3,0,0,0,0,0,0,0,0,0,0,0,0,0,0,56,1,0
C:\Users\user\Desktop\STUFF A LOT OF 'EM\er\Design_Pattern\king\plaf\multi\MultiLookAndFeel.java,javax.swing.plaf.multi.MultiUIDefaults,class,0,0,0,0,1,1,0,1,0,0.0,NaN,NaN,1,0,0,0,1,0,1,0,0,0,0,0,0,0,0,0,0,0,0,5,0,0,0,0,0,1,0,0,1,0,0,0,0,0,36,0,0
C:\Users\user\Desktop\STUFF A LOT OF 'EM\er\Design_Pattern\king\plaf\basic\BasicToolBarUI.java,javax.swing.plaf.basic.BasicToolBarUI$LeftAction,innerclass,1,1,0,1,1,2,0,3,0,0.0,NaN,NaN,1,0,1,0,0,0,1,0,0,0,0,0,0,0,0,0,0,0,0,7,0,0,0,0,0,0,0,2,0,2,0,0,0,0,19,10,0
C:\Users\user\Desktop\STUFF A LOT OF 'EM\er\Design_Pattern\king\text\AbstractDocument.java,javax.swing.text.AbstractDocument$Content,interface,0,0,0,0,6,1,0,0,15,0.0,0.0,0.0,6,0,6,0,0,0,6,0,0,0,0,0,0,0,0,0,0,0,0,8,0,0,0,0,0,0,0,0,0,0,0,0,0,0,97,1,0
C:\Users\user\Desktop\STUFF A LOT OF 'EM\er\Design_Pattern\king\JEditorPane.java,javax.swing.JEditorPane$JEditorPaneAccessibleHypertextSupport,innerclass,5,5,0,5,23,11,0,18,0,0.083333336,0.0,0.0,6,0,5,1,0,0,5,0,0,0,2,0,0,0,0,2,0,0,0,169,7,2,12,1,2,0,1,17,1,14,4,1,2,0,91,4,0
C:\Users\user\Desktop\STUFF A LOT OF 'EM\er\Design_Pattern\king\text\html\AccessibleHTML.java,javax.swing.text.html.AccessibleHTML$IconElementInfo,innerclass,1,1,0,1,10,4,0,8,4,0.6666667,0.0,0.0,4,0,1,1,1,1,3,0,0,0,3,0,0,3,0,0,0,0,0,81,3,0,4,0,1,0,7,11,0,6,5,0,1,0,27,2,0
C:\Users\user\Desktop\STUFF A LOT OF 'EM\er\Design_Pattern\king\plaf\basic\BasicHTML.java,javax.swing.plaf.basic.BasicHTML,class,3,3,0,3,12,10,0,17,6,0.75,0.0,0.0,4,4,3,0,0,1,4,0,0,0,5,5,2,3,0,0,3,0,2,220,4,0,4,1,4,4,6,16,1,15,2,0,4,0,142,1,0
C:\Users\user\Desktop\STUFF A LOT OF 'EM\er\Design_Pattern\king\TransferHandler.java,javax.swing.TransferHandler$SwingDropTarget,innerclass,0,0,0,0,26,2,0,16,28,0.875,0.0,0.0,8,0,7,0,0,1,8,0,0,0,1,0,0,1,0,0,0,0,1,78,0,5,12,1,5,0,20,16,10,11,3,0,0,0,66,8,0
C:\Users\user\Desktop\STUFF A LOT OF 'EM\er\Design_Pattern\king\JColorChooser.java,javax.swing.JColorChooser,class,4,4,0,4,41,8,0,29,277,0.90598285,0.0,0.0,26,2,24,1,1,0,25,0,0,0,9,4,3,5,1,0,4,0,9,154,12,2,10,0,4,11,26,30,10,24,2,0,1,0,342,1,0
C:\Users\user\Desktop\STUFF A LOT OF 'EM\er\Design_Pattern\king\JApplet.java,javax.swing.JApplet,class,1,1,0,1,31,10,0,37,190,0.85714287,0.0,0.0,21,0,14,1,6,0,20,0,0,0,3,0,0,0,3,0,0,0,2,119,10,0,6,1,2,12,0,10,2,8,3,0,1,0,266,1,0
C:\Users\user\Desktop\STUFF A LOT OF 'EM\er\Design_Pattern\king\JComponent.java,javax.swing.JComponent$AccessibleJComponent,innerclass,0,0,0,0,31,4,0,20,85,0.82142854,0.0,0.0,14,0,11,0,2,1,14,0,0,0,2,0,0,0,2,0,0,0,0,137,14,0,10,1,6,0,0,19,0,11,3,0,2,0,208,1025,0
C:\Users\user\Desktop\STUFF A LOT OF 'EM\er\Design_Pattern\king\plaf\metal\MetalScrollPaneUI.java,javax.swing.plaf.metal.MetalScrollPaneUI,class,3,3,0,3,9,1,0,12,19,0.71428573,0.0,0.0,7,1,5,1,1,0,6,0,0,0,1,0,0,1,0,0,0,0,0,60,3,0,1,0,0,0,0,10,0,9,1,1,0,0,88,1,0
C:\Users\user\Desktop\STUFF A LOT OF 'EM\er\Design_Pattern\king\plaf\basic\BasicTreeUI.java,javax.swing.plaf.basic.BasicTreeUI$NodeDimensionsHandler,innerclass,0,0,0,0,12,2,0,8,1,0.0,0.0,0.0,2,0,1,0,1,0,2,0,0,0,0,0,0,0,0,0,0,0,0,46,4,0,7,0,1,0,5,15,4,4,2,0,0,0,59,1,0
C:\Users\user\Desktop\STUFF A LOT OF 'EM\er\Design_Pattern\king\text\html\LineView.java,javax.swing.text.html.LineView,class,3,3,0,3,16,2,0,16,36,1.0,0.0,0.0,9,0,6,0,3,0,9,0,0,0,1,0,0,0,0,1,0,0,1,52,11,0,4,0,5,1,7,6,9,7,1,0,0,0,194,0,0
C:\Users\user\Desktop\STUFF A LOT OF 'EM\er\Design_Pattern\king\ImageIcon.java,javax.swing.ImageIcon$AccessibleImageIcon,innerclass,0,0,0,0,13,2,0,4,78,0.0,0.0,0.0,13,0,11,2,0,0,11,0,0,0,0,0,0,0,0,0,0,0,0,41,10,0,0,0,0,0,2,0,0,0,0,0,0,0,135,4,0
C:\Users\user\Desktop\STUFF A LOT OF 'EM\er\Design_Pattern\king\text\html\CommentView.java,javax.swing.text.html.CommentView$CommentBorder,innerclass,0,0,0,0,4,3,0,2,6,0.0,0.0,0.0,4,0,3,0,0,1,4,0,0,0,0,0,0,0,0,0,0,0,0,17,2,0,0,0,0,0,1,3,2,1,0,0,0,0,17,8,0
C:\Users\user\Desktop\STUFF A LOT OF 'EM\er\Design_Pattern\king\text\JTextComponent.java,javax.swing.text.JTextComponent$ComposedTextCaret,innerclass,3,3,0,3,10,2,0,23,1,0.33333334,0.0,0.0,3,0,2,0,1,0,3,0,0,0,1,0,0,0,0,1,0,0,1,47,0,0,1,2,2,0,1,12,3,11,2,0,0,0,52,0,0
C:\Users\user\Desktop\STUFF A LOT OF 'EM\er\Design_Pattern\king\SpinnerModel.java,javax.swing.SpinnerModel,interface,0,0,0,0,6,1,0,0,15,0.0,0.0,0.0,6,0,0,0,0,6,6,0,0,0,0,0,0,0,0,0,0,0,0,8,0,0,0,0,0,0,0,0,0,0,0,0,0,0,129,1,0
C:\Users\user\Desktop\STUFF A LOT OF 'EM\er\Design_Pattern\king\JTabbedPane.java,javax.swing.JTabbedPane$Page,innerclass,0,0,0,0,60,2,0,30,605,0.9186047,0.0,0.0,43,0,37,0,0,6,43,0,0,0,12,0,0,0,0,12,0,0,1,197,34,0,11,0,2,2,5,21,1,20,2,0,0,0,82,2,0
C:\Users\user\Desktop\STUFF A LOT OF 'EM\er\Design_Pattern\king\plaf\basic\BasicListUI.java,javax.swing.plaf.basic.BasicListUI$ListDataHandler,innerclass,1,1,0,1,5,1,0,8,3,0.0,0.0,0.0,3,0,3,0,0,0,3,0,0,0,0,0,0,0,0,0,0,0,2,24,0,0,2,0,0,0,1,7,2,4,1,0,0,0,73,1,0
C:\Users\user\Desktop\STUFF A LOT OF 'EM\er\Design_Pattern\king\plaf\multi\MultiSliderUI.java,javax.swing.plaf.multi.MultiSliderUI,class,1,1,0,1,22,2,0,14,0,0.0,0.0,0.0,12,1,12,0,0,0,12,0,0,0,1,0,0,0,1,0,0,0,1,72,8,10,0,0,33,0,16,18,0,18,1,0,0,0,92,1,0
C:\Users\user\Desktop\STUFF A LOT OF 'EM\er\Design_Pattern\king\LookAndFeel.java,javax.swing.LookAndFeel,class,9,9,0,9,39,1,0,22,210,0.0,0.0,0.0,21,10,21,0,0,0,21,5,0,0,0,0,0,0,0,0,0,0,7,141,11,2,7,0,2,3,6,20,4,16,2,1,0,0,302,1025,0
C:\Users\user\Desktop\STUFF A LOT OF 'EM\er\Design_Pattern\king\JFileChooser.java,javax.swing.JFileChooser$Anonymous1,anonymous,0,0,0,0,1,1,0,0,0,0.0,NaN,NaN,1,0,1,0,0,0,1,0,0,0,0,0,0,0,0,0,0,0,0,5,0,0,0,0,0,0,0,1,0,0,0,0,0,0,17,-1,0
C:\Users\user\Desktop\STUFF A LOT OF 'EM\er\Design_Pattern\king\text\GapContent.java,javax.swing.text.GapContent$StickyPosition,innerclass,0,0,0,0,4,1,0,3,6,0.75,0.0,0.0,4,0,2,0,0,2,4,0,1,0,1,0,0,0,0,1,0,0,1,14,2,0,0,0,0,0,0,1,0,1,0,0,0,0,10,16,0
C:\Users\user\Desktop\STUFF A LOT OF 'EM\er\Design_Pattern\king\plaf\metal\MetalRootPaneUI.java,javax.swing.plaf.metal.MetalRootPaneUI,class,4,4,0,4,36,1,0,38,0,0.84343433,0.0,0.0,18,1,4,13,0,1,5,0,0,0,11,4,0,11,0,0,4,0,2,533,8,0,15,0,1,10,11,26,0,20,2,0,2,0,247,1,0
C:\Users\user\Desktop\STUFF A LOT OF 'EM\er\Design_Pattern\king\text\DefaultEditorKit.java,javax.swing.text.DefaultEditorKit$DefaultKeyTypedAction,innerclass,1,1,0,1,13,2,0,8,1,0.0,0.0,0.0,2,0,2,0,0,0,2,0,0,0,0,0,0,0,0,0,0,0,0,21,1,0,5,0,11,0,4,4,0,4,3,0,0,0,129,9,0
C:\Users\user\Desktop\STUFF A LOT OF 'EM\er\Design_Pattern\king\text\rtf\RTFReader.java,javax.swing.text.rtf.RTFReader$DiscardingDestination,innerclass,1,1,0,1,7,1,0,0,21,0.0,0.0,0.0,7,0,7,0,0,0,7,0,0,0,0,0,0,0,0,0,0,0,0,18,2,0,0,0,0,0,0,0,0,0,0,0,0,0,35,0,0
C:\Users\user\Desktop\STUFF A LOT OF 'EM\er\Design_Pattern\king\plaf\basic\BasicFileChooserUI.java,javax.swing.plaf.basic.BasicFileChooserUI$DoubleClickListener,innerclass,1,1,0,1,10,2,0,16,0,0.0,0.0,0.0,3,0,3,0,0,0,3,0,0,0,1,0,0,0,0,1,0,0,0,36,0,0,3,1,0,0,2,6,0,5,3,0,0,0,55,4,0
C:\Users\user\Desktop\STUFF A LOT OF 'EM\er\Design_Pattern\king\text\ChangedCharSetException.java,javax.swing.text.ChangedCharSetException,class,0,0,0,0,3,4,0,0,0,0.33333334,0.0,0.0,3,0,3,0,0,0,3,0,0,0,2,0,0,0,0,2,0,0,0,14,2,0,0,0,0,0,0,2,0,2,0,0,0,0,23,1,0
C:\Users\user\Desktop\STUFF A LOT OF 'EM\er\Design_Pattern\king\text\html\HTMLDocument.java,javax.swing.text.html.HTMLDocument$HTMLReader$LinkAction,innerclass,0,0,0,0,5,3,0,6,0,0.0,NaN,NaN,1,0,1,0,0,0,1,0,0,0,0,0,0,0,0,0,0,0,0,16,0,0,2,0,0,2,1,3,0,1,3,0,0,0,25,0,0
C:\Users\user\Desktop\STUFF A LOT OF 'EM\er\Design_Pattern\king\text\ViewFactory.java,javax.swing.text.ViewFactory,interface,0,0,0,0,1,1,0,0,0,0.0,NaN,NaN,1,0,1,0,0,0,1,0,0,0,0,0,0,0,0,0,0,0,0,3,0,0,0,0,0,0,0,0,0,0,0,0,0,0,34,1,0
C:\Users\user\Desktop\STUFF A LOT OF 'EM\er\Design_Pattern\king\plaf\basic\BasicLookAndFeel.java,javax.swing.plaf.basic.BasicLookAndFeel$Anonymous3,anonymous,1,1,0,1,4,1,0,9,0,0.0,NaN,NaN,1,0,1,0,0,0,1,0,0,0,0,0,0,0,0,0,0,0,0,24,2,1,1,1,1,0,8,6,0,4,2,0,0,0,18,-1,0
C:\Users\user\Desktop\STUFF A LOT OF 'EM\er\Design_Pattern\king\plaf\basic\BasicLookAndFeel.java,javax.swing.plaf.basic.BasicLookAndFeel$Anonymous2,anonymous,0,0,0,0,1,1,0,1,0,0.0,NaN,NaN,1,0,1,0,0,0,1,0,0,0,0,0,0,0,0,0,0,0,0,6,1,0,0,0,0,0,0,0,0,0,0,0,0,0,3,-1,0
C:\Users\user\Desktop\STUFF A LOT OF 'EM\er\Design_Pattern\king\plaf\metal\MetalIconFactory.java,javax.swing.plaf.metal.MetalIconFactory$FileChooserHomeFolderIcon,innerclass,0,0,0,0,3,1,0,7,3,0.0,0.0,0.0,3,0,3,0,0,0,3,0,0,0,0,0,0,0,0,0,0,0,0,34,2,0,0,0,0,0,78,0,0,0,0,0,0,0,13,10,0
C:\Users\user\Desktop\STUFF A LOT OF 'EM\er\Design_Pattern\king\plaf\basic\BasicLookAndFeel.java,javax.swing.plaf.basic.BasicLookAndFeel$Anonymous1,anonymous,2,2,0,2,1,1,0,0,0,0.0,NaN,NaN,1,0,1,0,0,0,1,0,0,0,0,0,0,0,0,0,0,0,0,5,1,0,0,0,0,0,0,0,0,0,0,0,0,0,7,-1,0
C:\Users\user\Desktop\STUFF A LOT OF 'EM\er\Design_Pattern\king\event\MenuDragMouseEvent.java,javax.swing.event.MenuDragMouseEvent,class,0,0,0,0,3,5,0,0,0,0.33333334,0.0,0.0,3,0,3,0,0,0,3,0,0,0,2,0,0,2,0,0,0,0,0,15,2,0,0,0,0,0,0,2,0,2,0,0,0,0,122,1,0
C:\Users\user\Desktop\STUFF A LOT OF 'EM\er\Design_Pattern\king\filechooser\FileSystemView.java,javax.swing.filechooser.FileSystemView,class,2,2,0,2,84,2,3,40,276,0.9583333,0.0,0.0,24,1,22,0,1,1,24,1,0,0,3,3,0,0,0,3,0,0,3,262,40,5,20,2,10,8,7,42,2,26,5,0,1,0,214,1025,0
C:\Users\user\Desktop\STUFF A LOT OF 'EM\er\Design_Pattern\king\plaf\basic\BasicDesktopIconUI.java,javax.swing.plaf.basic.BasicDesktopIconUI$MouseInputHandler,innerclass,4,4,0,4,18,1,0,24,4,0.4,0.0,0.0,5,0,5,0,0,0,5,0,0,0,3,0,0,0,0,3,0,0,0,82,2,0,4,1,8,0,5,28,12,25,2,0,0,0,78,1,0
C:\Users\user\Desktop\STUFF A LOT OF 'EM\er\Design_Pattern\king\text\SegmentCache.java,javax.swing.text.SegmentCache$CachedSegment,innerclass,0,0,0,0,0,2,0,0,0,0.0,-1.0,-1.0,0,0,0,0,0,0,0,0,0,0,0,0,0,0,0,0,0,0,0,2,0,0,0,0,0,0,0,0,0,0,0,0,0,0,12,10,0
C:\Users\user\Desktop\STUFF A LOT OF 'EM\er\Design_Pattern\king\undo\CannotRedoException.java,javax.swing.undo.CannotRedoException,class,0,0,0,0,0,4,0,0,0,0.0,-1.0,-1.0,0,0,0,0,0,0,0,0,0,0,0,0,0,0,0,0,0,0,0,2,0,0,0,0,0,0,0,0,0,0,0,0,0,0,55,1,0
C:\Users\user\Desktop\STUFF A LOT OF 'EM\er\Design_Pattern\king\JColorChooser.java,javax.swing.ColorChooserDialog$Anonymous3,anonymous,0,0,0,0,1,1,0,1,0,0.0,NaN,NaN,1,0,1,0,0,0,1,0,0,0,0,0,0,0,0,0,0,0,0,5,0,0,0,0,0,0,0,0,0,0,0,0,0,0,6,-1,0
C:\Users\user\Desktop\STUFF A LOT OF 'EM\er\Design_Pattern\king\JColorChooser.java,javax.swing.ColorChooserDialog$Anonymous4,anonymous,0,0,0,0,1,1,0,1,0,0.0,NaN,NaN,1,0,1,0,0,0,1,0,0,0,0,0,0,0,0,0,0,0,0,5,0,0,0,0,0,0,0,0,0,0,0,0,0,0,6,-1,0
C:\Users\user\Desktop\STUFF A LOT OF 'EM\er\Design_Pattern\king\JColorChooser.java,javax.swing.ColorChooserDialog$Anonymous1,anonymous,0,0,0,0,1,1,0,1,0,0.0,NaN,NaN,1,0,1,0,0,0,1,0,0,0,0,0,0,0,0,0,0,0,0,5,0,0,0,0,0,0,0,0,0,0,0,0,0,0,6,-1,0
C:\Users\user\Desktop\STUFF A LOT OF 'EM\er\Design_Pattern\king\JColorChooser.java,javax.swing.ColorChooserDialog$Anonymous2,anonymous,0,0,0,0,1,1,0,2,0,0.0,NaN,NaN,1,0,1,0,0,0,1,0,0,0,0,0,0,0,0,0,0,0,0,5,0,0,0,0,1,0,0,0,0,0,0,0,0,0,7,-1,0
C:\Users\user\Desktop\STUFF A LOT OF 'EM\er\Design_Pattern\king\text\StyledEditorKit.java,javax.swing.text.StyledEditorKit$Anonymous1,anonymous,0,0,0,0,3,1,0,1,1,0.0,0.0,0.0,2,0,2,0,0,0,2,0,0,0,0,0,0,0,0,0,0,0,0,8,2,0,1,0,1,0,0,0,0,0,0,0,0,0,11,-1,0
C:\Users\user\Desktop\STUFF A LOT OF 'EM\er\Design_Pattern\king\colorchooser\SmartGridLayout.java,javax.swing.colorchooser.SmartGridLayout,class,1,1,0,1,24,1,0,11,6,0.6481482,0.0,0.0,9,0,6,3,0,0,6,0,0,0,6,0,0,0,0,6,0,0,0,104,4,11,1,0,8,0,25,54,13,36,3,0,0,0,49,0,0
C:\Users\user\Desktop\STUFF A LOT OF 'EM\er\Design_Pattern\king\text\StringContent.java,javax.swing.text.StringContent$InsertUndo,innerclass,2,2,0,2,7,1,0,7,3,0.6666667,0.0,0.0,3,0,2,0,1,0,3,0,0,0,4,0,0,0,4,0,0,0,0,40,0,0,2,2,0,0,0,6,0,4,3,0,0,0,31,0,0
C:\Users\user\Desktop\STUFF A LOT OF 'EM\er\Design_Pattern\king\plaf\basic\BasicMenuBarUI.java,javax.swing.plaf.basic.BasicMenuBarUI$ContainerHandler,innerclass,1,1,0,1,4,1,0,4,1,0.0,0.0,0.0,2,0,2,0,0,0,2,0,0,0,0,0,0,0,0,0,0,0,0,10,0,0,0,0,2,0,0,2,0,2,1,0,0,0,13,2,0
C:\Users\user\Desktop\STUFF A LOT OF 'EM\er\Design_Pattern\king\plaf\PanelUI.java,javax.swing.plaf.PanelUI,class,0,0,0,0,0,2,0,0,0,0.0,-1.0,-1.0,0,0,0,0,0,0,0,0,0,0,0,0,0,0,0,0,0,0,0,2,0,0,0,0,0,0,0,0,0,0,0,0,0,0,10,1025,0
C:\Users\user\Desktop\STUFF A LOT OF 'EM\er\Design_Pattern\king\plaf\basic\BasicSplitPaneUI.java,javax.swing.plaf.basic.BasicSplitPaneUI$KeyboardUpLeftAction,innerclass,1,1,0,1,2,1,0,6,0,0.0,NaN,NaN,1,0,1,0,0,0,1,0,0,0,0,0,0,0,0,0,0,0,1,9,0,0,0,0,0,0,1,2,1,2,1,0,0,0,17,8,0
C:\Users\user\Desktop\STUFF A LOT OF 'EM\er\Design_Pattern\king\text\MaskFormatter.java,javax.swing.text.MaskFormatter,class,1,1,0,1,99,9,0,50,448,0.9337122,0.0,0.0,33,0,17,13,0,3,20,0,0,0,16,9,0,16,0,0,9,0,3,428,30,6,27,3,6,2,31,66,15,46,6,0,8,0,433,1,0
C:\Users\user\Desktop\STUFF A LOT OF 'EM\er\Design_Pattern\king\plaf\metal\MetalTreeUI.java,javax.swing.plaf.metal.MetalTreeUI$LineListener,innerclass,0,0,0,0,2,1,0,4,0,0.0,NaN,NaN,1,0,1,0,0,0,1,0,0,0,0,0,0,0,0,0,0,0,0,8,0,0,0,0,0,0,0,1,0,1,1,0,0,0,24,0,0
C:\Users\user\Desktop\STUFF A LOT OF 'EM\er\Design_Pattern\king\text\StyleContext.java,javax.swing.text.StyleContext$KeyBuilder,innerclass,0,0,0,0,24,1,0,14,45,0.9,0.0,0.0,10,0,7,2,0,1,8,0,0,0,2,0,0,2,0,0,0,0,0,96,4,9,0,0,2,0,12,27,5,23,3,0,0,0,70,0,0
C:\Users\user\Desktop\STUFF A LOT OF 'EM\er\Design_Pattern\king\text\DefaultEditorKit.java,javax.swing.text.DefaultEditorKit$CopyAction,innerclass,1,1,0,1,3,2,0,2,1,0.0,0.0,0.0,2,0,2,0,0,0,2,0,0,0,0,0,0,0,0,0,0,0,0,11,0,0,1,0,0,0,0,1,0,1,1,0,0,0,69,9,0
C:\Users\user\Desktop\STUFF A LOT OF 'EM\er\Design_Pattern\king\plaf\basic\BasicSliderUI.java,javax.swing.plaf.basic.BasicSliderUI$ScrollListener,innerclass,1,1,0,1,7,1,0,5,0,0.2,0.0,0.0,5,0,5,0,0,0,5,0,0,0,2,0,0,0,0,2,0,0,0,29,0,0,0,0,1,0,0,7,0,2,1,0,0,0,51,1,0
C:\Users\user\Desktop\STUFF A LOT OF 'EM\er\Design_Pattern\king\JEditorPane.java,javax.swing.JEditorPane$JEditorPaneAccessibleHypertextSupport$HTMLLink,innerclass,3,3,0,3,21,2,0,13,24,0.5555556,0.0,0.0,9,0,9,0,0,0,9,0,0,0,1,0,0,0,0,1,0,0,0,64,12,0,10,2,1,0,4,9,1,8,3,0,0,0,138,1,0
C:\Users\user\Desktop\STUFF A LOT OF 'EM\er\Design_Pattern\king\text\ZoneView.java,javax.swing.text.ZoneView$Zone,innerclass,1,1,0,1,30,2,0,32,132,0.88235295,0.0,0.0,17,0,14,0,3,0,17,0,0,0,2,0,0,2,0,0,0,0,3,117,8,2,3,0,5,0,10,35,12,30,2,0,0,0,239,0,0
C:\Users\user\Desktop\STUFF A LOT OF 'EM\er\Design_Pattern\king\JSeparator.java,javax.swing.JSeparator,class,1,1,0,1,20,8,4,15,44,0.7083333,0.0,0.0,12,0,9,2,1,0,10,0,0,0,2,1,0,2,0,0,1,0,2,73,6,0,5,0,1,6,1,8,1,5,2,0,1,0,194,1,0
C:\Users\user\Desktop\STUFF A LOT OF 'EM\er\Design_Pattern\king\colorchooser\DefaultHSBChooserPanel.java,javax.swing.colorchooser.DefaultHSBChooserPanel$Anonymous2,anonymous,1,1,0,1,5,1,0,6,0,0.0,NaN,NaN,1,0,1,0,0,0,1,0,0,0,0,0,0,0,0,0,0,0,0,23,0,0,0,0,0,0,10,9,2,5,1,0,0,0,15,-1,0
C:\Users\user\Desktop\STUFF A LOT OF 'EM\er\Design_Pattern\king\colorchooser\DefaultHSBChooserPanel.java,javax.swing.colorchooser.DefaultHSBChooserPanel$Anonymous3,anonymous,0,0,0,0,1,1,0,3,0,0.0,NaN,NaN,1,0,0,0,1,0,1,0,0,0,0,0,0,0,0,0,0,0,0,7,0,0,0,0,0,0,4,0,2,0,0,0,0,0,4,-1,0
C:\Users\user\Desktop\STUFF A LOT OF 'EM\er\Design_Pattern\king\colorchooser\DefaultHSBChooserPanel.java,javax.swing.colorchooser.DefaultHSBChooserPanel$Anonymous1,anonymous,1,1,0,1,1,1,0,4,0,0.0,NaN,NaN,1,0,1,0,0,0,1,0,0,0,0,0,0,0,0,0,0,0,0,7,0,0,0,0,0,0,4,1,0,1,0,0,0,0,10,-1,0
C:\Users\user\Desktop\STUFF A LOT OF 'EM\er\Design_Pattern\king\plaf\basic\BasicTabbedPaneUI.java,javax.swing.plaf.basic.BasicTabbedPaneUI$ScrollTabsBackwardAction,innerclass,1,1,0,1,4,1,0,6,0,0.0,NaN,NaN,1,0,1,0,0,0,1,0,0,0,0,0,0,0,0,0,0,0,0,19,1,0,0,0,1,0,0,5,0,3,1,0,0,0,23,10,0
C:\Users\user\Desktop\STUFF A LOT OF 'EM\er\Design_Pattern\king\JInternalFrame.java,javax.swing.JInternalFrame,class,3,3,0,3,211,11,0,119,3502,0.9618768,0.0,0.0,88,0,74,2,8,4,86,0,4,2,31,12,11,5,13,2,12,0,10,826,46,7,37,10,31,70,13,124,11,95,4,0,2,0,688,1,0
C:\Users\user\Desktop\STUFF A LOT OF 'EM\er\Design_Pattern\king\plaf\basic\BasicTreeUI.java,javax.swing.plaf.basic.BasicTreeUI$SelectionModelPropertyChangeHandler,innerclass,0,0,0,0,2,1,0,2,0,0.0,NaN,NaN,1,0,1,0,0,0,1,0,0,0,0,0,0,0,0,0,0,0,0,5,0,0,1,0,0,0,0,0,0,0,1,0,0,0,19,1,0
C:\Users\user\Desktop\STUFF A LOT OF 'EM\er\Design_Pattern\king\JComponent.java,javax.swing.JComponent$Anonymous1,anonymous,0,0,0,0,2,1,0,2,0,0.0,NaN,NaN,1,0,1,0,0,0,1,0,0,0,0,0,0,0,0,0,0,0,2,9,2,0,1,0,0,1,0,1,0,1,1,0,0,0,4,-1,0
C:\Users\user\Desktop\STUFF A LOT OF 'EM\er\Design_Pattern\king\JComponent.java,javax.swing.JComponent$Anonymous2,anonymous,0,0,0,0,1,1,0,1,0,0.0,NaN,NaN,1,0,1,0,0,0,1,0,0,0,0,0,0,0,0,0,0,0,0,5,0,0,0,0,0,0,0,0,0,0,0,0,0,0,2,-1,0
C:\Users\user\Desktop\STUFF A LOT OF 'EM\er\Design_Pattern\king\text\StyleContext.java,javax.swing.text.StyleContext$FontKey,innerclass,0,0,0,0,7,1,0,3,0,0.0,0.0,0.0,4,0,4,0,0,0,4,0,0,0,3,0,0,3,0,0,0,0,0,24,3,0,5,0,5,0,1,5,0,5,1,0,0,0,44,8,0
C:\Users\user\Desktop\STUFF A LOT OF 'EM\er\Design_Pattern\king\text\StyleConstants.java,javax.swing.text.StyleConstants$ColorConstants,innerclass,2,2,0,2,1,2,0,0,0,1.0,-1.0,-1.0,1,0,0,1,0,0,0,0,0,0,2,2,2,0,0,0,2,0,0,7,0,0,0,0,0,2,0,2,0,2,0,0,0,0,30,9,0
C:\Users\user\Desktop\STUFF A LOT OF 'EM\er\Design_Pattern\king\plaf\metal\MetalLabelUI.java,javax.swing.plaf.metal.MetalLabelUI,class,0,0,0,0,2,1,0,4,1,0.5,0.0,0.0,2,1,1,0,1,0,2,0,0,0,1,1,0,0,1,0,0,0,0,11,1,0,0,0,0,1,0,2,0,2,0,0,0,0,43,1,0
C:\Users\user\Desktop\STUFF A LOT OF 'EM\er\Design_Pattern\king\text\DefaultEditorKit.java,javax.swing.text.DefaultEditorKit$CutAction,innerclass,1,1,0,1,3,2,0,2,1,0.0,0.0,0.0,2,0,2,0,0,0,2,0,0,0,0,0,0,0,0,0,0,0,0,11,0,0,1,0,0,0,0,1,0,1,1,0,0,0,69,9,0
C:\Users\user\Desktop\STUFF A LOT OF 'EM\er\Design_Pattern\king\plaf\basic\BasicComboBoxUI.java,javax.swing.plaf.basic.BasicComboBoxUI$ComboBoxLayoutManager,innerclass,1,1,0,1,8,1,0,9,10,0.0,0.0,0.0,5,0,5,0,0,0,5,0,0,0,0,0,0,0,0,0,0,0,1,34,2,0,2,0,2,0,0,8,4,8,2,0,0,0,61,1,0
C:\Users\user\Desktop\STUFF A LOT OF 'EM\er\Design_Pattern\king\plaf\metal\MetalIconFactory.java,javax.swing.plaf.metal.MetalIconFactory$FolderIcon16,innerclass,0,0,0,0,9,1,0,20,15,0.8333333,0.0,0.0,6,0,5,1,0,0,5,0,0,0,1,0,0,0,0,1,0,0,0,56,4,0,3,0,0,0,43,8,15,6,2,0,0,0,66,9,0
C:\Users\user\Desktop\STUFF A LOT OF 'EM\er\Design_Pattern\king\plaf\basic\BasicDragGestureRecognizer.java,javax.swing.plaf.basic.BasicDragGestureRecognizer,class,2,2,0,2,25,1,8,17,60,0.86111116,0.0,0.0,12,1,7,2,3,0,10,0,0,0,3,2,0,3,0,0,0,0,5,80,9,0,7,1,6,1,1,21,2,15,2,0,0,0,96,0,0
C:\Users\user\Desktop\STUFF A LOT OF 'EM\er\Design_Pattern\king\text\html\StyleSheet.java,javax.swing.text.html.StyleSheet$ResolvedStyle,innerclass,2,2,0,2,52,2,0,13,171,0.94736844,0.0,0.0,19,0,10,0,1,8,19,0,0,5,2,0,0,1,0,1,0,0,3,156,19,4,19,0,25,0,24,24,28,17,3,0,0,0,137,8,0
C:\Users\user\Desktop\STUFF A LOT OF 'EM\er\Design_Pattern\king\text\Caret.java,javax.swing.text.Caret,interface,0,0,0,0,17,1,0,0,136,0.0,0.0,0.0,17,0,17,0,0,0,17,0,0,0,0,0,0,0,0,0,0,0,0,19,0,0,0,0,0,0,0,0,0,0,0,0,0,0,190,1,0
C:\Users\user\Desktop\STUFF A LOT OF 'EM\er\Design_Pattern\king\plaf\basic\BasicTextFieldUI.java,javax.swing.plaf.basic.BasicTextFieldUI$I18nFieldView,innerclass,3,3,0,3,29,6,0,23,78,0.0,0.0,0.0,13,1,8,0,1,4,13,0,0,0,0,0,0,0,0,0,0,0,6,119,9,0,8,0,4,0,9,37,10,21,5,0,0,0,238,8,0
C:\Users\user\Desktop\STUFF A LOT OF 'EM\er\Design_Pattern\king\JViewport.java,javax.swing.JViewport$Anonymous1,anonymous,0,0,0,0,2,1,0,1,0,0.0,NaN,NaN,1,0,1,0,0,0,1,0,0,0,0,0,0,0,0,0,0,0,0,7,0,0,0,0,0,0,0,0,0,0,1,0,0,0,9,-1,0
C:\Users\user\Desktop\STUFF A LOT OF 'EM\er\Design_Pattern\king\plaf\metal\MetalScrollBarUI.java,javax.swing.plaf.metal.MetalScrollBarUI$ScrollBarListener,innerclass,1,1,0,1,11,2,0,9,6,0.0,0.0,0.0,4,0,2,0,2,0,4,0,0,0,0,0,0,0,0,0,0,0,0,43,0,0,7,0,1,0,2,8,0,4,2,0,0,0,43,0,0
C:\Users\user\Desktop\STUFF A LOT OF 'EM\er\Design_Pattern\king\plaf\basic\BasicMenuUI.java,javax.swing.plaf.basic.BasicMenuUI$MouseInputHandler,innerclass,4,4,0,4,26,1,0,15,21,0.0,0.0,0.0,7,0,7,0,0,0,7,0,0,0,0,0,0,0,0,0,0,0,2,74,4,0,6,0,1,0,15,17,2,12,3,0,0,0,105,4,0
C:\Users\user\Desktop\STUFF A LOT OF 'EM\er\Design_Pattern\king\plaf\multi\MultiScrollBarUI.java,javax.swing.plaf.multi.MultiScrollBarUI,class,1,1,0,1,22,2,0,14,0,0.0,0.0,0.0,12,1,12,0,0,0,12,0,0,0,1,0,0,0,1,0,0,0,1,72,8,10,0,0,33,0,16,18,0,18,1,0,0,0,93,1,0
C:\Users\user\Desktop\STUFF A LOT OF 'EM\er\Design_Pattern\king\plaf\basic\BasicToolBarUI.java,javax.swing.plaf.basic.BasicToolBarUI$UpAction,innerclass,1,1,0,1,1,2,0,3,0,0.0,NaN,NaN,1,0,1,0,0,0,1,0,0,0,0,0,0,0,0,0,0,0,0,7,0,0,0,0,0,0,0,2,0,2,0,0,0,0,20,10,0
C:\Users\user\Desktop\STUFF A LOT OF 'EM\er\Design_Pattern\king\text\html\HTMLDocument.java,javax.swing.text.html.HTMLDocument$HTMLReader$AnchorAction,innerclass,1,1,0,1,3,3,0,3,1,0.0,0.0,0.0,2,0,2,0,0,0,2,0,0,0,0,0,0,0,0,0,0,0,0,14,0,0,0,0,0,0,4,3,0,1,1,0,0,0,15,0,0
C:\Users\user\Desktop\STUFF A LOT OF 'EM\er\Design_Pattern\king\plaf\basic\BasicBorders.java,javax.swing.plaf.basic.BasicBorders$MenuBarBorder,innerclass,0,0,0,0,4,2,0,2,4,0.5,0.0,0.0,4,0,4,0,0,0,4,0,0,0,2,0,0,2,0,0,0,0,1,21,2,0,0,0,0,0,10,6,1,2,0,0,0,0,18,9,0
C:\Users\user\Desktop\STUFF A LOT OF 'EM\er\Design_Pattern\king\plaf\basic\BasicDropTargetListener.java,javax.swing.plaf.basic.BasicDropTargetListener,class,4,4,0,4,37,1,8,29,120,0.9375,0.0,0.0,16,1,6,2,5,3,14,0,0,1,7,0,0,7,0,0,0,0,4,139,1,0,2,3,5,3,15,35,14,25,4,0,0,0,215,0,0
C:\Users\user\Desktop\STUFF A LOT OF 'EM\er\Design_Pattern\king\plaf\basic\BasicTabbedPaneUI.java,javax.swing.plaf.basic.BasicTabbedPaneUI$NextAction,innerclass,1,1,0,1,1,1,0,3,0,0.0,NaN,NaN,1,0,1,0,0,0,1,0,0,0,0,0,0,0,0,0,0,0,0,7,0,0,0,0,0,0,0,2,0,2,0,0,0,0,19,10,0
C:\Users\user\Desktop\STUFF A LOT OF 'EM\er\Design_Pattern\king\plaf\metal\MetalBorders.java,javax.swing.plaf.metal.MetalBorders$ToggleButtonBorder,innerclass,2,2,0,2,5,3,0,9,0,0.0,NaN,NaN,1,0,1,0,0,0,1,0,0,0,0,0,0,0,0,0,0,0,4,20,0,0,0,0,0,0,2,2,2,2,2,0,0,0,12,9,0
C:\Users\user\Desktop\STUFF A LOT OF 'EM\er\Design_Pattern\king\tree\DefaultMutableTreeNode.java,javax.swing.tree.DefaultMutableTreeNode$PostorderEnumeration,innerclass,0,0,0,0,6,1,0,3,0,0.22222222,0.0,0.0,3,0,3,0,0,0,3,0,0,0,3,0,0,0,3,0,0,0,0,29,2,0,1,0,0,0,0,8,0,4,1,0,0,0,27,16,0
C:\Users\user\Desktop\STUFF A LOT OF 'EM\er\Design_Pattern\king\text\html\CSS.java,javax.swing.text.html.CSS$LengthValue,innerclass,0,0,0,0,12,2,0,9,21,0.85714287,0.0,0.0,7,0,0,0,0,7,7,0,0,0,2,0,0,0,0,2,0,0,4,57,9,0,0,1,1,1,7,14,1,6,2,0,0,0,62,8,0
C:\Users\user\Desktop\STUFF A LOT OF 'EM\er\Design_Pattern\king\text\JTextComponent.java,javax.swing.text.JTextComponent$MutableCaretEvent,innerclass,1,1,0,1,15,2,0,6,78,0.9230769,0.0,0.0,13,0,11,0,0,2,13,0,10,0,3,0,0,3,0,0,0,0,0,49,3,0,1,0,0,3,0,7,1,5,1,0,0,0,70,8,0
C:\Users\user\Desktop\STUFF A LOT OF 'EM\er\Design_Pattern\king\plaf\SliderUI.java,javax.swing.plaf.SliderUI,class,0,0,0,0,0,2,0,0,0,0.0,-1.0,-1.0,0,0,0,0,0,0,0,0,0,0,0,0,0,0,0,0,0,0,0,2,0,0,0,0,0,0,0,0,0,0,0,0,0,0,10,1025,0
C:\Users\user\Desktop\STUFF A LOT OF 'EM\er\Design_Pattern\king\CellRendererPane.java,javax.swing.CellRendererPane$AccessibleCellRendererPane,innerclass,0,0,0,0,1,4,0,0,0,0.0,NaN,NaN,1,0,1,0,0,0,1,0,0,0,0,0,0,0,0,0,0,0,0,5,1,0,0,0,0,0,0,0,0,0,0,0,0,0,22,4,0
C:\Users\user\Desktop\STUFF A LOT OF 'EM\er\Design_Pattern\king\filechooser\FileSystemView.java,javax.swing.filechooser.FileSystemView$FileSystemRoot,innerclass,0,0,0,0,4,2,0,1,6,0.0,0.0,0.0,4,0,4,0,0,0,4,0,0,0,0,0,0,0,0,0,0,0,0,14,2,0,0,0,0,1,0,0,0,0,0,0,0,0,11,8,0
C:\Users\user\Desktop\STUFF A LOT OF 'EM\er\Design_Pattern\king\JPopupMenu.java,javax.swing.JPopupMenu$ActionChangedListener,innerclass,0,0,0,0,6,1,0,10,1,0.33333334,0.0,0.0,3,0,3,0,0,0,3,0,0,0,1,0,0,1,0,0,0,0,0,27,0,0,0,0,0,1,0,5,0,5,1,0,0,0,24,2,0
C:\Users\user\Desktop\STUFF A LOT OF 'EM\er\Design_Pattern\king\text\html\HiddenTagView.java,javax.swing.text.html.HiddenTagView$StartTagBorder,innerclass,0,0,0,0,3,1,0,3,3,0.0,0.0,0.0,3,0,3,0,0,0,3,0,0,0,0,0,0,0,0,0,0,0,0,20,2,0,0,0,1,0,16,2,32,0,0,0,0,0,22,8,0
C:\Users\user\Desktop\STUFF A LOT OF 'EM\er\Design_Pattern\king\DelegatingDefaultFocusManager.java,javax.swing.DelegatingDefaultFocusManager,class,0,0,0,0,31,5,0,29,0,0.0,0.0,0.0,30,0,28,0,0,2,30,0,0,0,1,0,0,1,0,0,1,0,0,96,10,0,1,0,0,0,0,1,0,1,1,0,0,0,82,16,0
C:\Users\user\Desktop\STUFF A LOT OF 'EM\er\Design_Pattern\king\JColorChooser.java,javax.swing.JColorChooser$AccessibleJColorChooser,innerclass,0,0,0,0,1,5,0,0,0,0.0,NaN,NaN,1,0,1,0,0,0,1,0,0,0,0,0,0,0,0,0,0,0,0,5,1,0,0,0,0,0,0,0,0,0,0,0,0,0,32,4,0
C:\Users\user\Desktop\STUFF A LOT OF 'EM\er\Design_Pattern\king\text\html\FormView.java,javax.swing.text.html.FormView$SubmitThread$Anonymous1,anonymous,0,0,0,0,1,1,0,1,0,0.0,NaN,NaN,1,0,1,0,0,0,1,0,0,0,0,0,0,0,0,0,0,0,0,5,0,0,0,0,0,0,0,0,0,0,0,0,0,0,3,-1,0
C:\Users\user\Desktop\STUFF A LOT OF 'EM\er\Design_Pattern\king\text\rtf\RTFAttributes.java,javax.swing.text.rtf.RTFAttributes$AssertiveAttribute,innerclass,0,0,0,0,10,2,0,5,1,0.2857143,0.0,0.0,7,0,7,0,0,0,7,0,0,0,1,0,0,0,0,1,0,0,1,37,6,0,2,0,0,0,0,3,0,1,1,0,0,0,30,8,0
C:\Users\user\Desktop\STUFF A LOT OF 'EM\er\Design_Pattern\king\JDesktopPane.java,javax.swing.JDesktopPane$AccessibleJDesktopPane,innerclass,0,0,0,0,1,5,0,0,0,0.0,NaN,NaN,1,0,1,0,0,0,1,0,0,0,0,0,0,0,0,0,0,0,0,5,1,0,0,0,0,0,0,0,0,0,0,0,0,0,66,4,0
C:\Users\user\Desktop\STUFF A LOT OF 'EM\er\Design_Pattern\king\JSpinner.java,javax.swing.JSpinner$ListEditor,innerclass,1,1,0,1,3,7,0,5,1,0.0,0.0,0.0,2,0,2,0,0,0,2,0,0,0,0,0,0,0,0,0,0,0,0,49,1,0,0,0,2,1,0,0,0,0,1,0,1,0,44,9,0
C:\Users\user\Desktop\STUFF A LOT OF 'EM\er\Design_Pattern\king\plaf\basic\BasicDirectoryModel.java,javax.swing.plaf.basic.BasicDirectoryModel$LoadFilesThread,innerclass,1,1,0,1,31,2,0,21,0,0.41666666,0.0,0.0,4,0,3,1,0,0,3,0,0,0,3,0,0,0,0,3,0,0,0,96,3,6,1,0,1,1,15,30,2,23,5,0,0,0,43,0,0
C:\Users\user\Desktop\STUFF A LOT OF 'EM\er\Design_Pattern\king\JFrame.java,javax.swing.JFrame,class,0,0,0,0,58,10,0,50,401,0.90555555,0.0,0.0,30,2,21,1,8,0,29,0,0,0,6,2,1,2,3,0,2,0,8,226,12,0,18,1,2,22,4,23,2,15,2,0,1,0,450,1,0
C:\Users\user\Desktop\STUFF A LOT OF 'EM\er\Design_Pattern\king\plaf\basic\BasicTableUI.java,javax.swing.plaf.basic.BasicTableUI$FocusHandler,innerclass,0,0,0,0,7,1,0,8,3,0.0,0.0,0.0,3,0,2,1,0,0,2,0,0,0,0,0,0,0,0,0,0,0,0,19,1,0,0,0,0,0,2,5,0,5,1,0,0,0,37,1,0
C:\Users\user\Desktop\STUFF A LOT OF 'EM\er\Design_Pattern\king\plaf\basic\BasicComboPopup.java,javax.swing.plaf.basic.BasicComboPopup$InvocationMouseMotionHandler,innerclass,0,0,0,0,12,2,0,8,0,0.0,NaN,NaN,1,0,1,0,0,0,1,0,0,0,0,0,0,0,0,0,0,0,0,37,0,0,1,0,0,0,2,6,2,4,4,0,0,0,58,4,0
C:\Users\user\Desktop\STUFF A LOT OF 'EM\er\Design_Pattern\king\plaf\basic\BasicArrowButton.java,javax.swing.plaf.basic.BasicArrowButton,class,1,1,0,1,32,1,2,20,15,0.625,0.0,0.0,10,0,10,0,0,0,10,0,0,0,4,0,0,3,1,0,0,0,3,148,6,6,1,0,6,4,83,23,52,14,3,0,0,0,96,1,0
C:\Users\user\Desktop\STUFF A LOT OF 'EM\er\Design_Pattern\king\text\JTextComponent.java,javax.swing.text.JTextComponent$KeymapWrapper,innerclass,1,1,0,1,13,2,0,8,0,0.375,0.0,0.0,4,0,3,0,0,1,4,0,0,0,2,1,0,1,0,1,1,0,2,38,5,0,9,0,3,0,8,12,2,10,2,0,0,0,73,8,0
C:\Users\user\Desktop\STUFF A LOT OF 'EM\er\Design_Pattern\king\event\MouseInputAdapter.java,javax.swing.event.MouseInputAdapter,class,0,0,0,0,7,1,0,0,21,0.0,0.0,0.0,7,0,7,0,0,0,7,0,0,0,0,0,0,0,0,0,0,0,0,16,0,0,0,0,0,0,0,0,0,0,0,0,0,0,41,1025,0
C:\Users\user\Desktop\STUFF A LOT OF 'EM\er\Design_Pattern\king\plaf\basic\BasicSplitPaneDivider.java,javax.swing.plaf.basic.BasicSplitPaneDivider$MouseHandler,innerclass,0,0,0,0,23,2,0,18,6,0.0,0.0,0.0,4,0,4,0,0,0,4,0,0,0,0,0,0,0,0,0,0,0,0,73,0,0,17,0,1,0,0,14,8,9,3,0,0,0,59,4,0
C:\Users\user\Desktop\STUFF A LOT OF 'EM\er\Design_Pattern\king\plaf\basic\BasicTreeUI.java,javax.swing.plaf.basic.BasicTreeUI$TreeExtendSelectionAction,innerclass,0,0,0,0,8,1,0,9,3,0.0,0.0,0.0,3,0,3,0,0,0,3,0,0,0,0,0,0,0,0,0,0,0,0,21,1,0,4,0,1,0,4,5,0,4,3,0,0,0,29,2,0
C:\Users\user\Desktop\STUFF A LOT OF 'EM\er\Design_Pattern\king\text\html\HTMLWriter.java,javax.swing.text.html.HTMLWriter,class,9,9,0,9,224,2,0,105,503,0.9313725,0.0,0.0,34,3,3,7,16,8,27,0,0,0,18,0,0,18,0,0,0,0,7,779,20,18,66,0,22,45,40,158,23,104,6,0,0,0,359,1,0
C:\Users\user\Desktop\STUFF A LOT OF 'EM\er\Design_Pattern\king\plaf\basic\BasicFileChooserUI.java,javax.swing.plaf.basic.BasicFileChooserUI$FileTransferHandler$FileTransferable,innerclass,0,0,0,0,5,2,0,2,1,0.33333334,0.0,0.0,3,0,0,0,2,1,3,0,0,0,1,0,0,0,0,1,0,0,0,22,3,1,0,0,0,0,3,5,0,4,2,0,0,0,28,8,0
C:\Users\user\Desktop\STUFF A LOT OF 'EM\er\Design_Pattern\king\text\html\CSS.java,javax.swing.text.html.CSS$BorderWidthValue,innerclass,1,1,0,1,10,3,0,3,10,0.8,0.0,0.0,5,0,0,0,0,5,5,0,0,0,2,1,0,2,0,0,1,0,0,34,8,0,2,0,0,4,6,3,0,2,2,0,0,0,42,8,0
C:\Users\user\Desktop\STUFF A LOT OF 'EM\er\Design_Pattern\king\plaf\metal\MetalUtils.java,javax.swing.plaf.metal.MetalUtils,class,0,0,0,0,17,1,0,20,78,0.0,0.0,0.0,13,13,0,0,0,13,13,0,0,0,0,0,0,0,0,0,0,0,11,102,4,0,0,1,1,0,104,1,58,1,2,0,0,0,67,0,0
C:\Users\user\Desktop\STUFF A LOT OF 'EM\er\Design_Pattern\king\table\TableColumnModel.java,javax.swing.table.TableColumnModel,interface,1,1,0,1,19,1,0,0,171,0.0,0.0,0.0,19,0,19,0,0,0,19,0,0,0,0,0,0,0,0,0,0,0,0,21,0,0,0,0,0,0,0,0,0,0,0,0,0,0,180,1,0
C:\Users\user\Desktop\STUFF A LOT OF 'EM\er\Design_Pattern\king\plaf\basic\BasicTableHeaderUI.java,javax.swing.plaf.basic.BasicTableHeaderUI$MouseInputHandler,innerclass,5,5,0,5,41,1,0,43,64,0.875,0.0,0.0,12,0,7,5,0,0,7,0,0,0,2,0,0,2,0,0,0,0,3,140,8,0,13,0,14,0,17,40,19,31,4,0,0,0,85,1,0
C:\Users\user\Desktop\STUFF A LOT OF 'EM\er\Design_Pattern\king\SpinnerNumberModel.java,javax.swing.SpinnerNumberModel,class,0,0,0,0,39,2,0,6,24,0.609375,0.0,0.0,16,0,15,1,0,0,15,0,0,0,2,0,0,2,0,0,0,0,0,112,10,0,12,0,23,4,8,16,4,7,2,0,0,0,215,1,0
C:\Users\user\Desktop\STUFF A LOT OF 'EM\er\Design_Pattern\king\plaf\basic\BasicListUI.java,javax.swing.plaf.basic.BasicListUI$FocusHandler,innerclass,0,0,0,0,5,1,0,4,3,0.0,0.0,0.0,3,0,2,0,1,0,3,0,0,0,0,0,0,0,0,0,0,0,0,17,0,0,2,0,0,0,1,2,0,2,2,0,0,0,36,1,0
C:\Users\user\Desktop\STUFF A LOT OF 'EM\er\Design_Pattern\king\tree\FixedHeightLayoutCache.java,javax.swing.tree.FixedHeightLayoutCache$FHTreeStateNode,innerclass,0,0,0,0,113,2,0,45,171,0.7058823,0.0,0.0,34,0,14,0,20,0,34,0,0,0,5,0,0,0,5,0,0,0,0,387,38,19,23,0,23,0,59,120,49,78,4,0,0,0,219,2,0
C:\Users\user\Desktop\STUFF A LOT OF 'EM\er\Design_Pattern\king\DefaultFocusManager.java,javax.swing.CompareTabOrderComparator,class,0,0,0,0,4,1,0,1,0,0.0,0.0,0.0,2,0,1,0,0,1,2,0,0,0,1,0,0,1,0,0,1,0,0,12,2,0,1,0,1,0,3,1,0,1,1,0,0,0,13,16,0
C:\Users\user\Desktop\STUFF A LOT OF 'EM\er\Design_Pattern\king\plaf\TableHeaderUI.java,javax.swing.plaf.TableHeaderUI,class,0,0,0,0,0,2,0,0,0,0.0,-1.0,-1.0,0,0,0,0,0,0,0,0,0,0,0,0,0,0,0,0,0,0,0,2,0,0,0,0,0,0,0,0,0,0,0,0,0,0,11,1025,0
C:\Users\user\Desktop\STUFF A LOT OF 'EM\er\Design_Pattern\king\plaf\basic\BasicTextUI.java,javax.swing.plaf.basic.BasicTextUI$FocusAction,innerclass,0,0,0,0,2,1,0,2,1,0.0,0.0,0.0,2,0,2,0,0,0,2,0,0,0,0,0,0,0,0,0,0,0,0,8,1,0,0,0,0,0,0,0,0,0,0,0,0,0,12,0,0
C:\Users\user\Desktop\STUFF A LOT OF 'EM\er\Design_Pattern\king\JButton.java,javax.swing.JButton,class,1,1,0,1,26,10,0,21,97,0.8333334,0.0,0.0,15,0,12,1,2,0,14,0,0,0,2,1,0,2,0,0,1,0,4,80,6,0,10,0,4,7,1,11,1,9,2,0,1,0,217,1,0
C:\Users\user\Desktop\STUFF A LOT OF 'EM\er\Design_Pattern\king\plaf\basic\BasicDesktopPaneUI.java,javax.swing.plaf.basic.BasicDesktopPaneUI$OpenAction,innerclass,1,1,0,1,6,1,0,6,1,0.0,0.0,0.0,2,0,2,0,0,0,2,0,0,0,0,0,0,0,0,0,0,0,0,20,2,0,1,1,0,0,0,1,0,1,2,0,0,0,20,4,0
C:\Users\user\Desktop\STUFF A LOT OF 'EM\er\Design_Pattern\king\plaf\metal\MetalTreeUI.java,javax.swing.plaf.metal.MetalTreeUI,class,0,0,0,0,29,1,0,25,39,0.8363637,0.0,0.0,11,1,5,0,6,0,11,0,0,0,10,8,0,10,0,0,7,0,0,98,5,1,10,0,4,5,15,26,11,21,3,0,1,0,158,1,0
C:\Users\user\Desktop\STUFF A LOT OF 'EM\er\Design_Pattern\king\plaf\basic\BasicTreeUI.java,javax.swing.plaf.basic.BasicTreeUI$KeyHandler,innerclass,3,3,0,3,23,2,0,18,1,0.5,0.0,0.0,3,0,3,0,0,0,3,0,0,0,2,0,0,0,2,0,0,0,0,54,1,0,6,0,0,1,7,17,1,9,4,0,0,0,68,1,0
C:\Users\user\Desktop\STUFF A LOT OF 'EM\er\Design_Pattern\king\JTable.java,javax.swing.JTable$AccessibleJTable$AccessibleJTableCell,innerclass,2,2,0,2,125,2,0,88,1110,0.8826531,0.0,0.0,49,0,47,2,0,0,47,0,0,0,4,0,0,4,0,0,0,0,0,533,67,0,48,0,30,2,1,81,0,77,3,0,0,0,227,4,0
C:\Users\user\Desktop\STUFF A LOT OF 'EM\er\Design_Pattern\king\plaf\basic\BasicDesktopPaneUI.java,javax.swing.plaf.basic.BasicDesktopPaneUI,class,8,8,0,8,42,1,0,32,136,0.9353742,0.0,0.0,21,1,8,1,8,4,20,0,0,0,14,3,0,7,7,0,1,0,0,461,11,3,11,0,0,33,6,31,0,31,4,0,8,0,115,1,0
C:\Users\user\Desktop\STUFF A LOT OF 'EM\er\Design_Pattern\king\plaf\basic\BasicInternalFrameUI.java,javax.swing.plaf.basic.BasicInternalFrameUI,class,10,10,0,10,88,1,0,86,1322,0.95526314,0.0,0.0,57,1,16,2,35,4,55,0,4,0,20,2,0,8,12,0,0,0,1,1014,31,0,23,0,3,15,4,46,1,34,2,1,6,0,245,1,0
C:\Users\user\Desktop\STUFF A LOT OF 'EM\er\Design_Pattern\king\plaf\metal\MetalScrollBarUI.java,javax.swing.plaf.metal.MetalScrollBarUI,class,1,1,0,1,36,3,0,25,28,0.7986111,0.0,0.0,12,1,2,0,10,0,12,0,0,0,12,7,1,6,5,0,1,0,8,235,9,0,9,0,9,8,132,32,60,20,3,0,1,0,99,1,0
C:\Users\user\Desktop\STUFF A LOT OF 'EM\er\Design_Pattern\king\JTable.java,javax.swing.JTable$IconRenderer,innerclass,0,0,0,0,3,1,0,2,1,0.0,0.0,0.0,2,0,2,0,0,0,2,0,0,0,0,0,0,0,0,0,0,0,0,9,0,0,0,0,1,0,0,0,0,0,0,0,0,0,12,8,0
C:\Users\user\Desktop\STUFF A LOT OF 'EM\er\Design_Pattern\king\text\html\HTMLDocument.java,javax.swing.text.html.HTMLDocument$HTMLReader$ObjectAction,innerclass,1,1,0,1,7,3,0,7,3,0.0,0.0,0.0,3,0,2,0,0,1,3,0,0,0,0,0,0,0,0,0,0,0,0,24,0,0,4,0,2,0,0,4,0,4,1,0,0,0,19,0,0
C:\Users\user\Desktop\STUFF A LOT OF 'EM\er\Design_Pattern\king\plaf\metal\MetalButtonUI.java,javax.swing.plaf.metal.MetalButtonListener,class,1,1,0,1,3,1,0,5,3,0.0,0.0,0.0,3,0,3,0,0,0,3,0,0,0,0,0,0,0,0,0,0,0,0,14,0,0,0,0,0,0,0,2,0,2,0,0,0,0,15,0,0
C:\Users\user\Desktop\STUFF A LOT OF 'EM\er\Design_Pattern\king\text\StyleConstants.java,javax.swing.text.StyleConstants$ParagraphConstants,innerclass,1,1,0,1,1,2,0,0,0,1.0,-1.0,-1.0,1,0,0,1,0,0,0,0,0,0,9,9,9,0,0,0,9,0,0,14,0,0,0,0,0,9,0,9,0,9,0,0,0,0,86,9,0
C:\Users\user\Desktop\STUFF A LOT OF 'EM\er\Design_Pattern\king\plaf\basic\BasicTabbedPaneUI.java,javax.swing.plaf.basic.BasicTabbedPaneUI$LeftAction,innerclass,1,1,0,1,1,1,0,3,0,0.0,NaN,NaN,1,0,1,0,0,0,1,0,0,0,0,0,0,0,0,0,0,0,0,7,0,0,0,0,0,0,0,2,0,2,0,0,0,0,19,10,0
C:\Users\user\Desktop\STUFF A LOT OF 'EM\er\Design_Pattern\king\JEditorPane.java,javax.swing.JEditorPane$PageLoader,innerclass,0,0,0,0,4,2,0,7,1,0.5,0.0,0.0,2,0,1,0,0,1,2,0,0,0,4,0,0,0,0,4,0,0,2,45,0,0,1,1,0,0,0,8,0,7,2,2,0,0,68,0,0
C:\Users\user\Desktop\STUFF A LOT OF 'EM\er\Design_Pattern\king\plaf\basic\BasicBorders.java,javax.swing.plaf.basic.BasicBorders$ToggleButtonBorder,innerclass,0,0,0,0,4,3,0,1,6,0.0,0.0,0.0,4,0,4,0,0,0,4,0,0,0,0,0,0,0,0,0,0,0,1,15,2,0,0,0,0,0,5,4,0,0,0,0,0,0,14,9,0
C:\Users\user\Desktop\STUFF A LOT OF 'EM\er\Design_Pattern\king\undo\StateEdit.java,javax.swing.undo.StateEdit,class,0,0,0,0,12,2,0,16,6,0.675,0.0,0.0,8,0,6,0,2,0,8,0,0,0,5,1,0,0,5,0,1,0,0,53,1,2,0,0,0,1,4,11,1,10,2,0,0,0,114,1,0
C:\Users\user\Desktop\STUFF A LOT OF 'EM\er\Design_Pattern\king\plaf\basic\BasicPasswordFieldUI.java,javax.swing.plaf.basic.BasicPasswordFieldUI,class,1,1,0,1,3,3,0,0,3,0.0,0.0,0.0,3,1,2,0,1,0,3,0,0,0,0,0,0,0,0,0,0,0,0,11,3,0,0,0,0,1,0,0,0,0,0,0,0,0,62,1,0
C:\Users\user\Desktop\STUFF A LOT OF 'EM\er\Design_Pattern\king\plaf\metal\DefaultMetalTheme.java,javax.swing.plaf.metal.DefaultMetalTheme$FontDelegate,innerclass,2,2,0,2,5,1,0,5,1,0.5,0.0,0.0,3,0,2,0,1,0,3,0,0,0,2,1,0,1,0,1,0,0,4,26,2,0,2,0,0,0,1,6,0,3,2,1,0,0,39,10,0
C:\Users\user\Desktop\STUFF A LOT OF 'EM\er\Design_Pattern\king\plaf\metal\MetalIconFactory.java,javax.swing.plaf.metal.MetalIconFactory$ImageCacher,innerclass,0,0,0,0,6,1,0,5,0,0.0,0.0,0.0,2,0,0,0,0,2,2,0,0,0,2,0,0,0,0,2,0,0,0,37,3,1,1,0,2,0,2,6,0,5,3,0,1,0,65,8,0
C:\Users\user\Desktop\STUFF A LOT OF 'EM\er\Design_Pattern\king\JRadioButton.java,javax.swing.JRadioButton$Anonymous1,anonymous,0,0,0,0,6,1,0,12,0,0.0,NaN,NaN,1,0,1,0,0,0,1,0,0,0,0,0,0,0,0,0,0,0,0,29,0,0,1,0,0,1,0,6,0,6,2,0,0,0,18,-1,0
C:\Users\user\Desktop\STUFF A LOT OF 'EM\er\Design_Pattern\king\plaf\basic\BasicTreeUI.java,javax.swing.plaf.basic.BasicTreeUI$TreePageAction,innerclass,0,0,0,0,14,1,0,15,0,0.41666666,0.0,0.0,4,0,3,1,0,0,3,0,0,0,3,0,0,2,1,0,0,0,3,60,1,0,5,0,3,0,6,20,6,9,3,0,0,0,54,1,0
C:\Users\user\Desktop\STUFF A LOT OF 'EM\er\Design_Pattern\king\SpinnerDateModel.java,javax.swing.SpinnerDateModel,class,0,0,0,0,46,2,0,8,17,0.64285713,0.0,0.0,14,0,13,1,0,0,13,0,0,0,3,0,0,3,0,0,0,0,3,105,9,0,11,0,19,5,6,11,0,8,1,0,0,0,194,1,0
C:\Users\user\Desktop\STUFF A LOT OF 'EM\er\Design_Pattern\king\Spring.java,javax.swing.Spring$StaticSpring,innerclass,0,0,0,0,7,3,0,0,1,0.52380955,0.0,0.0,7,0,7,0,0,0,7,0,0,0,3,0,0,0,3,0,0,0,0,28,4,0,0,0,0,4,0,4,1,3,0,0,0,0,13,10,0
C:\Users\user\Desktop\STUFF A LOT OF 'EM\er\Design_Pattern\king\text\html\ObjectView.java,javax.swing.text.html.ObjectView,class,2,2,0,2,14,3,0,22,10,0.0,0.0,0.0,5,0,1,2,1,1,3,0,0,0,0,0,0,0,0,0,0,0,4,71,7,1,3,3,0,3,2,19,1,18,3,0,0,0,148,1,0
C:\Users\user\Desktop\STUFF A LOT OF 'EM\er\Design_Pattern\king\Icon.java,javax.swing.Icon,interface,0,0,0,0,3,1,0,0,3,0.0,0.0,0.0,3,0,0,0,0,3,3,0,0,0,0,0,0,0,0,0,0,0,0,5,0,0,0,0,0,0,0,0,0,0,0,0,0,0,37,1,0
C:\Users\user\Desktop\STUFF A LOT OF 'EM\er\Design_Pattern\king\plaf\basic\BasicListUI.java,javax.swing.plaf.basic.BasicListUI$HomeAction,innerclass,0,0,0,0,2,2,0,0,1,0.0,0.0,0.0,2,0,0,0,2,0,2,0,0,0,0,0,0,0,0,0,0,0,0,8,1,0,0,0,0,0,1,0,0,0,0,0,0,0,19,10,0
C:\Users\user\Desktop\STUFF A LOT OF 'EM\er\Design_Pattern\king\plaf\basic\BasicFileChooserUI.java,javax.swing.plaf.basic.BasicFileChooserUI$ChangeToParentDirectoryAction,innerclass,1,1,0,1,4,1,0,4,1,0.0,0.0,0.0,2,0,1,0,1,0,2,0,0,0,0,0,0,0,0,0,0,0,1,11,0,0,1,0,1,1,0,1,0,1,1,0,0,0,17,4,0
C:\Users\user\Desktop\STUFF A LOT OF 'EM\er\Design_Pattern\king\plaf\basic\BasicMenuBarUI.java,javax.swing.plaf.basic.BasicMenuBarUI,class,6,6,0,6,29,1,0,33,81,0.7916666,0.0,0.0,18,1,6,1,8,3,17,0,0,0,4,0,0,1,3,0,0,0,0,156,11,2,8,0,0,8,2,19,0,13,2,0,4,0,62,1,0
C:\Users\user\Desktop\STUFF A LOT OF 'EM\er\Design_Pattern\king\plaf\basic\BasicLabelUI.java,javax.swing.plaf.basic.BasicLabelUI,class,8,8,0,8,48,1,0,65,186,0.9055556,0.0,0.0,20,1,8,0,11,1,20,0,0,0,9,9,0,8,1,0,0,0,7,228,9,0,20,0,19,13,15,77,19,47,3,0,2,0,130,1,0
C:\Users\user\Desktop\STUFF A LOT OF 'EM\er\Design_Pattern\king\JEditorPane.java,javax.swing.JEditorPane$AccessibleJEditorPane,innerclass,0,0,0,0,3,6,0,3,1,0.0,0.0,0.0,2,0,2,0,0,0,2,0,0,0,0,0,0,0,0,0,0,0,0,15,3,0,1,0,0,0,0,1,0,1,1,0,0,0,85,4,0
C:\Users\user\Desktop\STUFF A LOT OF 'EM\er\Design_Pattern\king\plaf\basic\BasicIconFactory.java,javax.swing.plaf.basic.BasicIconFactory$RadioButtonIcon,innerclass,0,0,0,0,3,1,0,0,3,0.0,0.0,0.0,3,0,3,0,0,0,3,0,0,0,0,0,0,0,0,0,0,0,0,10,2,0,0,0,0,0,2,0,0,0,0,0,0,0,11,10,0
C:\Users\user\Desktop\STUFF A LOT OF 'EM\er\Design_Pattern\king\text\html\HTMLDocument.java,javax.swing.text.html.HTMLDocument$HTMLReader$CharacterAction,innerclass,0,0,0,0,8,2,0,8,1,0.0,0.0,0.0,2,0,2,0,0,0,2,0,0,0,0,0,0,0,0,0,0,0,0,26,1,0,1,0,0,0,0,3,0,1,3,0,0,0,30,1,0
C:\Users\user\Desktop\STUFF A LOT OF 'EM\er\Design_Pattern\king\plaf\basic\BasicTextAreaUI.java,javax.swing.plaf.basic.BasicTextAreaUI$PlainParagraph,innerclass,2,2,0,2,15,6,0,13,15,0.0,0.0,0.0,6,0,3,0,2,1,6,0,0,0,0,0,0,0,0,0,0,0,0,103,3,0,4,0,2,0,2,11,0,6,3,0,1,0,66,8,0
C:\Users\user\Desktop\STUFF A LOT OF 'EM\er\Design_Pattern\king\plaf\basic\BasicTreeUI.java,javax.swing.plaf.basic.BasicTreeUI$PropertyChangeHandler,innerclass,2,2,0,2,23,1,0,30,0,0.0,NaN,NaN,1,0,1,0,0,0,1,0,0,0,0,0,0,0,0,0,0,0,1,75,0,0,4,1,4,3,0,5,0,3,4,0,0,0,68,1,0
C:\Users\user\Desktop\STUFF A LOT OF 'EM\er\Design_Pattern\king\text\html\HTMLDocument.java,javax.swing.text.html.HTMLDocument$HTMLReader$ParagraphAction,innerclass,0,0,0,0,2,3,0,2,1,0.0,0.0,0.0,2,0,2,0,0,0,2,0,0,0,0,0,0,0,0,0,0,0,0,10,0,0,0,0,0,0,0,2,0,0,0,0,0,0,13,1,0
C:\Users\user\Desktop\STUFF A LOT OF 'EM\er\Design_Pattern\king\plaf\basic\BasicInternalFrameUI.java,javax.swing.plaf.basic.BasicInternalFrameUI$BorderListener,innerclass,4,4,0,4,126,1,0,39,7,0.5370371,0.0,0.0,6,0,6,0,0,0,6,0,0,0,7,0,0,1,1,5,1,0,28,381,13,0,11,4,30,0,17,135,131,32,4,0,0,0,87,4,0
C:\Users\user\Desktop\STUFF A LOT OF 'EM\er\Design_Pattern\king\plaf\basic\BasicScrollPaneUI.java,javax.swing.plaf.basic.BasicScrollPaneUI$VSBChangeListener,innerclass,2,2,0,2,2,1,0,5,0,0.0,NaN,NaN,1,0,1,0,0,0,1,0,0,0,0,0,0,0,0,0,0,0,0,11,0,0,1,0,1,0,0,4,0,3,1,0,0,0,21,1,0
C:\Users\user\Desktop\STUFF A LOT OF 'EM\er\Design_Pattern\king\TransferHandler.java,javax.swing.TransferHandler$DragHandler,innerclass,1,1,0,1,9,1,0,13,13,0.6666667,0.0,0.0,6,0,6,0,0,0,6,0,0,0,1,0,0,1,0,0,0,0,0,39,1,0,1,1,0,0,0,6,0,6,2,0,0,0,58,10,0
C:\Users\user\Desktop\STUFF A LOT OF 'EM\er\Design_Pattern\king\plaf\basic\BasicFileChooserUI.java,javax.swing.plaf.basic.BasicFileChooserUI$BasicFileView,innerclass,2,2,0,2,22,1,0,14,30,0.6666667,0.0,0.0,9,0,9,0,0,0,9,0,0,0,1,0,0,0,1,0,0,0,0,72,9,0,8,0,0,0,1,15,0,6,2,0,0,0,32,4,0
C:\Users\user\Desktop\STUFF A LOT OF 'EM\er\Design_Pattern\king\undo\UndoManager.java,javax.swing.undo.UndoManager,class,0,0,0,0,54,3,0,39,53,0.5652174,0.0,0.0,23,0,17,0,6,0,23,0,0,14,2,0,0,0,0,2,0,0,0,216,21,6,9,0,0,5,19,38,15,25,3,0,0,0,240,1,0
C:\Users\user\Desktop\STUFF A LOT OF 'EM\er\Design_Pattern\king\plaf\basic\BasicSplitPaneUI.java,javax.swing.plaf.basic.BasicSplitPaneUI$KeyboardHomeHandler,innerclass,0,0,0,0,2,1,0,1,0,0.0,NaN,NaN,1,0,1,0,0,0,1,0,0,0,0,0,0,0,0,0,0,0,0,7,0,0,0,0,0,0,1,0,0,0,1,0,0,0,43,1,0
C:\Users\user\Desktop\STUFF A LOT OF 'EM\er\Design_Pattern\king\text\html\HTMLDocument.java,javax.swing.text.html.HTMLDocument$HTMLReader,innerclass,6,6,0,6,204,32,0,89,528,0.96969646,0.0,0.0,33,0,9,10,10,4,23,0,0,0,36,0,0,4,2,30,0,0,4,1198,20,12,60,7,37,6,112,160,35,111,7,0,21,0,550,1,0
C:\Users\user\Desktop\STUFF A LOT OF 'EM\er\Design_Pattern\king\plaf\basic\BasicTabbedPaneUI.java,javax.swing.plaf.basic.BasicTabbedPaneUI$FocusHandler,innerclass,1,1,0,1,8,2,0,5,1,0.0,0.0,0.0,2,0,2,0,0,0,2,0,0,0,0,0,0,0,0,0,0,0,0,18,0,0,4,0,0,0,4,6,0,6,1,0,0,0,37,1,0
C:\Users\user\Desktop\STUFF A LOT OF 'EM\er\Design_Pattern\king\plaf\basic\BasicTreeUI.java,javax.swing.plaf.basic.BasicTreeUI$ScrollAction,innerclass,0,0,0,0,3,1,0,5,0,0.0,0.0,0.0,2,0,2,0,0,0,2,0,0,0,3,0,0,3,0,0,0,0,6,25,0,0,1,0,0,0,4,11,2,5,1,0,0,0,25,10,0
C:\Users\user\Desktop\STUFF A LOT OF 'EM\er\Design_Pattern\king\JComponent.java,javax.swing.JComponent$ReadObjectCallback,innerclass,0,0,0,0,10,1,0,8,0,0.33333334,0.0,0.0,3,0,1,1,0,1,2,0,0,0,2,0,0,2,0,0,2,0,1,39,1,5,4,1,1,0,5,12,0,10,3,0,0,0,76,2,0
C:\Users\user\Desktop\STUFF A LOT OF 'EM\er\Design_Pattern\king\UIDefaults.java,javax.swing.UIDefaults$ProxyLazyValue,innerclass,0,0,0,0,18,1,0,11,15,0.6666667,0.0,0.0,7,0,5,2,0,0,5,0,0,0,3,0,0,3,0,0,0,0,3,79,3,2,4,1,2,5,4,25,4,14,3,0,0,0,100,9,0
C:\Users\user\Desktop\STUFF A LOT OF 'EM\er\Design_Pattern\king\text\rtf\MockAttributeSet.java,javax.swing.text.rtf.MockAttributeSet,class,0,0,0,0,18,1,0,10,64,0.5,0.0,0.0,16,0,16,0,0,0,16,0,0,0,1,0,1,0,0,0,0,0,0,55,5,1,1,0,1,8,0,2,0,3,1,0,0,0,35,0,0
C:\Users\user\Desktop\STUFF A LOT OF 'EM\er\Design_Pattern\king\text\DefaultEditorKit.java,javax.swing.text.DefaultEditorKit$SelectLineAction,innerclass,0,0,0,0,2,2,0,1,1,0.5,0.0,0.0,2,0,1,0,0,1,2,0,0,0,2,0,0,2,0,0,0,0,0,13,0,0,0,0,0,2,0,2,0,2,0,0,0,0,31,8,0
C:\Users\user\Desktop\STUFF A LOT OF 'EM\er\Design_Pattern\king\text\GapContent.java,javax.swing.text.GapContent$MarkVector,innerclass,0,0,0,0,15,2,0,7,36,0.8888889,0.0,0.0,9,0,4,0,3,2,9,0,0,0,1,0,0,0,0,1,0,0,0,65,5,3,0,0,4,0,5,20,6,11,2,0,0,0,86,8,0
C:\Users\user\Desktop\STUFF A LOT OF 'EM\er\Design_Pattern\king\text\html\HTMLDocument.java,javax.swing.text.html.HTMLDocument$HTMLReader$HeadAction,innerclass,1,1,0,1,31,3,0,13,6,0.0,0.0,0.0,4,0,2,1,0,1,3,0,0,0,0,0,0,0,0,0,0,0,0,59,1,2,12,0,11,7,3,17,0,10,5,0,0,0,81,0,0
C:\Users\user\Desktop\STUFF A LOT OF 'EM\er\Design_Pattern\king\JComponent.java,javax.swing.JComponent,class,10,12,2,10,576,6,32,275,15484,0.98550725,0.0,0.0,180,10,124,18,16,22,162,0,10,9,69,42,5,59,3,2,38,0,59,2172,149,29,196,11,134,34,134,370,34,264,9,2,6,0,1306,1025,0
C:\Users\user\Desktop\STUFF A LOT OF 'EM\er\Design_Pattern\king\text\ComponentView.java,javax.swing.text.ComponentView,class,2,2,0,2,42,4,5,23,66,0.9166667,0.0,0.0,12,0,10,0,1,1,12,0,1,0,2,0,0,2,0,0,0,0,0,225,17,0,23,0,10,5,7,21,6,17,4,1,1,0,320,1,0
C:\Users\user\Desktop\STUFF A LOT OF 'EM\er\Design_Pattern\king\text\AsyncBoxView.java,javax.swing.text.AsyncBoxView$FlushTask,innerclass,0,0,0,0,1,1,0,1,0,0.0,NaN,NaN,1,0,1,0,0,0,1,0,0,0,0,0,0,0,0,0,0,0,0,5,0,0,0,0,0,0,0,0,0,0,0,0,0,0,11,0,0
C:\Users\user\Desktop\STUFF A LOT OF 'EM\er\Design_Pattern\king\JTree.java,javax.swing.JTree$TreeModelHandler,innerclass,0,0,0,0,20,1,0,21,6,0.0,0.0,0.0,4,0,4,0,0,0,4,0,0,0,0,0,0,0,0,0,0,0,1,45,4,1,10,0,0,0,6,10,1,10,3,0,0,0,42,4,0
C:\Users\user\Desktop\STUFF A LOT OF 'EM\er\Design_Pattern\king\text\html\HTMLDocument.java,javax.swing.text.html.HTMLDocument$TaggedAttributeSet,innerclass,0,0,0,0,1,1,0,0,0,0.0,NaN,NaN,1,0,0,0,0,1,1,0,0,0,0,0,0,0,0,0,0,0,0,5,0,0,0,0,0,0,0,0,0,0,0,0,0,0,14,8,0
C:\Users\user\Desktop\STUFF A LOT OF 'EM\er\Design_Pattern\king\plaf\InternalFrameUI.java,javax.swing.plaf.InternalFrameUI,class,0,0,0,0,0,2,0,0,0,0.0,-1.0,-1.0,0,0,0,0,0,0,0,0,0,0,0,0,0,0,0,0,0,0,0,2,0,0,0,0,0,0,0,0,0,0,0,0,0,0,11,1025,0
C:\Users\user\Desktop\STUFF A LOT OF 'EM\er\Design_Pattern\king\JTree.java,javax.swing.JTree$DynamicUtilTreeNode,innerclass,0,0,0,0,20,2,0,14,1,0.6666667,0.0,0.0,7,1,6,0,1,0,7,0,0,0,3,0,0,0,3,0,0,0,1,55,4,3,1,0,0,0,2,12,0,12,4,0,0,0,144,9,0
C:\Users\user\Desktop\STUFF A LOT OF 'EM\er\Design_Pattern\king\plaf\metal\MetalBumps.java,javax.swing.plaf.metal.BumpBuffer,class,0,0,0,0,14,1,0,11,0,0.5,0.0,0.0,6,0,4,2,0,0,4,0,0,0,7,2,0,1,0,6,1,0,0,64,5,4,3,0,0,0,27,19,12,14,2,0,0,0,54,0,0
C:\Users\user\Desktop\STUFF A LOT OF 'EM\er\Design_Pattern\king\plaf\basic\BasicSpinnerUI.java,javax.swing.plaf.basic.BasicSpinnerUI$SpinnerLayout,innerclass,0,0,0,0,17,1,0,13,9,0.42857143,0.0,0.0,7,0,5,2,0,0,5,0,0,0,3,0,0,3,0,0,0,0,2,81,3,0,6,0,6,4,5,37,17,23,1,0,0,0,52,10,0
C:\Users\user\Desktop\STUFF A LOT OF 'EM\er\Design_Pattern\king\text\Element.java,javax.swing.text.Element,interface,0,0,0,0,10,1,0,0,45,0.0,0.0,0.0,10,0,10,0,0,0,10,0,0,0,0,0,0,0,0,0,0,0,0,12,0,0,0,0,0,0,0,0,0,0,0,0,0,0,119,1,0
C:\Users\user\Desktop\STUFF A LOT OF 'EM\er\Design_Pattern\king\colorchooser\DefaultColorSelectionModel.java,javax.swing.colorchooser.DefaultColorSelectionModel,class,3,3,0,3,13,1,0,7,4,0.625,0.0,0.0,8,0,7,0,1,0,8,0,0,0,3,0,0,1,2,0,0,0,0,40,2,1,3,0,1,0,4,9,2,5,3,0,0,0,96,1,0
